customerID,churn_probability,churn_predicted,risk_tier,segment_label,discounted_lifetime_value,actual_churn
ID-000354,0.8044,1,Critical,Low Engagement Churn Risk,2796.77,1
ID-000409,0.7892,1,Critical,High Value Loyalists,2287.0,1
ID-006990,0.7817,1,Critical,Low Engagement Churn Risk,984.38,1
ID-001482,0.7795,1,Critical,Low Engagement Churn Risk,2956.11,0
ID-004375,0.7776,1,Critical,Low Engagement Churn Risk,3715.57,0
ID-003306,0.7706,1,Critical,Low Engagement Churn Risk,1523.2,0
ID-000344,0.7694,1,Critical,Low Engagement Churn Risk,1548.48,1
ID-005188,0.7687,1,Critical,Low Engagement Churn Risk,2353.92,0
ID-002079,0.7687,1,Critical,Low Engagement Churn Risk,725.32,0
ID-002299,0.7597,1,Critical,Low Engagement Churn Risk,2102.4,0
ID-001807,0.7589,1,Critical,Low Engagement Churn Risk,700.04,1
ID-003432,0.7584,1,Critical,Low Engagement Churn Risk,2089.6,1
ID-004067,0.7571,1,Critical,Low Engagement Churn Risk,1044.14,0
ID-000562,0.7568,1,Critical,Low Engagement Churn Risk,1444.07,0
ID-002415,0.7558,1,Critical,Low Engagement Churn Risk,1052.02,1
ID-001166,0.7556,1,Critical,Low Engagement Churn Risk,1731.7,0
ID-004049,0.7543,1,Critical,Low Engagement Churn Risk,635.02,0
ID-004649,0.7535,1,Critical,Low Engagement Churn Risk,3603.94,1
ID-003661,0.7514,1,Critical,Low Engagement Churn Risk,2217.65,1
ID-001128,0.7513,1,Critical,Low Engagement Churn Risk,3794.38,1
ID-000868,0.7466,1,Critical,Low Engagement Churn Risk,865.52,0
ID-001485,0.7453,1,Critical,High Value Loyalists,2613.01,1
ID-006076,0.7425,1,Critical,Low Engagement Churn Risk,1081.9,1
ID-004410,0.74,1,Critical,Low Engagement Churn Risk,1738.92,1
ID-003128,0.7379,1,Critical,Low Engagement Churn Risk,4541.26,0
ID-004220,0.731,1,Critical,High Value Loyalists,4174.17,1
ID-004938,0.7309,1,Critical,High Value Loyalists,4374.69,1
ID-005558,0.7307,1,Critical,Low Engagement Churn Risk,3938.2,1
ID-004139,0.7296,1,Critical,Low Engagement Churn Risk,3015.14,0
ID-002701,0.7286,1,Critical,High Value Loyalists,2004.73,1
ID-001232,0.7216,1,Critical,Low Engagement Churn Risk,2139.66,1
ID-005984,0.7215,1,Critical,Low Engagement Churn Risk,1269.47,1
ID-005943,0.7209,1,Critical,High Value Loyalists,1324.51,1
ID-003122,0.7197,1,Critical,Low Engagement Churn Risk,1982.2,0
ID-000907,0.7192,1,Critical,Low Engagement Churn Risk,4303.97,1
ID-001409,0.7172,1,Critical,Low Engagement Churn Risk,2363.74,0
ID-004982,0.7165,1,Critical,Low Engagement Churn Risk,2297.28,1
ID-002164,0.7161,1,Critical,High Value Loyalists,3508.4,1
ID-001914,0.7135,1,Critical,Low Engagement Churn Risk,3171.75,1
ID-000423,0.7125,1,Critical,Low Engagement Churn Risk,1929.37,1
ID-002395,0.7117,1,Critical,High Value Loyalists,5316.68,0
ID-003453,0.7099,1,Critical,Low Engagement Churn Risk,4647.99,1
ID-006837,0.7054,1,Critical,Low Engagement Churn Risk,3167.83,1
ID-004856,0.7043,1,Critical,Low Engagement Churn Risk,3917.39,1
ID-003354,0.703,1,Critical,Low Engagement Churn Risk,2801.35,1
ID-002792,0.6994,1,Critical,Low Engagement Churn Risk,3418.8,0
ID-006459,0.6986,1,Critical,Low Engagement Churn Risk,1727.98,0
ID-001218,0.6983,1,Critical,Low Engagement Churn Risk,4331.53,1
ID-006449,0.6978,1,Critical,High Value Loyalists,1250.8,0
ID-001326,0.6951,1,Critical,Low Engagement Churn Risk,2290.23,0
ID-004315,0.6943,1,Critical,Low Engagement Churn Risk,3870.69,1
ID-003729,0.6938,1,Critical,Low Engagement Churn Risk,3899.93,0
ID-005026,0.6934,1,Critical,Low Engagement Churn Risk,1356.19,1
ID-004592,0.6901,1,Critical,Low Engagement Churn Risk,3624.61,1
ID-004915,0.6899,1,Critical,Low Engagement Churn Risk,3996.83,1
ID-003686,0.6884,1,Critical,Low Engagement Churn Risk,880.24,1
ID-002748,0.6875,1,Critical,Low Engagement Churn Risk,2340.79,1
ID-005304,0.6871,1,Critical,Low Engagement Churn Risk,3096.78,1
ID-002386,0.687,1,Critical,Low Engagement Churn Risk,1559.21,1
ID-002324,0.6864,1,Critical,High Value Loyalists,2505.23,1
ID-002990,0.6839,1,Critical,Low Engagement Churn Risk,3843.18,1
ID-004440,0.6827,1,Critical,Low Engagement Churn Risk,1319.6,1
ID-001116,0.6827,1,Critical,Low Engagement Churn Risk,3302.6,1
ID-004358,0.6808,1,Critical,Low Engagement Churn Risk,3803.35,1
ID-003817,0.6797,1,Critical,High Value Loyalists,3079.44,1
ID-004333,0.6735,1,Critical,Low Engagement Churn Risk,843.78,0
ID-004687,0.6701,1,Critical,High Value Loyalists,5198.74,1
ID-001299,0.6675,1,Critical,High Value Loyalists,5468.64,0
ID-006009,0.6641,1,Critical,Low Engagement Churn Risk,1802.21,1
ID-000445,0.6631,1,Critical,Low Engagement Churn Risk,1632.36,1
ID-000067,0.6626,1,Critical,Low Engagement Churn Risk,1523.62,1
ID-006718,0.6622,1,Critical,Low Engagement Churn Risk,2431.35,0
ID-005625,0.6615,1,Critical,Low Engagement Churn Risk,3968.16,0
ID-002984,0.6615,1,Critical,Low Engagement Churn Risk,1625.62,1
ID-001519,0.6613,1,Critical,Low Engagement Churn Risk,4287.27,1
ID-002421,0.6599,1,Critical,Low Engagement Churn Risk,2612.28,1
ID-001858,0.6589,1,Critical,Low Engagement Churn Risk,2165.94,1
ID-001078,0.6522,1,Critical,Low Engagement Churn Risk,3826.23,0
ID-006106,0.6514,1,Critical,Low Engagement Churn Risk,1030.61,1
ID-000872,0.648,1,Critical,Low Engagement Churn Risk,3393.69,1
ID-005089,0.6473,1,Critical,Low Engagement Churn Risk,1748.27,1
ID-004258,0.6453,1,Critical,Low Engagement Churn Risk,2276.79,1
ID-000612,0.645,1,Critical,High Value Loyalists,4098.89,0
ID-000643,0.6444,1,Critical,Low Engagement Churn Risk,1920.23,1
ID-005885,0.6435,1,Critical,Low Engagement Churn Risk,4283.84,0
ID-000506,0.6433,1,Critical,Low Engagement Churn Risk,3598.41,1
ID-003611,0.641,1,Critical,Low Engagement Churn Risk,4913.1,1
ID-003485,0.6409,1,Critical,High Value Loyalists,5117.52,0
ID-000216,0.6401,1,Critical,Low Engagement Churn Risk,3893.98,0
ID-002012,0.639,1,Critical,Low Engagement Churn Risk,1113.53,1
ID-001076,0.6377,1,Critical,Low Engagement Churn Risk,4288.83,1
ID-000888,0.6367,1,Critical,High Value Loyalists,3903.58,1
ID-005566,0.6339,1,Critical,Low Engagement Churn Risk,1225.13,0
ID-004331,0.632,1,Critical,Low Engagement Churn Risk,2505.14,1
ID-006979,0.6319,1,Critical,Low Engagement Churn Risk,1200.77,0
ID-005436,0.6312,1,Critical,Low Engagement Churn Risk,3005.94,0
ID-006292,0.63,1,Critical,Low Engagement Churn Risk,4878.16,1
ID-003439,0.6294,1,Critical,High Value Loyalists,2810.34,1
ID-005246,0.6281,1,Critical,Low Engagement Churn Risk,3400.44,1
ID-003827,0.6263,1,Critical,Low Engagement Churn Risk,2298.18,1
ID-002630,0.6231,1,Critical,Low Engagement Churn Risk,3431.16,0
ID-002111,0.6219,1,Critical,Low Engagement Churn Risk,2931.34,1
ID-005177,0.6215,1,Critical,Low Engagement Churn Risk,2772.86,1
ID-004557,0.6214,1,Critical,High Value Loyalists,1958.0,1
ID-003903,0.6212,1,Critical,Low Engagement Churn Risk,4320.09,1
ID-001969,0.6208,1,Critical,Low Engagement Churn Risk,1795.05,0
ID-006836,0.6201,1,Critical,Low Engagement Churn Risk,4313.39,0
ID-002728,0.6186,1,Critical,Low Engagement Churn Risk,2296.56,1
ID-001170,0.6158,1,Critical,Low Engagement Churn Risk,3546.92,1
ID-002325,0.6148,1,Critical,Low Engagement Churn Risk,3945.5,1
ID-005216,0.6146,1,Critical,Low Engagement Churn Risk,1656.81,1
ID-001236,0.6136,1,Critical,Low Engagement Churn Risk,3357.93,1
ID-002953,0.6132,1,Critical,Low Engagement Churn Risk,3909.54,1
ID-004943,0.613,1,Critical,Low Engagement Churn Risk,3183.85,0
ID-000121,0.6115,1,Critical,Low Engagement Churn Risk,4621.21,1
ID-002380,0.6087,1,Critical,Low Engagement Churn Risk,1296.6,1
ID-000485,0.6079,1,Critical,High Value Loyalists,5481.11,1
ID-004208,0.6038,1,Critical,Low Engagement Churn Risk,3080.37,0
ID-003053,0.603,1,Critical,Low Engagement Churn Risk,1807.88,1
ID-005668,0.6018,1,Critical,High Value Loyalists,5363.39,0
ID-004039,0.6001,1,Critical,High Value Loyalists,2978.23,0
ID-006312,0.5996,1,High,High Value Loyalists,5052.95,0
ID-001866,0.5952,1,High,High Value Loyalists,3909.04,1
ID-001487,0.5951,1,High,Low Engagement Churn Risk,5321.53,0
ID-004144,0.5929,1,High,Low Engagement Churn Risk,2574.63,1
ID-000751,0.5911,1,High,Low Engagement Churn Risk,2543.12,1
ID-004668,0.5911,1,High,High Value Loyalists,5736.91,0
ID-000086,0.5898,1,High,Low Engagement Churn Risk,4523.72,0
ID-006319,0.5893,1,High,Low Engagement Churn Risk,4290.85,0
ID-004335,0.5889,1,High,Low Engagement Churn Risk,3649.68,1
ID-003502,0.5873,1,High,High Value Loyalists,1031.65,0
ID-000200,0.5871,1,High,Low Engagement Churn Risk,1062.82,1
ID-000752,0.5867,1,High,Low Engagement Churn Risk,4260.58,0
ID-002066,0.584,1,High,Low Engagement Churn Risk,4609.42,0
ID-000255,0.5839,1,High,High Value Loyalists,3216.4,0
ID-004585,0.5838,1,High,High Value Loyalists,5012.22,0
ID-005623,0.5836,1,High,Low Engagement Churn Risk,3346.09,0
ID-000548,0.5808,1,High,High Value Loyalists,971.05,0
ID-000066,0.5801,1,High,High Value Loyalists,4156.9,0
ID-005876,0.5781,1,High,High Value Loyalists,5554.62,1
ID-005295,0.5776,1,High,Low Engagement Churn Risk,4445.94,0
ID-000416,0.5774,1,High,Low Engagement Churn Risk,3274.15,1
ID-000417,0.5764,1,High,Low Engagement Churn Risk,3067.05,0
ID-001202,0.5753,1,High,Low Engagement Churn Risk,2348.43,1
ID-002022,0.575,1,High,Low Engagement Churn Risk,1862.48,0
ID-000331,0.5749,1,High,Low Engagement Churn Risk,1674.33,1
ID-003483,0.5748,1,High,Low Engagement Churn Risk,2165.69,1
ID-001106,0.5728,1,High,Low Engagement Churn Risk,2384.12,1
ID-000520,0.5716,1,High,Low Engagement Churn Risk,3693.35,0
ID-001490,0.5714,1,High,Low Engagement Churn Risk,4853.0,1
ID-003804,0.5712,1,High,Low Engagement Churn Risk,5489.2,0
ID-006251,0.5709,1,High,High Value Loyalists,2287.31,0
ID-004104,0.5702,1,High,Low Engagement Churn Risk,3602.91,0
ID-000294,0.5692,1,High,High Value Loyalists,2348.9,0
ID-001905,0.5675,1,High,Low Engagement Churn Risk,3999.35,0
ID-006794,0.5671,1,High,High Value Loyalists,2190.95,0
ID-003152,0.5669,1,High,Low Engagement Churn Risk,3261.96,1
ID-004568,0.5665,1,High,Low Engagement Churn Risk,3514.47,1
ID-000529,0.5662,1,High,Low Engagement Churn Risk,1773.0,0
ID-003051,0.566,1,High,High Value Loyalists,4644.16,1
ID-002188,0.5652,1,High,Low Engagement Churn Risk,3713.7,0
ID-002570,0.5645,1,High,Low Engagement Churn Risk,2431.47,0
ID-001659,0.5622,1,High,High Value Loyalists,2068.27,1
ID-002586,0.5614,1,High,Low Engagement Churn Risk,1974.27,0
ID-007026,0.5607,1,High,Low Engagement Churn Risk,4410.08,1
ID-000624,0.5593,1,High,Low Engagement Churn Risk,4576.35,1
ID-004734,0.5579,1,High,Low Engagement Churn Risk,1669.21,0
ID-006170,0.5571,1,High,High Value Loyalists,5937.08,1
ID-001588,0.556,1,High,Low Engagement Churn Risk,2112.13,1
ID-003456,0.5555,1,High,Low Engagement Churn Risk,2207.6,0
ID-006461,0.5542,1,High,High Value Loyalists,2798.57,0
ID-006330,0.5537,1,High,High Value Loyalists,1966.94,0
ID-001354,0.5533,1,High,Low Engagement Churn Risk,2858.05,0
ID-005292,0.553,1,High,High Value Loyalists,3232.54,0
ID-004650,0.5523,1,High,High Value Loyalists,1685.81,1
ID-002810,0.5517,1,High,Low Engagement Churn Risk,1177.17,1
ID-005109,0.5514,1,High,Low Engagement Churn Risk,2699.93,0
ID-000127,0.5504,1,High,Low Engagement Churn Risk,1793.35,1
ID-004564,0.5501,1,High,High Value Loyalists,2738.32,0
ID-001130,0.5498,1,High,Low Engagement Churn Risk,3492.58,1
ID-006553,0.5497,1,High,Low Engagement Churn Risk,3796.2,1
ID-004395,0.5487,1,High,High Value Loyalists,3520.62,1
ID-006523,0.5477,1,High,Low Engagement Churn Risk,4135.3,0
ID-000728,0.5475,1,High,Low Engagement Churn Risk,5195.78,1
ID-003362,0.5471,1,High,High Value Loyalists,2987.66,1
ID-002346,0.546,1,High,Low Engagement Churn Risk,3143.1,0
ID-006970,0.5458,1,High,Low Engagement Churn Risk,4646.73,0
ID-005165,0.5453,1,High,Low Engagement Churn Risk,4291.32,0
ID-000433,0.5443,1,High,Low Engagement Churn Risk,3754.79,1
ID-006555,0.5441,1,High,Low Engagement Churn Risk,5288.47,1
ID-004097,0.5436,1,High,Low Engagement Churn Risk,4978.75,1
ID-005431,0.5415,1,High,Low Engagement Churn Risk,764.97,0
ID-003841,0.5409,1,High,High Value Loyalists,3312.51,0
ID-002202,0.5408,1,High,Low Engagement Churn Risk,2730.16,0
ID-005611,0.54,1,High,Low Engagement Churn Risk,4076.48,1
ID-004391,0.5393,1,High,High Value Loyalists,5715.55,0
ID-003839,0.539,1,High,High Value Loyalists,2612.65,1
ID-004310,0.5389,1,High,Low Engagement Churn Risk,1123.6,0
ID-003210,0.5383,1,High,Low Engagement Churn Risk,2655.9,1
ID-003543,0.5378,1,High,High Value Loyalists,4285.54,0
ID-005744,0.5375,1,High,Low Engagement Churn Risk,838.31,1
ID-005317,0.5375,1,High,Low Engagement Churn Risk,2877.8,0
ID-002695,0.5367,1,High,Low Engagement Churn Risk,4049.6,0
ID-000321,0.5365,1,High,Low Engagement Churn Risk,3506.14,1
ID-001950,0.5356,1,High,Low Engagement Churn Risk,1127.33,1
ID-000865,0.5354,1,High,Low Engagement Churn Risk,4116.94,0
ID-004131,0.5345,1,High,Low Engagement Churn Risk,3762.24,1
ID-000007,0.534,1,High,High Value Loyalists,5719.03,1
ID-003889,0.5333,1,High,Low Engagement Churn Risk,2261.62,1
ID-000661,0.5323,1,High,Low Engagement Churn Risk,3655.12,0
ID-005797,0.5322,1,High,Low Engagement Churn Risk,2511.21,0
ID-003289,0.5317,1,High,Low Engagement Churn Risk,4734.82,1
ID-004515,0.5314,1,High,High Value Loyalists,3039.32,1
ID-004591,0.5312,1,High,Low Engagement Churn Risk,4653.66,1
ID-003374,0.531,1,High,High Value Loyalists,2102.54,0
ID-004045,0.5305,1,High,Low Engagement Churn Risk,3282.06,1
ID-004125,0.5304,1,High,High Value Loyalists,3436.18,1
ID-004850,0.5304,1,High,Low Engagement Churn Risk,3655.59,1
ID-000538,0.5303,1,High,Low Engagement Churn Risk,3882.6,0
ID-003557,0.5292,1,High,Low Engagement Churn Risk,2224.53,0
ID-004674,0.5274,1,High,Low Engagement Churn Risk,2865.59,1
ID-002172,0.5272,1,High,Low Engagement Churn Risk,4150.67,0
ID-000284,0.5267,1,High,Low Engagement Churn Risk,1696.22,0
ID-006853,0.5264,1,High,Low Engagement Churn Risk,934.85,1
ID-004120,0.5255,1,High,Low Engagement Churn Risk,2710.14,0
ID-006708,0.5254,1,High,Low Engagement Churn Risk,1165.28,1
ID-007002,0.5252,1,High,Low Engagement Churn Risk,4064.68,0
ID-000343,0.5249,1,High,Low Engagement Churn Risk,1974.6,1
ID-005258,0.5242,1,High,Low Engagement Churn Risk,1637.18,1
ID-000228,0.5241,1,High,High Value Loyalists,4508.07,1
ID-004569,0.524,1,High,Low Engagement Churn Risk,940.33,1
ID-003692,0.524,1,High,Low Engagement Churn Risk,5461.72,1
ID-004639,0.5216,1,High,Low Engagement Churn Risk,4292.69,1
ID-001692,0.5209,1,High,Low Engagement Churn Risk,4105.02,0
ID-003663,0.5207,1,High,Low Engagement Churn Risk,5123.6,0
ID-004631,0.5201,1,High,Low Engagement Churn Risk,4419.55,0
ID-001743,0.5198,1,High,Low Engagement Churn Risk,3998.5,0
ID-005814,0.5195,1,High,Low Engagement Churn Risk,1169.16,0
ID-004880,0.5177,1,High,High Value Loyalists,2569.02,1
ID-001873,0.5177,1,High,Low Engagement Churn Risk,3514.65,1
ID-000945,0.5174,1,High,Low Engagement Churn Risk,2997.5,1
ID-003075,0.5161,1,High,Low Engagement Churn Risk,5472.43,0
ID-001389,0.516,1,High,High Value Loyalists,1199.04,0
ID-006387,0.5157,1,High,High Value Loyalists,3976.1,0
ID-005821,0.515,1,High,Low Engagement Churn Risk,2116.32,0
ID-004212,0.5148,1,High,High Value Loyalists,3585.19,0
ID-005805,0.5148,1,High,Low Engagement Churn Risk,5355.53,0
ID-001102,0.5144,1,High,High Value Loyalists,966.59,0
ID-002549,0.5141,1,High,Low Engagement Churn Risk,4684.4,1
ID-005988,0.5136,1,High,Low Engagement Churn Risk,2638.41,1
ID-002993,0.513,1,High,Low Engagement Churn Risk,1337.82,0
ID-006321,0.5128,1,High,Low Engagement Churn Risk,5186.94,0
ID-000195,0.5118,1,High,Low Engagement Churn Risk,3038.02,0
ID-000600,0.5117,1,High,Low Engagement Churn Risk,4245.91,1
ID-003890,0.5116,1,High,Low Engagement Churn Risk,2680.14,0
ID-000230,0.5113,1,High,Low Engagement Churn Risk,2070.21,1
ID-005136,0.5101,1,High,Low Engagement Churn Risk,4879.08,1
ID-005530,0.509,1,High,Low Engagement Churn Risk,2021.38,1
ID-004778,0.5086,1,High,Low Engagement Churn Risk,4877.27,1
ID-004252,0.5082,1,High,Low Engagement Churn Risk,4723.44,0
ID-004773,0.5073,1,High,High Value Loyalists,5119.01,0
ID-003233,0.5073,1,High,Low Engagement Churn Risk,3620.66,1
ID-002218,0.5069,1,High,Low Engagement Churn Risk,3318.25,0
ID-002007,0.5067,1,High,Low Engagement Churn Risk,1249.58,0
ID-002978,0.5066,1,High,Low Engagement Churn Risk,3121.42,0
ID-006765,0.5063,1,High,Low Engagement Churn Risk,1000.15,0
ID-004753,0.5062,1,High,High Value Loyalists,917.91,0
ID-005098,0.5061,1,High,Low Engagement Churn Risk,3219.2,1
ID-005077,0.5059,1,High,Low Engagement Churn Risk,2332.85,1
ID-000291,0.5058,1,High,Low Engagement Churn Risk,5024.39,0
ID-000464,0.5058,1,High,Low Engagement Churn Risk,3869.53,1
ID-003163,0.5054,1,High,Low Engagement Churn Risk,906.16,0
ID-002655,0.5053,1,High,Low Engagement Churn Risk,4542.62,1
ID-006934,0.5052,1,High,Low Engagement Churn Risk,2871.07,0
ID-006659,0.5047,1,High,Low Engagement Churn Risk,4474.82,0
ID-004454,0.5045,1,High,Low Engagement Churn Risk,1663.15,0
ID-004540,0.5045,1,High,High Value Loyalists,1649.55,0
ID-000146,0.5044,1,High,Low Engagement Churn Risk,2680.34,1
ID-004837,0.5042,1,High,Low Engagement Churn Risk,3795.35,0
ID-003482,0.5041,1,High,Low Engagement Churn Risk,3103.72,0
ID-003292,0.504,1,High,Low Engagement Churn Risk,3051.42,1
ID-003264,0.5039,1,High,Low Engagement Churn Risk,2198.75,0
ID-006878,0.5037,1,High,Low Engagement Churn Risk,1973.34,0
ID-006799,0.5036,1,High,Low Engagement Churn Risk,1595.16,0
ID-006566,0.5031,1,High,Low Engagement Churn Risk,3673.28,1
ID-005173,0.5031,1,High,Low Engagement Churn Risk,2610.47,1
ID-001694,0.503,1,High,Low Engagement Churn Risk,3752.46,1
ID-004981,0.5026,1,High,Low Engagement Churn Risk,788.15,0
ID-005850,0.5024,1,High,High Value Loyalists,2923.09,1
ID-005761,0.5024,1,High,Low Engagement Churn Risk,1077.72,0
ID-004416,0.5019,1,High,Low Engagement Churn Risk,2675.2,0
ID-000804,0.5018,1,High,Low Engagement Churn Risk,2281.85,0
ID-002434,0.5015,1,High,Low Engagement Churn Risk,2987.25,0
ID-004530,0.5013,1,High,Low Engagement Churn Risk,4465.98,0
ID-004096,0.501,1,High,Low Engagement Churn Risk,5424.46,0
ID-005164,0.5008,1,High,Low Engagement Churn Risk,2706.41,0
ID-004853,0.4999,1,High,Low Engagement Churn Risk,3254.58,1
ID-002777,0.4998,1,High,Low Engagement Churn Risk,2345.07,1
ID-001520,0.4998,1,High,High Value Loyalists,6000.6,0
ID-000262,0.4993,1,High,High Value Loyalists,5545.68,1
ID-006102,0.4991,1,High,Low Engagement Churn Risk,4436.93,1
ID-001477,0.4988,1,High,High Value Loyalists,5067.28,0
ID-001791,0.4988,1,High,Low Engagement Churn Risk,1612.97,0
ID-002746,0.4988,1,High,Low Engagement Churn Risk,1882.98,0
ID-001066,0.4987,1,High,High Value Loyalists,1162.23,0
ID-004743,0.498,1,High,High Value Loyalists,4181.24,1
ID-006331,0.4978,1,High,Low Engagement Churn Risk,1236.6,0
ID-006074,0.4973,1,High,High Value Loyalists,2906.47,1
ID-000369,0.497,1,High,High Value Loyalists,4580.34,1
ID-004672,0.497,1,High,Low Engagement Churn Risk,1985.13,1
ID-004694,0.4968,1,High,Low Engagement Churn Risk,1787.51,1
ID-003403,0.4966,1,High,Low Engagement Churn Risk,3174.01,0
ID-001131,0.4963,1,High,High Value Loyalists,3957.53,1
ID-000422,0.4962,1,High,Low Engagement Churn Risk,2341.7,1
ID-001820,0.4959,1,High,Low Engagement Churn Risk,4207.98,0
ID-002780,0.4955,1,High,Low Engagement Churn Risk,2503.12,1
ID-004170,0.4953,1,High,Low Engagement Churn Risk,800.38,0
ID-006274,0.4951,1,High,Low Engagement Churn Risk,1820.11,0
ID-001259,0.4947,1,High,Low Engagement Churn Risk,5117.54,0
ID-001900,0.4944,1,High,Low Engagement Churn Risk,4312.08,1
ID-006882,0.494,1,High,Low Engagement Churn Risk,4165.83,0
ID-004969,0.4938,1,High,Low Engagement Churn Risk,3062.41,0
ID-001511,0.4938,1,High,Low Engagement Churn Risk,4314.19,1
ID-004126,0.4937,1,High,High Value Loyalists,3862.85,0
ID-004624,0.4934,1,High,Low Engagement Churn Risk,2647.27,1
ID-002977,0.4934,1,High,Low Engagement Churn Risk,1117.31,0
ID-003781,0.4934,1,High,High Value Loyalists,4595.58,0
ID-005488,0.4932,1,High,Low Engagement Churn Risk,2836.51,0
ID-004393,0.4929,1,High,High Value Loyalists,1876.99,0
ID-002165,0.4923,1,High,Low Engagement Churn Risk,4640.16,1
ID-006565,0.4919,1,High,Low Engagement Churn Risk,3768.29,0
ID-000160,0.4915,1,High,Low Engagement Churn Risk,1834.25,1
ID-003678,0.4907,1,High,Low Engagement Churn Risk,5396.05,1
ID-002730,0.4906,1,High,Low Engagement Churn Risk,1519.83,0
ID-006702,0.4901,1,High,Low Engagement Churn Risk,4065.44,1
ID-003856,0.49,1,High,High Value Loyalists,1369.09,0
ID-002604,0.4899,1,High,Low Engagement Churn Risk,2978.12,1
ID-001602,0.4892,1,High,Low Engagement Churn Risk,1807.27,1
ID-001407,0.4888,1,High,Low Engagement Churn Risk,4181.0,1
ID-004244,0.4888,1,High,Low Engagement Churn Risk,3794.51,0
ID-005982,0.4881,1,High,Low Engagement Churn Risk,3255.98,1
ID-005720,0.4879,1,High,Low Engagement Churn Risk,4503.01,0
ID-006594,0.4877,1,High,High Value Loyalists,3708.25,0
ID-002871,0.4876,1,High,Low Engagement Churn Risk,1098.78,1
ID-005475,0.4874,1,High,High Value Loyalists,1341.59,1
ID-001265,0.4874,1,High,Low Engagement Churn Risk,4661.48,1
ID-005541,0.4872,1,High,Low Engagement Churn Risk,4898.35,1
ID-004053,0.4872,1,High,Low Engagement Churn Risk,3219.19,0
ID-004300,0.4871,1,High,Low Engagement Churn Risk,1702.33,0
ID-005217,0.4869,1,High,High Value Loyalists,1505.67,1
ID-003072,0.4869,1,High,Low Engagement Churn Risk,3482.62,0
ID-004301,0.4865,1,High,Low Engagement Churn Risk,5151.07,0
ID-000474,0.4865,1,High,Low Engagement Churn Risk,1760.96,1
ID-002688,0.4864,1,High,Low Engagement Churn Risk,5090.06,0
ID-004425,0.4859,1,High,Low Engagement Churn Risk,4264.77,1
ID-000987,0.4858,1,High,Low Engagement Churn Risk,3825.58,1
ID-002238,0.4853,1,High,Low Engagement Churn Risk,2095.98,0
ID-004029,0.4852,1,High,Low Engagement Churn Risk,2176.06,0
ID-005704,0.485,1,High,High Value Loyalists,2273.2,1
ID-000985,0.4838,1,High,Low Engagement Churn Risk,1269.05,0
ID-000070,0.4827,1,High,High Value Loyalists,3465.44,0
ID-004179,0.482,1,High,Low Engagement Churn Risk,3717.07,1
ID-001883,0.4814,1,High,Low Engagement Churn Risk,1628.99,0
ID-003000,0.4808,1,High,Low Engagement Churn Risk,2089.77,0
ID-000492,0.4806,1,High,Low Engagement Churn Risk,1995.23,1
ID-003101,0.4805,1,High,High Value Loyalists,4398.79,1
ID-003610,0.4803,1,High,Low Engagement Churn Risk,5494.79,0
ID-006313,0.4801,1,High,Low Engagement Churn Risk,4637.83,0
ID-005332,0.48,1,High,Low Engagement Churn Risk,4530.71,1
ID-001036,0.4797,1,High,Low Engagement Churn Risk,4966.64,0
ID-001752,0.4796,1,High,Low Engagement Churn Risk,1728.82,0
ID-004037,0.4794,1,High,Low Engagement Churn Risk,4844.15,0
ID-004756,0.4793,1,High,Low Engagement Churn Risk,3067.89,1
ID-000201,0.4792,1,High,Low Engagement Churn Risk,2789.31,0
ID-002573,0.4791,1,High,Low Engagement Churn Risk,3647.0,0
ID-005094,0.4789,1,High,Low Engagement Churn Risk,2086.05,0
ID-006226,0.4789,1,High,Low Engagement Churn Risk,2533.62,1
ID-005417,0.4788,1,High,Low Engagement Churn Risk,2491.17,1
ID-001904,0.4781,1,High,High Value Loyalists,3456.23,0
ID-005119,0.4774,1,High,Low Engagement Churn Risk,3410.97,0
ID-002445,0.4774,1,High,Low Engagement Churn Risk,5283.57,0
ID-003636,0.4767,1,High,Low Engagement Churn Risk,3058.04,0
ID-004688,0.4765,1,High,Low Engagement Churn Risk,3019.85,1
ID-006058,0.4764,1,High,Low Engagement Churn Risk,4690.46,1
ID-002909,0.4762,1,High,Low Engagement Churn Risk,4328.11,0
ID-005228,0.4761,1,High,High Value Loyalists,5402.88,1
ID-000665,0.4761,1,High,High Value Loyalists,1403.33,0
ID-005174,0.476,1,High,Low Engagement Churn Risk,2913.66,0
ID-001828,0.476,1,High,Low Engagement Churn Risk,950.11,0
ID-005008,0.4758,1,High,Low Engagement Churn Risk,4148.34,0
ID-002518,0.4758,1,High,Low Engagement Churn Risk,3099.08,0
ID-003850,0.4747,1,High,High Value Loyalists,1708.24,0
ID-002741,0.4743,1,High,High Value Loyalists,4205.27,1
ID-006419,0.474,1,High,Low Engagement Churn Risk,3467.43,0
ID-003510,0.4738,1,High,Low Engagement Churn Risk,3878.38,1
ID-003739,0.4736,1,High,Low Engagement Churn Risk,4902.14,1
ID-001622,0.4735,1,High,Low Engagement Churn Risk,2112.59,1
ID-005718,0.4735,1,High,Low Engagement Churn Risk,2179.39,1
ID-002565,0.4733,1,High,Low Engagement Churn Risk,4995.52,1
ID-004801,0.4732,1,High,Low Engagement Churn Risk,881.64,0
ID-000244,0.4729,1,High,Low Engagement Churn Risk,2905.96,1
ID-001164,0.4729,1,High,Low Engagement Churn Risk,2034.81,1
ID-002802,0.4728,1,High,Low Engagement Churn Risk,1396.76,0
ID-006918,0.4727,1,High,Low Engagement Churn Risk,5033.86,1
ID-000813,0.4726,1,High,Low Engagement Churn Risk,4645.75,1
ID-004980,0.4724,1,High,Low Engagement Churn Risk,3832.87,1
ID-000956,0.4724,1,High,Low Engagement Churn Risk,5209.88,0
ID-001135,0.4721,1,High,Low Engagement Churn Risk,5860.98,1
ID-004962,0.4718,1,High,Low Engagement Churn Risk,2870.82,1
ID-001015,0.4716,1,High,Low Engagement Churn Risk,2497.76,1
ID-004765,0.4715,1,High,Low Engagement Churn Risk,2010.6,0
ID-002808,0.4711,1,High,High Value Loyalists,5157.37,0
ID-002356,0.4706,1,High,High Value Loyalists,1693.54,1
ID-003627,0.4706,1,High,High Value Loyalists,4920.02,0
ID-000905,0.4705,1,High,High Value Loyalists,1339.5,1
ID-000521,0.4704,1,High,Low Engagement Churn Risk,3404.23,0
ID-005073,0.4701,1,High,Low Engagement Churn Risk,5464.52,0
ID-000232,0.4701,1,High,Low Engagement Churn Risk,2887.58,1
ID-006250,0.4695,1,High,Low Engagement Churn Risk,1661.76,1
ID-005011,0.4686,1,High,Low Engagement Churn Risk,2306.34,0
ID-002572,0.4684,1,High,Low Engagement Churn Risk,5112.88,1
ID-006666,0.4683,1,High,High Value Loyalists,5795.36,1
ID-002733,0.4683,1,High,Low Engagement Churn Risk,1092.46,1
ID-001040,0.4681,1,High,Low Engagement Churn Risk,1007.86,1
ID-001847,0.468,1,High,Low Engagement Churn Risk,3254.3,1
ID-001425,0.4677,1,High,Low Engagement Churn Risk,2448.75,0
ID-003918,0.4666,1,High,Low Engagement Churn Risk,4604.54,0
ID-006008,0.4664,1,High,Low Engagement Churn Risk,2019.91,0
ID-005841,0.4662,1,High,High Value Loyalists,5828.65,0
ID-005474,0.466,1,High,High Value Loyalists,2412.65,1
ID-003297,0.4658,1,High,Low Engagement Churn Risk,4679.18,0
ID-003276,0.4653,1,High,Low Engagement Churn Risk,927.66,1
ID-004954,0.4651,1,High,Low Engagement Churn Risk,4534.44,0
ID-002653,0.465,1,High,Low Engagement Churn Risk,1298.55,0
ID-003539,0.4649,1,High,Low Engagement Churn Risk,4472.03,1
ID-005763,0.4645,1,High,High Value Loyalists,3747.99,0
ID-003630,0.4643,1,High,Low Engagement Churn Risk,5114.28,1
ID-000819,0.4642,1,High,High Value Loyalists,1040.29,1
ID-003028,0.4642,1,High,Low Engagement Churn Risk,4699.79,0
ID-005738,0.4642,1,High,Low Engagement Churn Risk,5115.57,0
ID-006498,0.464,1,High,Low Engagement Churn Risk,3374.74,0
ID-006822,0.4636,1,High,Low Engagement Churn Risk,4472.66,1
ID-002080,0.4627,1,High,Low Engagement Churn Risk,3302.85,0
ID-002945,0.4626,1,High,Low Engagement Churn Risk,3202.34,1
ID-003869,0.4625,1,High,Low Engagement Churn Risk,4831.28,1
ID-002675,0.4625,1,High,High Value Loyalists,3644.02,1
ID-005144,0.4624,1,High,Low Engagement Churn Risk,1434.69,0
ID-000811,0.4623,1,High,Low Engagement Churn Risk,4132.5,0
ID-005055,0.462,1,High,Low Engagement Churn Risk,4307.62,1
ID-003144,0.4619,1,High,Low Engagement Churn Risk,1691.74,1
ID-004671,0.4611,1,High,High Value Loyalists,5777.85,1
ID-000005,0.4611,1,High,High Value Loyalists,3164.43,0
ID-001589,0.4611,1,High,High Value Loyalists,4067.31,1
ID-005467,0.4609,1,High,Low Engagement Churn Risk,3451.86,1
ID-004644,0.4601,1,High,Low Engagement Churn Risk,1115.44,0
ID-005856,0.46,1,High,High Value Loyalists,5002.22,1
ID-000467,0.4597,1,High,High Value Loyalists,2313.58,0
ID-006363,0.4596,1,High,Low Engagement Churn Risk,2623.51,1
ID-003662,0.4592,1,High,High Value Loyalists,2593.93,1
ID-001723,0.4588,1,High,Low Engagement Churn Risk,5122.21,1
ID-003797,0.4588,1,High,Low Engagement Churn Risk,4365.93,0
ID-004285,0.4585,1,High,Low Engagement Churn Risk,1987.24,1
ID-003589,0.4584,1,High,Low Engagement Churn Risk,4015.14,0
ID-003507,0.4584,1,High,Low Engagement Churn Risk,1739.07,0
ID-001608,0.4582,1,High,Low Engagement Churn Risk,5647.22,0
ID-004854,0.4582,1,High,High Value Loyalists,5506.95,0
ID-005019,0.4579,1,High,Low Engagement Churn Risk,1691.56,1
ID-006368,0.4574,1,High,Low Engagement Churn Risk,1344.12,1
ID-001453,0.4573,1,High,Low Engagement Churn Risk,2709.2,1
ID-001488,0.457,1,High,Low Engagement Churn Risk,1768.88,1
ID-001075,0.4561,1,High,Low Engagement Churn Risk,4641.69,1
ID-000524,0.4561,1,High,Low Engagement Churn Risk,5003.86,1
ID-000553,0.4559,1,High,Low Engagement Churn Risk,801.22,0
ID-003271,0.4556,1,High,High Value Loyalists,5222.99,0
ID-003478,0.4555,1,High,Low Engagement Churn Risk,3503.7,0
ID-002108,0.4555,1,High,Low Engagement Churn Risk,4803.17,0
ID-005682,0.4546,1,High,High Value Loyalists,4149.19,0
ID-003272,0.4543,1,High,High Value Loyalists,5276.13,0
ID-006903,0.4539,1,High,High Value Loyalists,3462.35,0
ID-004135,0.4537,1,High,Low Engagement Churn Risk,5564.6,0
ID-000550,0.4537,1,High,Low Engagement Churn Risk,979.2,0
ID-003414,0.4536,1,High,Low Engagement Churn Risk,4324.67,0
ID-006281,0.4536,1,High,High Value Loyalists,5072.78,0
ID-006212,0.4533,1,High,Low Engagement Churn Risk,3361.89,1
ID-006340,0.4532,1,High,Low Engagement Churn Risk,3825.11,0
ID-002698,0.4522,1,High,High Value Loyalists,3063.17,0
ID-000063,0.4521,1,High,High Value Loyalists,4292.36,0
ID-006493,0.4518,1,High,Low Engagement Churn Risk,5184.58,0
ID-006016,0.4512,1,High,Low Engagement Churn Risk,3598.38,0
ID-004380,0.4511,1,High,Low Engagement Churn Risk,4457.49,1
ID-001341,0.4508,1,High,Low Engagement Churn Risk,5866.66,1
ID-002036,0.4507,1,High,Low Engagement Churn Risk,4322.62,0
ID-001870,0.4502,1,High,High Value Loyalists,3697.48,1
ID-005600,0.4501,1,High,Low Engagement Churn Risk,1102.9,0
ID-002428,0.4496,1,High,Low Engagement Churn Risk,4081.27,0
ID-001952,0.4495,1,High,Low Engagement Churn Risk,2275.6,0
ID-006222,0.4494,1,High,Low Engagement Churn Risk,2072.07,0
ID-000805,0.4493,1,High,Low Engagement Churn Risk,2009.82,1
ID-000992,0.4493,1,High,High Value Loyalists,1668.5,1
ID-001647,0.4491,1,High,Low Engagement Churn Risk,955.48,1
ID-004064,0.4491,1,High,Low Engagement Churn Risk,2975.99,1
ID-004387,0.449,1,High,Low Engagement Churn Risk,4638.72,0
ID-005100,0.4488,1,High,Low Engagement Churn Risk,1930.02,0
ID-002405,0.4488,1,High,Low Engagement Churn Risk,2392.7,0
ID-005240,0.4486,1,High,High Value Loyalists,3520.63,1
ID-004458,0.4482,1,High,Low Engagement Churn Risk,1520.25,0
ID-006762,0.4481,1,High,High Value Loyalists,1340.74,1
ID-001706,0.4481,1,High,High Value Loyalists,5872.61,1
ID-006746,0.4477,1,High,Low Engagement Churn Risk,4563.11,0
ID-000384,0.4471,1,High,Low Engagement Churn Risk,5251.21,0
ID-001580,0.4467,1,High,Low Engagement Churn Risk,4813.84,1
ID-001210,0.4465,1,High,Low Engagement Churn Risk,2842.87,0
ID-005818,0.4464,1,High,Low Engagement Churn Risk,1334.74,1
ID-002987,0.4463,1,High,Low Engagement Churn Risk,4360.69,0
ID-006621,0.4463,1,High,Low Engagement Churn Risk,1212.78,1
ID-001721,0.4463,1,High,Low Engagement Churn Risk,4508.79,0
ID-005768,0.4461,1,High,Low Engagement Churn Risk,2619.32,0
ID-004431,0.4461,1,High,High Value Loyalists,3137.19,0
ID-002656,0.446,1,High,Low Engagement Churn Risk,3007.17,0
ID-001573,0.4458,1,High,Low Engagement Churn Risk,1068.85,0
ID-006451,0.4456,1,High,Low Engagement Churn Risk,1368.34,1
ID-005326,0.4453,1,High,Low Engagement Churn Risk,2182.57,0
ID-002702,0.4452,1,High,Low Engagement Churn Risk,3508.68,1
ID-001729,0.445,1,High,Low Engagement Churn Risk,6035.5,0
ID-002511,0.4446,1,High,High Value Loyalists,1372.9,0
ID-001618,0.4445,1,High,Low Engagement Churn Risk,5273.23,0
ID-003094,0.4445,1,High,High Value Loyalists,4735.29,0
ID-001234,0.4445,1,High,Low Engagement Churn Risk,931.58,0
ID-000577,0.4444,1,High,Low Engagement Churn Risk,4612.99,0
ID-002991,0.4443,1,High,Low Engagement Churn Risk,2650.06,0
ID-000820,0.444,1,High,Low Engagement Churn Risk,2165.69,1
ID-000847,0.4435,1,High,High Value Loyalists,1466.99,0
ID-002524,0.4431,1,High,High Value Loyalists,4346.07,0
ID-004451,0.443,1,High,Low Engagement Churn Risk,1340.21,1
ID-004929,0.4429,1,High,Low Engagement Churn Risk,1945.51,1
ID-002056,0.4429,1,High,Low Engagement Churn Risk,2028.87,0
ID-006819,0.4425,1,High,Low Engagement Churn Risk,2036.96,1
ID-004111,0.4423,1,High,Low Engagement Churn Risk,1134.67,0
ID-004428,0.4422,1,High,Low Engagement Churn Risk,1519.77,0
ID-004019,0.4422,1,High,Low Engagement Churn Risk,3636.86,1
ID-001350,0.4421,1,High,High Value Loyalists,5844.91,0
ID-004054,0.4419,1,High,Low Engagement Churn Risk,5992.65,0
ID-005382,0.4412,1,High,High Value Loyalists,2715.87,0
ID-006712,0.4411,1,High,Low Engagement Churn Risk,1391.54,0
ID-002351,0.4409,1,High,High Value Loyalists,5594.5,0
ID-005477,0.4407,1,High,High Value Loyalists,2440.07,1
ID-004503,0.4406,1,High,Low Engagement Churn Risk,3797.75,0
ID-005762,0.4403,1,High,Low Engagement Churn Risk,3531.99,0
ID-006192,0.44,1,High,Low Engagement Churn Risk,3818.59,0
ID-001550,0.4399,1,High,Low Engagement Churn Risk,2769.96,1
ID-003794,0.4398,1,High,Low Engagement Churn Risk,4596.98,0
ID-001979,0.4397,1,High,High Value Loyalists,4624.43,0
ID-006696,0.4394,1,High,High Value Loyalists,1279.27,1
ID-000300,0.4392,1,High,Low Engagement Churn Risk,4494.85,0
ID-006136,0.4389,1,High,High Value Loyalists,5561.29,0
ID-006885,0.4389,1,High,Low Engagement Churn Risk,5267.5,0
ID-003057,0.4389,1,High,High Value Loyalists,5541.7,0
ID-000682,0.4388,1,High,Low Engagement Churn Risk,4951.71,1
ID-003283,0.4385,1,High,High Value Loyalists,1471.16,1
ID-000125,0.438,1,High,High Value Loyalists,4870.78,1
ID-006567,0.4379,1,High,Low Engagement Churn Risk,4194.75,0
ID-004918,0.4378,1,High,High Value Loyalists,1119.94,0
ID-004434,0.4377,1,High,Low Engagement Churn Risk,2867.09,0
ID-000928,0.4375,1,High,Low Engagement Churn Risk,3908.24,0
ID-004401,0.4374,1,High,Low Engagement Churn Risk,4728.37,1
ID-005564,0.4372,1,High,Low Engagement Churn Risk,1243.86,1
ID-005891,0.4372,1,High,Low Engagement Churn Risk,1083.5,1
ID-001724,0.4369,1,High,High Value Loyalists,6017.01,0
ID-001552,0.4367,1,High,Low Engagement Churn Risk,1407.0,0
ID-001071,0.4366,1,High,Low Engagement Churn Risk,1691.23,1
ID-001663,0.4366,1,High,Low Engagement Churn Risk,2776.87,1
ID-003425,0.4362,1,High,High Value Loyalists,5785.28,0
ID-004327,0.4361,1,High,Low Engagement Churn Risk,1530.2,1
ID-004593,0.4347,1,High,Low Engagement Churn Risk,2238.85,0
ID-006279,0.4344,1,High,Low Engagement Churn Risk,2445.29,0
ID-006044,0.4342,1,High,High Value Loyalists,4714.96,0
ID-004777,0.4341,1,High,Low Engagement Churn Risk,3315.76,0
ID-004633,0.4336,1,High,Low Engagement Churn Risk,1740.93,0
ID-005079,0.4336,1,High,Low Engagement Churn Risk,2084.98,0
ID-001732,0.4334,1,High,Low Engagement Churn Risk,5351.35,0
ID-003290,0.4334,1,High,High Value Loyalists,6103.87,0
ID-006690,0.4332,1,High,Low Engagement Churn Risk,3953.66,0
ID-006229,0.4331,1,High,Low Engagement Churn Risk,1559.29,0
ID-006981,0.433,1,High,High Value Loyalists,6407.51,0
ID-006086,0.433,1,High,Low Engagement Churn Risk,3002.62,0
ID-004578,0.433,1,High,High Value Loyalists,3059.47,1
ID-004998,0.4329,1,High,Low Engagement Churn Risk,2384.19,1
ID-005390,0.4329,1,High,Low Engagement Churn Risk,3843.46,1
ID-005596,0.4326,1,High,Low Engagement Churn Risk,3718.17,0
ID-006054,0.4326,1,High,Low Engagement Churn Risk,4414.74,0
ID-000541,0.4326,1,High,Low Engagement Churn Risk,3885.85,1
ID-005807,0.4321,1,High,Low Engagement Churn Risk,4949.41,0
ID-005196,0.432,1,High,High Value Loyalists,3239.16,0
ID-000203,0.4316,1,High,High Value Loyalists,5627.46,0
ID-006767,0.4315,1,High,Low Engagement Churn Risk,5666.32,0
ID-000627,0.4315,1,High,High Value Loyalists,2513.41,1
ID-003193,0.4312,1,High,Low Engagement Churn Risk,1377.36,0
ID-002868,0.4309,1,High,High Value Loyalists,6216.03,0
ID-000697,0.4308,1,High,Low Engagement Churn Risk,1406.23,0
ID-003525,0.4305,1,High,Low Engagement Churn Risk,4300.17,0
ID-005323,0.4304,1,High,High Value Loyalists,1887.53,1
ID-001251,0.4302,1,High,High Value Loyalists,3729.3,1
ID-006228,0.4302,1,High,Low Engagement Churn Risk,2312.27,0
ID-001886,0.4302,1,High,High Value Loyalists,5841.02,0
ID-001009,0.4297,1,High,Low Engagement Churn Risk,3473.35,0
ID-000499,0.4297,1,High,Low Engagement Churn Risk,1607.27,1
ID-001051,0.4296,1,High,Low Engagement Churn Risk,3130.5,1
ID-001987,0.4294,1,High,High Value Loyalists,4612.88,1
ID-000150,0.4293,1,High,Low Engagement Churn Risk,1256.94,1
ID-004607,0.4292,1,High,High Value Loyalists,4592.04,1
ID-002141,0.4292,1,High,High Value Loyalists,2332.08,1
ID-002833,0.4291,1,High,Low Engagement Churn Risk,2108.4,1
ID-002663,0.4288,1,High,High Value Loyalists,2869.81,0
ID-001604,0.4288,1,High,Low Engagement Churn Risk,3422.35,0
ID-006717,0.4287,1,High,Low Engagement Churn Risk,2116.32,0
ID-000772,0.4283,1,High,Low Engagement Churn Risk,3137.64,0
ID-000476,0.4281,1,High,High Value Loyalists,3979.55,0
ID-005064,0.428,1,High,Low Engagement Churn Risk,2886.18,0
ID-006557,0.4277,1,High,Low Engagement Churn Risk,1832.67,0
ID-005905,0.4266,1,High,High Value Loyalists,4652.52,1
ID-001216,0.4265,1,High,High Value Loyalists,2646.05,1
ID-005680,0.4261,1,High,High Value Loyalists,1669.16,1
ID-001648,0.4261,1,High,Low Engagement Churn Risk,3389.59,0
ID-000454,0.4258,1,High,High Value Loyalists,994.28,0
ID-004714,0.4255,1,High,High Value Loyalists,5338.01,0
ID-001965,0.4252,1,High,High Value Loyalists,4287.72,0
ID-000698,0.4249,1,High,Low Engagement Churn Risk,5765.46,0
ID-001960,0.4247,1,High,Low Engagement Churn Risk,5224.33,0
ID-006019,0.4243,1,High,Low Engagement Churn Risk,2854.33,0
ID-000424,0.4237,1,High,High Value Loyalists,3922.74,0
ID-000770,0.4235,1,High,Low Engagement Churn Risk,3223.37,1
ID-006481,0.4229,1,High,Low Engagement Churn Risk,3341.33,0
ID-003919,0.4229,1,High,Low Engagement Churn Risk,3256.91,1
ID-000699,0.4221,1,High,High Value Loyalists,6196.77,0
ID-002176,0.422,1,High,High Value Loyalists,4891.81,1
ID-001922,0.4218,1,High,Low Engagement Churn Risk,6302.34,0
ID-004394,0.4218,1,High,High Value Loyalists,6051.19,0
ID-006202,0.4214,1,High,Low Engagement Churn Risk,3390.06,1
ID-002610,0.4214,1,High,High Value Loyalists,4032.8,0
ID-006710,0.4213,1,High,Low Engagement Churn Risk,3457.22,1
ID-005735,0.4209,1,High,Low Engagement Churn Risk,3260.64,0
ID-002795,0.4207,1,High,Low Engagement Churn Risk,3890.62,1
ID-003928,0.4206,1,High,High Value Loyalists,3865.17,0
ID-006982,0.4204,1,High,High Value Loyalists,2801.91,1
ID-001098,0.4204,1,High,High Value Loyalists,3188.38,1
ID-001810,0.4202,1,High,Low Engagement Churn Risk,1162.28,1
ID-001497,0.4201,1,High,Low Engagement Churn Risk,5234.16,0
ID-002476,0.42,1,High,High Value Loyalists,4654.92,0
ID-002459,0.4198,1,High,Low Engagement Churn Risk,2259.41,0
ID-003061,0.4197,1,High,High Value Loyalists,1344.83,0
ID-001046,0.4195,1,High,Low Engagement Churn Risk,1548.34,1
ID-003500,0.4193,1,High,Low Engagement Churn Risk,3060.96,0
ID-000878,0.4192,1,High,Low Engagement Churn Risk,2162.95,1
ID-000100,0.4187,1,High,High Value Loyalists,1748.74,0
ID-003605,0.4186,1,High,Low Engagement Churn Risk,1150.84,0
ID-006733,0.4186,1,High,Low Engagement Churn Risk,4964.6,0
ID-004494,0.4185,1,High,Low Engagement Churn Risk,1143.99,0
ID-001929,0.4185,1,High,Low Engagement Churn Risk,3677.25,0
ID-003923,0.4184,1,High,Low Engagement Churn Risk,4318.0,1
ID-002989,0.4182,1,High,Low Engagement Churn Risk,1534.05,0
ID-003580,0.418,1,High,Low Engagement Churn Risk,3299.58,1
ID-006730,0.4177,1,High,High Value Loyalists,4390.35,0
ID-001761,0.4177,1,High,High Value Loyalists,1208.88,1
ID-005913,0.4177,1,High,High Value Loyalists,5762.28,0
ID-002135,0.4175,1,High,High Value Loyalists,4860.5,1
ID-006370,0.4171,1,High,Low Engagement Churn Risk,5339.94,0
ID-005650,0.4166,1,High,Low Engagement Churn Risk,1203.05,0
ID-006994,0.4164,1,High,High Value Loyalists,1393.79,1
ID-001346,0.4164,1,High,Low Engagement Churn Risk,4624.07,1
ID-006272,0.4164,1,High,Low Engagement Churn Risk,5807.51,0
ID-006018,0.4162,1,High,Low Engagement Churn Risk,3401.65,0
ID-005065,0.4162,1,High,Low Engagement Churn Risk,3778.22,1
ID-005300,0.4162,1,High,High Value Loyalists,2649.45,0
ID-006472,0.4158,1,High,Low Engagement Churn Risk,5468.24,1
ID-003321,0.4157,1,High,Low Engagement Churn Risk,4408.52,0
ID-002102,0.4156,1,High,High Value Loyalists,1370.14,0
ID-002664,0.4153,1,High,Low Engagement Churn Risk,4583.11,0
ID-005414,0.4152,1,High,Low Engagement Churn Risk,910.62,0
ID-006453,0.4152,1,High,Low Engagement Churn Risk,3266.89,0
ID-005236,0.4149,1,High,Low Engagement Churn Risk,1852.68,0
ID-003458,0.4149,1,High,High Value Loyalists,2376.02,1
ID-003165,0.4148,1,High,Low Engagement Churn Risk,2546.12,0
ID-006671,0.4147,1,High,Low Engagement Churn Risk,5641.54,0
ID-003346,0.4146,1,High,Low Engagement Churn Risk,1439.6,1
ID-000936,0.4146,1,High,High Value Loyalists,4232.32,0
ID-004991,0.4145,1,High,High Value Loyalists,4786.23,1
ID-006270,0.4144,1,High,Low Engagement Churn Risk,5404.54,1
ID-003977,0.4143,1,High,Low Engagement Churn Risk,2200.64,0
ID-006117,0.4142,1,High,Low Engagement Churn Risk,4452.92,0
ID-005659,0.4141,1,High,High Value Loyalists,5616.83,0
ID-000138,0.414,1,High,High Value Loyalists,2786.0,0
ID-006931,0.4137,1,High,Low Engagement Churn Risk,4897.2,1
ID-004406,0.4133,1,High,High Value Loyalists,1771.03,0
ID-006291,0.4132,1,High,High Value Loyalists,5577.62,1
ID-005931,0.4132,1,High,High Value Loyalists,3095.84,0
ID-000939,0.413,1,High,Low Engagement Churn Risk,5933.79,0
ID-000973,0.4126,1,High,High Value Loyalists,5340.34,0
ID-001311,0.4125,1,High,Low Engagement Churn Risk,3918.24,1
ID-001043,0.4124,1,High,Low Engagement Churn Risk,4188.76,1
ID-001290,0.4123,1,High,High Value Loyalists,5933.58,0
ID-003649,0.4122,1,High,Low Engagement Churn Risk,5471.38,0
ID-003182,0.412,1,High,Low Engagement Churn Risk,1512.62,0
ID-006126,0.412,1,High,High Value Loyalists,4507.57,1
ID-000210,0.4118,1,High,High Value Loyalists,1198.02,1
ID-004862,0.4116,1,High,High Value Loyalists,3516.17,1
ID-005933,0.4114,1,High,Low Engagement Churn Risk,1380.45,0
ID-002556,0.4114,1,High,Low Engagement Churn Risk,854.63,0
ID-004501,0.4113,1,High,Low Engagement Churn Risk,3752.25,1
ID-006901,0.4113,1,High,Low Engagement Churn Risk,3002.86,0
ID-002745,0.4113,1,High,Low Engagement Churn Risk,3569.98,0
ID-002159,0.4112,1,High,High Value Loyalists,4091.71,1
ID-002669,0.411,1,High,Low Engagement Churn Risk,2146.05,0
ID-005898,0.4106,1,High,High Value Loyalists,5938.0,1
ID-004623,0.4103,1,High,High Value Loyalists,3753.53,1
ID-002030,0.4102,1,High,Low Engagement Churn Risk,2374.19,1
ID-005183,0.4101,1,High,High Value Loyalists,4119.01,0
ID-003818,0.41,1,High,Low Engagement Churn Risk,4881.25,1
ID-005478,0.4099,1,High,Low Engagement Churn Risk,4949.36,0
ID-004409,0.4098,1,High,Low Engagement Churn Risk,1233.48,0
ID-006992,0.4098,1,High,High Value Loyalists,3676.48,1
ID-001132,0.4096,1,High,Low Engagement Churn Risk,4577.88,0
ID-001193,0.4096,1,High,High Value Loyalists,4176.86,1
ID-004342,0.4096,1,High,High Value Loyalists,3273.25,0
ID-006507,0.4094,1,High,Low Engagement Churn Risk,1917.69,0
ID-003711,0.4094,1,High,Low Engagement Churn Risk,1566.06,1
ID-005550,0.4092,1,High,Low Engagement Churn Risk,1800.76,1
ID-005521,0.4091,1,High,High Value Loyalists,2609.85,0
ID-001697,0.4091,1,High,High Value Loyalists,6221.7,0
ID-001245,0.4089,1,High,Low Engagement Churn Risk,3505.78,0
ID-005974,0.4089,1,High,Low Engagement Churn Risk,4445.18,1
ID-001718,0.4087,1,High,High Value Loyalists,1149.4,1
ID-000729,0.4086,1,High,Low Engagement Churn Risk,2201.16,0
ID-001751,0.4085,1,High,High Value Loyalists,1535.13,0
ID-002236,0.4084,1,High,Low Engagement Churn Risk,4764.27,0
ID-003926,0.4082,1,High,High Value Loyalists,6224.59,0
ID-001963,0.4082,1,High,Low Engagement Churn Risk,1248.77,0
ID-004128,0.4081,1,High,High Value Loyalists,4844.36,0
ID-005456,0.4081,1,High,High Value Loyalists,4944.64,1
ID-005454,0.4081,1,High,Low Engagement Churn Risk,3221.45,1
ID-002232,0.408,1,High,Low Engagement Churn Risk,2789.97,1
ID-004870,0.4079,1,High,Low Engagement Churn Risk,3765.15,1
ID-005028,0.4078,1,High,Low Engagement Churn Risk,1751.18,0
ID-002358,0.4077,1,High,Low Engagement Churn Risk,3233.63,1
ID-003976,0.4074,1,High,Low Engagement Churn Risk,5473.21,1
ID-004755,0.4073,1,High,Low Engagement Churn Risk,3844.21,1
ID-001084,0.4073,1,High,Low Engagement Churn Risk,4909.35,0
ID-000948,0.4072,1,High,Low Engagement Churn Risk,3535.88,1
ID-003816,0.4072,1,High,Low Engagement Churn Risk,3795.77,0
ID-000310,0.4071,1,High,Low Engagement Churn Risk,4344.39,0
ID-003123,0.407,1,High,Low Engagement Churn Risk,3085.73,0
ID-006916,0.407,1,High,Low Engagement Churn Risk,4852.68,0
ID-001813,0.4068,1,High,High Value Loyalists,6396.74,1
ID-003333,0.4067,1,High,Low Engagement Churn Risk,3544.74,0
ID-000081,0.4065,1,High,Low Engagement Churn Risk,6082.09,1
ID-002613,0.4061,1,High,High Value Loyalists,5756.63,0
ID-000222,0.406,1,High,Low Engagement Churn Risk,4076.68,1
ID-001252,0.4059,1,High,Low Engagement Churn Risk,4907.45,0
ID-006232,0.4059,1,High,Low Engagement Churn Risk,4298.3,0
ID-003615,0.4058,1,High,Low Engagement Churn Risk,1874.32,1
ID-006458,0.4057,1,High,Low Engagement Churn Risk,2438.68,0
ID-005532,0.4053,1,High,High Value Loyalists,2295.4,0
ID-002654,0.4049,1,High,Low Engagement Churn Risk,3165.47,0
ID-002520,0.4049,1,High,Low Engagement Churn Risk,885.37,0
ID-000008,0.4047,1,High,Low Engagement Churn Risk,1549.98,0
ID-001041,0.4047,1,High,High Value Loyalists,5378.2,0
ID-002985,0.4047,1,High,Low Engagement Churn Risk,1226.86,0
ID-004459,0.4045,1,High,High Value Loyalists,5330.47,0
ID-006238,0.4041,1,High,Low Engagement Churn Risk,5332.41,1
ID-003433,0.4041,1,High,Low Engagement Churn Risk,1279.49,0
ID-000178,0.404,1,High,High Value Loyalists,3349.99,0
ID-005892,0.404,1,High,High Value Loyalists,3489.53,1
ID-003073,0.404,1,High,Low Engagement Churn Risk,2069.45,1
ID-004008,0.404,1,High,Low Engagement Churn Risk,3318.65,1
ID-004596,0.4039,1,High,Low Engagement Churn Risk,3424.83,1
ID-003427,0.4038,1,High,Low Engagement Churn Risk,1011.4,0
ID-001557,0.4037,1,High,High Value Loyalists,5440.41,1
ID-002678,0.4036,1,High,Low Engagement Churn Risk,5540.61,1
ID-006484,0.4033,1,High,Low Engagement Churn Risk,5737.27,1
ID-006646,0.4029,1,High,Low Engagement Churn Risk,4194.75,1
ID-005726,0.4028,1,High,High Value Loyalists,4489.96,0
ID-005255,0.4025,1,High,Low Engagement Churn Risk,4562.51,1
ID-006327,0.4022,1,High,Low Engagement Churn Risk,5639.98,1
ID-000726,0.4017,1,High,Low Engagement Churn Risk,2607.76,1
ID-001227,0.4016,1,High,Low Engagement Churn Risk,5917.78,1
ID-006533,0.4015,1,High,High Value Loyalists,1606.55,0
ID-000090,0.4015,1,High,High Value Loyalists,3396.87,1
ID-002359,0.4014,1,High,Low Engagement Churn Risk,1564.88,1
ID-000560,0.4014,1,High,High Value Loyalists,4377.16,1
ID-004379,0.4008,1,High,High Value Loyalists,6016.63,0
ID-000554,0.4008,1,High,Low Engagement Churn Risk,5412.68,1
ID-004439,0.4006,1,High,High Value Loyalists,2306.16,0
ID-006239,0.4006,1,High,High Value Loyalists,1904.73,1
ID-005212,0.4003,1,High,Low Engagement Churn Risk,2557.43,0
ID-004595,0.4003,1,High,Low Engagement Churn Risk,3525.34,0
ID-002560,0.4003,1,High,High Value Loyalists,4364.76,1
ID-006237,0.4001,1,High,High Value Loyalists,1839.11,1
ID-003484,0.3999,0,Medium,Low Engagement Churn Risk,1191.83,0
ID-002296,0.3998,0,Medium,High Value Loyalists,3017.1,0
ID-001173,0.3997,0,Medium,Low Engagement Churn Risk,1932.66,0
ID-004157,0.3996,0,Medium,Low Engagement Churn Risk,4859.41,1
ID-006845,0.3995,0,Medium,Low Engagement Churn Risk,3655.17,0
ID-004100,0.3987,0,Medium,Low Engagement Churn Risk,2759.32,0
ID-000765,0.3987,0,Medium,Low Engagement Churn Risk,2830.51,1
ID-004156,0.3983,0,Medium,Low Engagement Churn Risk,5623.98,1
ID-003534,0.3981,0,Medium,Low Engagement Churn Risk,4322.59,1
ID-005663,0.398,0,Medium,Low Engagement Churn Risk,3124.18,0
ID-005460,0.3979,0,Medium,High Value Loyalists,2125.45,0
ID-003660,0.3975,0,Medium,Low Engagement Churn Risk,1402.81,1
ID-005388,0.3973,0,Medium,High Value Loyalists,1714.79,1
ID-006653,0.3969,0,Medium,High Value Loyalists,4194.82,0
ID-003865,0.3968,0,Medium,Low Engagement Churn Risk,1892.86,0
ID-004275,0.3966,0,Medium,Low Engagement Churn Risk,3343.54,0
ID-005468,0.3965,0,Medium,High Value Loyalists,5600.83,0
ID-005717,0.3965,0,Medium,Low Engagement Churn Risk,2626.77,0
ID-003242,0.3965,0,Medium,Low Engagement Churn Risk,4642.49,1
ID-004287,0.3964,0,Medium,Low Engagement Churn Risk,2246.04,0
ID-003578,0.3962,0,Medium,Low Engagement Churn Risk,2282.23,1
ID-006529,0.3961,0,Medium,Low Engagement Churn Risk,2433.67,1
ID-003851,0.396,0,Medium,High Value Loyalists,5373.67,1
ID-005163,0.3958,0,Medium,Low Engagement Churn Risk,1293.95,0
ID-006177,0.3957,0,Medium,Low Engagement Churn Risk,891.42,0
ID-003201,0.3955,0,Medium,Low Engagement Churn Risk,1490.24,1
ID-003703,0.3954,0,Medium,Low Engagement Churn Risk,3699.43,0
ID-002158,0.3953,0,Medium,High Value Loyalists,2018.95,0
ID-003095,0.3952,0,Medium,Low Engagement Churn Risk,4023.52,0
ID-000781,0.3952,0,Medium,High Value Loyalists,6623.54,0
ID-002263,0.3952,0,Medium,Low Engagement Churn Risk,3409.21,1
ID-003910,0.3951,0,Medium,High Value Loyalists,6684.52,0
ID-005921,0.3948,0,Medium,Low Engagement Churn Risk,2240.83,0
ID-005143,0.3948,0,Medium,Low Engagement Churn Risk,1945.55,0
ID-001359,0.3946,0,Medium,High Value Loyalists,1147.7,0
ID-005597,0.3944,0,Medium,Low Engagement Churn Risk,3372.22,1
ID-002668,0.3942,0,Medium,Low Engagement Churn Risk,5488.83,1
ID-003638,0.3942,0,Medium,Low Engagement Churn Risk,1679.31,0
ID-003798,0.394,0,Medium,Low Engagement Churn Risk,2058.13,0
ID-003553,0.394,0,Medium,Low Engagement Churn Risk,4102.84,0
ID-005384,0.3939,0,Medium,Low Engagement Churn Risk,5456.45,1
ID-005709,0.3939,0,Medium,Low Engagement Churn Risk,2018.38,0
ID-005201,0.3939,0,Medium,Low Engagement Churn Risk,4947.94,0
ID-001710,0.3934,0,Medium,Low Engagement Churn Risk,1117.77,1
ID-005641,0.3934,0,Medium,High Value Loyalists,3929.52,0
ID-000619,0.3932,0,Medium,High Value Loyalists,2363.14,0
ID-005391,0.3932,0,Medium,Low Engagement Churn Risk,4720.73,0
ID-005128,0.3932,0,Medium,Low Engagement Churn Risk,4861.86,0
ID-001356,0.393,0,Medium,High Value Loyalists,2796.61,0
ID-004725,0.393,0,Medium,Low Engagement Churn Risk,5745.79,0
ID-004985,0.3928,0,Medium,Low Engagement Churn Risk,2487.86,0
ID-006137,0.3927,0,Medium,Low Engagement Churn Risk,3217.65,0
ID-006431,0.3927,0,Medium,High Value Loyalists,5875.48,0
ID-000797,0.3926,0,Medium,Low Engagement Churn Risk,5034.31,0
ID-006078,0.3926,0,Medium,High Value Loyalists,3737.05,1
ID-000355,0.3925,0,Medium,Low Engagement Churn Risk,4408.69,0
ID-006479,0.3924,0,Medium,Low Engagement Churn Risk,3359.81,0
ID-000654,0.3923,0,Medium,Low Engagement Churn Risk,2212.93,1
ID-000338,0.3923,0,Medium,Low Engagement Churn Risk,5488.94,0
ID-003258,0.3922,0,Medium,Low Engagement Churn Risk,2604.22,1
ID-004378,0.3921,0,Medium,Low Engagement Churn Risk,1316.18,0
ID-004015,0.392,0,Medium,Low Engagement Churn Risk,5894.54,1
ID-001062,0.3919,0,Medium,Low Engagement Churn Risk,4372.19,0
ID-004746,0.3918,0,Medium,Low Engagement Churn Risk,4783.3,1
ID-006962,0.3917,0,Medium,Low Engagement Churn Risk,5207.59,0
ID-004805,0.3916,0,Medium,Low Engagement Churn Risk,4860.3,1
ID-006775,0.3916,0,Medium,Low Engagement Churn Risk,2853.3,1
ID-003887,0.3914,0,Medium,High Value Loyalists,5027.81,1
ID-001447,0.3913,0,Medium,Low Engagement Churn Risk,1215.11,1
ID-004663,0.3913,0,Medium,High Value Loyalists,6036.46,1
ID-004742,0.3913,0,Medium,Low Engagement Churn Risk,2950.94,0
ID-006963,0.3908,0,Medium,High Value Loyalists,3060.15,0
ID-006245,0.3908,0,Medium,Low Engagement Churn Risk,1275.92,1
ID-002483,0.3906,0,Medium,High Value Loyalists,3953.29,0
ID-002648,0.3905,0,Medium,Low Engagement Churn Risk,4184.05,1
ID-001404,0.3905,0,Medium,Low Engagement Churn Risk,4091.13,0
ID-003691,0.3905,0,Medium,Low Engagement Churn Risk,3321.16,0
ID-005847,0.3905,0,Medium,Low Engagement Churn Risk,3621.62,0
ID-005406,0.3902,0,Medium,Low Engagement Churn Risk,5682.63,1
ID-005051,0.3902,0,Medium,High Value Loyalists,4150.44,1
ID-004003,0.3901,0,Medium,High Value Loyalists,6241.53,0
ID-005192,0.3901,0,Medium,Low Engagement Churn Risk,1237.66,0
ID-000083,0.3901,0,Medium,Low Engagement Churn Risk,4798.12,0
ID-001570,0.39,0,Medium,High Value Loyalists,1970.15,0
ID-006517,0.39,0,Medium,At-Risk New Customers,4140.51,0
ID-004210,0.3899,0,Medium,Low Engagement Churn Risk,4716.9,0
ID-002069,0.3899,0,Medium,Low Engagement Churn Risk,3284.96,0
ID-004061,0.3895,0,Medium,Low Engagement Churn Risk,3662.1,1
ID-000020,0.3892,0,Medium,Low Engagement Churn Risk,4854.31,0
ID-001467,0.3888,0,Medium,Low Engagement Churn Risk,5039.76,0
ID-005010,0.3888,0,Medium,Low Engagement Churn Risk,1219.3,0
ID-003979,0.3883,0,Medium,Low Engagement Churn Risk,4224.18,0
ID-003705,0.3877,0,Medium,High Value Loyalists,1629.3,1
ID-004105,0.3877,0,Medium,Low Engagement Churn Risk,3851.2,0
ID-000648,0.3875,0,Medium,Low Engagement Churn Risk,4275.82,0
ID-004971,0.3875,0,Medium,Low Engagement Churn Risk,4496.24,1
ID-006763,0.3875,0,Medium,Low Engagement Churn Risk,3336.47,1
ID-002025,0.3875,0,Medium,Low Engagement Churn Risk,4341.19,1
ID-005712,0.3874,0,Medium,Low Engagement Churn Risk,5984.38,1
ID-001246,0.3873,0,Medium,High Value Loyalists,3546.95,0
ID-005510,0.3873,0,Medium,Low Engagement Churn Risk,5463.35,1
ID-005257,0.3872,0,Medium,Low Engagement Churn Risk,4947.42,1
ID-006081,0.387,0,Medium,High Value Loyalists,1894.12,1
ID-000324,0.3868,0,Medium,High Value Loyalists,5079.63,1
ID-004305,0.3868,0,Medium,Low Engagement Churn Risk,1338.5,0
ID-004040,0.3865,0,Medium,Low Engagement Churn Risk,5497.47,1
ID-000812,0.3865,0,Medium,Low Engagement Churn Risk,1650.74,0
ID-002624,0.3864,0,Medium,Low Engagement Churn Risk,2764.29,1
ID-003472,0.3864,0,Medium,Low Engagement Churn Risk,5018.47,1
ID-003533,0.3863,0,Medium,Low Engagement Churn Risk,5445.29,0
ID-006726,0.3861,0,Medium,Low Engagement Churn Risk,3371.96,1
ID-001536,0.3861,0,Medium,High Value Loyalists,4296.79,0
ID-004229,0.386,0,Medium,Low Engagement Churn Risk,5298.82,0
ID-006482,0.386,0,Medium,Low Engagement Churn Risk,5303.68,0
ID-006576,0.3859,0,Medium,Low Engagement Churn Risk,903.03,1
ID-005306,0.3858,0,Medium,High Value Loyalists,3119.72,0
ID-005162,0.3856,0,Medium,Low Engagement Churn Risk,5669.42,0
ID-004443,0.3856,0,Medium,Low Engagement Churn Risk,2216.48,0
ID-004881,0.3851,0,Medium,Low Engagement Churn Risk,2471.3,0
ID-005593,0.3851,0,Medium,At-Risk New Customers,1165.72,1
ID-002517,0.3851,0,Medium,Low Engagement Churn Risk,4029.18,1
ID-001860,0.3848,0,Medium,Low Engagement Churn Risk,5613.27,1
ID-005736,0.3848,0,Medium,Low Engagement Churn Risk,5208.67,0
ID-003601,0.3846,0,Medium,Low Engagement Churn Risk,5145.33,0
ID-001933,0.3845,0,Medium,Low Engagement Churn Risk,3452.6,0
ID-005618,0.3843,0,Medium,Low Engagement Churn Risk,4375.74,1
ID-004192,0.3835,0,Medium,Low Engagement Churn Risk,3477.68,0
ID-002647,0.3835,0,Medium,Low Engagement Churn Risk,3331.19,1
ID-005661,0.3834,0,Medium,Low Engagement Churn Risk,1339.0,0
ID-004238,0.3832,0,Medium,Low Engagement Churn Risk,1271.63,0
ID-001087,0.3831,0,Medium,High Value Loyalists,4618.04,0
ID-002638,0.3831,0,Medium,Low Engagement Churn Risk,5541.11,0
ID-003087,0.383,0,Medium,Low Engagement Churn Risk,5793.86,0
ID-001134,0.383,0,Medium,High Value Loyalists,1395.25,1
ID-006805,0.383,0,Medium,Low Engagement Churn Risk,3364.82,0
ID-006440,0.3829,0,Medium,Low Engagement Churn Risk,1451.38,1
ID-005964,0.3829,0,Medium,Low Engagement Churn Risk,5832.09,1
ID-001942,0.3827,0,Medium,Low Engagement Churn Risk,5705.67,0
ID-002376,0.3827,0,Medium,Low Engagement Churn Risk,3557.92,0
ID-004934,0.3826,0,Medium,Low Engagement Churn Risk,5367.03,0
ID-000340,0.3825,0,Medium,Low Engagement Churn Risk,4070.36,1
ID-004797,0.3824,0,Medium,Low Engagement Churn Risk,3746.08,1
ID-005279,0.3823,0,Medium,Low Engagement Churn Risk,5079.66,0
ID-002686,0.3823,0,Medium,Low Engagement Churn Risk,5168.72,0
ID-000962,0.3823,0,Medium,Low Engagement Churn Risk,5914.37,0
ID-004468,0.3821,0,Medium,Low Engagement Churn Risk,5890.29,0
ID-005701,0.3821,0,Medium,Low Engagement Churn Risk,4186.49,0
ID-004346,0.382,0,Medium,High Value Loyalists,3858.89,1
ID-002900,0.3819,0,Medium,Low Engagement Churn Risk,4836.2,1
ID-003591,0.3817,0,Medium,High Value Loyalists,3741.66,0
ID-003745,0.3816,0,Medium,Low Engagement Churn Risk,4334.17,0
ID-000818,0.3815,0,Medium,Low Engagement Churn Risk,2566.82,1
ID-001023,0.3815,0,Medium,Low Engagement Churn Risk,3792.05,0
ID-005018,0.3814,0,Medium,Low Engagement Churn Risk,4312.99,1
ID-003760,0.3813,0,Medium,Low Engagement Churn Risk,1675.63,0
ID-001364,0.3812,0,Medium,Low Engagement Churn Risk,4417.29,1
ID-000323,0.3811,0,Medium,Low Engagement Churn Risk,3370.32,1
ID-002645,0.3806,0,Medium,Low Engagement Churn Risk,3090.88,0
ID-005770,0.3805,0,Medium,Low Engagement Churn Risk,5051.05,0
ID-003802,0.3805,0,Medium,Low Engagement Churn Risk,5950.92,0
ID-002883,0.3805,0,Medium,Low Engagement Churn Risk,2755.25,0
ID-001993,0.3804,0,Medium,Low Engagement Churn Risk,3944.75,0
ID-002106,0.3804,0,Medium,Low Engagement Churn Risk,1972.22,1
ID-006741,0.3803,0,Medium,High Value Loyalists,6132.69,1
ID-000862,0.3803,0,Medium,Low Engagement Churn Risk,1823.83,0
ID-002221,0.3802,0,Medium,Low Engagement Churn Risk,5275.72,0
ID-006539,0.38,0,Medium,Low Engagement Churn Risk,5557.33,1
ID-000084,0.38,0,Medium,Low Engagement Churn Risk,3497.23,1
ID-005967,0.3796,0,Medium,Low Engagement Churn Risk,963.74,0
ID-001007,0.3796,0,Medium,Low Engagement Churn Risk,4572.77,1
ID-001148,0.3795,0,Medium,Low Engagement Churn Risk,864.42,1
ID-000441,0.3794,0,Medium,Low Engagement Churn Risk,1886.84,0
ID-001748,0.3791,0,Medium,High Value Loyalists,6257.48,0
ID-001788,0.3791,0,Medium,Low Engagement Churn Risk,2403.79,1
ID-002267,0.3791,0,Medium,Low Engagement Churn Risk,2342.37,1
ID-006162,0.379,0,Medium,Low Engagement Churn Risk,3151.08,1
ID-004710,0.379,0,Medium,Low Engagement Churn Risk,6091.27,1
ID-006196,0.3789,0,Medium,Low Engagement Churn Risk,3532.47,1
ID-003688,0.3788,0,Medium,Low Engagement Churn Risk,2847.99,1
ID-001671,0.3788,0,Medium,High Value Loyalists,4309.22,0
ID-003222,0.3788,0,Medium,Low Engagement Churn Risk,4202.3,0
ID-005362,0.3786,0,Medium,Low Engagement Churn Risk,1349.03,0
ID-003426,0.3783,0,Medium,At-Risk New Customers,4705.26,0
ID-005926,0.3783,0,Medium,Low Engagement Churn Risk,3774.18,0
ID-005278,0.3782,0,Medium,High Value Loyalists,3920.34,0
ID-001629,0.378,0,Medium,Low Engagement Churn Risk,5208.33,1
ID-000630,0.3779,0,Medium,High Value Loyalists,5747.55,1
ID-004487,0.3779,0,Medium,Low Engagement Churn Risk,1692.69,0
ID-002240,0.3778,0,Medium,Low Engagement Churn Risk,4478.84,0
ID-000103,0.3778,0,Medium,Low Engagement Churn Risk,4666.24,0
ID-001351,0.3777,0,Medium,Low Engagement Churn Risk,5827.07,0
ID-006806,0.3773,0,Medium,Low Engagement Churn Risk,2597.71,0
ID-002193,0.3772,0,Medium,Low Engagement Churn Risk,3636.49,0
ID-002008,0.3771,0,Medium,High Value Loyalists,3109.35,1
ID-000758,0.377,0,Medium,High Value Loyalists,5746.02,0
ID-006116,0.3769,0,Medium,High Value Loyalists,2482.57,0
ID-006134,0.3769,0,Medium,Low Engagement Churn Risk,1757.7,0
ID-001610,0.3769,0,Medium,Low Engagement Churn Risk,5764.86,1
ID-002747,0.3768,0,Medium,High Value Loyalists,1670.45,0
ID-000727,0.3768,0,Medium,Low Engagement Churn Risk,5699.14,0
ID-005416,0.3767,0,Medium,Low Engagement Churn Risk,5212.99,1
ID-006635,0.3766,0,Medium,Low Engagement Churn Risk,1816.48,0
ID-005559,0.3766,0,Medium,Low Engagement Churn Risk,2859.5,0
ID-006536,0.3764,0,Medium,High Value Loyalists,3285.19,0
ID-002709,0.3764,0,Medium,At-Risk New Customers,3789.84,0
ID-003904,0.3763,0,Medium,High Value Loyalists,4074.16,1
ID-001956,0.3763,0,Medium,Low Engagement Churn Risk,3072.08,0
ID-003418,0.3762,0,Medium,High Value Loyalists,2709.87,0
ID-000669,0.3762,0,Medium,Low Engagement Churn Risk,5801.39,0
ID-002375,0.3761,0,Medium,Low Engagement Churn Risk,5100.63,1
ID-004740,0.3761,0,Medium,Low Engagement Churn Risk,6260.23,1
ID-000830,0.376,0,Medium,Low Engagement Churn Risk,4370.82,0
ID-001273,0.3758,0,Medium,Low Engagement Churn Risk,5262.18,0
ID-005206,0.3758,0,Medium,High Value Loyalists,5199.01,0
ID-002703,0.3757,0,Medium,Low Engagement Churn Risk,6050.24,0
ID-000305,0.3756,0,Medium,Low Engagement Churn Risk,6087.49,1
ID-005969,0.3754,0,Medium,High Value Loyalists,6174.68,0
ID-001910,0.3753,0,Medium,Low Engagement Churn Risk,3745.83,1
ID-001677,0.3751,0,Medium,Low Engagement Churn Risk,4883.7,0
ID-004658,0.3751,0,Medium,Low Engagement Churn Risk,4201.11,0
ID-000362,0.3751,0,Medium,Low Engagement Churn Risk,1289.16,1
ID-004293,0.3751,0,Medium,Low Engagement Churn Risk,4195.09,0
ID-003683,0.375,0,Medium,Low Engagement Churn Risk,3935.03,1
ID-006477,0.375,0,Medium,Low Engagement Churn Risk,2541.54,0
ID-004575,0.375,0,Medium,Low Engagement Churn Risk,1647.78,0
ID-001997,0.3749,0,Medium,Low Engagement Churn Risk,3528.77,0
ID-005878,0.3748,0,Medium,Low Engagement Churn Risk,2771.31,0
ID-004774,0.3748,0,Medium,Low Engagement Churn Risk,1441.84,0
ID-006604,0.3746,0,Medium,Low Engagement Churn Risk,3191.72,1
ID-007010,0.3743,0,Medium,Low Engagement Churn Risk,2213.94,0
ID-000527,0.3743,0,Medium,Low Engagement Churn Risk,1820.11,0
ID-002523,0.3743,0,Medium,Low Engagement Churn Risk,3281.86,1
ID-000787,0.3743,0,Medium,Low Engagement Churn Risk,3415.41,1
ID-005928,0.374,0,Medium,Low Engagement Churn Risk,2571.14,1
ID-002742,0.3737,0,Medium,Low Engagement Churn Risk,1949.55,0
ID-004953,0.3734,0,Medium,Low Engagement Churn Risk,4624.53,1
ID-002355,0.3734,0,Medium,Low Engagement Churn Risk,4011.36,0
ID-003788,0.3734,0,Medium,Low Engagement Churn Risk,1180.66,0
ID-002400,0.3734,0,Medium,High Value Loyalists,5310.51,0
ID-000462,0.3733,0,Medium,Low Engagement Churn Risk,2856.09,1
ID-002312,0.3732,0,Medium,High Value Loyalists,2402.4,0
ID-004666,0.3732,0,Medium,Low Engagement Churn Risk,4925.19,0
ID-003153,0.3731,0,Medium,Low Engagement Churn Risk,4254.48,0
ID-004282,0.3731,0,Medium,Low Engagement Churn Risk,4481.0,0
ID-002601,0.373,0,Medium,Low Engagement Churn Risk,3299.7,0
ID-003384,0.3728,0,Medium,Low Engagement Churn Risk,4262.32,1
ID-006410,0.3727,0,Medium,High Value Loyalists,4509.8,1
ID-000779,0.3727,0,Medium,Low Engagement Churn Risk,5320.87,0
ID-001893,0.3725,0,Medium,Low Engagement Churn Risk,4130.37,1
ID-002068,0.3725,0,Medium,High Value Loyalists,4796.81,0
ID-002559,0.3724,0,Medium,Low Engagement Churn Risk,2598.73,0
ID-001863,0.3722,0,Medium,Low Engagement Churn Risk,4437.56,0
ID-004323,0.3722,0,Medium,Low Engagement Churn Risk,2361.93,1
ID-002411,0.372,0,Medium,Low Engagement Churn Risk,1335.93,0
ID-000402,0.3719,0,Medium,Low Engagement Churn Risk,1962.22,1
ID-001495,0.3717,0,Medium,High Value Loyalists,5204.94,1
ID-004541,0.3716,0,Medium,Low Engagement Churn Risk,6087.49,0
ID-000185,0.3714,0,Medium,High Value Loyalists,4240.3,0
ID-004656,0.3713,0,Medium,Low Engagement Churn Risk,5121.7,1
ID-004437,0.3712,0,Medium,Low Engagement Churn Risk,5448.8,0
ID-001337,0.3711,0,Medium,Low Engagement Churn Risk,1049.53,1
ID-001958,0.3709,0,Medium,Low Engagement Churn Risk,2611.86,1
ID-002649,0.3708,0,Medium,Low Engagement Churn Risk,2000.72,1
ID-000899,0.3708,0,Medium,Low Engagement Churn Risk,2777.91,1
ID-002147,0.3707,0,Medium,High Value Loyalists,3826.6,0
ID-004684,0.3705,0,Medium,Low Engagement Churn Risk,6005.44,1
ID-003026,0.3705,0,Medium,Low Engagement Churn Risk,3466.64,1
ID-000156,0.3704,0,Medium,Low Engagement Churn Risk,4391.45,1
ID-006861,0.3703,0,Medium,Low Engagement Churn Risk,3523.84,0
ID-003600,0.3703,0,Medium,Low Engagement Churn Risk,5959.01,1
ID-001774,0.3702,0,Medium,Low Engagement Churn Risk,1598.42,0
ID-001450,0.3699,0,Medium,Low Engagement Churn Risk,4574.39,0
ID-001191,0.3698,0,Medium,Low Engagement Churn Risk,5627.4,1
ID-002440,0.3697,0,Medium,Low Engagement Churn Risk,2713.37,1
ID-003022,0.3696,0,Medium,High Value Loyalists,3967.16,1
ID-004661,0.3694,0,Medium,Low Engagement Churn Risk,2597.22,0
ID-000108,0.3692,0,Medium,Low Engagement Churn Risk,5618.82,0
ID-003696,0.3692,0,Medium,Low Engagement Churn Risk,3341.72,0
ID-001861,0.3692,0,Medium,Low Engagement Churn Risk,2058.31,1
ID-004689,0.3692,0,Medium,Low Engagement Churn Risk,3277.73,1
ID-006893,0.3691,0,Medium,Low Engagement Churn Risk,4761.16,1
ID-001996,0.3691,0,Medium,Low Engagement Churn Risk,4054.55,0
ID-001081,0.3686,0,Medium,High Value Loyalists,4361.05,0
ID-002123,0.3686,0,Medium,Low Engagement Churn Risk,3766.19,1
ID-005822,0.3684,0,Medium,Low Engagement Churn Risk,4477.19,1
ID-004735,0.3682,0,Medium,Low Engagement Churn Risk,1869.38,0
ID-001474,0.3682,0,Medium,Low Engagement Churn Risk,1927.98,0
ID-003563,0.3682,0,Medium,Low Engagement Churn Risk,3928.53,0
ID-001029,0.3681,0,Medium,Low Engagement Churn Risk,1465.68,0
ID-001451,0.368,0,Medium,Low Engagement Churn Risk,4045.59,0
ID-001136,0.3678,0,Medium,High Value Loyalists,2071.07,1
ID-006497,0.3678,0,Medium,Low Engagement Churn Risk,2350.39,0
ID-005071,0.3674,0,Medium,Low Engagement Churn Risk,2441.77,0
ID-002438,0.3671,0,Medium,Low Engagement Churn Risk,3494.24,1
ID-004790,0.367,0,Medium,Low Engagement Churn Risk,3088.37,0
ID-006061,0.3667,0,Medium,Low Engagement Churn Risk,1344.68,0
ID-004863,0.3665,0,Medium,Low Engagement Churn Risk,3561.16,0
ID-002761,0.3663,0,Medium,Low Engagement Churn Risk,3513.65,0
ID-000060,0.3662,0,Medium,Low Engagement Churn Risk,2017.94,1
ID-005486,0.3661,0,Medium,High Value Loyalists,1333.98,1
ID-007038,0.3661,0,Medium,Low Engagement Churn Risk,2198.25,0
ID-004056,0.366,0,Medium,Low Engagement Churn Risk,1693.69,1
ID-005631,0.3659,0,Medium,Low Engagement Churn Risk,2891.21,1
ID-005908,0.3659,0,Medium,High Value Loyalists,2246.68,1
ID-006182,0.3657,0,Medium,Low Engagement Churn Risk,3331.2,1
ID-006908,0.3656,0,Medium,Low Engagement Churn Risk,5703.14,0
ID-000674,0.3656,0,Medium,Low Engagement Churn Risk,1043.51,0
ID-006518,0.3655,0,Medium,Low Engagement Churn Risk,2574.15,0
ID-000526,0.3655,0,Medium,Low Engagement Churn Risk,4431.38,0
ID-002867,0.3654,0,Medium,Low Engagement Churn Risk,2590.7,1
ID-000317,0.3653,0,Medium,Low Engagement Churn Risk,4187.34,0
ID-002699,0.3652,0,Medium,At-Risk New Customers,4188.19,1
ID-002333,0.3651,0,Medium,Low Engagement Churn Risk,1856.24,1
ID-004261,0.3647,0,Medium,Low Engagement Churn Risk,5090.45,0
ID-001600,0.3645,0,Medium,Low Engagement Churn Risk,5505.57,1
ID-005127,0.3645,0,Medium,Low Engagement Churn Risk,5980.07,0
ID-006978,0.364,0,Medium,Low Engagement Churn Risk,2855.62,0
ID-004073,0.3639,0,Medium,High Value Loyalists,5458.26,0
ID-001693,0.3638,0,Medium,Low Engagement Churn Risk,2175.86,0
ID-000455,0.3635,0,Medium,Low Engagement Churn Risk,2865.63,0
ID-000786,0.3635,0,Medium,Low Engagement Churn Risk,3387.88,1
ID-006369,0.3632,0,Medium,Low Engagement Churn Risk,3589.92,1
ID-005321,0.3631,0,Medium,Low Engagement Churn Risk,2324.05,0
ID-003081,0.3628,0,Medium,Low Engagement Churn Risk,2872.15,0
ID-003307,0.3628,0,Medium,Low Engagement Churn Risk,1687.67,0
ID-006988,0.3625,0,Medium,Low Engagement Churn Risk,6113.4,1
ID-006084,0.3624,0,Medium,Low Engagement Churn Risk,4446.94,0
ID-006832,0.3621,0,Medium,Low Engagement Churn Risk,2207.87,1
ID-002629,0.3621,0,Medium,At-Risk New Customers,5443.85,0
ID-004460,0.362,0,Medium,Low Engagement Churn Risk,4594.9,1
ID-004977,0.3618,0,Medium,Low Engagement Churn Risk,2066.02,1
ID-006807,0.3616,0,Medium,Low Engagement Churn Risk,3547.95,1
ID-000692,0.3614,0,Medium,Low Engagement Churn Risk,2520.97,1
ID-004234,0.3613,0,Medium,Low Engagement Churn Risk,1637.26,1
ID-006647,0.3611,0,Medium,Low Engagement Churn Risk,4824.71,0
ID-000131,0.361,0,Medium,Low Engagement Churn Risk,2093.87,1
ID-002756,0.361,0,Medium,Low Engagement Churn Risk,5918.53,1
ID-004890,0.3608,0,Medium,Low Engagement Churn Risk,5324.73,0
ID-005991,0.3607,0,Medium,Low Engagement Churn Risk,4506.96,1
ID-000555,0.3606,0,Medium,Low Engagement Churn Risk,2322.28,0
ID-005294,0.3606,0,Medium,High Value Loyalists,3558.24,0
ID-000658,0.3604,0,Medium,Low Engagement Churn Risk,2695.55,0
ID-001328,0.3603,0,Medium,Low Engagement Churn Risk,1548.7,1
ID-003229,0.3603,0,Medium,High Value Loyalists,1446.4,0
ID-006452,0.3601,0,Medium,Low Engagement Churn Risk,2215.4,0
ID-005335,0.3601,0,Medium,Low Engagement Churn Risk,2754.09,0
ID-006151,0.3599,0,Medium,Low Engagement Churn Risk,2161.03,0
ID-002770,0.3594,0,Medium,Low Engagement Churn Risk,2054.4,0
ID-006380,0.3594,0,Medium,High Value Loyalists,3828.16,0
ID-003719,0.3593,0,Medium,High Value Loyalists,1402.05,0
ID-003730,0.3593,0,Medium,Low Engagement Churn Risk,1345.22,0
ID-002908,0.3592,0,Medium,Low Engagement Churn Risk,1969.62,0
ID-004266,0.359,0,Medium,Low Engagement Churn Risk,3194.62,1
ID-000440,0.3587,0,Medium,Low Engagement Churn Risk,1084.32,1
ID-002546,0.3586,0,Medium,Low Engagement Churn Risk,5409.48,0
ID-001856,0.3586,0,Medium,Low Engagement Churn Risk,5898.55,0
ID-002956,0.3586,0,Medium,High Value Loyalists,4479.76,0
ID-006927,0.3585,0,Medium,Low Engagement Churn Risk,1711.25,0
ID-001331,0.358,0,Medium,High Value Loyalists,1854.69,0
ID-004589,0.3579,0,Medium,Low Engagement Churn Risk,5842.39,1
ID-005090,0.3578,0,Medium,Low Engagement Churn Risk,5522.34,1
ID-000596,0.3576,0,Medium,Low Engagement Churn Risk,2936.66,0
ID-000754,0.3572,0,Medium,Low Engagement Churn Risk,4466.9,0
ID-006589,0.3572,0,Medium,Low Engagement Churn Risk,6039.45,1
ID-000484,0.3571,0,Medium,Low Engagement Churn Risk,3830.59,0
ID-003514,0.3571,0,Medium,High Value Loyalists,1039.6,0
ID-005565,0.3571,0,Medium,Low Engagement Churn Risk,1873.86,0
ID-000825,0.357,0,Medium,Low Engagement Churn Risk,5972.51,1
ID-001535,0.357,0,Medium,Low Engagement Churn Risk,4612.84,0
ID-005582,0.3569,0,Medium,Low Engagement Churn Risk,2385.98,0
ID-005945,0.3568,0,Medium,Low Engagement Churn Risk,3193.73,1
ID-006284,0.3568,0,Medium,High Value Loyalists,3379.65,0
ID-002484,0.3567,0,Medium,High Value Loyalists,3469.96,0
ID-001789,0.3566,0,Medium,High Value Loyalists,1295.4,1
ID-002203,0.3566,0,Medium,High Value Loyalists,1274.59,0
ID-001002,0.3566,0,Medium,Low Engagement Churn Risk,1871.81,0
ID-004298,0.3564,0,Medium,High Value Loyalists,4883.52,0
ID-005543,0.3564,0,Medium,Low Engagement Churn Risk,1356.55,0
ID-000490,0.3564,0,Medium,Low Engagement Churn Risk,3770.67,1
ID-005811,0.3563,0,Medium,Low Engagement Churn Risk,3155.22,1
ID-004638,0.3563,0,Medium,Low Engagement Churn Risk,1842.46,1
ID-003495,0.356,0,Medium,Low Engagement Churn Risk,3350.63,1
ID-004355,0.3559,0,Medium,Low Engagement Churn Risk,3716.99,1
ID-006083,0.3559,0,Medium,Low Engagement Churn Risk,1036.48,1
ID-000606,0.3554,0,Medium,Low Engagement Churn Risk,3720.75,1
ID-003011,0.3553,0,Medium,Low Engagement Churn Risk,3351.17,0
ID-001920,0.3553,0,Medium,High Value Loyalists,5245.19,1
ID-003835,0.3552,0,Medium,High Value Loyalists,3963.32,0
ID-003877,0.3552,0,Medium,Low Engagement Churn Risk,5372.04,0
ID-004198,0.3552,0,Medium,Low Engagement Churn Risk,2888.7,1
ID-001601,0.355,0,Medium,Low Engagement Churn Risk,2216.45,1
ID-002327,0.3544,0,Medium,Low Engagement Churn Risk,1113.74,1
ID-001158,0.3544,0,Medium,Low Engagement Churn Risk,1909.41,1
ID-002628,0.3542,0,Medium,Low Engagement Churn Risk,3228.04,0
ID-006597,0.3541,0,Medium,High Value Loyalists,5493.49,0
ID-001175,0.3541,0,Medium,Low Engagement Churn Risk,2852.08,0
ID-004012,0.3541,0,Medium,High Value Loyalists,4863.84,0
ID-003382,0.3536,0,Medium,Low Engagement Churn Risk,1800.05,1
ID-003778,0.3536,0,Medium,Low Engagement Churn Risk,2871.89,1
ID-004249,0.3536,0,Medium,Low Engagement Churn Risk,4569.68,0
ID-005771,0.3535,0,Medium,Low Engagement Churn Risk,1646.53,0
ID-004106,0.3535,0,Medium,Low Engagement Churn Risk,5806.0,0
ID-003074,0.3534,0,Medium,Low Engagement Churn Risk,2178.73,0
ID-002853,0.3533,0,Medium,Low Engagement Churn Risk,1149.81,1
ID-000419,0.3532,0,Medium,Low Engagement Churn Risk,4255.16,0
ID-005693,0.3529,0,Medium,Low Engagement Churn Risk,4293.21,0
ID-005481,0.3528,0,Medium,Low Engagement Churn Risk,1451.56,0
ID-006772,0.3528,0,Medium,Low Engagement Churn Risk,1607.9,0
ID-006925,0.3527,0,Medium,Low Engagement Churn Risk,3592.21,0
ID-000891,0.3525,0,Medium,Low Engagement Churn Risk,3120.67,1
ID-004844,0.3525,0,Medium,Low Engagement Churn Risk,5257.26,1
ID-005540,0.3524,0,Medium,Low Engagement Churn Risk,2379.81,0
ID-004052,0.3523,0,Medium,Low Engagement Churn Risk,1435.82,1
ID-003312,0.3523,0,Medium,High Value Loyalists,6249.46,0
ID-002207,0.3523,0,Medium,Low Engagement Churn Risk,5476.52,0
ID-000058,0.3522,0,Medium,Low Engagement Churn Risk,1216.2,0
ID-003518,0.3521,0,Medium,Low Engagement Churn Risk,5416.93,0
ID-003172,0.3521,0,Medium,Low Engagement Churn Risk,1091.67,0
ID-000571,0.3521,0,Medium,Low Engagement Churn Risk,4639.17,1
ID-004337,0.3518,0,Medium,High Value Loyalists,5164.64,1
ID-006500,0.3516,0,Medium,High Value Loyalists,1564.11,1
ID-001327,0.3515,0,Medium,Low Engagement Churn Risk,5228.1,0
ID-001955,0.3514,0,Medium,High Value Loyalists,6350.95,0
ID-000099,0.3514,0,Medium,Low Engagement Churn Risk,2169.41,0
ID-006968,0.3512,0,Medium,Low Engagement Churn Risk,5437.04,0
ID-000634,0.3511,0,Medium,Low Engagement Churn Risk,2048.06,0
ID-001513,0.351,0,Medium,Low Engagement Churn Risk,2518.19,1
ID-001992,0.3509,0,Medium,Low Engagement Churn Risk,1977.14,0
ID-006577,0.3505,0,Medium,Low Engagement Churn Risk,4761.15,0
ID-000641,0.3502,0,Medium,Low Engagement Churn Risk,1126.65,0
ID-000935,0.3499,0,Medium,Low Engagement Churn Risk,2090.7,0
ID-006374,0.3497,0,Medium,Low Engagement Churn Risk,4012.44,0
ID-007033,0.3497,0,Medium,Low Engagement Churn Risk,1344.59,0
ID-005152,0.3496,0,Medium,Low Engagement Churn Risk,4998.14,0
ID-002282,0.3495,0,Medium,Low Engagement Churn Risk,5799.77,0
ID-000175,0.3494,0,Medium,Low Engagement Churn Risk,4565.21,1
ID-000336,0.3493,0,Medium,Low Engagement Churn Risk,5798.98,0
ID-003282,0.3489,0,Medium,Low Engagement Churn Risk,1810.08,0
ID-005602,0.3488,0,Medium,Low Engagement Churn Risk,4390.06,0
ID-004539,0.3488,0,Medium,Low Engagement Churn Risk,2265.35,0
ID-000938,0.3487,0,Medium,High Value Loyalists,3025.07,0
ID-006954,0.3487,0,Medium,Low Engagement Churn Risk,1694.48,0
ID-004809,0.3486,0,Medium,Low Engagement Churn Risk,5284.23,0
ID-005502,0.3485,0,Medium,Low Engagement Churn Risk,2104.2,0
ID-006304,0.3485,0,Medium,Low Engagement Churn Risk,2622.82,0
ID-003023,0.3484,0,Medium,Low Engagement Churn Risk,4972.23,0
ID-005016,0.3483,0,Medium,Low Engagement Churn Risk,1395.19,0
ID-002890,0.3482,0,Medium,High Value Loyalists,1386.11,1
ID-005547,0.348,0,Medium,High Value Loyalists,5278.0,0
ID-001048,0.3479,0,Medium,Low Engagement Churn Risk,2171.3,0
ID-005377,0.3478,0,Medium,Low Engagement Churn Risk,5028.89,0
ID-005699,0.3477,0,Medium,Low Engagement Churn Risk,4618.18,1
ID-002809,0.3477,0,Medium,High Value Loyalists,4713.66,0
ID-002013,0.3474,0,Medium,Low Engagement Churn Risk,1220.1,0
ID-005235,0.3474,0,Medium,Low Engagement Churn Risk,4834.58,1
ID-004685,0.3471,0,Medium,Low Engagement Churn Risk,4401.23,1
ID-004715,0.347,0,Medium,Low Engagement Churn Risk,4659.15,0
ID-002754,0.3469,0,Medium,Low Engagement Churn Risk,6071.13,0
ID-001253,0.3469,0,Medium,Low Engagement Churn Risk,5790.05,1
ID-003001,0.3468,0,Medium,Low Engagement Churn Risk,3906.62,1
ID-001562,0.3466,0,Medium,Low Engagement Churn Risk,1197.39,0
ID-005202,0.3466,0,Medium,Low Engagement Churn Risk,5986.0,0
ID-003318,0.3464,0,Medium,Low Engagement Churn Risk,2454.91,1
ID-000996,0.3464,0,Medium,Low Engagement Churn Risk,2960.44,0
ID-002497,0.3463,0,Medium,Low Engagement Churn Risk,2616.79,1
ID-000278,0.3461,0,Medium,Low Engagement Churn Risk,3204.41,1
ID-001416,0.3461,0,Medium,Low Engagement Churn Risk,4058.87,0
ID-002922,0.346,0,Medium,Low Engagement Churn Risk,2641.87,1
ID-003063,0.346,0,Medium,High Value Loyalists,3584.44,1
ID-005813,0.346,0,Medium,Low Engagement Churn Risk,2023.3,0
ID-000511,0.3459,0,Medium,Low Engagement Churn Risk,4165.99,0
ID-002875,0.3459,0,Medium,Low Engagement Churn Risk,3280.99,0
ID-006092,0.3459,0,Medium,High Value Loyalists,3220.75,0
ID-003191,0.3458,0,Medium,High Value Loyalists,5947.99,1
ID-007012,0.3458,0,Medium,High Value Loyalists,3279.47,0
ID-006803,0.3457,0,Medium,Low Engagement Churn Risk,2894.18,0
ID-003634,0.3454,0,Medium,Low Engagement Churn Risk,1569.78,0
ID-001248,0.3454,0,Medium,Low Engagement Churn Risk,1812.67,0
ID-000747,0.3454,0,Medium,High Value Loyalists,2924.52,1
ID-003955,0.3453,0,Medium,High Value Loyalists,2676.23,0
ID-004268,0.3453,0,Medium,High Value Loyalists,6340.39,1
ID-004448,0.3453,0,Medium,Low Engagement Churn Risk,3085.36,1
ID-006255,0.3453,0,Medium,Low Engagement Churn Risk,2769.8,0
ID-004079,0.3453,0,Medium,Low Engagement Churn Risk,2406.11,0
ID-002054,0.3452,0,Medium,Low Engagement Churn Risk,3028.17,1
ID-005533,0.3452,0,Medium,At-Risk New Customers,4074.94,0
ID-006073,0.3449,0,Medium,Low Engagement Churn Risk,5295.09,0
ID-001215,0.3449,0,Medium,Low Engagement Churn Risk,1944.41,0
ID-004831,0.3449,0,Medium,Low Engagement Churn Risk,3104.47,0
ID-004558,0.3448,0,Medium,Low Engagement Churn Risk,3381.0,1
ID-003672,0.3446,0,Medium,Low Engagement Churn Risk,2116.61,0
ID-000412,0.3446,0,Medium,Low Engagement Churn Risk,5436.57,0
ID-004072,0.3446,0,Medium,Low Engagement Churn Risk,5998.41,1
ID-003994,0.3444,0,Medium,High Value Loyalists,5836.92,0
ID-004966,0.3444,0,Medium,Low Engagement Churn Risk,5329.4,0
ID-000068,0.3441,0,Medium,Low Engagement Churn Risk,5491.8,1
ID-002960,0.344,0,Medium,Low Engagement Churn Risk,3810.01,1
ID-004782,0.3438,0,Medium,Low Engagement Churn Risk,5795.97,1
ID-000221,0.3438,0,Medium,Low Engagement Churn Risk,4266.83,1
ID-005050,0.3436,0,Medium,Low Engagement Churn Risk,4982.48,0
ID-002226,0.3436,0,Medium,Low Engagement Churn Risk,3534.03,0
ID-004695,0.3435,0,Medium,High Value Loyalists,5432.98,0
ID-006463,0.3435,0,Medium,Low Engagement Churn Risk,1017.79,1
ID-005615,0.3435,0,Medium,Low Engagement Churn Risk,973.77,1
ID-004552,0.3434,0,Medium,Low Engagement Churn Risk,3456.25,1
ID-002763,0.3434,0,Medium,Low Engagement Churn Risk,1496.91,0
ID-002307,0.3431,0,Medium,Low Engagement Churn Risk,4609.42,0
ID-006590,0.3431,0,Medium,Low Engagement Churn Risk,6313.13,0
ID-002156,0.3429,0,Medium,Low Engagement Churn Risk,1617.69,0
ID-005986,0.3428,0,Medium,Low Engagement Churn Risk,3284.39,1
ID-000839,0.3428,0,Medium,Low Engagement Churn Risk,6183.04,0
ID-002157,0.3425,0,Medium,Low Engagement Churn Risk,1143.34,1
ID-001471,0.3425,0,Medium,Low Engagement Churn Risk,3872.55,0
ID-006465,0.3423,0,Medium,At-Risk New Customers,3477.41,1
ID-003293,0.3423,0,Medium,Low Engagement Churn Risk,5866.71,0
ID-006758,0.3422,0,Medium,High Value Loyalists,2317.93,0
ID-003848,0.3421,0,Medium,Low Engagement Churn Risk,1845.62,0
ID-000993,0.3419,0,Medium,Low Engagement Churn Risk,6217.58,0
ID-001316,0.3418,0,Medium,Low Engagement Churn Risk,2594.58,0
ID-005899,0.3418,0,Medium,Low Engagement Churn Risk,1555.75,0
ID-004354,0.3417,0,Medium,High Value Loyalists,5479.05,0
ID-001613,0.3416,0,Medium,Low Engagement Churn Risk,1119.04,1
ID-001112,0.3414,0,Medium,Low Engagement Churn Risk,1529.14,0
ID-006193,0.3413,0,Medium,Low Engagement Churn Risk,2442.66,0
ID-005835,0.3411,0,Medium,Low Engagement Churn Risk,3021.88,1
ID-005469,0.341,0,Medium,Low Engagement Churn Risk,1961.76,0
ID-003767,0.3409,0,Medium,High Value Loyalists,6272.12,1
ID-006352,0.3406,0,Medium,Low Engagement Churn Risk,4124.35,0
ID-002660,0.3404,0,Medium,Low Engagement Churn Risk,2784.35,0
ID-004632,0.3404,0,Medium,High Value Loyalists,4546.27,0
ID-005634,0.3404,0,Medium,Low Engagement Churn Risk,4181.04,1
ID-000860,0.3402,0,Medium,Low Engagement Churn Risk,5659.79,1
ID-005054,0.3402,0,Medium,Low Engagement Churn Risk,1625.96,0
ID-005082,0.3399,0,Medium,Low Engagement Churn Risk,3528.77,0
ID-006287,0.3397,0,Medium,Low Engagement Churn Risk,5418.03,1
ID-000106,0.3394,0,Medium,Low Engagement Churn Risk,6130.13,0
ID-004194,0.3392,0,Medium,High Value Loyalists,5333.2,0
ID-006446,0.3392,0,Medium,High Value Loyalists,4974.14,1
ID-005032,0.3391,0,Medium,Low Engagement Churn Risk,4745.94,1
ID-002350,0.339,0,Medium,Low Engagement Churn Risk,1152.5,1
ID-002409,0.3389,0,Medium,Low Engagement Churn Risk,5377.63,1
ID-000978,0.3389,0,Medium,Low Engagement Churn Risk,2835.04,1
ID-004931,0.3389,0,Medium,Low Engagement Churn Risk,1708.51,0
ID-002807,0.3387,0,Medium,Low Engagement Churn Risk,4233.76,0
ID-003687,0.3387,0,Medium,Low Engagement Churn Risk,1493.52,0
ID-001684,0.3386,0,Medium,Low Engagement Churn Risk,2235.51,0
ID-001825,0.3383,0,Medium,Low Engagement Churn Risk,1614.59,0
ID-002049,0.3383,0,Medium,Low Engagement Churn Risk,4385.45,0
ID-006727,0.3382,0,Medium,High Value Loyalists,4853.64,0
ID-002568,0.3381,0,Medium,High Value Loyalists,1291.69,0
ID-005799,0.338,0,Medium,Low Engagement Churn Risk,4024.36,0
ID-001427,0.3379,0,Medium,Low Engagement Churn Risk,2360.01,1
ID-000050,0.3378,0,Medium,Low Engagement Churn Risk,4895.85,0
ID-005029,0.3376,0,Medium,Low Engagement Churn Risk,3720.95,1
ID-006350,0.3375,0,Medium,Low Engagement Churn Risk,4996.53,0
ID-005426,0.3374,0,Medium,Low Engagement Churn Risk,5118.47,1
ID-004166,0.3373,0,Medium,Low Engagement Churn Risk,3047.44,0
ID-003826,0.3373,0,Medium,High Value Loyalists,4852.05,0
ID-001750,0.3372,0,Medium,Low Engagement Churn Risk,6057.71,0
ID-006545,0.3372,0,Medium,Low Engagement Churn Risk,1573.28,0
ID-006234,0.3371,0,Medium,Low Engagement Churn Risk,3411.45,0
ID-003769,0.3371,0,Medium,Low Engagement Churn Risk,1979.15,0
ID-002642,0.3371,0,Medium,Low Engagement Churn Risk,4627.58,0
ID-004603,0.337,0,Medium,Low Engagement Churn Risk,2557.52,1
ID-006900,0.337,0,Medium,Low Engagement Churn Risk,1571.4,1
ID-005705,0.337,0,Medium,High Value Loyalists,5746.07,0
ID-001139,0.3369,0,Medium,Low Engagement Churn Risk,1854.23,1
ID-001370,0.3369,0,Medium,Low Engagement Churn Risk,1261.15,1
ID-005873,0.3367,0,Medium,At-Risk New Customers,1461.79,1
ID-001853,0.3362,0,Medium,At-Risk New Customers,1162.78,1
ID-005965,0.3361,0,Medium,Low Engagement Churn Risk,1503.05,0
ID-006068,0.336,0,Medium,Low Engagement Churn Risk,1271.26,0
ID-005207,0.336,0,Medium,Low Engagement Churn Risk,4434.34,0
ID-000226,0.3359,0,Medium,Low Engagement Churn Risk,4316.9,1
ID-003437,0.3358,0,Medium,High Value Loyalists,2826.12,1
ID-005900,0.3355,0,Medium,At-Risk New Customers,2822.26,0
ID-002040,0.3355,0,Medium,Low Engagement Churn Risk,4190.14,1
ID-004703,0.3354,0,Medium,Low Engagement Churn Risk,4426.48,1
ID-000559,0.3354,0,Medium,Low Engagement Churn Risk,3016.63,1
ID-006535,0.335,0,Medium,Low Engagement Churn Risk,2585.69,0
ID-006285,0.335,0,Medium,Low Engagement Churn Risk,4875.7,0
ID-006793,0.3349,0,Medium,Low Engagement Churn Risk,2282.59,1
ID-003002,0.3349,0,Medium,Low Engagement Churn Risk,5328.52,0
ID-006526,0.3349,0,Medium,Low Engagement Churn Risk,2166.28,0
ID-000866,0.3346,0,Medium,Low Engagement Churn Risk,5445.98,0
ID-006262,0.3346,0,Medium,High Value Loyalists,6072.71,0
ID-006750,0.3345,0,Medium,Low Engagement Churn Risk,1850.72,0
ID-000489,0.3345,0,Medium,Low Engagement Churn Risk,2430.71,0
ID-006443,0.3343,0,Medium,High Value Loyalists,4823.87,1
ID-001039,0.3343,0,Medium,Low Engagement Churn Risk,2943.89,0
ID-005484,0.3343,0,Medium,Low Engagement Churn Risk,3160.61,1
ID-001118,0.3341,0,Medium,Low Engagement Churn Risk,4351.87,0
ID-000970,0.3341,0,Medium,At-Risk New Customers,3732.22,0
ID-002314,0.3341,0,Medium,High Value Loyalists,3793.42,0
ID-006392,0.3338,0,Medium,Low Engagement Churn Risk,2809.35,1
ID-003131,0.3335,0,Medium,Low Engagement Churn Risk,3376.1,0
ID-005253,0.3334,0,Medium,Low Engagement Churn Risk,2035.28,0
ID-000539,0.3333,0,Medium,Low Engagement Churn Risk,1346.45,0
ID-001390,0.3333,0,Medium,Low Engagement Churn Risk,1118.66,1
ID-002585,0.3329,0,Medium,Low Engagement Churn Risk,5516.07,0
ID-001734,0.3325,0,Medium,Low Engagement Churn Risk,5533.1,0
ID-006187,0.3325,0,Medium,Low Engagement Churn Risk,3642.74,0
ID-000333,0.3325,0,Medium,Low Engagement Churn Risk,1580.04,0
ID-003648,0.3323,0,Medium,Low Engagement Churn Risk,1958.32,0
ID-000126,0.3322,0,Medium,Low Engagement Churn Risk,4325.23,1
ID-006181,0.332,0,Medium,Low Engagement Churn Risk,4111.54,0
ID-001548,0.332,0,Medium,High Value Loyalists,2954.8,1
ID-002622,0.3317,0,Medium,Low Engagement Churn Risk,5859.68,1
ID-005887,0.3317,0,Medium,High Value Loyalists,5289.21,0
ID-000995,0.3316,0,Medium,Low Engagement Churn Risk,2984.63,0
ID-006870,0.3314,0,Medium,Low Engagement Churn Risk,4687.68,1
ID-000588,0.3314,0,Medium,Low Engagement Churn Risk,1540.63,0
ID-000625,0.3313,0,Medium,Low Engagement Churn Risk,4716.77,1
ID-004271,0.3309,0,Medium,Low Engagement Churn Risk,5331.22,0
ID-002027,0.3308,0,Medium,High Value Loyalists,2805.42,0
ID-004584,0.3308,0,Medium,Low Engagement Churn Risk,4342.55,0
ID-005989,0.3306,0,Medium,Low Engagement Churn Risk,2133.17,1
ID-002870,0.3305,0,Medium,Low Engagement Churn Risk,5267.19,0
ID-001739,0.3302,0,Medium,At-Risk New Customers,3214.65,1
ID-005961,0.3302,0,Medium,Low Engagement Churn Risk,2514.06,0
ID-004625,0.3301,0,Medium,Low Engagement Churn Risk,1136.31,0
ID-004621,0.3301,0,Medium,Low Engagement Churn Risk,6301.8,0
ID-001013,0.33,0,Medium,Low Engagement Churn Risk,2624.04,0
ID-006204,0.33,0,Medium,Low Engagement Churn Risk,4321.13,0
ID-006448,0.3298,0,Medium,Low Engagement Churn Risk,2987.03,0
ID-005363,0.3297,0,Medium,High Value Loyalists,3343.57,1
ID-004939,0.3296,0,Medium,Low Engagement Churn Risk,3246.99,0
ID-001092,0.3295,0,Medium,Low Engagement Churn Risk,3211.04,0
ID-003832,0.3295,0,Medium,Low Engagement Churn Risk,3993.02,1
ID-006111,0.3295,0,Medium,Low Engagement Churn Risk,1718.23,0
ID-003526,0.3294,0,Medium,Low Engagement Churn Risk,5154.15,1
ID-004648,0.3294,0,Medium,Low Engagement Churn Risk,3668.16,0
ID-000793,0.3293,0,Medium,Low Engagement Churn Risk,4597.4,0
ID-002587,0.3288,0,Medium,Low Engagement Churn Risk,4791.09,0
ID-004611,0.3287,0,Medium,Low Engagement Churn Risk,1687.17,0
ID-003867,0.3286,0,Medium,Low Engagement Churn Risk,4175.13,1
ID-002215,0.3286,0,Medium,At-Risk New Customers,3754.07,1
ID-004565,0.3285,0,Medium,Low Engagement Churn Risk,3034.3,0
ID-001773,0.3283,0,Medium,Low Engagement Churn Risk,4015.06,0
ID-001355,0.3283,0,Medium,At-Risk New Customers,3557.88,0
ID-000365,0.3282,0,Medium,Low Engagement Churn Risk,1978.28,0
ID-005569,0.3282,0,Medium,High Value Loyalists,2657.07,0
ID-006985,0.3282,0,Medium,High Value Loyalists,2395.62,1
ID-001262,0.328,0,Medium,Low Engagement Churn Risk,1931.04,1
ID-002426,0.328,0,Medium,Low Engagement Churn Risk,1657.45,1
ID-004407,0.3277,0,Medium,Low Engagement Churn Risk,1688.73,0
ID-000452,0.3276,0,Medium,Low Engagement Churn Risk,984.92,1
ID-003012,0.3275,0,Medium,Low Engagement Churn Risk,3801.85,0
ID-003664,0.3275,0,Medium,Low Engagement Churn Risk,6048.08,0
ID-000761,0.3274,0,Medium,Low Engagement Churn Risk,2793.0,0
ID-004248,0.3272,0,Medium,Low Engagement Churn Risk,5155.23,0
ID-001448,0.3271,0,Medium,High Value Loyalists,3309.23,0
ID-004697,0.327,0,Medium,Low Engagement Churn Risk,6346.06,0
ID-003269,0.3269,0,Medium,High Value Loyalists,2298.23,1
ID-001172,0.3269,0,Medium,Low Engagement Churn Risk,5494.23,0
ID-006283,0.3268,0,Medium,Low Engagement Churn Risk,4614.34,0
ID-004637,0.3267,0,Medium,Low Engagement Churn Risk,6200.85,1
ID-000434,0.3266,0,Medium,Low Engagement Churn Risk,3412.54,0
ID-003441,0.3266,0,Medium,Low Engagement Churn Risk,4766.34,0
ID-002877,0.3265,0,Medium,Low Engagement Churn Risk,2352.45,0
ID-004303,0.3264,0,Medium,Low Engagement Churn Risk,2490.31,0
ID-007024,0.3264,0,Medium,Low Engagement Churn Risk,5134.77,1
ID-006062,0.3263,0,Medium,Low Engagement Churn Risk,4606.27,0
ID-005472,0.3263,0,Medium,Low Engagement Churn Risk,3937.1,0
ID-001510,0.3263,0,Medium,Low Engagement Churn Risk,3157.42,0
ID-000738,0.3258,0,Medium,Low Engagement Churn Risk,5828.97,1
ID-002097,0.3257,0,Medium,High Value Loyalists,4227.23,0
ID-006492,0.3253,0,Medium,At-Risk New Customers,2848.59,0
ID-000915,0.3252,0,Medium,Low Engagement Churn Risk,4938.82,0
ID-002039,0.3248,0,Medium,High Value Loyalists,5365.32,0
ID-001200,0.324,0,Medium,Low Engagement Churn Risk,1706.23,1
ID-005166,0.324,0,Medium,High Value Loyalists,2564.47,0
ID-002175,0.3238,0,Medium,Low Engagement Churn Risk,2117.15,1
ID-002509,0.3238,0,Medium,Low Engagement Churn Risk,5115.84,0
ID-006047,0.3237,0,Medium,Low Engagement Churn Risk,5700.65,0
ID-004858,0.3237,0,Medium,Low Engagement Churn Risk,2652.96,1
ID-004555,0.3235,0,Medium,High Value Loyalists,6941.02,0
ID-003671,0.3235,0,Medium,Low Engagement Churn Risk,3998.54,0
ID-004582,0.3234,0,Medium,Low Engagement Churn Risk,2948.4,0
ID-001675,0.3234,0,Medium,Low Engagement Churn Risk,3511.9,0
ID-004076,0.3233,0,Medium,Low Engagement Churn Risk,3278.25,0
ID-006276,0.3233,0,Medium,Low Engagement Churn Risk,3105.27,0
ID-003675,0.3232,0,Medium,High Value Loyalists,4417.45,0
ID-005654,0.3232,0,Medium,Low Engagement Churn Risk,2021.18,0
ID-000098,0.3231,0,Medium,High Value Loyalists,2218.13,0
ID-001054,0.323,0,Medium,Low Engagement Churn Risk,2452.74,0
ID-001867,0.3229,0,Medium,High Value Loyalists,4714.15,1
ID-004572,0.3229,0,Medium,High Value Loyalists,4725.93,0
ID-001431,0.3227,0,Medium,Low Engagement Churn Risk,5857.97,1
ID-004423,0.3227,0,Medium,High Value Loyalists,5515.63,1
ID-003680,0.3226,0,Medium,At-Risk New Customers,1502.03,0
ID-005653,0.3225,0,Medium,Low Engagement Churn Risk,3819.06,0
ID-000933,0.3225,0,Medium,Low Engagement Churn Risk,1452.38,0
ID-003738,0.3223,0,Medium,Low Engagement Churn Risk,2639.02,0
ID-004205,0.3223,0,Medium,High Value Loyalists,4877.56,0
ID-000189,0.3222,0,Medium,At-Risk New Customers,2096.08,0
ID-000695,0.3222,0,Medium,Low Engagement Churn Risk,1498.55,1
ID-000874,0.3221,0,Medium,Low Engagement Churn Risk,1729.22,0
ID-002467,0.322,0,Medium,Low Engagement Churn Risk,1081.22,0
ID-000132,0.3218,0,Medium,Low Engagement Churn Risk,5635.66,1
ID-002087,0.3218,0,Medium,High Value Loyalists,3865.58,0
ID-000219,0.3217,0,Medium,High Value Loyalists,3243.54,0
ID-006737,0.3216,0,Medium,Low Engagement Churn Risk,1647.64,0
ID-005628,0.3212,0,Medium,Low Engagement Churn Risk,4160.35,1
ID-007040,0.3208,0,Medium,Low Engagement Churn Risk,3230.44,0
ID-005594,0.3208,0,Medium,Low Engagement Churn Risk,3714.48,1
ID-004214,0.3207,0,Medium,High Value Loyalists,6277.2,1
ID-000394,0.3205,0,Medium,Low Engagement Churn Risk,2910.14,0
ID-000576,0.3202,0,Medium,High Value Loyalists,2126.94,0
ID-001990,0.3201,0,Medium,Low Engagement Churn Risk,4514.41,1
ID-004215,0.3199,0,Medium,Low Engagement Churn Risk,6144.8,0
ID-003142,0.3199,0,Medium,Low Engagement Churn Risk,5659.48,0
ID-003491,0.3199,0,Medium,Low Engagement Churn Risk,4907.92,0
ID-002619,0.3198,0,Medium,Low Engagement Churn Risk,3456.97,0
ID-004996,0.3198,0,Medium,Low Engagement Churn Risk,3547.95,0
ID-004721,0.3197,0,Medium,Low Engagement Churn Risk,4295.98,0
ID-004025,0.3197,0,Medium,High Value Loyalists,2888.23,0
ID-002683,0.3194,0,Medium,High Value Loyalists,5451.47,1
ID-006328,0.3194,0,Medium,Low Engagement Churn Risk,1504.05,1
ID-000427,0.3193,0,Medium,High Value Loyalists,1003.28,0
ID-000494,0.3191,0,Medium,Low Engagement Churn Risk,3865.61,0
ID-001306,0.3189,0,Medium,Low Engagement Churn Risk,3110.95,0
ID-003846,0.3189,0,Medium,Low Engagement Churn Risk,1571.78,0
ID-003291,0.3189,0,Medium,Low Engagement Churn Risk,1068.0,0
ID-003355,0.3189,0,Medium,Low Engagement Churn Risk,3845.96,0
ID-000821,0.3189,0,Medium,Low Engagement Churn Risk,1921.49,1
ID-002475,0.3187,0,Medium,High Value Loyalists,6036.13,1
ID-004893,0.3186,0,Medium,High Value Loyalists,3693.48,1
ID-001415,0.3186,0,Medium,High Value Loyalists,3050.11,1
ID-003756,0.3183,0,Medium,High Value Loyalists,6624.4,0
ID-004257,0.3181,0,Medium,Low Engagement Churn Risk,4092.82,0
ID-005577,0.3181,0,Medium,Low Engagement Churn Risk,1280.18,1
ID-004269,0.3181,0,Medium,Low Engagement Churn Risk,1923.97,0
ID-005687,0.3181,0,Medium,High Value Loyalists,4256.44,0
ID-005684,0.318,0,Medium,Low Engagement Churn Risk,5138.62,0
ID-002820,0.3179,0,Medium,Low Engagement Churn Risk,5256.71,0
ID-001030,0.3179,0,Medium,High Value Loyalists,3720.86,0
ID-003445,0.3178,0,Medium,Low Engagement Churn Risk,3766.15,1
ID-002059,0.3177,0,Medium,Low Engagement Churn Risk,1411.62,0
ID-005129,0.3177,0,Medium,Low Engagement Churn Risk,2167.9,0
ID-003670,0.3175,0,Medium,Low Engagement Churn Risk,3160.62,0
ID-004367,0.3174,0,Medium,Low Engagement Churn Risk,1904.9,1
ID-004936,0.3174,0,Medium,Low Engagement Churn Risk,2868.49,1
ID-002118,0.3173,0,Medium,High Value Loyalists,6325.59,1
ID-001363,0.3173,0,Medium,Low Engagement Churn Risk,2007.24,0
ID-004859,0.3171,0,Medium,Low Engagement Churn Risk,3443.07,0
ID-002055,0.317,0,Medium,Low Engagement Churn Risk,1038.13,0
ID-004382,0.3166,0,Medium,Low Engagement Churn Risk,3440.45,0
ID-006384,0.3164,0,Medium,High Value Loyalists,4299.99,0
ID-004472,0.3163,0,Medium,High Value Loyalists,5927.69,1
ID-005583,0.3163,0,Medium,Low Engagement Churn Risk,1145.49,0
ID-005828,0.3163,0,Medium,High Value Loyalists,1759.99,0
ID-004092,0.3162,0,Medium,Low Engagement Churn Risk,5202.19,1
ID-003862,0.3161,0,Medium,High Value Loyalists,4416.46,0
ID-005504,0.3161,0,Medium,High Value Loyalists,1663.23,0
ID-002752,0.316,0,Medium,Low Engagement Churn Risk,1835.91,1
ID-006442,0.3159,0,Medium,Low Engagement Churn Risk,3179.18,0
ID-006809,0.3158,0,Medium,At-Risk New Customers,5688.73,0
ID-003957,0.3154,0,Medium,Low Engagement Churn Risk,1840.23,0
ID-003494,0.3154,0,Medium,Low Engagement Churn Risk,2469.8,1
ID-002304,0.3153,0,Medium,Low Engagement Churn Risk,3901.24,0
ID-001203,0.3151,0,Medium,Low Engagement Churn Risk,952.7,0
ID-002797,0.3149,0,Medium,At-Risk New Customers,1070.39,0
ID-006957,0.3149,0,Medium,Low Engagement Churn Risk,1566.0,0
ID-005616,0.3147,0,Medium,Low Engagement Churn Risk,5196.65,0
ID-003574,0.3146,0,Medium,High Value Loyalists,1342.42,0
ID-004154,0.3146,0,Medium,Low Engagement Churn Risk,2661.22,1
ID-002657,0.3146,0,Medium,Low Engagement Churn Risk,2534.84,0
ID-004789,0.3146,0,Medium,Low Engagement Churn Risk,2703.04,0
ID-004243,0.3146,0,Medium,At-Risk New Customers,5857.74,0
ID-000569,0.3143,0,Medium,High Value Loyalists,3113.8,1
ID-001197,0.3139,0,Medium,Low Engagement Churn Risk,2441.4,0
ID-004492,0.3138,0,Medium,Low Engagement Churn Risk,3560.68,1
ID-001031,0.3138,0,Medium,High Value Loyalists,6761.12,0
ID-006013,0.3137,0,Medium,Low Engagement Churn Risk,2150.16,1
ID-004848,0.3136,0,Medium,High Value Loyalists,4022.66,0
ID-006230,0.3134,0,Medium,Low Engagement Churn Risk,992.14,0
ID-000795,0.3132,0,Medium,High Value Loyalists,2850.2,0
ID-003138,0.3132,0,Medium,Low Engagement Churn Risk,5953.41,0
ID-000010,0.3131,0,Medium,Low Engagement Churn Risk,1401.87,0
ID-006764,0.3131,0,Medium,High Value Loyalists,1419.38,1
ID-004479,0.313,0,Medium,High Value Loyalists,4456.04,1
ID-004788,0.313,0,Medium,Low Engagement Churn Risk,1842.52,0
ID-002937,0.313,0,Medium,Low Engagement Churn Risk,5829.58,0
ID-001720,0.3127,0,Medium,High Value Loyalists,6297.83,0
ID-005376,0.3124,0,Medium,High Value Loyalists,1694.64,0
ID-004247,0.3124,0,Medium,Low Engagement Churn Risk,5620.55,0
ID-004023,0.3123,0,Medium,Low Engagement Churn Risk,5287.78,0
ID-005476,0.3123,0,Medium,Low Engagement Churn Risk,3461.29,0
ID-003734,0.3119,0,Medium,Low Engagement Churn Risk,1913.56,0
ID-002018,0.3116,0,Medium,Low Engagement Churn Risk,4905.3,0
ID-005561,0.3114,0,Medium,Low Engagement Churn Risk,3813.79,0
ID-001105,0.3114,0,Medium,Low Engagement Churn Risk,1729.81,0
ID-001816,0.3114,0,Medium,High Value Loyalists,4402.67,0
ID-001898,0.3111,0,Medium,Low Engagement Churn Risk,6068.55,0
ID-002896,0.3109,0,Medium,Low Engagement Churn Risk,1083.81,0
ID-001634,0.3109,0,Medium,High Value Loyalists,4584.9,1
ID-006286,0.3108,0,Medium,Low Engagement Churn Risk,3170.97,0
ID-006734,0.3108,0,Medium,Low Engagement Churn Risk,3901.57,0
ID-001543,0.3103,0,Medium,Low Engagement Churn Risk,1510.86,0
ID-006728,0.3102,0,Medium,Low Engagement Churn Risk,2169.41,0
ID-001221,0.3101,0,Medium,High Value Loyalists,6371.94,0
ID-002197,0.31,0,Medium,Low Engagement Churn Risk,2850.57,0
ID-002781,0.3099,0,Medium,Low Engagement Churn Risk,2614.66,1
ID-006748,0.3097,0,Medium,Low Engagement Churn Risk,4205.7,0
ID-003808,0.3096,0,Medium,Low Engagement Churn Risk,4884.24,1
ID-002063,0.3095,0,Medium,Low Engagement Churn Risk,2431.36,1
ID-004945,0.3094,0,Medium,High Value Loyalists,6218.12,0
ID-006307,0.3091,0,Medium,Low Engagement Churn Risk,981.38,1
ID-002001,0.3091,0,Medium,Low Engagement Churn Risk,4596.29,1
ID-001836,0.3091,0,Medium,High Value Loyalists,3279.85,0
ID-003340,0.309,0,Medium,High Value Loyalists,3361.42,1
ID-003924,0.3089,0,Medium,Low Engagement Churn Risk,5430.13,0
ID-005665,0.3085,0,Medium,High Value Loyalists,4956.5,1
ID-001624,0.3085,0,Medium,Low Engagement Churn Risk,2791.85,0
ID-003726,0.3081,0,Medium,At-Risk New Customers,4858.74,0
ID-005137,0.3081,0,Medium,Low Engagement Churn Risk,1277.2,0
ID-000209,0.308,0,Medium,High Value Loyalists,5380.87,1
ID-000283,0.3079,0,Medium,Low Engagement Churn Risk,3249.33,0
ID-003296,0.3078,0,Medium,Low Engagement Churn Risk,5599.71,0
ID-006751,0.3077,0,Medium,High Value Loyalists,4177.87,0
ID-001890,0.3077,0,Medium,Low Engagement Churn Risk,1446.86,1
ID-001595,0.3075,0,Medium,Low Engagement Churn Risk,1677.8,0
ID-005524,0.3075,0,Medium,Low Engagement Churn Risk,1453.72,1
ID-003375,0.3071,0,Medium,Low Engagement Churn Risk,2201.39,1
ID-001681,0.3071,0,Medium,Low Engagement Churn Risk,3155.76,0
ID-002671,0.3068,0,Medium,Low Engagement Churn Risk,1179.17,0
ID-006161,0.3066,0,Medium,High Value Loyalists,5648.52,0
ID-003665,0.3064,0,Medium,Low Engagement Churn Risk,6260.23,1
ID-000924,0.306,0,Medium,At-Risk New Customers,3885.8,0
ID-005170,0.3056,0,Medium,Low Engagement Churn Risk,1605.41,0
ID-003147,0.3053,0,Medium,High Value Loyalists,2961.33,0
ID-004329,0.305,0,Medium,Low Engagement Churn Risk,1832.44,0
ID-000833,0.3048,0,Medium,Low Engagement Churn Risk,1694.63,0
ID-001192,0.3047,0,Medium,High Value Loyalists,965.65,0
ID-001321,0.3045,0,Medium,Low Engagement Churn Risk,5526.71,0
ID-003732,0.3042,0,Medium,Low Engagement Churn Risk,1494.75,0
ID-005118,0.304,0,Medium,Low Engagement Churn Risk,3519.59,0
ID-005225,0.304,0,Medium,Low Engagement Churn Risk,4461.7,1
ID-006842,0.3039,0,Medium,High Value Loyalists,4538.6,1
ID-003828,0.3038,0,Medium,Low Engagement Churn Risk,4869.13,1
ID-000863,0.3038,0,Medium,Low Engagement Churn Risk,1079.12,1
ID-003658,0.3034,0,Medium,High Value Loyalists,3008.2,1
ID-002582,0.3032,0,Medium,Low Engagement Churn Risk,2228.01,1
ID-004183,0.3031,0,Medium,High Value Loyalists,1313.57,1
ID-006277,0.303,0,Medium,Low Engagement Churn Risk,4798.69,0
ID-003452,0.303,0,Medium,At-Risk New Customers,3214.8,0
ID-001219,0.3029,0,Medium,Low Engagement Churn Risk,3547.12,0
ID-003005,0.3027,0,Medium,Low Engagement Churn Risk,4006.83,0
ID-000613,0.3025,0,Medium,High Value Loyalists,1358.37,0
ID-001654,0.3021,0,Medium,High Value Loyalists,3326.82,0
ID-001571,0.302,0,Medium,Low Engagement Churn Risk,4690.99,1
ID-003700,0.302,0,Medium,Low Engagement Churn Risk,2100.9,1
ID-006295,0.302,0,Medium,Low Engagement Churn Risk,4168.42,0
ID-001715,0.3018,0,Medium,Low Engagement Churn Risk,1282.64,0
ID-000581,0.3018,0,Medium,Low Engagement Churn Risk,2772.49,0
ID-005485,0.3017,0,Medium,Low Engagement Churn Risk,3441.56,0
ID-002541,0.3017,0,Medium,High Value Loyalists,5700.11,0
ID-001360,0.3013,0,Medium,Low Engagement Churn Risk,6000.04,0
ID-001374,0.3013,0,Medium,High Value Loyalists,3939.14,1
ID-002799,0.3012,0,Medium,Low Engagement Churn Risk,2408.65,0
ID-004239,0.3011,0,Medium,Low Engagement Churn Risk,2915.77,0
ID-001560,0.3009,0,Medium,High Value Loyalists,4271.05,0
ID-006797,0.3007,0,Medium,Low Engagement Churn Risk,2155.48,1
ID-004188,0.3007,0,Medium,Low Engagement Churn Risk,2147.38,0
ID-002403,0.3007,0,Medium,High Value Loyalists,5238.44,1
ID-000773,0.3007,0,Medium,Low Engagement Churn Risk,1280.52,1
ID-001738,0.3006,0,Medium,High Value Loyalists,5930.4,1
ID-004140,0.3005,0,Medium,Low Engagement Churn Risk,5157.21,1
ID-000593,0.3003,0,Medium,Low Engagement Churn Risk,2748.86,0
ID-000530,0.3003,0,Medium,Low Engagement Churn Risk,5980.26,0
ID-006035,0.2999,0,Medium,Low Engagement Churn Risk,3400.29,0
ID-004204,0.2998,0,Medium,Low Engagement Churn Risk,3041.25,0
ID-004522,0.2996,0,Medium,Low Engagement Churn Risk,4714.19,1
ID-002491,0.2994,0,Medium,Low Engagement Churn Risk,5407.24,1
ID-005867,0.2991,0,Medium,Low Engagement Churn Risk,1432.67,0
ID-001504,0.2989,0,Medium,Low Engagement Churn Risk,1095.28,0
ID-001302,0.2989,0,Medium,High Value Loyalists,3150.27,0
ID-004975,0.2985,0,Medium,Low Engagement Churn Risk,2313.33,0
ID-000155,0.2985,0,Medium,Low Engagement Churn Risk,2455.72,1
ID-006099,0.2981,0,Medium,High Value Loyalists,6541.04,0
ID-002787,0.2979,0,Medium,Low Engagement Churn Risk,1015.13,0
ID-000193,0.2979,0,Medium,Low Engagement Churn Risk,2934.88,0
ID-000965,0.2977,0,Medium,Low Engagement Churn Risk,3599.93,0
ID-003697,0.2976,0,Medium,Low Engagement Churn Risk,5820.19,1
ID-002347,0.2976,0,Medium,High Value Loyalists,4197.06,0
ID-001561,0.2975,0,Medium,Low Engagement Churn Risk,1163.42,0
ID-005711,0.2973,0,Medium,High Value Loyalists,984.77,0
ID-001320,0.2973,0,Medium,Low Engagement Churn Risk,4069.28,0
ID-002692,0.2972,0,Medium,At-Risk New Customers,5449.32,1
ID-006829,0.2968,0,Medium,Low Engagement Churn Risk,2483.15,0
ID-003252,0.2968,0,Medium,Low Engagement Churn Risk,1031.59,0
ID-000702,0.2966,0,Medium,Low Engagement Churn Risk,4100.43,1
ID-004347,0.2964,0,Medium,High Value Loyalists,2954.91,0
ID-004074,0.2964,0,Medium,Low Engagement Churn Risk,4067.49,0
ID-002372,0.2963,0,Medium,High Value Loyalists,5180.44,0
ID-001348,0.2963,0,Medium,High Value Loyalists,5002.31,0
ID-004921,0.2959,0,Medium,Low Engagement Churn Risk,5568.98,0
ID-004928,0.2959,0,Medium,Low Engagement Churn Risk,2790.79,0
ID-003027,0.2958,0,Medium,Low Engagement Churn Risk,1096.71,1
ID-003112,0.2956,0,Medium,High Value Loyalists,1761.39,0
ID-002734,0.2956,0,Medium,Low Engagement Churn Risk,3809.17,0
ID-005644,0.2955,0,Medium,At-Risk New Customers,940.26,0
ID-003082,0.2952,0,Medium,High Value Loyalists,4713.16,1
ID-006175,0.2952,0,Medium,High Value Loyalists,4087.4,0
ID-006987,0.2949,0,Medium,Low Engagement Churn Risk,2445.39,0
ID-002634,0.2948,0,Medium,Low Engagement Churn Risk,4845.92,0
ID-001947,0.294,0,Medium,High Value Loyalists,1389.4,0
ID-005187,0.2934,0,Medium,Low Engagement Churn Risk,3709.16,0
ID-004622,0.2934,0,Medium,Low Engagement Churn Risk,3133.62,0
ID-003056,0.2931,0,Medium,Low Engagement Churn Risk,1549.02,0
ID-000719,0.293,0,Medium,Low Engagement Churn Risk,3943.96,0
ID-000080,0.2926,0,Medium,Low Engagement Churn Risk,5920.36,1
ID-002958,0.2923,0,Medium,Low Engagement Churn Risk,6011.92,0
ID-003898,0.2922,0,Medium,High Value Loyalists,4048.1,1
ID-005043,0.2921,0,Medium,Low Engagement Churn Risk,3074.3,0
ID-001658,0.2917,0,Medium,Low Engagement Churn Risk,5873.89,1
ID-005589,0.291,0,Medium,High Value Loyalists,2308.67,0
ID-002784,0.2909,0,Medium,High Value Loyalists,2477.8,1
ID-001936,0.2906,0,Medium,Low Engagement Churn Risk,955.87,0
ID-003334,0.2904,0,Medium,Low Engagement Churn Risk,5758.2,0
ID-006088,0.2904,0,Medium,Low Engagement Churn Risk,2305.55,1
ID-002835,0.2902,0,Medium,Low Engagement Churn Risk,3125.11,1
ID-004132,0.2899,0,Medium,High Value Loyalists,2504.76,0
ID-003544,0.2899,0,Medium,Low Engagement Churn Risk,4685.05,0
ID-002103,0.2898,0,Medium,High Value Loyalists,4259.19,0
ID-005342,0.2894,0,Medium,Low Engagement Churn Risk,5443.26,0
ID-003443,0.2894,0,Medium,At-Risk New Customers,1106.89,0
ID-006160,0.2894,0,Medium,At-Risk New Customers,3653.74,0
ID-005685,0.2894,0,Medium,Low Engagement Churn Risk,1732.27,1
ID-000415,0.2894,0,Medium,Low Engagement Churn Risk,1750.62,1
ID-004107,0.2893,0,Medium,Low Engagement Churn Risk,4217.57,1
ID-001303,0.2893,0,Medium,Low Engagement Churn Risk,4894.11,0
ID-003180,0.2893,0,Medium,High Value Loyalists,4968.64,0
ID-002318,0.2893,0,Medium,Low Engagement Churn Risk,1688.54,0
ID-005854,0.2891,0,Medium,High Value Loyalists,2080.81,1
ID-006658,0.2891,0,Medium,At-Risk New Customers,946.53,1
ID-006450,0.289,0,Medium,Low Engagement Churn Risk,2327.51,0
ID-002062,0.2889,0,Medium,Low Engagement Churn Risk,878.23,1
ID-003234,0.2889,0,Medium,High Value Loyalists,2034.19,0
ID-002843,0.2889,0,Medium,Low Engagement Churn Risk,4955.5,0
ID-004254,0.2878,0,Medium,At-Risk New Customers,2184.35,0
ID-005985,0.2875,0,Medium,High Value Loyalists,4577.07,0
ID-004751,0.2874,0,Medium,Low Engagement Churn Risk,2300.37,0
ID-005605,0.2869,0,Medium,Low Engagement Churn Risk,1183.27,0
ID-003275,0.2867,0,Medium,Low Engagement Churn Risk,2369.42,0
ID-006872,0.2867,0,Medium,Low Engagement Churn Risk,1741.4,0
ID-001313,0.2865,0,Medium,Low Engagement Churn Risk,871.09,1
ID-005158,0.2865,0,Medium,High Value Loyalists,2373.74,1
ID-004345,0.2865,0,Medium,Low Engagement Churn Risk,4349.29,0
ID-004066,0.2863,0,Medium,Low Engagement Churn Risk,3769.8,1
ID-005817,0.2859,0,Medium,At-Risk New Customers,3529.04,1
ID-006022,0.2858,0,Medium,Low Engagement Churn Risk,3942.27,0
ID-002446,0.2856,0,Medium,High Value Loyalists,2775.2,1
ID-005063,0.2855,0,Medium,Low Engagement Churn Risk,2280.68,1
ID-003021,0.2855,0,Medium,Low Engagement Churn Risk,5597.56,0
ID-001840,0.2853,0,Medium,Low Engagement Churn Risk,2484.63,0
ID-002460,0.285,0,Medium,Low Engagement Churn Risk,6039.45,0
ID-001722,0.2849,0,Medium,Low Engagement Churn Risk,1951.77,0
ID-001888,0.2848,0,Medium,Low Engagement Churn Risk,5569.46,0
ID-001931,0.2843,0,Medium,Low Engagement Churn Risk,2430.25,0
ID-003409,0.2842,0,Medium,Low Engagement Churn Risk,4807.05,1
ID-002778,0.2839,0,Medium,Low Engagement Churn Risk,3837.0,0
ID-002429,0.2838,0,Medium,High Value Loyalists,4092.25,0
ID-000496,0.2838,0,Medium,High Value Loyalists,6162.82,0
ID-002812,0.2838,0,Medium,High Value Loyalists,4854.14,0
ID-005907,0.2837,0,Medium,Low Engagement Churn Risk,3339.1,0
ID-002067,0.2836,0,Medium,High Value Loyalists,2330.45,0
ID-002284,0.2836,0,Medium,Low Engagement Churn Risk,5808.31,0
ID-003787,0.2836,0,Medium,High Value Loyalists,4397.67,0
ID-006889,0.2835,0,Medium,Low Engagement Churn Risk,1150.18,1
ID-005522,0.2835,0,Medium,Low Engagement Churn Risk,1770.05,0
ID-006334,0.2835,0,Medium,Low Engagement Churn Risk,4712.12,1
ID-000921,0.2834,0,Medium,Low Engagement Churn Risk,1304.79,0
ID-004935,0.2829,0,Medium,High Value Loyalists,5179.37,1
ID-001730,0.2828,0,Medium,Low Engagement Churn Risk,4253.1,0
ID-005348,0.2828,0,Medium,Low Engagement Churn Risk,2229.97,1
ID-004175,0.2826,0,Medium,Low Engagement Churn Risk,3810.08,0
ID-006184,0.2825,0,Medium,Low Engagement Churn Risk,5146.53,1
ID-002112,0.2825,0,Medium,High Value Loyalists,3581.13,0
ID-003565,0.2824,0,Medium,Low Engagement Churn Risk,2509.41,0
ID-000237,0.2818,0,Medium,High Value Loyalists,3150.8,1
ID-005998,0.2818,0,Medium,Low Engagement Churn Risk,5874.8,1
ID-002017,0.2817,0,Medium,Low Engagement Churn Risk,4470.23,0
ID-003860,0.2817,0,Medium,Low Engagement Churn Risk,2396.09,1
ID-002804,0.2815,0,Medium,Low Engagement Churn Risk,4957.66,0
ID-003673,0.2813,0,Medium,Low Engagement Churn Risk,5744.29,0
ID-006205,0.2812,0,Medium,Low Engagement Churn Risk,1124.31,0
ID-000478,0.281,0,Medium,High Value Loyalists,4458.87,1
ID-000509,0.2809,0,Medium,High Value Loyalists,2614.86,1
ID-004767,0.2808,0,Medium,Low Engagement Churn Risk,3901.99,0
ID-005408,0.2807,0,Medium,High Value Loyalists,2075.03,0
ID-004027,0.2805,0,Medium,Low Engagement Churn Risk,4687.86,1
ID-006899,0.2803,0,Medium,Low Engagement Churn Risk,2511.22,0
ID-000686,0.2801,0,Medium,High Value Loyalists,6414.3,0
ID-005782,0.2801,0,Medium,Low Engagement Churn Risk,4465.83,1
ID-002116,0.28,0,Medium,Low Engagement Churn Risk,5821.22,0
ID-001366,0.2798,0,Medium,Low Engagement Churn Risk,2168.44,0
ID-002934,0.2795,0,Medium,At-Risk New Customers,1700.97,0
ID-002872,0.2795,0,Medium,Low Engagement Churn Risk,6253.75,0
ID-001247,0.2794,0,Medium,At-Risk New Customers,2504.83,1
ID-003742,0.279,0,Medium,Low Engagement Churn Risk,4874.58,1
ID-001090,0.2784,0,Medium,Low Engagement Churn Risk,3940.65,0
ID-006683,0.2783,0,Medium,Low Engagement Churn Risk,5568.19,1
ID-003922,0.278,0,Medium,Low Engagement Churn Risk,3227.81,0
ID-005491,0.2778,0,Medium,Low Engagement Churn Risk,1935.07,1
ID-004048,0.2778,0,Medium,Low Engagement Churn Risk,4766.34,0
ID-004311,0.2778,0,Medium,Low Engagement Churn Risk,5326.29,1
ID-002805,0.2778,0,Medium,Low Engagement Churn Risk,4700.27,0
ID-004279,0.2777,0,Medium,High Value Loyalists,1210.01,0
ID-002845,0.2777,0,Medium,Low Engagement Churn Risk,994.88,1
ID-002516,0.2776,0,Medium,Low Engagement Churn Risk,5721.76,0
ID-002530,0.2774,0,Medium,Low Engagement Churn Risk,2183.6,0
ID-000301,0.2771,0,Medium,At-Risk New Customers,3078.88,1
ID-000398,0.2771,0,Medium,Low Engagement Churn Risk,5678.31,0
ID-000438,0.277,0,Medium,Low Engagement Churn Risk,2495.16,0
ID-001278,0.2768,0,Medium,Low Engagement Churn Risk,3015.4,1
ID-003188,0.2767,0,Medium,Low Engagement Churn Risk,5598.16,1
ID-000647,0.2767,0,Medium,Low Engagement Churn Risk,2276.55,0
ID-005413,0.2766,0,Medium,High Value Loyalists,6788.62,0
ID-005433,0.2763,0,Medium,Stable Value Seekers,6145.4,0
ID-006606,0.2762,0,Medium,Low Engagement Churn Risk,3260.04,0
ID-006655,0.2762,0,Medium,High Value Loyalists,1851.41,0
ID-002341,0.2761,0,Medium,Low Engagement Churn Risk,2772.48,0
ID-004424,0.2761,0,Medium,High Value Loyalists,4934.65,0
ID-003718,0.2757,0,Medium,Stable Value Seekers,6213.99,1
ID-004974,0.2755,0,Medium,High Value Loyalists,5804.38,0
ID-004832,0.2754,0,Medium,High Value Loyalists,1354.94,0
ID-005320,0.2753,0,Medium,At-Risk New Customers,1829.03,1
ID-002503,0.2753,0,Medium,Low Engagement Churn Risk,4624.05,0
ID-004686,0.275,0,Medium,Low Engagement Churn Risk,2261.88,0
ID-002387,0.275,0,Medium,Low Engagement Churn Risk,4456.17,1
ID-000512,0.2747,0,Medium,Low Engagement Churn Risk,5571.84,0
ID-004516,0.2746,0,Medium,At-Risk New Customers,1726.49,0
ID-004524,0.2742,0,Medium,Low Engagement Churn Risk,5048.26,0
ID-000471,0.2741,0,Medium,Low Engagement Churn Risk,2280.72,0
ID-006838,0.2738,0,Medium,Low Engagement Churn Risk,4314.61,0
ID-005262,0.2736,0,Medium,Low Engagement Churn Risk,2990.03,0
ID-002800,0.2736,0,Medium,High Value Loyalists,5961.68,0
ID-005919,0.2736,0,Medium,High Value Loyalists,6772.66,0
ID-002729,0.2735,0,Medium,Low Engagement Churn Risk,2703.91,1
ID-005536,0.2733,0,Medium,Low Engagement Churn Risk,2683.12,0
ID-003228,0.2731,0,Medium,High Value Loyalists,4920.46,0
ID-005086,0.273,0,Medium,High Value Loyalists,2644.95,0
ID-000750,0.273,0,Medium,High Value Loyalists,6354.78,0
ID-000404,0.2728,0,Medium,Low Engagement Churn Risk,5060.14,1
ID-001612,0.2724,0,Medium,Low Engagement Churn Risk,1970.62,1
ID-004328,0.2723,0,Medium,Stable Value Seekers,5183.5,0
ID-001970,0.2721,0,Medium,At-Risk New Customers,3025.68,1
ID-006613,0.2721,0,Medium,High Value Loyalists,2492.59,0
ID-002714,0.2719,0,Medium,Low Engagement Churn Risk,5978.99,0
ID-004627,0.2718,0,Medium,High Value Loyalists,4975.43,0
ID-000078,0.2717,0,Medium,Low Engagement Churn Risk,1772.19,0
ID-005865,0.2716,0,Medium,Low Engagement Churn Risk,1832.67,0
ID-006676,0.2714,0,Medium,Low Engagement Churn Risk,3063.48,0
ID-003310,0.2713,0,Medium,Low Engagement Churn Risk,4720.38,0
ID-002316,0.2713,0,Medium,Low Engagement Churn Risk,5319.64,0
ID-002557,0.2712,0,Medium,High Value Loyalists,5410.7,1
ID-001597,0.2712,0,Medium,High Value Loyalists,3634.56,0
ID-003694,0.2705,0,Medium,Low Engagement Churn Risk,6006.52,1
ID-006773,0.2703,0,Medium,High Value Loyalists,5806.95,1
ID-000514,0.2702,0,Medium,Low Engagement Churn Risk,3750.12,0
ID-006435,0.2701,0,Medium,At-Risk New Customers,2682.47,0
ID-004475,0.27,0,Medium,Low Engagement Churn Risk,5347.26,0
ID-001628,0.2699,0,Medium,Low Engagement Churn Risk,1191.62,1
ID-000681,0.2698,0,Medium,High Value Loyalists,1546.6,1
ID-002643,0.2697,0,Medium,At-Risk New Customers,1576.94,1
ID-002944,0.2696,0,Medium,Low Engagement Churn Risk,5500.17,0
ID-001527,0.2696,0,Medium,High Value Loyalists,5322.12,0
ID-005407,0.2693,0,Medium,Low Engagement Churn Risk,3430.59,0
ID-003803,0.2691,0,Medium,Low Engagement Churn Risk,3573.08,1
ID-000587,0.2689,0,Medium,High Value Loyalists,4170.24,1
ID-002537,0.2687,0,Medium,High Value Loyalists,2518.06,0
ID-001070,0.2683,0,Medium,Low Engagement Churn Risk,3020.32,0
ID-005117,0.2682,0,Medium,High Value Loyalists,1537.44,0
ID-003423,0.2681,0,Medium,At-Risk New Customers,3278.71,0
ID-001935,0.2679,0,Medium,High Value Loyalists,5971.31,0
ID-006936,0.2673,0,Medium,High Value Loyalists,2057.21,0
ID-002272,0.2671,0,Medium,Low Engagement Churn Risk,2791.2,0
ID-003608,0.267,0,Medium,High Value Loyalists,4706.64,0
ID-003003,0.2669,0,Medium,Low Engagement Churn Risk,5454.08,0
ID-001144,0.2669,0,Medium,Low Engagement Churn Risk,3932.45,0
ID-005591,0.2669,0,Medium,At-Risk New Customers,1637.85,0
ID-001623,0.2667,0,Medium,High Value Loyalists,3294.1,0
ID-001294,0.2666,0,Medium,High Value Loyalists,4422.54,0
ID-002120,0.2665,0,Medium,High Value Loyalists,1587.68,0
ID-001972,0.2665,0,Medium,High Value Loyalists,6682.62,1
ID-005557,0.2664,0,Medium,Low Engagement Churn Risk,1506.68,0
ID-001755,0.2664,0,Medium,Low Engagement Churn Risk,4678.05,0
ID-001329,0.2662,0,Medium,Low Engagement Churn Risk,1586.52,0
ID-004404,0.2661,0,Medium,Low Engagement Churn Risk,2976.7,1
ID-006859,0.266,0,Medium,Low Engagement Churn Risk,1483.65,1
ID-000399,0.2659,0,Medium,Low Engagement Churn Risk,4690.27,1
ID-003070,0.2659,0,Medium,Low Engagement Churn Risk,1124.94,0
ID-003628,0.2658,0,Medium,Low Engagement Churn Risk,2020.76,0
ID-004669,0.2657,0,Medium,Low Engagement Churn Risk,4033.02,0
ID-004396,0.2655,0,Medium,Low Engagement Churn Risk,1201.01,0
ID-002435,0.2654,0,Medium,Low Engagement Churn Risk,1318.23,0
ID-003805,0.2653,0,Medium,High Value Loyalists,3532.03,0
ID-006110,0.2653,0,Medium,Low Engagement Churn Risk,5032.78,1
ID-002082,0.2653,0,Medium,Low Engagement Churn Risk,1312.29,1
ID-004502,0.2653,0,Medium,At-Risk New Customers,5373.56,0
ID-002410,0.2653,0,Medium,Low Engagement Churn Risk,2928.49,1
ID-002453,0.2649,0,Medium,At-Risk New Customers,1316.62,0
ID-004101,0.2648,0,Medium,Low Engagement Churn Risk,4297.46,1
ID-002233,0.2648,0,Medium,Low Engagement Churn Risk,4849.34,0
ID-003810,0.2648,0,Medium,High Value Loyalists,2249.17,1
ID-001735,0.2644,0,Medium,Low Engagement Churn Risk,4131.2,0
ID-002086,0.2644,0,Medium,Low Engagement Churn Risk,4063.6,1
ID-003897,0.2643,0,Medium,High Value Loyalists,4704.65,0
ID-003625,0.2643,0,Medium,Low Engagement Churn Risk,3273.11,0
ID-001126,0.2643,0,Medium,Low Engagement Churn Risk,3022.42,1
ID-002744,0.2642,0,Medium,Low Engagement Churn Risk,5623.79,0
ID-000012,0.2637,0,Medium,Low Engagement Churn Risk,4326.4,1
ID-002136,0.2634,0,Medium,Low Engagement Churn Risk,3790.97,1
ID-002600,0.2634,0,Medium,High Value Loyalists,3131.34,0
ID-004775,0.2633,0,Medium,Low Engagement Churn Risk,2178.96,1
ID-004295,0.2632,0,Medium,Low Engagement Churn Risk,5036.17,0
ID-000038,0.2632,0,Medium,Low Engagement Churn Risk,1553.29,1
ID-000308,0.2631,0,Medium,High Value Loyalists,1413.95,1
ID-003843,0.2628,0,Medium,Low Engagement Churn Risk,2061.75,0
ID-003596,0.2627,0,Medium,Low Engagement Churn Risk,4586.65,0
ID-000840,0.2627,0,Medium,Low Engagement Churn Risk,5581.53,0
ID-003540,0.2626,0,Medium,Low Engagement Churn Risk,1211.85,0
ID-002861,0.2622,0,Medium,Low Engagement Churn Risk,1951.97,1
ID-000477,0.2622,0,Medium,High Value Loyalists,6290.75,1
ID-005741,0.2622,0,Medium,Low Engagement Churn Risk,3549.13,0
ID-001375,0.2621,0,Medium,Low Engagement Churn Risk,1831.72,0
ID-000881,0.2621,0,Medium,High Value Loyalists,6257.39,0
ID-002242,0.2617,0,Medium,Low Engagement Churn Risk,2541.99,1
ID-000042,0.2613,0,Medium,Low Engagement Churn Risk,1522.17,0
ID-007041,0.2613,0,Medium,Low Engagement Churn Risk,5533.64,0
ID-006488,0.2609,0,Medium,Low Engagement Churn Risk,5247.01,1
ID-004399,0.2609,0,Medium,High Value Loyalists,1861.22,1
ID-002452,0.2608,0,Medium,High Value Loyalists,5076.98,1
ID-001502,0.2607,0,Medium,High Value Loyalists,5382.19,0
ID-003796,0.2606,0,Medium,Low Engagement Churn Risk,3853.97,0
ID-003392,0.2604,0,Medium,Low Engagement Churn Risk,3214.06,0
ID-001702,0.2603,0,Medium,High Value Loyalists,4065.09,0
ID-003174,0.2602,0,Medium,Low Engagement Churn Risk,2800.9,1
ID-004608,0.2602,0,Medium,High Value Loyalists,3700.82,0
ID-005598,0.2601,0,Medium,High Value Loyalists,5430.33,0
ID-004949,0.26,0,Medium,At-Risk New Customers,1043.79,0
ID-003463,0.26,0,Medium,Low Engagement Churn Risk,2906.49,0
ID-001110,0.2598,0,Medium,High Value Loyalists,2933.35,0
ID-004990,0.2597,0,Medium,Low Engagement Churn Risk,5527.54,1
ID-002884,0.2596,0,Medium,Low Engagement Churn Risk,2118.23,0
ID-004824,0.2596,0,Medium,Low Engagement Churn Risk,5559.44,1
ID-003431,0.2595,0,Medium,Low Engagement Churn Risk,3178.59,1
ID-004600,0.2593,0,Medium,High Value Loyalists,1842.12,1
ID-005714,0.2592,0,Medium,Low Engagement Churn Risk,5141.29,0
ID-005954,0.2592,0,Medium,Low Engagement Churn Risk,6002.97,0
ID-003196,0.2591,0,Medium,Low Engagement Churn Risk,4033.77,1
ID-005801,0.2589,0,Medium,High Value Loyalists,3075.44,0
ID-000500,0.2588,0,Medium,High Value Loyalists,4574.89,0
ID-002946,0.2586,0,Medium,At-Risk New Customers,2111.95,1
ID-002505,0.2584,0,Medium,High Value Loyalists,3202.34,0
ID-001523,0.2583,0,Medium,Low Engagement Churn Risk,3648.61,0
ID-005755,0.2583,0,Medium,Low Engagement Churn Risk,3023.5,0
ID-006783,0.2583,0,Medium,Low Engagement Churn Risk,4861.86,0
ID-004810,0.2583,0,Medium,High Value Loyalists,2573.24,0
ID-005223,0.2583,0,Medium,High Value Loyalists,5297.69,1
ID-005612,0.2583,0,Medium,Low Engagement Churn Risk,1248.59,0
ID-001924,0.2581,0,Medium,Low Engagement Churn Risk,3130.21,0
ID-005648,0.258,0,Medium,Low Engagement Churn Risk,3565.8,1
ID-006425,0.2576,0,Medium,At-Risk New Customers,2322.29,0
ID-005902,0.2574,0,Medium,At-Risk New Customers,2185.27,0
ID-004181,0.2573,0,Medium,Low Engagement Churn Risk,3154.32,0
ID-002266,0.2569,0,Medium,Low Engagement Churn Risk,4969.5,0
ID-003513,0.2569,0,Medium,At-Risk New Customers,1918.74,0
ID-005951,0.2569,0,Medium,Low Engagement Churn Risk,4769.52,1
ID-004195,0.2568,0,Medium,Low Engagement Churn Risk,5796.95,0
ID-003913,0.2568,0,Medium,Low Engagement Churn Risk,5484.66,0
ID-003239,0.2567,0,Medium,Low Engagement Churn Risk,5329.87,1
ID-005122,0.2566,0,Medium,Low Engagement Churn Risk,4321.22,0
ID-005293,0.2566,0,Medium,High Value Loyalists,6508.0,1
ID-000136,0.2564,0,Medium,High Value Loyalists,5260.7,0
ID-004412,0.2563,0,Medium,Low Engagement Churn Risk,4821.24,0
ID-003984,0.2561,0,Medium,Low Engagement Churn Risk,1162.57,1
ID-002105,0.2561,0,Medium,Low Engagement Churn Risk,1193.69,0
ID-001901,0.2561,0,Medium,Low Engagement Churn Risk,2533.89,0
ID-000567,0.256,0,Medium,Low Engagement Churn Risk,3301.51,0
ID-005397,0.256,0,Medium,At-Risk New Customers,1360.51,1
ID-001703,0.256,0,Medium,Low Engagement Churn Risk,3236.7,0
ID-000822,0.256,0,Medium,High Value Loyalists,5131.62,0
ID-003202,0.2558,0,Medium,High Value Loyalists,2379.24,0
ID-005034,0.2557,0,Medium,Low Engagement Churn Risk,5462.22,0
ID-004276,0.2557,0,Medium,Stable Value Seekers,6242.63,0
ID-004706,0.2555,0,Medium,At-Risk New Customers,1320.8,0
ID-002231,0.2553,0,Medium,Low Engagement Churn Risk,2905.75,1
ID-004601,0.2552,0,Medium,Low Engagement Churn Risk,5046.71,0
ID-002677,0.2551,0,Medium,Low Engagement Churn Risk,5078.04,1
ID-004471,0.2549,0,Medium,Low Engagement Churn Risk,5804.56,0
ID-005393,0.2547,0,Medium,High Value Loyalists,5073.44,0
ID-005069,0.2547,0,Medium,At-Risk New Customers,2264.75,0
ID-000075,0.2547,0,Medium,High Value Loyalists,3616.33,0
ID-007004,0.2545,0,Medium,Low Engagement Churn Risk,2063.92,0
ID-000979,0.2543,0,Medium,High Value Loyalists,4470.13,1
ID-007029,0.2542,0,Medium,High Value Loyalists,3022.39,1
ID-002264,0.2541,0,Medium,High Value Loyalists,4862.63,0
ID-000768,0.254,0,Medium,High Value Loyalists,4547.44,0
ID-004874,0.254,0,Medium,Low Engagement Churn Risk,3704.21,0
ID-005150,0.2539,0,Medium,High Value Loyalists,4577.76,0
ID-002902,0.2537,0,Medium,Low Engagement Churn Risk,3517.49,0
ID-005707,0.2537,0,Medium,Low Engagement Churn Risk,2692.6,0
ID-005301,0.2536,0,Medium,Low Engagement Churn Risk,4797.9,0
ID-000724,0.2535,0,Medium,Low Engagement Churn Risk,2979.01,0
ID-005349,0.2534,0,Medium,At-Risk New Customers,4255.07,1
ID-006386,0.2531,0,Medium,High Value Loyalists,3530.38,0
ID-006147,0.253,0,Medium,High Value Loyalists,4514.32,0
ID-000254,0.253,0,Medium,High Value Loyalists,6131.56,1
ID-001178,0.253,0,Medium,At-Risk New Customers,5213.38,1
ID-005567,0.253,0,Medium,Low Engagement Churn Risk,4146.73,0
ID-002954,0.2528,0,Medium,Low Engagement Churn Risk,3468.38,1
ID-006020,0.2527,0,Medium,High Value Loyalists,3174.01,0
ID-003130,0.2527,0,Medium,Low Engagement Churn Risk,4438.9,0
ID-003679,0.2525,0,Medium,High Value Loyalists,5715.19,0
ID-002184,0.2523,0,Medium,High Value Loyalists,1947.57,0
ID-005191,0.2523,0,Medium,Low Engagement Churn Risk,4592.19,0
ID-001506,0.2522,0,Medium,Low Engagement Churn Risk,4998.68,1
ID-004917,0.2522,0,Medium,Stable Value Seekers,3715.01,1
ID-001017,0.2521,0,Medium,Low Engagement Churn Risk,3964.37,1
ID-001948,0.252,0,Medium,Low Engagement Churn Risk,1250.11,0
ID-006975,0.2518,0,Medium,Low Engagement Churn Risk,4590.75,0
ID-000824,0.2517,0,Medium,Low Engagement Churn Risk,2103.8,0
ID-001042,0.2517,0,Medium,Low Engagement Churn Risk,4747.48,0
ID-001499,0.2514,0,Medium,Low Engagement Churn Risk,4843.79,0
ID-006403,0.2513,0,Medium,High Value Loyalists,5831.15,0
ID-005453,0.251,0,Medium,Low Engagement Churn Risk,5691.25,1
ID-004228,0.251,0,Medium,High Value Loyalists,2009.82,0
ID-000258,0.2508,0,Medium,Stable Value Seekers,5351.28,0
ID-002697,0.2505,0,Medium,High Value Loyalists,1648.47,0
ID-007007,0.2503,0,Medium,High Value Loyalists,6078.68,0
ID-000432,0.2503,0,Medium,At-Risk New Customers,2451.27,0
ID-004816,0.2501,0,Medium,At-Risk New Customers,5980.77,0
ID-003380,0.2501,0,Medium,High Value Loyalists,3109.43,0
ID-004752,0.25,0,Medium,Low Engagement Churn Risk,1948.73,1
ID-006823,0.25,0,Medium,Low Engagement Churn Risk,5334.45,0
ID-000041,0.2498,0,Medium,High Value Loyalists,1445.1,0
ID-001061,0.2497,0,Medium,Low Engagement Churn Risk,1760.34,0
ID-005795,0.2497,0,Medium,Low Engagement Churn Risk,1506.46,0
ID-002935,0.2496,0,Medium,Low Engagement Churn Risk,1999.42,0
ID-002072,0.2496,0,Medium,High Value Loyalists,1454.73,0
ID-003585,0.2495,0,Medium,High Value Loyalists,2252.64,1
ID-001464,0.2493,0,Medium,At-Risk New Customers,4446.55,0
ID-006265,0.2492,0,Medium,At-Risk New Customers,2725.02,1
ID-005610,0.2488,0,Medium,Low Engagement Churn Risk,3495.73,0
ID-004262,0.2486,0,Medium,Low Engagement Churn Risk,2283.59,0
ID-003352,0.2485,0,Medium,Low Engagement Churn Risk,2677.48,0
ID-003899,0.2485,0,Medium,Low Engagement Churn Risk,1499.59,0
ID-006637,0.2482,0,Medium,Low Engagement Churn Risk,1473.04,0
ID-000963,0.2482,0,Medium,At-Risk New Customers,5681.87,0
ID-002406,0.2481,0,Medium,Low Engagement Churn Risk,3635.21,1
ID-001261,0.248,0,Medium,Low Engagement Churn Risk,3497.25,0
ID-006552,0.2479,0,Medium,Stable Value Seekers,3095.84,0
ID-004483,0.2476,0,Medium,High Value Loyalists,4032.24,0
ID-004197,0.2476,0,Medium,Low Engagement Churn Risk,5304.76,0
ID-004509,0.2475,0,Medium,Low Engagement Churn Risk,4671.02,0
ID-003855,0.2473,0,Medium,Low Engagement Churn Risk,2803.26,0
ID-005308,0.2473,0,Medium,At-Risk New Customers,3083.7,0
ID-001439,0.2471,0,Medium,Stable Value Seekers,4233.91,1
ID-003947,0.2469,0,Medium,At-Risk New Customers,1395.58,0
ID-005404,0.2469,0,Medium,Stable Value Seekers,5585.36,1
ID-005445,0.2469,0,Medium,High Value Loyalists,2488.57,1
ID-001379,0.2465,0,Medium,High Value Loyalists,3541.66,0
ID-002759,0.2463,0,Medium,High Value Loyalists,5550.77,1
ID-000061,0.2462,0,Medium,Low Engagement Churn Risk,1639.66,0
ID-004429,0.246,0,Medium,Low Engagement Churn Risk,5230.37,1
ID-004366,0.2457,0,Medium,Low Engagement Churn Risk,5098.03,1
ID-004325,0.2456,0,Medium,Low Engagement Churn Risk,1995.14,0
ID-003708,0.2456,0,Medium,High Value Loyalists,3277.38,0
ID-006622,0.2455,0,Medium,Stable Value Seekers,6132.76,0
ID-001319,0.2455,0,Medium,Low Engagement Churn Risk,2139.19,0
ID-001142,0.2455,0,Medium,At-Risk New Customers,3978.82,0
ID-003752,0.2453,0,Medium,High Value Loyalists,1704.31,1
ID-004951,0.2453,0,Medium,Low Engagement Churn Risk,2022.29,0
ID-001186,0.2452,0,Medium,Stable Value Seekers,6004.93,0
ID-001101,0.2452,0,Medium,Low Engagement Churn Risk,2729.58,0
ID-004427,0.2451,0,Medium,Low Engagement Churn Risk,4784.38,0
ID-001845,0.245,0,Medium,High Value Loyalists,2694.02,0
ID-002277,0.2449,0,Medium,Stable Value Seekers,3692.91,0
ID-000775,0.2449,0,Medium,Low Engagement Churn Risk,4671.84,0
ID-004091,0.2449,0,Medium,High Value Loyalists,3032.18,0
ID-005222,0.2449,0,Medium,High Value Loyalists,5348.09,1
ID-006933,0.2448,0,Medium,Stable Value Seekers,6198.47,0
ID-002009,0.2448,0,Medium,Low Engagement Churn Risk,1971.74,0
ID-005198,0.2448,0,Medium,Low Engagement Churn Risk,4538.63,0
ID-003496,0.2446,0,Medium,High Value Loyalists,4771.31,0
ID-006537,0.2443,0,Medium,High Value Loyalists,2330.26,0
ID-005036,0.2442,0,Medium,Stable Value Seekers,5422.39,0
ID-003854,0.2441,0,Medium,Low Engagement Churn Risk,1437.49,1
ID-002803,0.244,0,Medium,At-Risk New Customers,4783.04,1
ID-006051,0.2438,0,Medium,At-Risk New Customers,5558.72,0
ID-003986,0.2438,0,Medium,Low Engagement Churn Risk,2494.5,1
ID-002332,0.2437,0,Medium,At-Risk New Customers,1139.63,0
ID-003709,0.2436,0,Medium,Low Engagement Churn Risk,4573.29,0
ID-000670,0.2436,0,Medium,At-Risk New Customers,4574.53,0
ID-003996,0.2435,0,Medium,Low Engagement Churn Risk,4203.13,0
ID-005881,0.2435,0,Medium,Low Engagement Churn Risk,1538.17,0
ID-004972,0.2435,0,Medium,Stable Value Seekers,5002.06,0
ID-002443,0.2433,0,Medium,Low Engagement Churn Risk,6185.2,1
ID-006260,0.2432,0,Medium,Low Engagement Churn Risk,3659.31,0
ID-005915,0.2429,0,Medium,Low Engagement Churn Risk,1969.23,0
ID-005619,0.2428,0,Medium,Stable Value Seekers,6237.56,0
ID-002553,0.2427,0,Medium,Low Engagement Churn Risk,2580.31,1
ID-005155,0.2427,0,Medium,High Value Loyalists,1182.82,0
ID-005146,0.2426,0,Medium,High Value Loyalists,1362.75,1
ID-001063,0.2425,0,Medium,At-Risk New Customers,1150.92,0
ID-001582,0.2422,0,Medium,Stable Value Seekers,5377.64,0
ID-006214,0.2419,0,Medium,Low Engagement Churn Risk,4532.82,0
ID-003034,0.2419,0,Medium,Stable Value Seekers,4661.45,0
ID-000637,0.2419,0,Medium,High Value Loyalists,1711.21,0
ID-000015,0.2418,0,Medium,At-Risk New Customers,4279.56,1
ID-005603,0.2415,0,Medium,Low Engagement Churn Risk,3485.58,1
ID-003939,0.2415,0,Medium,Stable Value Seekers,3769.39,0
ID-002085,0.2413,0,Medium,Low Engagement Churn Risk,2611.65,0
ID-005513,0.2412,0,Medium,Stable Value Seekers,5559.26,0
ID-006564,0.2411,0,Medium,High Value Loyalists,2619.0,0
ID-004444,0.2411,0,Medium,High Value Loyalists,5060.93,1
ID-005686,0.241,0,Medium,Low Engagement Churn Risk,1558.44,1
ID-004217,0.2408,0,Medium,Low Engagement Churn Risk,3232.04,0
ID-002150,0.2408,0,Medium,High Value Loyalists,3704.93,0
ID-002050,0.2407,0,Medium,High Value Loyalists,2431.92,1
ID-000859,0.2407,0,Medium,Stable Value Seekers,5695.08,0
ID-003260,0.2406,0,Medium,Low Engagement Churn Risk,1780.31,0
ID-000851,0.2399,0,Medium,High Value Loyalists,4256.22,1
ID-006390,0.2398,0,Medium,Stable Value Seekers,6382.01,0
ID-005344,0.2398,0,Medium,High Value Loyalists,6375.68,0
ID-002305,0.2398,0,Medium,At-Risk New Customers,1217.89,0
ID-001457,0.2398,0,Medium,Stable Value Seekers,5527.96,0
ID-003650,0.2396,0,Medium,Low Engagement Churn Risk,2955.48,0
ID-004709,0.2395,0,Medium,Low Engagement Churn Risk,1672.47,0
ID-003190,0.2395,0,Medium,At-Risk New Customers,4463.38,0
ID-005471,0.2394,0,Medium,Low Engagement Churn Risk,5518.13,0
ID-006614,0.2394,0,Medium,High Value Loyalists,4845.67,0
ID-000342,0.2391,0,Medium,Stable Value Seekers,2589.97,0
ID-000115,0.2391,0,Medium,Low Engagement Churn Risk,6402.16,0
ID-004505,0.2391,0,Medium,Low Engagement Churn Risk,3629.17,0
ID-005688,0.2389,0,Medium,Low Engagement Churn Risk,1602.99,0
ID-000479,0.2388,0,Medium,High Value Loyalists,2580.32,1
ID-006125,0.2388,0,Medium,High Value Loyalists,3296.38,0
ID-005263,0.2388,0,Medium,Stable Value Seekers,5780.5,0
ID-002149,0.2384,0,Medium,Low Engagement Churn Risk,2181.33,0
ID-004914,0.2384,0,Medium,Stable Value Seekers,5778.38,0
ID-005515,0.2383,0,Medium,Low Engagement Churn Risk,1680.12,0
ID-001568,0.2382,0,Medium,At-Risk New Customers,1920.88,1
ID-001469,0.2382,0,Medium,Low Engagement Churn Risk,4131.76,0
ID-000925,0.2381,0,Medium,Low Engagement Churn Risk,3506.28,0
ID-001235,0.2377,0,Medium,Stable Value Seekers,4590.79,1
ID-001565,0.2377,0,Medium,Low Engagement Churn Risk,2769.79,1
ID-006634,0.2376,0,Medium,Stable Value Seekers,4139.87,0
ID-003968,0.2375,0,Medium,Low Engagement Churn Risk,2887.2,1
ID-005229,0.2373,0,Medium,At-Risk New Customers,4209.59,0
ID-003874,0.2373,0,Medium,Stable Value Seekers,6012.67,1
ID-001554,0.2371,0,Medium,Low Engagement Churn Risk,2174.81,0
ID-004063,0.237,0,Medium,Low Engagement Churn Risk,5500.71,0
ID-002311,0.2369,0,Medium,High Value Loyalists,1893.19,1
ID-006579,0.2368,0,Medium,High Value Loyalists,2892.87,0
ID-003257,0.2367,0,Medium,High Value Loyalists,5477.49,0
ID-005671,0.2366,0,Medium,Stable Value Seekers,5519.26,0
ID-001058,0.2365,0,Medium,Stable Value Seekers,5093.83,0
ID-004321,0.2364,0,Medium,Low Engagement Churn Risk,4038.89,0
ID-005976,0.2363,0,Medium,High Value Loyalists,1836.71,1
ID-004014,0.236,0,Medium,High Value Loyalists,4339.84,1
ID-006951,0.2358,0,Medium,At-Risk New Customers,5005.07,1
ID-000583,0.2353,0,Medium,At-Risk New Customers,1205.61,0
ID-006877,0.2351,0,Medium,Low Engagement Churn Risk,4288.72,0
ID-004643,0.2351,0,Medium,Low Engagement Churn Risk,3506.64,0
ID-000848,0.2351,0,Medium,At-Risk New Customers,3389.42,0
ID-005234,0.2349,0,Medium,High Value Loyalists,2076.73,0
ID-000011,0.2348,0,Medium,Low Engagement Churn Risk,1877.92,0
ID-004675,0.2348,0,Medium,High Value Loyalists,6515.65,0
ID-001611,0.2348,0,Medium,High Value Loyalists,4796.55,0
ID-006131,0.2347,0,Medium,High Value Loyalists,2522.93,0
ID-005116,0.2345,0,Medium,Low Engagement Churn Risk,4751.46,0
ID-003519,0.2345,0,Medium,High Value Loyalists,2754.32,1
ID-001726,0.2343,0,Medium,Stable Value Seekers,2906.07,0
ID-001838,0.2343,0,Medium,Stable Value Seekers,4222.77,1
ID-000780,0.2343,0,Medium,Low Engagement Churn Risk,3037.43,1
ID-005862,0.2343,0,Medium,Low Engagement Churn Risk,5011.82,1
ID-001414,0.2341,0,Medium,Stable Value Seekers,6502.11,1
ID-002451,0.234,0,Medium,Low Engagement Churn Risk,1948.55,1
ID-006792,0.2339,0,Medium,At-Risk New Customers,1954.06,0
ID-000837,0.2339,0,Medium,Low Engagement Churn Risk,2414.92,1
ID-005837,0.2338,0,Medium,High Value Loyalists,2523.69,0
ID-000025,0.2337,0,Medium,Low Engagement Churn Risk,3482.72,0
ID-000810,0.2337,0,Medium,Stable Value Seekers,6171.85,0
ID-006082,0.2337,0,Medium,Stable Value Seekers,3301.47,0
ID-001669,0.2336,0,Medium,Stable Value Seekers,4927.89,0
ID-001793,0.2334,0,Medium,High Value Loyalists,2858.52,0
ID-002092,0.2332,0,Medium,At-Risk New Customers,1194.87,0
ID-005679,0.2332,0,Medium,Low Engagement Churn Risk,5217.87,1
ID-002625,0.2331,0,Medium,Low Engagement Churn Risk,5368.39,0
ID-004364,0.233,0,Medium,Stable Value Seekers,5367.44,0
ID-005929,0.2329,0,Medium,High Value Loyalists,4762.48,0
ID-003007,0.2328,0,Medium,At-Risk New Customers,4083.74,0
ID-006774,0.2326,0,Medium,Stable Value Seekers,3431.2,1
ID-004764,0.2326,0,Medium,At-Risk New Customers,2814.68,0
ID-003416,0.2325,0,Medium,At-Risk New Customers,2748.85,1
ID-001257,0.2324,0,Medium,High Value Loyalists,3164.95,0
ID-002998,0.2324,0,Medium,Stable Value Seekers,4213.75,0
ID-002970,0.2324,0,Medium,Stable Value Seekers,3557.97,1
ID-000290,0.2323,0,Medium,High Value Loyalists,3092.11,1
ID-005291,0.2322,0,Medium,At-Risk New Customers,3499.22,0
ID-006316,0.2321,0,Medium,Low Engagement Churn Risk,1404.45,0
ID-004453,0.2318,0,Medium,Stable Value Seekers,6250.59,0
ID-005727,0.2318,0,Medium,Low Engagement Churn Risk,3716.08,0
ID-002713,0.2318,0,Medium,Low Engagement Churn Risk,1979.77,1
ID-003668,0.2317,0,Medium,High Value Loyalists,2410.39,1
ID-004426,0.2317,0,Medium,Low Engagement Churn Risk,2920.4,1
ID-005466,0.2316,0,Medium,Low Engagement Churn Risk,999.86,1
ID-005394,0.2316,0,Medium,Stable Value Seekers,6081.87,0
ID-001505,0.2315,0,Medium,Low Engagement Churn Risk,5186.12,0
ID-004647,0.2315,0,Medium,Low Engagement Churn Risk,2149.85,0
ID-005633,0.2315,0,Medium,Low Engagement Churn Risk,3934.4,0
ID-003279,0.2314,0,Medium,Stable Value Seekers,6023.5,0
ID-002414,0.2313,0,Medium,Low Engagement Churn Risk,2802.7,0
ID-002564,0.2313,0,Medium,High Value Loyalists,6294.59,0
ID-002010,0.2312,0,Medium,Low Engagement Churn Risk,2290.29,1
ID-000914,0.2311,0,Medium,High Value Loyalists,3111.7,0
ID-004724,0.2311,0,Medium,High Value Loyalists,4893.86,0
ID-005087,0.2309,0,Medium,Stable Value Seekers,2855.65,0
ID-005829,0.2308,0,Medium,High Value Loyalists,2468.19,0
ID-006155,0.2304,0,Medium,Low Engagement Churn Risk,2245.05,1
ID-004779,0.2304,0,Medium,High Value Loyalists,2655.03,0
ID-005272,0.2304,0,Medium,Low Engagement Churn Risk,4545.86,1
ID-004302,0.2303,0,Medium,Stable Value Seekers,1656.4,0
ID-006159,0.2302,0,Medium,Low Engagement Churn Risk,3649.15,0
ID-004744,0.2301,0,Medium,High Value Loyalists,5391.72,0
ID-000348,0.23,0,Medium,Low Engagement Churn Risk,2602.74,0
ID-003216,0.23,0,Medium,High Value Loyalists,5565.03,0
ID-007008,0.2299,0,Medium,Low Engagement Churn Risk,1650.71,0
ID-002957,0.2298,0,Medium,Low Engagement Churn Risk,3309.37,0
ID-002860,0.2298,0,Medium,High Value Loyalists,1108.24,0
ID-005621,0.2297,0,Medium,Low Engagement Churn Risk,2151.23,0
ID-004749,0.2297,0,Medium,Stable Value Seekers,6089.82,1
ID-006663,0.2296,0,Medium,Low Engagement Churn Risk,4101.44,0
ID-001478,0.2295,0,Medium,Stable Value Seekers,4818.06,0
ID-005820,0.2295,0,Medium,High Value Loyalists,5982.77,1
ID-006490,0.2294,0,Medium,High Value Loyalists,4567.34,1
ID-003499,0.2291,0,Medium,High Value Loyalists,1635.26,0
ID-000814,0.229,0,Medium,Low Engagement Churn Risk,1579.81,0
ID-000853,0.229,0,Medium,Stable Value Seekers,3737.83,0
ID-002540,0.2289,0,Medium,Stable Value Seekers,2715.16,0
ID-003367,0.2289,0,Medium,Stable Value Seekers,4558.61,0
ID-000856,0.2289,0,Medium,Low Engagement Churn Risk,3753.61,0
ID-001778,0.2288,0,Medium,Stable Value Seekers,5894.27,0
ID-005810,0.2288,0,Medium,Stable Value Seekers,5883.43,1
ID-003626,0.2286,0,Medium,At-Risk New Customers,1109.96,1
ID-000958,0.2286,0,Medium,Stable Value Seekers,4659.34,0
ID-003232,0.2286,0,Medium,Low Engagement Churn Risk,2511.68,1
ID-006389,0.2285,0,Medium,Low Engagement Churn Risk,5851.05,0
ID-003950,0.2285,0,Medium,At-Risk New Customers,4917.11,0
ID-000133,0.2283,0,Medium,High Value Loyalists,2877.75,1
ID-000339,0.2283,0,Medium,Stable Value Seekers,6402.41,0
ID-004846,0.2283,0,Medium,Stable Value Seekers,2832.42,0
ID-002525,0.2282,0,Medium,Low Engagement Churn Risk,2392.18,0
ID-001025,0.2282,0,Medium,Low Engagement Churn Risk,2048.26,0
ID-000573,0.2282,0,Medium,Low Engagement Churn Risk,1708.78,0
ID-002280,0.228,0,Medium,Stable Value Seekers,3578.13,0
ID-004068,0.2279,0,Medium,Low Engagement Churn Risk,4762.81,1
ID-002153,0.2278,0,Medium,At-Risk New Customers,1633.74,0
ID-003008,0.2278,0,Medium,Stable Value Seekers,2662.91,1
ID-002213,0.2278,0,Medium,Stable Value Seekers,4816.82,0
ID-006478,0.2276,0,Medium,Stable Value Seekers,5646.15,0
ID-002888,0.2276,0,Medium,At-Risk New Customers,5229.01,1
ID-006294,0.2276,0,Medium,At-Risk New Customers,2286.19,1
ID-002015,0.2276,0,Medium,High Value Loyalists,5932.24,0
ID-004152,0.2276,0,Medium,Low Engagement Churn Risk,4560.87,0
ID-006771,0.2275,0,Medium,Low Engagement Churn Risk,6165.31,1
ID-005620,0.2275,0,Medium,Low Engagement Churn Risk,3553.06,0
ID-003127,0.2274,0,Medium,Stable Value Seekers,3946.87,0
ID-004726,0.2274,0,Medium,Stable Value Seekers,5519.47,0
ID-003348,0.2273,0,Medium,High Value Loyalists,5709.57,0
ID-003945,0.2272,0,Medium,Low Engagement Churn Risk,2880.66,0
ID-005319,0.2272,0,Medium,Stable Value Seekers,6069.13,1
ID-002839,0.2271,0,Medium,Low Engagement Churn Risk,1466.65,0
ID-000279,0.227,0,Medium,At-Risk New Customers,2668.18,0
ID-002035,0.2269,0,Medium,High Value Loyalists,6382.32,1
ID-005509,0.2268,0,Medium,Stable Value Seekers,3743.9,0
ID-004841,0.2267,0,Medium,Low Engagement Churn Risk,5505.13,1
ID-004385,0.2267,0,Medium,Stable Value Seekers,5316.26,1
ID-004230,0.2267,0,Medium,High Value Loyalists,6037.94,0
ID-003077,0.2266,0,Medium,At-Risk New Customers,1690.52,1
ID-000694,0.2266,0,Medium,Low Engagement Churn Risk,5946.98,0
ID-001480,0.2265,0,Medium,Low Engagement Churn Risk,5484.33,1
ID-002185,0.2263,0,Medium,High Value Loyalists,3693.28,0
ID-006998,0.2262,0,Medium,High Value Loyalists,2261.3,0
ID-002815,0.2262,0,Medium,High Value Loyalists,5976.19,1
ID-002942,0.2261,0,Medium,High Value Loyalists,4444.65,0
ID-001617,0.2261,0,Medium,Stable Value Seekers,3775.05,0
ID-004055,0.226,0,Medium,Stable Value Seekers,4893.86,0
ID-004570,0.2259,0,Medium,Low Engagement Churn Risk,1711.75,0
ID-005297,0.2258,0,Medium,Stable Value Seekers,2678.91,0
ID-005518,0.2258,0,Medium,Low Engagement Churn Risk,989.76,0
ID-006475,0.2258,0,Medium,Stable Value Seekers,2036.51,0
ID-000459,0.2257,0,Medium,Low Engagement Churn Risk,2506.61,0
ID-004432,0.2255,0,Medium,High Value Loyalists,1806.68,0
ID-003134,0.2255,0,Medium,Low Engagement Churn Risk,5521.76,0
ID-003212,0.2255,0,Medium,Stable Value Seekers,2538.98,0
ID-003299,0.2255,0,Medium,High Value Loyalists,2761.95,0
ID-002940,0.2254,0,Medium,Low Engagement Churn Risk,4671.02,1
ID-006057,0.2254,0,Medium,At-Risk New Customers,1436.3,0
ID-000320,0.2253,0,Medium,Low Engagement Churn Risk,4631.07,1
ID-000453,0.2252,0,Medium,Low Engagement Churn Risk,4028.92,0
ID-000845,0.2252,0,Medium,Stable Value Seekers,4154.85,1
ID-002819,0.2251,0,Medium,High Value Loyalists,6077.62,0
ID-001418,0.225,0,Medium,Low Engagement Churn Risk,4393.01,0
ID-000306,0.2249,0,Medium,Low Engagement Churn Risk,3868.15,0
ID-004699,0.2249,0,Medium,High Value Loyalists,2563.66,1
ID-003933,0.2249,0,Medium,Stable Value Seekers,2614.89,0
ID-004833,0.2249,0,Medium,Low Engagement Churn Risk,2346.57,0
ID-006605,0.2248,0,Medium,Stable Value Seekers,3222.16,0
ID-006445,0.2247,0,Medium,High Value Loyalists,3038.66,0
ID-005971,0.2247,0,Medium,Low Engagement Churn Risk,2202.98,1
ID-000211,0.2246,0,Medium,At-Risk New Customers,5768.38,0
ID-005972,0.2244,0,Medium,Stable Value Seekers,2141.89,1
ID-002936,0.2244,0,Medium,High Value Loyalists,6181.01,0
ID-004142,0.2243,0,Medium,At-Risk New Customers,5428.6,1
ID-003962,0.2242,0,Medium,Stable Value Seekers,3478.78,0
ID-000266,0.224,0,Medium,High Value Loyalists,4240.75,0
ID-000372,0.224,0,Medium,Stable Value Seekers,3477.32,1
ID-006585,0.2238,0,Medium,High Value Loyalists,3217.87,0
ID-002374,0.2237,0,Medium,At-Risk New Customers,5067.98,1
ID-001521,0.2236,0,Medium,At-Risk New Customers,5915.86,1
ID-006109,0.2235,0,Medium,At-Risk New Customers,4164.86,0
ID-006225,0.2235,0,Medium,High Value Loyalists,2030.28,0
ID-006249,0.2235,0,Medium,Stable Value Seekers,4394.79,0
ID-006416,0.2235,0,Medium,Low Engagement Churn Risk,5227.0,0
ID-005868,0.2235,0,Medium,At-Risk New Customers,2018.27,0
ID-006183,0.2234,0,Medium,Low Engagement Churn Risk,5438.23,0
ID-005508,0.2233,0,Medium,High Value Loyalists,1121.36,0
ID-006974,0.2233,0,Medium,High Value Loyalists,1149.54,0
ID-000660,0.2232,0,Medium,Low Engagement Churn Risk,5349.15,1
ID-000003,0.2231,0,Medium,At-Risk New Customers,4741.75,0
ID-002816,0.223,0,Medium,Low Engagement Churn Risk,4357.89,0
ID-000158,0.223,0,Medium,High Value Loyalists,4489.39,1
ID-004521,0.2229,0,Medium,Stable Value Seekers,2772.73,0
ID-004344,0.2228,0,Medium,Stable Value Seekers,5024.45,1
ID-003044,0.2228,0,Medium,High Value Loyalists,3532.6,0
ID-005035,0.2227,0,Medium,Low Engagement Churn Risk,4988.41,0
ID-002857,0.2227,0,Medium,Stable Value Seekers,3142.86,1
ID-002785,0.2225,0,Medium,Low Engagement Churn Risk,1166.0,0
ID-006464,0.2225,0,Medium,High Value Loyalists,4096.22,0
ID-004586,0.2225,0,Medium,At-Risk New Customers,6036.24,0
ID-004174,0.2224,0,Medium,Stable Value Seekers,5410.49,0
ID-005756,0.2222,0,Medium,At-Risk New Customers,2095.63,0
ID-006097,0.2222,0,Medium,Low Engagement Churn Risk,3437.54,0
ID-006120,0.2221,0,Medium,Stable Value Seekers,4119.84,0
ID-003413,0.2221,0,Medium,Low Engagement Churn Risk,5635.86,1
ID-005734,0.222,0,Medium,At-Risk New Customers,2296.62,0
ID-002529,0.222,0,Medium,High Value Loyalists,3067.84,0
ID-004035,0.2219,0,Medium,Low Engagement Churn Risk,4556.67,0
ID-001402,0.2219,0,Medium,Low Engagement Churn Risk,4459.98,0
ID-005429,0.2218,0,Medium,Stable Value Seekers,4087.75,0
ID-001833,0.2218,0,Medium,High Value Loyalists,1950.86,0
ID-001056,0.2218,0,Medium,Stable Value Seekers,5855.84,0
ID-005542,0.2217,0,Medium,Low Engagement Churn Risk,4397.97,1
ID-001344,0.2217,0,Medium,Low Engagement Churn Risk,5105.9,0
ID-002855,0.2216,0,Medium,Stable Value Seekers,3303.17,1
ID-003298,0.2216,0,Medium,Stable Value Seekers,4958.66,0
ID-005452,0.2214,0,Medium,Low Engagement Churn Risk,3495.5,0
ID-001096,0.2214,0,Medium,Stable Value Seekers,6069.32,1
ID-002021,0.2212,0,Medium,Low Engagement Churn Risk,2936.86,0
ID-004588,0.2212,0,Medium,Low Engagement Churn Risk,1018.61,0
ID-000623,0.2211,0,Medium,Stable Value Seekers,3278.81,0
ID-002034,0.221,0,Medium,Stable Value Seekers,3533.16,1
ID-000223,0.221,0,Medium,High Value Loyalists,5681.95,0
ID-001665,0.2208,0,Medium,Low Engagement Churn Risk,2329.61,0
ID-003606,0.2208,0,Medium,High Value Loyalists,4685.96,0
ID-005511,0.2208,0,Medium,Low Engagement Churn Risk,3964.94,0
ID-002766,0.2206,0,Medium,High Value Loyalists,2990.79,1
ID-002615,0.2204,0,Medium,Stable Value Seekers,4625.35,0
ID-002368,0.2204,0,Medium,Low Engagement Churn Risk,2316.59,1
ID-006408,0.2204,0,Medium,High Value Loyalists,2731.33,0
ID-006430,0.2203,0,Medium,Low Engagement Churn Risk,6258.97,0
ID-006568,0.2202,0,Medium,Low Engagement Churn Risk,1085.14,1
ID-002481,0.22,0,Medium,Low Engagement Churn Risk,5477.34,0
ID-006519,0.22,0,Medium,Stable Value Seekers,5859.03,0
ID-003572,0.2199,0,Medium,Low Engagement Churn Risk,5373.48,1
ID-004796,0.2198,0,Medium,Stable Value Seekers,2911.73,1
ID-002383,0.2197,0,Medium,High Value Loyalists,1418.54,0
ID-005938,0.2197,0,Medium,Low Engagement Churn Risk,2169.22,0
ID-003771,0.2196,0,Medium,Stable Value Seekers,4514.05,0
ID-002437,0.2195,0,Medium,Stable Value Seekers,3751.62,0
ID-000161,0.2194,0,Medium,High Value Loyalists,2426.21,0
ID-004932,0.2192,0,Medium,Stable Value Seekers,2036.31,0
ID-000202,0.2192,0,Medium,Low Engagement Churn Risk,2405.54,0
ID-005579,0.2192,0,Medium,Low Engagement Churn Risk,6249.43,0
ID-001779,0.2192,0,Medium,High Value Loyalists,2237.3,1
ID-006851,0.2192,0,Medium,Low Engagement Churn Risk,3377.39,0
ID-002060,0.2191,0,Medium,Low Engagement Churn Risk,3642.67,0
ID-005251,0.219,0,Medium,Stable Value Seekers,3463.0,0
ID-002431,0.2189,0,Medium,High Value Loyalists,2711.39,1
ID-004171,0.2187,0,Medium,Low Engagement Churn Risk,4390.39,0
ID-002689,0.2186,0,Medium,Stable Value Seekers,2947.42,0
ID-006596,0.2186,0,Medium,Low Engagement Churn Risk,2760.91,0
ID-005371,0.2184,0,Medium,Stable Value Seekers,3430.1,1
ID-000826,0.2184,0,Medium,Low Engagement Churn Risk,3061.28,0
ID-006325,0.2183,0,Medium,Low Engagement Churn Risk,5024.49,0
ID-001767,0.2183,0,Medium,Low Engagement Churn Risk,4555.09,1
ID-005450,0.2183,0,Medium,Low Engagement Churn Risk,4572.97,1
ID-005457,0.2183,0,Medium,Low Engagement Churn Risk,5760.34,1
ID-003508,0.2181,0,Medium,Low Engagement Churn Risk,1463.44,0
ID-003562,0.218,0,Medium,Stable Value Seekers,6167.88,0
ID-004700,0.2179,0,Medium,Low Engagement Churn Risk,3309.23,0
ID-001796,0.2179,0,Medium,High Value Loyalists,4958.75,0
ID-001621,0.2179,0,Medium,Low Engagement Churn Risk,4636.22,1
ID-003129,0.2178,0,Medium,Low Engagement Churn Risk,2083.14,1
ID-001317,0.2177,0,Medium,Stable Value Seekers,1244.0,0
ID-002466,0.2177,0,Medium,Low Engagement Churn Risk,5847.15,0
ID-000179,0.2177,0,Medium,Stable Value Seekers,5956.65,0
ID-001637,0.2176,0,Medium,Low Engagement Churn Risk,5868.21,0
ID-004732,0.2174,0,Medium,Low Engagement Churn Risk,3223.33,0
ID-002726,0.2174,0,Medium,High Value Loyalists,3644.11,0
ID-000944,0.2173,0,Medium,Low Engagement Churn Risk,2903.25,0
ID-001966,0.2173,0,Medium,Stable Value Seekers,6117.41,0
ID-003489,0.2173,0,Medium,Low Engagement Churn Risk,5762.86,0
ID-005113,0.217,0,Medium,Low Engagement Churn Risk,1476.96,0
ID-001912,0.217,0,Medium,Low Engagement Churn Risk,3923.8,0
ID-003045,0.2169,0,Medium,Low Engagement Churn Risk,2571.84,0
ID-005307,0.2169,0,Medium,At-Risk New Customers,1667.78,0
ID-000930,0.2167,0,Medium,Low Engagement Churn Risk,3950.34,0
ID-001093,0.2165,0,Medium,Low Engagement Churn Risk,3889.38,0
ID-003538,0.2165,0,Medium,High Value Loyalists,1248.63,1
ID-006489,0.2165,0,Medium,Low Engagement Churn Risk,4839.59,1
ID-004614,0.2164,0,Medium,High Value Loyalists,5513.83,0
ID-001614,0.2163,0,Medium,Low Engagement Churn Risk,969.18,1
ID-005678,0.2163,0,Medium,Low Engagement Churn Risk,1400.32,1
ID-004123,0.2163,0,Medium,Stable Value Seekers,2223.45,0
ID-001492,0.2162,0,Medium,High Value Loyalists,3629.12,0
ID-003317,0.2161,0,Medium,High Value Loyalists,6545.73,0
ID-006213,0.216,0,Medium,Low Engagement Churn Risk,2018.24,0
ID-006360,0.216,0,Medium,High Value Loyalists,6075.92,1
ID-002122,0.2159,0,Medium,Stable Value Seekers,3409.94,0
ID-005303,0.2159,0,Medium,At-Risk New Customers,5582.16,0
ID-000466,0.2158,0,Medium,Low Engagement Churn Risk,1190.67,0
ID-002471,0.2158,0,Medium,At-Risk New Customers,5101.47,0
ID-001575,0.2157,0,Medium,High Value Loyalists,6757.71,1
ID-003545,0.2157,0,Medium,Stable Value Seekers,6259.6,0
ID-003641,0.2154,0,Medium,High Value Loyalists,2782.72,0
ID-003902,0.2152,0,Medium,Low Engagement Churn Risk,4672.88,0
ID-000074,0.2152,0,Medium,High Value Loyalists,4533.34,0
ID-000276,0.2151,0,Medium,Stable Value Seekers,4257.7,0
ID-001770,0.2148,0,Medium,At-Risk New Customers,927.36,0
ID-005499,0.2147,0,Medium,High Value Loyalists,2638.6,0
ID-001157,0.2147,0,Medium,Low Engagement Churn Risk,5742.01,1
ID-002384,0.2145,0,Medium,At-Risk New Customers,4276.91,0
ID-003059,0.2144,0,Medium,At-Risk New Customers,3051.12,0
ID-003025,0.2143,0,Medium,Low Engagement Churn Risk,1799.04,0
ID-005361,0.214,0,Medium,Stable Value Seekers,4335.31,0
ID-003775,0.214,0,Medium,Low Engagement Churn Risk,2956.44,0
ID-000207,0.214,0,Medium,Stable Value Seekers,5946.39,0
ID-005101,0.2139,0,Medium,High Value Loyalists,1060.77,0
ID-006014,0.2139,0,Medium,Stable Value Seekers,4697.62,0
ID-000034,0.2139,0,Medium,High Value Loyalists,2580.27,0
ID-005156,0.2139,0,Medium,Stable Value Seekers,3060.72,0
ID-000281,0.2138,0,Medium,Low Engagement Churn Risk,1993.05,0
ID-007003,0.2138,0,Medium,Stable Value Seekers,5367.44,0
ID-005120,0.2138,0,Medium,Stable Value Seekers,4182.36,0
ID-006412,0.2137,0,Medium,Low Engagement Churn Risk,3967.69,0
ID-006628,0.2137,0,Medium,Low Engagement Churn Risk,1007.89,0
ID-001954,0.2137,0,Medium,Stable Value Seekers,3613.04,0
ID-000064,0.2136,0,Medium,Stable Value Seekers,3578.48,0
ID-004372,0.2136,0,Medium,At-Risk New Customers,1489.91,0
ID-001653,0.2136,0,Medium,High Value Loyalists,4853.64,0
ID-001072,0.2134,0,Medium,At-Risk New Customers,1411.74,1
ID-006172,0.2134,0,Medium,Low Engagement Churn Risk,5492.19,1
ID-005570,0.2133,0,Medium,Low Engagement Churn Risk,3914.89,1
ID-003901,0.2131,0,Medium,Low Engagement Churn Risk,1083.64,0
ID-002413,0.2129,0,Medium,Low Engagement Churn Risk,970.25,0
ID-002672,0.2129,0,Medium,At-Risk New Customers,2344.56,0
ID-002407,0.2129,0,Medium,Low Engagement Churn Risk,5517.1,0
ID-003187,0.2129,0,Medium,High Value Loyalists,1265.53,0
ID-005956,0.2128,0,Medium,Stable Value Seekers,5138.58,1
ID-003783,0.2126,0,Medium,Low Engagement Churn Risk,4666.4,1
ID-005957,0.2125,0,Medium,At-Risk New Customers,1330.42,0
ID-003801,0.2125,0,Medium,Stable Value Seekers,6129.36,0
ID-005104,0.2125,0,Medium,Low Engagement Churn Risk,4194.9,0
ID-000601,0.2124,0,Medium,High Value Loyalists,1241.44,0
ID-002662,0.2123,0,Medium,Low Engagement Churn Risk,5029.43,0
ID-006441,0.2122,0,Medium,At-Risk New Customers,2654.11,0
ID-005373,0.2122,0,Medium,Stable Value Seekers,4732.98,0
ID-004392,0.212,0,Medium,Stable Value Seekers,5689.2,0
ID-003267,0.212,0,Medium,At-Risk New Customers,1758.55,0
ID-004835,0.2118,0,Medium,Stable Value Seekers,2328.12,0
ID-002228,0.2118,0,Medium,Stable Value Seekers,4819.65,0
ID-006353,0.2117,0,Medium,Low Engagement Churn Risk,4473.57,1
ID-006849,0.2117,0,Medium,Low Engagement Churn Risk,5067.29,0
ID-001443,0.2117,0,Medium,Low Engagement Churn Risk,1201.61,0
ID-001481,0.2115,0,Medium,Stable Value Seekers,3443.66,0
ID-005794,0.2115,0,Medium,Low Engagement Churn Risk,3658.27,0
ID-006036,0.2113,0,Medium,Low Engagement Churn Risk,3238.38,0
ID-000916,0.2113,0,Medium,Low Engagement Churn Risk,2840.54,0
ID-002002,0.2111,0,Medium,Stable Value Seekers,1896.77,1
ID-000659,0.2111,0,Medium,Stable Value Seekers,3617.0,0
ID-002370,0.2111,0,Medium,Low Engagement Churn Risk,5324.12,0
ID-001462,0.211,0,Medium,Stable Value Seekers,6009.83,0
ID-003642,0.211,0,Medium,Low Engagement Churn Risk,5771.95,0
ID-000233,0.2109,0,Medium,Low Engagement Churn Risk,1960.59,0
ID-004926,0.2108,0,Medium,High Value Loyalists,1876.55,0
ID-001149,0.2108,0,Medium,Stable Value Seekers,6258.54,0
ID-002096,0.2104,0,Medium,Low Engagement Churn Risk,2090.15,0
ID-002396,0.2104,0,Medium,Low Engagement Churn Risk,942.67,0
ID-000955,0.2103,0,Medium,High Value Loyalists,3657.28,0
ID-003599,0.2103,0,Medium,High Value Loyalists,6399.53,1
ID-000166,0.2102,0,Medium,Stable Value Seekers,3049.95,0
ID-003764,0.2101,0,Medium,Low Engagement Churn Risk,4693.39,0
ID-001705,0.2097,0,Medium,Low Engagement Churn Risk,1078.64,1
ID-004294,0.2096,0,Medium,Stable Value Seekers,4994.69,1
ID-004127,0.2096,0,Medium,Low Engagement Churn Risk,3230.35,1
ID-006942,0.2096,0,Medium,Low Engagement Churn Risk,3470.84,0
ID-004264,0.2094,0,Medium,Stable Value Seekers,6079.51,0
ID-000208,0.2091,0,Medium,High Value Loyalists,3761.04,0
ID-001468,0.2091,0,Medium,High Value Loyalists,3426.89,0
ID-004843,0.2091,0,Medium,Stable Value Seekers,2957.05,1
ID-005827,0.209,0,Medium,Low Engagement Churn Risk,2698.77,0
ID-006163,0.2087,0,Medium,At-Risk New Customers,4951.23,0
ID-006314,0.2087,0,Medium,Low Engagement Churn Risk,1935.73,0
ID-003371,0.2086,0,Medium,At-Risk New Customers,3705.28,1
ID-000710,0.2086,0,Medium,Stable Value Seekers,3432.9,0
ID-005315,0.2085,0,Medium,Stable Value Seekers,3614.21,1
ID-000502,0.2084,0,Medium,Stable Value Seekers,1345.4,0
ID-003891,0.2083,0,Medium,Low Engagement Churn Risk,4261.65,0
ID-002547,0.2083,0,Medium,High Value Loyalists,2283.35,0
ID-003619,0.2083,0,Medium,High Value Loyalists,3586.41,0
ID-000168,0.208,0,Medium,Low Engagement Churn Risk,4009.76,0
ID-005855,0.2079,0,Medium,Low Engagement Churn Risk,6578.83,1
ID-006219,0.2078,0,Medium,High Value Loyalists,2884.94,1
ID-002006,0.2078,0,Medium,At-Risk New Customers,2917.53,0
ID-000707,0.2077,0,Medium,Stable Value Seekers,3438.59,0
ID-001057,0.2075,0,Medium,At-Risk New Customers,4080.57,1
ID-003451,0.2075,0,Medium,Low Engagement Churn Risk,1092.76,0
ID-002999,0.2075,0,Medium,Stable Value Seekers,4838.22,0
ID-004176,0.2073,0,Medium,Low Engagement Churn Risk,5226.1,0
ID-004889,0.2071,0,Medium,Stable Value Seekers,4249.82,0
ID-000650,0.207,0,Medium,Stable Value Seekers,4945.4,1
ID-003530,0.207,0,Medium,Stable Value Seekers,4945.93,0
ID-005219,0.2069,0,Medium,Low Engagement Churn Risk,3099.08,0
ID-000652,0.2069,0,Medium,High Value Loyalists,3215.93,0
ID-004094,0.2068,0,Medium,Low Engagement Churn Risk,1113.27,0
ID-000677,0.2066,0,Medium,High Value Loyalists,6313.78,1
ID-000118,0.2065,0,Medium,Low Engagement Churn Risk,2051.94,0
ID-001412,0.2064,0,Medium,Stable Value Seekers,3835.45,0
ID-005076,0.2063,0,Medium,Low Engagement Churn Risk,3946.66,0
ID-003535,0.206,0,Medium,At-Risk New Customers,1617.58,0
ID-001089,0.2058,0,Medium,Low Engagement Churn Risk,1239.89,1
ID-000475,0.2058,0,Medium,At-Risk New Customers,2532.63,0
ID-001880,0.2058,0,Medium,Stable Value Seekers,3138.32,0
ID-004272,0.2057,0,Medium,Low Engagement Churn Risk,3348.22,0
ID-006801,0.2055,0,Medium,High Value Loyalists,2736.83,1
ID-006004,0.2054,0,Medium,At-Risk New Customers,3701.75,0
ID-001325,0.2054,0,Medium,Low Engagement Churn Risk,2871.46,0
ID-000332,0.2053,0,Medium,Stable Value Seekers,4487.69,0
ID-003812,0.2052,0,Medium,High Value Loyalists,4438.21,0
ID-002983,0.2051,0,Medium,Low Engagement Churn Risk,3167.15,0
ID-002522,0.205,0,Medium,High Value Loyalists,5334.19,0
ID-000679,0.205,0,Medium,High Value Loyalists,3576.66,1
ID-001857,0.205,0,Medium,High Value Loyalists,5889.48,0
ID-005832,0.205,0,Medium,Low Engagement Churn Risk,4310.0,0
ID-006474,0.205,0,Medium,Stable Value Seekers,3955.89,0
ID-006407,0.2047,0,Medium,At-Risk New Customers,3771.64,0
ID-004481,0.2047,0,Medium,At-Risk New Customers,1896.66,0
ID-000504,0.2044,0,Medium,Low Engagement Churn Risk,3000.75,1
ID-006223,0.2044,0,Medium,High Value Loyalists,6812.35,0
ID-002302,0.2043,0,Medium,Low Engagement Churn Risk,2030.25,0
ID-000672,0.2042,0,Medium,Low Engagement Churn Risk,2499.32,0
ID-001533,0.2042,0,Medium,Low Engagement Churn Risk,3508.37,1
ID-004449,0.204,0,Medium,Low Engagement Churn Risk,2779.75,0
ID-003036,0.204,0,Medium,Stable Value Seekers,3343.62,0
ID-002923,0.204,0,Medium,Stable Value Seekers,3870.22,0
ID-001082,0.204,0,Medium,High Value Loyalists,2474.78,0
ID-000358,0.2038,0,Medium,Low Engagement Churn Risk,6107.46,1
ID-001026,0.2038,0,Medium,Stable Value Seekers,2113.24,0
ID-005997,0.2038,0,Medium,Low Engagement Churn Risk,1835.42,0
ID-006248,0.2038,0,Medium,High Value Loyalists,5554.51,1
ID-005140,0.2037,0,Medium,At-Risk New Customers,2119.95,0
ID-001830,0.2037,0,Medium,Low Engagement Churn Risk,5171.41,1
ID-004538,0.2036,0,Medium,Low Engagement Churn Risk,2409.54,0
ID-005463,0.2036,0,Medium,Low Engagement Churn Risk,5300.77,0
ID-001878,0.2036,0,Medium,Stable Value Seekers,4944.33,0
ID-001020,0.2035,0,Medium,Low Engagement Churn Risk,1126.28,0
ID-006818,0.2034,0,Medium,Low Engagement Churn Risk,5846.35,0
ID-005652,0.2034,0,Medium,High Value Loyalists,2026.15,0
ID-005190,0.2033,0,Medium,Low Engagement Churn Risk,2007.77,0
ID-006693,0.2029,0,Medium,Low Engagement Churn Risk,1264.52,1
ID-001211,0.2029,0,Medium,Low Engagement Churn Risk,1789.54,0
ID-000229,0.2028,0,Medium,Stable Value Seekers,3859.46,1
ID-006178,0.2027,0,Medium,Stable Value Seekers,5521.59,0
ID-001111,0.2025,0,Medium,Low Engagement Churn Risk,1536.07,0
ID-002023,0.2025,0,Medium,Low Engagement Churn Risk,2108.62,1
ID-003537,0.2024,0,Medium,At-Risk New Customers,1423.13,0
ID-005184,0.2023,0,Medium,Low Engagement Churn Risk,4293.73,0
ID-002091,0.2023,0,Medium,Low Engagement Churn Risk,3624.83,1
ID-004807,0.2022,0,Medium,Low Engagement Churn Risk,3815.87,0
ID-001678,0.2022,0,Medium,Low Engagement Churn Risk,4469.37,1
ID-001171,0.2022,0,Medium,Low Engagement Churn Risk,3642.73,1
ID-003262,0.2019,0,Medium,High Value Loyalists,3563.15,0
ID-001578,0.2017,0,Medium,High Value Loyalists,4354.68,0
ID-003946,0.2017,0,Medium,Stable Value Seekers,2794.47,1
ID-005045,0.2016,0,Medium,Low Engagement Churn Risk,4933.42,0
ID-004817,0.2016,0,Medium,Stable Value Seekers,4540.04,0
ID-000204,0.2016,0,Medium,Low Engagement Churn Risk,2958.12,0
ID-000199,0.2015,0,Medium,At-Risk New Customers,2128.81,0
ID-002005,0.2015,0,Medium,Low Engagement Churn Risk,5713.06,0
ID-000917,0.2015,0,Medium,Low Engagement Churn Risk,5941.39,0
ID-004297,0.2014,0,Medium,Low Engagement Churn Risk,3184.67,0
ID-000429,0.2014,0,Medium,Low Engagement Churn Risk,6523.18,0
ID-006844,0.2014,0,Medium,Low Engagement Churn Risk,4146.49,0
ID-000532,0.2012,0,Medium,Low Engagement Churn Risk,4836.56,0
ID-004082,0.2011,0,Medium,Low Engagement Churn Risk,2200.62,0
ID-003338,0.2011,0,Medium,At-Risk New Customers,1061.86,1
ID-003259,0.2011,0,Medium,Stable Value Seekers,3725.63,1
ID-001011,0.2009,0,Medium,Low Engagement Churn Risk,1186.89,0
ID-004830,0.2009,0,Medium,Stable Value Seekers,1891.49,0
ID-001434,0.2008,0,Medium,Stable Value Seekers,1828.61,1
ID-003390,0.2007,0,Medium,Stable Value Seekers,4545.88,0
ID-005424,0.2007,0,Medium,Stable Value Seekers,6074.09,0
ID-000967,0.2006,0,Medium,High Value Loyalists,1723.8,0
ID-005651,0.2004,0,Medium,Low Engagement Churn Risk,1298.37,0
ID-002000,0.2003,0,Medium,Low Engagement Churn Risk,2355.9,0
ID-001747,0.2002,0,Medium,At-Risk New Customers,1872.1,0
ID-003274,0.2001,0,Medium,Low Engagement Churn Risk,3445.5,0
ID-000173,0.2,0,Medium,At-Risk New Customers,1069.89,0
ID-006429,0.2,0,Medium,Low Engagement Churn Risk,4777.53,0
ID-004488,0.2,0,Low,At-Risk New Customers,5699.37,0
ID-002257,0.2,0,Medium,Low Engagement Churn Risk,1394.08,1
ID-003980,0.1999,0,Low,Low Engagement Churn Risk,3715.25,0
ID-003474,0.1998,0,Low,Low Engagement Churn Risk,1229.49,1
ID-006308,0.1998,0,Low,Low Engagement Churn Risk,5898.67,1
ID-000334,0.1997,0,Low,Low Engagement Churn Risk,1824.57,0
ID-004373,0.1996,0,Low,Low Engagement Churn Risk,6446.17,0
ID-005599,0.1994,0,Low,Low Engagement Churn Risk,2047.38,0
ID-003727,0.1993,0,Low,High Value Loyalists,1643.06,1
ID-005110,0.1992,0,Low,Low Engagement Churn Risk,2284.38,0
ID-005849,0.1991,0,Low,Low Engagement Churn Risk,933.03,0
ID-005221,0.199,0,Low,Low Engagement Churn Risk,5697.3,0
ID-000224,0.1987,0,Low,At-Risk New Customers,3788.39,0
ID-006289,0.1987,0,Low,Low Engagement Churn Risk,4464.59,0
ID-006902,0.1986,0,Low,Stable Value Seekers,6209.73,0
ID-000234,0.1985,0,Low,At-Risk New Customers,5517.72,0
ID-001345,0.1983,0,Low,High Value Loyalists,2218.49,0
ID-006852,0.1983,0,Low,Low Engagement Churn Risk,5871.09,0
ID-005280,0.1983,0,Low,Low Engagement Churn Risk,1170.54,0
ID-005781,0.1981,0,Low,At-Risk New Customers,4239.39,0
ID-003235,0.1981,0,Low,Stable Value Seekers,3278.89,0
ID-004851,0.1979,0,Low,Low Engagement Churn Risk,4232.21,0
ID-003237,0.1979,0,Low,Low Engagement Churn Risk,4435.92,0
ID-001754,0.1978,0,Low,High Value Loyalists,1632.25,0
ID-007000,0.1978,0,Low,Low Engagement Churn Risk,4704.63,0
ID-002137,0.1977,0,Low,High Value Loyalists,1757.29,0
ID-005366,0.1977,0,Low,High Value Loyalists,4839.46,0
ID-002762,0.1976,0,Low,Stable Value Seekers,4285.46,0
ID-006549,0.1974,0,Low,High Value Loyalists,2473.84,0
ID-003892,0.1973,0,Low,Low Engagement Churn Risk,1808.47,0
ID-000159,0.1972,0,Low,High Value Loyalists,1698.23,0
ID-004877,0.1971,0,Low,At-Risk New Customers,3554.49,0
ID-004895,0.1971,0,Low,Low Engagement Churn Risk,4384.71,0
ID-002479,0.197,0,Low,At-Risk New Customers,4388.43,0
ID-005092,0.197,0,Low,Low Engagement Churn Risk,3472.32,1
ID-001868,0.1968,0,Low,High Value Loyalists,1448.17,0
ID-002737,0.1967,0,Low,Low Engagement Churn Risk,5706.94,0
ID-002220,0.1967,0,Low,At-Risk New Customers,5811.81,1
ID-002941,0.1966,0,Low,Stable Value Seekers,4098.08,1
ID-006141,0.1964,0,Low,Stable Value Seekers,3419.87,0
ID-004860,0.1963,0,Low,At-Risk New Customers,1572.69,1
ID-002727,0.1962,0,Low,Low Engagement Churn Risk,4818.74,1
ID-002381,0.1962,0,Low,Low Engagement Churn Risk,4614.68,0
ID-005161,0.1959,0,Low,At-Risk New Customers,5567.7,0
ID-001696,0.1959,0,Low,Low Engagement Churn Risk,4860.83,1
ID-001862,0.1959,0,Low,Low Engagement Churn Risk,3077.92,0
ID-001019,0.1958,0,Low,Low Engagement Churn Risk,3921.42,0
ID-007013,0.1956,0,Low,Stable Value Seekers,3133.52,1
ID-001501,0.1956,0,Low,Low Engagement Churn Risk,1461.28,0
ID-004474,0.1956,0,Low,At-Risk New Customers,2941.15,0
ID-006640,0.1955,0,Low,Low Engagement Churn Risk,3588.54,0
ID-003693,0.1955,0,Low,Stable Value Seekers,2341.91,0
ID-004273,0.1955,0,Low,At-Risk New Customers,5280.1,1
ID-006436,0.1954,0,Low,High Value Loyalists,1361.58,0
ID-001944,0.1954,0,Low,Low Engagement Churn Risk,1366.21,0
ID-002290,0.1954,0,Low,At-Risk New Customers,1454.47,0
ID-003915,0.1953,0,Low,At-Risk New Customers,5129.84,1
ID-000286,0.1953,0,Low,Low Engagement Churn Risk,2284.58,0
ID-004761,0.1952,0,Low,Low Engagement Churn Risk,4964.22,0
ID-005492,0.1952,0,Low,At-Risk New Customers,5902.83,0
ID-001449,0.1952,0,Low,Stable Value Seekers,2259.71,0
ID-000941,0.195,0,Low,Low Engagement Churn Risk,1742.66,0
ID-002636,0.1949,0,Low,At-Risk New Customers,1098.26,1
ID-003713,0.1949,0,Low,Low Engagement Churn Risk,4223.99,0
ID-003503,0.1948,0,Low,Low Engagement Churn Risk,6621.0,0
ID-001332,0.1948,0,Low,Stable Value Seekers,5750.38,0
ID-004659,0.1947,0,Low,Low Engagement Churn Risk,3311.81,0
ID-001881,0.1946,0,Low,Low Engagement Churn Risk,2644.91,0
ID-006361,0.1946,0,Low,Low Engagement Churn Risk,2846.07,0
ID-000893,0.1946,0,Low,High Value Loyalists,3608.58,1
ID-005555,0.1946,0,Low,Low Engagement Churn Risk,4179.62,1
ID-002721,0.1944,0,Low,At-Risk New Customers,984.26,0
ID-005994,0.1944,0,Low,At-Risk New Customers,1335.54,0
ID-002313,0.1943,0,Low,Low Engagement Churn Risk,3284.07,1
ID-001256,0.1943,0,Low,At-Risk New Customers,3560.88,1
ID-001426,0.1942,0,Low,Low Engagement Churn Risk,2364.84,0
ID-006190,0.1942,0,Low,At-Risk New Customers,6101.15,0
ID-004309,0.1942,0,Low,High Value Loyalists,2731.74,0
ID-005356,0.1941,0,Low,High Value Loyalists,2881.35,0
ID-005017,0.1941,0,Low,Stable Value Seekers,6248.29,0
ID-005980,0.1941,0,Low,At-Risk New Customers,5929.14,0
ID-000877,0.1939,0,Low,Low Engagement Churn Risk,3539.0,0
ID-003417,0.1938,0,Low,At-Risk New Customers,1987.59,0
ID-001699,0.1936,0,Low,High Value Loyalists,2309.56,0
ID-003224,0.1936,0,Low,High Value Loyalists,1340.87,1
ID-004207,0.1935,0,Low,High Value Loyalists,6789.3,0
ID-002767,0.1935,0,Low,High Value Loyalists,2414.21,0
ID-000076,0.1933,0,Low,At-Risk New Customers,5232.96,0
ID-000513,0.1933,0,Low,High Value Loyalists,5823.26,0
ID-005446,0.1933,0,Low,Low Engagement Churn Risk,4808.56,0
ID-000879,0.193,0,Low,Low Engagement Churn Risk,4198.64,1
ID-006804,0.193,0,Low,Stable Value Seekers,2188.58,0
ID-003681,0.193,0,Low,Low Engagement Churn Risk,1395.39,0
ID-001823,0.193,0,Low,Low Engagement Churn Risk,4442.59,0
ID-002391,0.1927,0,Low,Low Engagement Churn Risk,1766.27,0
ID-003938,0.1925,0,Low,Low Engagement Churn Risk,3113.75,0
ID-003253,0.1922,0,Low,Low Engagement Churn Risk,1532.39,1
ID-005313,0.192,0,Low,High Value Loyalists,4183.22,0
ID-002148,0.192,0,Low,High Value Loyalists,3274.28,1
ID-005843,0.1919,0,Low,Low Engagement Churn Risk,3729.53,0
ID-006266,0.1917,0,Low,Low Engagement Churn Risk,3574.34,0
ID-003369,0.1915,0,Low,Low Engagement Churn Risk,3456.9,1
ID-001998,0.1914,0,Low,High Value Loyalists,1600.48,0
ID-005208,0.1914,0,Low,Low Engagement Churn Risk,3652.28,0
ID-005159,0.1913,0,Low,High Value Loyalists,3338.28,0
ID-000518,0.1911,0,Low,Low Engagement Churn Risk,1373.11,1
ID-000796,0.191,0,Low,Low Engagement Churn Risk,1467.18,0
ID-000621,0.1906,0,Low,Low Engagement Churn Risk,3805.2,0
ID-003294,0.1906,0,Low,Low Engagement Churn Risk,2175.52,0
ID-006661,0.1906,0,Low,High Value Loyalists,6908.17,0
ID-006965,0.1905,0,Low,At-Risk New Customers,5924.8,0
ID-002349,0.1905,0,Low,Low Engagement Churn Risk,5265.02,1
ID-001107,0.1903,0,Low,Low Engagement Churn Risk,4017.12,0
ID-004196,0.1903,0,Low,Low Engagement Churn Risk,4588.22,0
ID-001911,0.1903,0,Low,At-Risk New Customers,2207.5,1
ID-003656,0.1902,0,Low,Low Engagement Churn Risk,3774.32,0
ID-005114,0.1902,0,Low,Stable Value Seekers,5086.6,0
ID-006189,0.1902,0,Low,At-Risk New Customers,1551.39,1
ID-006101,0.1901,0,Low,High Value Loyalists,4524.4,1
ID-004800,0.1901,0,Low,At-Risk New Customers,5607.01,0
ID-003894,0.1895,0,Low,High Value Loyalists,1446.19,1
ID-005103,0.1895,0,Low,Low Engagement Churn Risk,3694.77,0
ID-004499,0.1895,0,Low,At-Risk New Customers,3284.16,0
ID-003473,0.1895,0,Low,Low Engagement Churn Risk,4338.29,0
ID-002892,0.1894,0,Low,At-Risk New Customers,4155.95,0
ID-000119,0.1893,0,Low,Stable Value Seekers,4169.89,0
ID-003934,0.1892,0,Low,At-Risk New Customers,2752.88,0
ID-006874,0.1889,0,Low,Low Engagement Churn Risk,3087.32,0
ID-004902,0.1888,0,Low,Low Engagement Churn Risk,5518.06,1
ID-002300,0.1888,0,Low,Low Engagement Churn Risk,5156.69,0
ID-001567,0.1887,0,Low,High Value Loyalists,2121.58,1
ID-005966,0.1887,0,Low,At-Risk New Customers,1435.44,0
ID-000487,0.1887,0,Low,High Value Loyalists,2800.11,1
ID-003857,0.1886,0,Low,Stable Value Seekers,2562.63,0
ID-001683,0.1885,0,Low,Low Engagement Churn Risk,4472.46,0
ID-005379,0.1885,0,Low,Low Engagement Churn Risk,3168.84,0
ID-000079,0.1884,0,Low,High Value Loyalists,3163.11,0
ID-006032,0.1884,0,Low,At-Risk New Customers,3456.4,1
ID-001133,0.1884,0,Low,Stable Value Seekers,1743.07,0
ID-003786,0.1884,0,Low,At-Risk New Customers,1122.24,0
ID-006688,0.1883,0,Low,Low Engagement Churn Risk,4862.72,0
ID-006515,0.1881,0,Low,High Value Loyalists,6354.3,0
ID-005710,0.1881,0,Low,Low Engagement Churn Risk,1821.09,0
ID-002183,0.1878,0,Low,Low Engagement Churn Risk,2633.11,0
ID-002676,0.1878,0,Low,Low Engagement Churn Risk,6534.99,1
ID-001916,0.1878,0,Low,Low Engagement Churn Risk,3577.5,0
ID-006364,0.1878,0,Low,Low Engagement Churn Risk,1702.89,0
ID-002952,0.1877,0,Low,High Value Loyalists,4548.42,0
ID-006221,0.1874,0,Low,High Value Loyalists,6170.36,0
ID-002180,0.1873,0,Low,High Value Loyalists,5869.37,1
ID-000421,0.1872,0,Low,Low Engagement Churn Risk,1703.82,0
ID-001717,0.1872,0,Low,At-Risk New Customers,6107.63,0
ID-005833,0.1872,0,Low,At-Risk New Customers,1257.75,0
ID-000798,0.1872,0,Low,High Value Loyalists,2804.59,0
ID-002058,0.1871,0,Low,Low Engagement Churn Risk,1574.46,1
ID-006179,0.187,0,Low,Low Engagement Churn Risk,4366.21,1
ID-002224,0.1869,0,Low,At-Risk New Customers,1365.67,0
ID-002089,0.1867,0,Low,At-Risk New Customers,4790.31,0
ID-003108,0.1866,0,Low,High Value Loyalists,2297.88,1
ID-005287,0.1861,0,Low,At-Risk New Customers,4300.7,0
ID-002268,0.186,0,Low,Low Engagement Churn Risk,5955.41,0
ID-000282,0.1859,0,Low,Low Engagement Churn Risk,4387.63,0
ID-006952,0.1858,0,Low,Low Engagement Churn Risk,5779.73,0
ID-005527,0.1857,0,Low,At-Risk New Customers,2162.79,0
ID-005260,0.1856,0,Low,Low Engagement Churn Risk,1788.2,0
ID-004004,0.1856,0,Low,Low Engagement Churn Risk,6396.14,1
ID-005970,0.1854,0,Low,High Value Loyalists,6349.47,0
ID-001794,0.1854,0,Low,At-Risk New Customers,2378.9,0
ID-003436,0.1854,0,Low,High Value Loyalists,5718.32,1
ID-005796,0.1853,0,Low,Low Engagement Churn Risk,2184.99,0
ID-004741,0.1853,0,Low,High Value Loyalists,4488.76,0
ID-003944,0.1852,0,Low,Low Engagement Churn Risk,4419.87,0
ID-004869,0.1852,0,Low,High Value Loyalists,5566.19,0
ID-002189,0.1846,0,Low,Stable Value Seekers,1400.35,0
ID-004069,0.1846,0,Low,High Value Loyalists,6033.31,0
ID-002575,0.1844,0,Low,Stable Value Seekers,3015.73,0
ID-004036,0.1844,0,Low,Low Engagement Churn Risk,3607.47,1
ID-000414,0.1843,0,Low,At-Risk New Customers,1518.25,0
ID-005067,0.184,0,Low,Low Engagement Churn Risk,3041.79,0
ID-002555,0.1839,0,Low,Stable Value Seekers,6671.49,0
ID-006263,0.1839,0,Low,High Value Loyalists,6255.87,0
ID-004964,0.1837,0,Low,Low Engagement Churn Risk,5889.5,0
ID-000260,0.1836,0,Low,At-Risk New Customers,1859.03,0
ID-003211,0.1835,0,Low,High Value Loyalists,1599.28,0
ID-005630,0.1834,0,Low,Low Engagement Churn Risk,4470.43,1
ID-000171,0.1834,0,Low,At-Risk New Customers,1120.2,0
ID-002858,0.1833,0,Low,Low Engagement Churn Risk,5905.94,1
ID-001638,0.1833,0,Low,High Value Loyalists,1962.8,1
ID-002921,0.1831,0,Low,High Value Loyalists,2306.62,0
ID-000293,0.1829,0,Low,At-Risk New Customers,1246.61,0
ID-005448,0.1829,0,Low,Low Engagement Churn Risk,3671.63,0
ID-003470,0.1828,0,Low,At-Risk New Customers,1659.93,1
ID-004900,0.1825,0,Low,High Value Loyalists,6626.48,0
ID-003793,0.1825,0,Low,High Value Loyalists,2456.72,0
ID-001159,0.1822,0,Low,Low Engagement Churn Risk,3033.22,0
ID-002037,0.1822,0,Low,High Value Loyalists,1509.46,0
ID-001240,0.1821,0,Low,High Value Loyalists,2059.77,0
ID-005107,0.1821,0,Low,At-Risk New Customers,3577.61,0
ID-004857,0.1819,0,Low,High Value Loyalists,2945.51,0
ID-006424,0.1819,0,Low,At-Risk New Customers,6314.04,0
ID-004370,0.1818,0,Low,High Value Loyalists,3975.1,1
ID-006414,0.1817,0,Low,High Value Loyalists,6432.68,0
ID-006052,0.1816,0,Low,Stable Value Seekers,6557.06,0
ID-006012,0.1816,0,Low,At-Risk New Customers,6175.3,0
ID-003822,0.1815,0,Low,Low Engagement Churn Risk,1416.47,0
ID-004237,0.1813,0,Low,High Value Loyalists,4135.61,0
ID-002947,0.1812,0,Low,At-Risk New Customers,5844.52,0
ID-003637,0.1811,0,Low,Low Engagement Churn Risk,2981.08,0
ID-002178,0.1811,0,Low,High Value Loyalists,6125.56,0
ID-002115,0.181,0,Low,At-Risk New Customers,2486.93,0
ID-001187,0.181,0,Low,At-Risk New Customers,2215.49,1
ID-005742,0.1809,0,Low,Low Engagement Churn Risk,3154.22,0
ID-001646,0.1809,0,Low,High Value Loyalists,2723.36,0
ID-000990,0.1809,0,Low,At-Risk New Customers,2826.45,0
ID-006207,0.1808,0,Low,Low Engagement Churn Risk,2088.34,0
ID-001091,0.1807,0,Low,Low Engagement Churn Risk,5751.52,0
ID-000769,0.1807,0,Low,High Value Loyalists,6265.15,0
ID-005443,0.1806,0,Low,Low Engagement Churn Risk,2773.44,0
ID-002826,0.1802,0,Low,High Value Loyalists,1671.75,1
ID-001758,0.18,0,Low,High Value Loyalists,3337.23,0
ID-003438,0.1798,0,Low,Low Engagement Churn Risk,5636.11,0
ID-005731,0.1797,0,Low,High Value Loyalists,6672.38,0
ID-002326,0.1794,0,Low,At-Risk New Customers,6196.69,1
ID-006164,0.1792,0,Low,Low Engagement Churn Risk,4699.21,0
ID-001907,0.1791,0,Low,At-Risk New Customers,4867.01,0
ID-002901,0.1788,0,Low,High Value Loyalists,4813.47,1
ID-003654,0.1787,0,Low,Low Engagement Churn Risk,4564.56,0
ID-003772,0.1785,0,Low,Low Engagement Churn Risk,1814.86,0
ID-002968,0.1785,0,Low,High Value Loyalists,6600.73,0
ID-005635,0.1783,0,Low,High Value Loyalists,5593.11,0
ID-005800,0.1783,0,Low,High Value Loyalists,3593.26,0
ID-002243,0.1783,0,Low,High Value Loyalists,5579.39,0
ID-004948,0.1783,0,Low,Low Engagement Churn Risk,2650.89,0
ID-003250,0.1783,0,Low,Low Engagement Churn Risk,5621.01,0
ID-001188,0.1782,0,Low,High Value Loyalists,5375.58,0
ID-004720,0.1782,0,Low,Stable Value Seekers,5515.86,0
ID-007043,0.1781,0,Low,High Value Loyalists,6227.84,1
ID-002142,0.178,0,Low,At-Risk New Customers,5109.14,0
ID-006399,0.1779,0,Low,High Value Loyalists,3853.81,1
ID-006347,0.1779,0,Low,Low Engagement Churn Risk,3107.37,1
ID-005519,0.1778,0,Low,High Value Loyalists,6393.01,0
ID-001125,0.1777,0,Low,Low Engagement Churn Risk,4074.46,0
ID-004360,0.1776,0,Low,At-Risk New Customers,5308.9,0
ID-001224,0.1775,0,Low,Stable Value Seekers,3461.22,0
ID-002711,0.1773,0,Low,High Value Loyalists,2720.8,1
ID-005099,0.177,0,Low,High Value Loyalists,2826.97,0
ID-005531,0.1769,0,Low,High Value Loyalists,2975.49,0
ID-005200,0.1762,0,Low,High Value Loyalists,2922.73,0
ID-006620,0.1762,0,Low,High Value Loyalists,4603.66,0
ID-001988,0.1762,0,Low,At-Risk New Customers,2216.02,0
ID-004493,0.1762,0,Low,High Value Loyalists,3591.27,0
ID-006038,0.1761,0,Low,At-Risk New Customers,5303.88,0
ID-004896,0.1761,0,Low,Low Engagement Churn Risk,5003.43,0
ID-006520,0.1761,0,Low,At-Risk New Customers,6227.36,0
ID-002694,0.1758,0,Low,Low Engagement Churn Risk,5895.54,0
ID-001587,0.1757,0,Low,Low Engagement Churn Risk,5764.59,0
ID-004933,0.1756,0,Low,Low Engagement Churn Risk,4589.62,0
ID-005224,0.1754,0,Low,Low Engagement Churn Risk,1065.41,0
ID-001877,0.1754,0,Low,High Value Loyalists,3853.83,0
ID-003573,0.1753,0,Low,At-Risk New Customers,2430.93,0
ID-000737,0.1751,0,Low,At-Risk New Customers,2224.84,0
ID-006821,0.1751,0,Low,At-Risk New Customers,2170.54,1
ID-002641,0.175,0,Low,Low Engagement Churn Risk,1830.36,0
ID-004363,0.1749,0,Low,Stable Value Seekers,6273.25,0
ID-001242,0.1749,0,Low,Low Engagement Churn Risk,3807.85,0
ID-003486,0.1747,0,Low,High Value Loyalists,1588.65,0
ID-001264,0.1747,0,Low,High Value Loyalists,6129.65,0
ID-002498,0.1747,0,Low,Stable Value Seekers,5364.04,1
ID-004652,0.1746,0,Low,At-Risk New Customers,3152.52,0
ID-000149,0.1744,0,Low,High Value Loyalists,5121.74,0
ID-002731,0.1744,0,Low,High Value Loyalists,6045.52,1
ID-004822,0.1743,0,Low,At-Risk New Customers,1024.51,0
ID-001982,0.1743,0,Low,At-Risk New Customers,3301.19,0
ID-003695,0.1743,0,Low,At-Risk New Customers,2387.61,0
ID-003930,0.1742,0,Low,High Value Loyalists,3167.23,1
ID-005702,0.174,0,Low,At-Risk New Customers,5584.2,0
ID-006203,0.1738,0,Low,Stable Value Seekers,2239.88,0
ID-003415,0.1738,0,Low,High Value Loyalists,5522.12,0
ID-001298,0.1738,0,Low,High Value Loyalists,6310.69,0
ID-004646,0.1736,0,Low,High Value Loyalists,3934.39,0
ID-000431,0.1735,0,Low,Stable Value Seekers,6024.0,0
ID-003646,0.1734,0,Low,Stable Value Seekers,6679.42,1
ID-000832,0.1732,0,Low,High Value Loyalists,1256.39,0
ID-001163,0.1731,0,Low,At-Risk New Customers,2406.14,0
ID-003422,0.173,0,Low,Stable Value Seekers,6466.99,1
ID-004839,0.1729,0,Low,At-Risk New Customers,3730.53,0
ID-004787,0.1728,0,Low,At-Risk New Customers,3022.03,0
ID-001352,0.1726,0,Low,High Value Loyalists,3574.15,0
ID-000488,0.1725,0,Low,Low Engagement Churn Risk,4607.31,0
ID-006694,0.1725,0,Low,Low Engagement Churn Risk,2366.65,0
ID-005282,0.1722,0,Low,Low Engagement Churn Risk,3456.62,0
ID-003617,0.1721,0,Low,High Value Loyalists,3848.51,0
ID-003870,0.1718,0,Low,Low Engagement Churn Risk,1677.0,0
ID-002486,0.1718,0,Low,At-Risk New Customers,1168.22,1
ID-003701,0.1718,0,Low,At-Risk New Customers,6319.06,1
ID-004701,0.1718,0,Low,At-Risk New Customers,2790.25,1
ID-004203,0.1717,0,Low,At-Risk New Customers,2733.47,0
ID-003621,0.1716,0,Low,At-Risk New Customers,2669.84,1
ID-000708,0.1716,0,Low,Low Engagement Churn Risk,4716.33,0
ID-000552,0.1716,0,Low,At-Risk New Customers,1446.97,0
ID-001049,0.1715,0,Low,At-Risk New Customers,3655.06,0
ID-005645,0.1715,0,Low,Stable Value Seekers,3513.34,0
ID-000447,0.1714,0,Low,Low Engagement Churn Risk,6081.33,0
ID-006719,0.1714,0,Low,At-Risk New Customers,3011.46,0
ID-006892,0.1714,0,Low,High Value Loyalists,4314.31,1
ID-000269,0.1714,0,Low,Low Engagement Churn Risk,5464.39,1
ID-002539,0.1713,0,Low,Stable Value Seekers,2679.47,0
ID-001395,0.1712,0,Low,High Value Loyalists,2409.87,0
ID-002904,0.171,0,Low,High Value Loyalists,3025.59,1
ID-002903,0.1707,0,Low,Low Engagement Churn Risk,5118.3,0
ID-005211,0.1706,0,Low,Stable Value Seekers,6283.67,0
ID-004999,0.1705,0,Low,Low Engagement Churn Risk,6442.36,0
ID-006820,0.1705,0,Low,At-Risk New Customers,4320.51,0
ID-000031,0.1705,0,Low,Low Engagement Churn Risk,2353.16,0
ID-005729,0.1705,0,Low,Low Engagement Churn Risk,5935.51,1
ID-001486,0.1705,0,Low,High Value Loyalists,3690.83,0
ID-006115,0.1703,0,Low,Low Engagement Churn Risk,5903.54,0
ID-006826,0.17,0,Low,Low Engagement Churn Risk,2538.38,0
ID-000778,0.17,0,Low,At-Risk New Customers,2958.72,1
ID-000162,0.17,0,Low,Low Engagement Churn Risk,1497.57,0
ID-002837,0.1699,0,Low,At-Risk New Customers,2095.73,0
ID-006705,0.1698,0,Low,High Value Loyalists,5384.93,0
ID-005364,0.1698,0,Low,High Value Loyalists,2267.3,0
ID-001123,0.1697,0,Low,High Value Loyalists,1333.03,1
ID-004206,0.1695,0,Low,Low Engagement Churn Risk,2836.19,1
ID-006021,0.1694,0,Low,Stable Value Seekers,1151.66,1
ID-001283,0.1688,0,Low,Low Engagement Churn Risk,4938.93,0
ID-006191,0.1687,0,Low,Stable Value Seekers,3746.16,1
ID-002988,0.1684,0,Low,High Value Loyalists,6248.2,0
ID-006503,0.1684,0,Low,At-Risk New Customers,2854.47,0
ID-003268,0.1682,0,Low,At-Risk New Customers,3225.4,0
ID-001685,0.1682,0,Low,High Value Loyalists,6322.01,1
ID-006167,0.1681,0,Low,At-Risk New Customers,1273.96,0
ID-005048,0.168,0,Low,Low Engagement Churn Risk,3857.31,1
ID-006941,0.1678,0,Low,At-Risk New Customers,4675.24,1
ID-002929,0.1677,0,Low,At-Risk New Customers,5841.31,0
ID-004115,0.1677,0,Low,High Value Loyalists,2182.47,0
ID-001815,0.1676,0,Low,At-Risk New Customers,2509.82,0
ID-006707,0.1676,0,Low,Low Engagement Churn Risk,5684.94,0
ID-000528,0.1676,0,Low,At-Risk New Customers,1144.27,0
ID-000535,0.1676,0,Low,At-Risk New Customers,5732.13,0
ID-001094,0.1676,0,Low,High Value Loyalists,3775.77,0
ID-003952,0.1675,0,Low,High Value Loyalists,3570.55,0
ID-001338,0.1675,0,Low,At-Risk New Customers,3084.95,0
ID-001537,0.1672,0,Low,Low Engagement Churn Risk,1227.86,0
ID-002444,0.1672,0,Low,High Value Loyalists,6156.19,1
ID-002043,0.1671,0,Low,Low Engagement Churn Risk,1905.3,1
ID-006235,0.167,0,Low,High Value Loyalists,6163.81,0
ID-001199,0.167,0,Low,High Value Loyalists,3399.05,0
ID-004361,0.1665,0,Low,High Value Loyalists,7036.62,1
ID-002707,0.1664,0,Low,Low Engagement Churn Risk,2967.61,1
ID-003908,0.1664,0,Low,At-Risk New Customers,5947.13,0
ID-003972,0.1663,0,Low,Low Engagement Churn Risk,3841.76,0
ID-000595,0.1663,0,Low,Low Engagement Churn Risk,4016.0,0
ID-002389,0.1662,0,Low,Stable Value Seekers,5269.51,0
ID-003876,0.1661,0,Low,Low Engagement Churn Risk,3439.86,0
ID-001493,0.166,0,Low,High Value Loyalists,3225.51,0
ID-002531,0.1658,0,Low,At-Risk New Customers,3729.48,0
ID-005242,0.1654,0,Low,Low Engagement Churn Risk,2871.37,0
ID-005745,0.1653,0,Low,At-Risk New Customers,3368.83,0
ID-005958,0.1653,0,Low,Low Engagement Churn Risk,2789.79,1
ID-004940,0.1652,0,Low,High Value Loyalists,6217.67,1
ID-004435,0.1649,0,Low,At-Risk New Customers,6468.31,0
ID-006060,0.1649,0,Low,High Value Loyalists,1288.53,0
ID-001636,0.1649,0,Low,At-Risk New Customers,5159.24,0
ID-006544,0.1647,0,Low,At-Risk New Customers,2271.18,0
ID-004005,0.1647,0,Low,High Value Loyalists,2987.53,0
ID-002132,0.1646,0,Low,Low Engagement Churn Risk,5242.01,0
ID-006041,0.1646,0,Low,High Value Loyalists,5573.95,1
ID-003119,0.1646,0,Low,High Value Loyalists,3746.09,0
ID-002076,0.1645,0,Low,At-Risk New Customers,2698.69,0
ID-003154,0.1645,0,Low,Low Engagement Churn Risk,4042.42,0
ID-006098,0.1645,0,Low,At-Risk New Customers,5532.84,0
ID-000540,0.1644,0,Low,High Value Loyalists,1951.88,0
ID-001365,0.1643,0,Low,At-Risk New Customers,2876.04,0
ID-006888,0.1643,0,Low,Low Engagement Churn Risk,6586.14,1
ID-001068,0.1643,0,Low,At-Risk New Customers,6799.05,0
ID-000749,0.1642,0,Low,At-Risk New Customers,3993.93,0
ID-002916,0.1641,0,Low,At-Risk New Customers,1387.06,0
ID-000044,0.164,0,Low,High Value Loyalists,7197.75,1
ID-006578,0.164,0,Low,At-Risk New Customers,1070.42,0
ID-003849,0.164,0,Low,At-Risk New Customers,3566.61,0
ID-004867,0.1638,0,Low,High Value Loyalists,1195.78,1
ID-005171,0.1637,0,Low,High Value Loyalists,1172.41,1
ID-005168,0.1637,0,Low,At-Risk New Customers,2814.94,0
ID-002385,0.1637,0,Low,High Value Loyalists,1380.41,0
ID-006692,0.1636,0,Low,High Value Loyalists,5842.16,0
ID-000564,0.1636,0,Low,Stable Value Seekers,5529.72,0
ID-006026,0.1635,0,Low,High Value Loyalists,1550.59,0
ID-000923,0.1634,0,Low,At-Risk New Customers,1584.13,1
ID-000704,0.1634,0,Low,High Value Loyalists,4804.92,0
ID-003125,0.1633,0,Low,Low Engagement Churn Risk,1930.94,0
ID-003192,0.1632,0,Low,Low Engagement Churn Risk,5825.92,0
ID-004590,0.1631,0,Low,At-Risk New Customers,1843.81,0
ID-006706,0.1631,0,Low,High Value Loyalists,1293.14,0
ID-000405,0.1628,0,Low,At-Risk New Customers,2808.37,1
ID-006320,0.1628,0,Low,Stable Value Seekers,4675.76,1
ID-005033,0.1628,0,Low,At-Risk New Customers,2319.25,0
ID-004733,0.1628,0,Low,Stable Value Seekers,4654.8,0
ID-002749,0.1627,0,Low,Low Engagement Churn Risk,6008.81,0
ID-003676,0.1625,0,Low,High Value Loyalists,4806.89,0
ID-000319,0.1625,0,Low,High Value Loyalists,1484.68,0
ID-006007,0.1624,0,Low,At-Risk New Customers,4796.29,1
ID-000039,0.1624,0,Low,High Value Loyalists,5763.49,0
ID-004163,0.1622,0,Low,High Value Loyalists,3921.65,1
ID-005241,0.1622,0,Low,At-Risk New Customers,5780.76,0
ID-005060,0.162,0,Low,High Value Loyalists,5603.84,0
ID-000510,0.1619,0,Low,High Value Loyalists,3461.22,0
ID-004500,0.1618,0,Low,At-Risk New Customers,1619.5,0
ID-004081,0.1617,0,Low,At-Risk New Customers,5991.25,0
ID-006685,0.1617,0,Low,Low Engagement Churn Risk,1592.91,0
ID-001741,0.1616,0,Low,Low Engagement Churn Risk,4638.7,0
ID-003421,0.1614,0,Low,At-Risk New Customers,2184.56,0
ID-005722,0.1614,0,Low,At-Risk New Customers,3916.96,0
ID-006365,0.1613,0,Low,At-Risk New Customers,2253.8,0
ID-003273,0.1613,0,Low,High Value Loyalists,3879.22,0
ID-004806,0.1613,0,Low,High Value Loyalists,3377.96,0
ID-000984,0.161,0,Low,Low Engagement Churn Risk,1769.5,0
ID-003853,0.161,0,Low,At-Risk New Customers,5354.41,0
ID-006318,0.1609,0,Low,At-Risk New Customers,2443.07,0
ID-000542,0.1609,0,Low,High Value Loyalists,2285.91,0
ID-005080,0.1608,0,Low,High Value Loyalists,4454.46,1
ID-006639,0.1607,0,Low,At-Risk New Customers,3882.03,0
ID-000531,0.1607,0,Low,At-Risk New Customers,5309.08,0
ID-001615,0.1606,0,Low,High Value Loyalists,6188.44,0
ID-007042,0.1606,0,Low,At-Risk New Customers,1773.24,0
ID-002143,0.1605,0,Low,At-Risk New Customers,2632.3,0
ID-005732,0.1605,0,Low,High Value Loyalists,5052.21,1
ID-003332,0.1605,0,Low,High Value Loyalists,6007.76,0
ID-001918,0.1604,0,Low,High Value Loyalists,3013.13,0
ID-000114,0.1604,0,Low,Low Engagement Churn Risk,3897.94,0
ID-005244,0.1602,0,Low,At-Risk New Customers,5810.07,0
ID-000622,0.1601,0,Low,High Value Loyalists,5565.05,0
ID-005001,0.1599,0,Low,At-Risk New Customers,1418.63,1
ID-005138,0.1599,0,Low,At-Risk New Customers,5577.12,0
ID-003270,0.1597,0,Low,At-Risk New Customers,1189.99,0
ID-006863,0.1597,0,Low,High Value Loyalists,5836.5,0
ID-004861,0.1596,0,Low,Stable Value Seekers,4484.29,1
ID-005812,0.1595,0,Low,High Value Loyalists,6826.72,0
ID-003364,0.1595,0,Low,Low Engagement Churn Risk,5838.48,0
ID-002769,0.1595,0,Low,High Value Loyalists,7000.7,0
ID-005430,0.1595,0,Low,High Value Loyalists,7541.23,1
ID-001430,0.1594,0,Low,At-Risk New Customers,5098.73,0
ID-004523,0.1594,0,Low,Stable Value Seekers,5083.07,0
ID-004719,0.1592,0,Low,At-Risk New Customers,1385.97,0
ID-004011,0.1589,0,Low,Low Engagement Churn Risk,6612.65,0
ID-002889,0.1589,0,Low,At-Risk New Customers,3734.44,0
ID-000001,0.1589,0,Low,At-Risk New Customers,1115.96,1
ID-000696,0.1588,0,Low,High Value Loyalists,5778.89,0
ID-004050,0.1588,0,Low,High Value Loyalists,5626.09,0
ID-006467,0.1588,0,Low,High Value Loyalists,2359.33,0
ID-002472,0.1587,0,Low,At-Risk New Customers,1561.04,0
ID-002078,0.1587,0,Low,At-Risk New Customers,3489.89,0
ID-007005,0.1584,0,Low,At-Risk New Customers,3365.97,0
ID-004161,0.1583,0,Low,High Value Loyalists,1038.24,0
ID-006046,0.1583,0,Low,At-Risk New Customers,1361.43,1
ID-001964,0.1582,0,Low,High Value Loyalists,7274.96,0
ID-006858,0.1582,0,Low,At-Risk New Customers,5831.32,0
ID-002992,0.1582,0,Low,Stable Value Seekers,6483.98,0
ID-002500,0.158,0,Low,High Value Loyalists,2866.38,0
ID-003635,0.1578,0,Low,At-Risk New Customers,5470.71,0
ID-006824,0.1577,0,Low,Stable Value Seekers,4499.02,0
ID-001333,0.1576,0,Low,At-Risk New Customers,4353.88,0
ID-002538,0.1576,0,Low,High Value Loyalists,5988.34,1
ID-003699,0.1575,0,Low,At-Risk New Customers,3421.54,0
ID-003330,0.1574,0,Low,High Value Loyalists,6245.39,0
ID-001940,0.1574,0,Low,At-Risk New Customers,3841.9,0
ID-004886,0.1573,0,Low,Low Engagement Churn Risk,6496.58,0
ID-006118,0.1573,0,Low,Low Engagement Churn Risk,6063.93,1
ID-003800,0.1572,0,Low,High Value Loyalists,3519.77,0
ID-001237,0.1571,0,Low,At-Risk New Customers,6363.47,0
ID-002145,0.1571,0,Low,High Value Loyalists,6553.64,0
ID-002886,0.1571,0,Low,High Value Loyalists,4778.54,0
ID-002961,0.157,0,Low,At-Risk New Customers,3793.4,0
ID-002965,0.1569,0,Low,High Value Loyalists,3612.63,0
ID-002401,0.1568,0,Low,High Value Loyalists,1771.82,0
ID-003434,0.1568,0,Low,At-Risk New Customers,5144.76,0
ID-001095,0.1568,0,Low,High Value Loyalists,5251.87,0
ID-006654,0.1568,0,Low,At-Risk New Customers,6117.87,1
ID-001785,0.1568,0,Low,At-Risk New Customers,6610.8,0
ID-003559,0.1567,0,Low,High Value Loyalists,2499.88,0
ID-005587,0.1565,0,Low,Low Engagement Churn Risk,4933.79,0
ID-003782,0.1565,0,Low,At-Risk New Customers,3319.03,0
ID-000124,0.1564,0,Low,Low Engagement Churn Risk,5211.19,0
ID-001668,0.1564,0,Low,Low Engagement Churn Risk,4327.63,1
ID-004952,0.1564,0,Low,Low Engagement Churn Risk,1580.04,1
ID-001384,0.1564,0,Low,At-Risk New Customers,1489.4,0
ID-003819,0.1563,0,Low,Low Engagement Churn Risk,5177.52,0
ID-001542,0.156,0,Low,Low Engagement Churn Risk,3182.65,1
ID-000094,0.156,0,Low,At-Risk New Customers,1996.62,0
ID-006089,0.1559,0,Low,At-Risk New Customers,5215.42,0
ID-000111,0.1557,0,Low,High Value Loyalists,3634.26,0
ID-005274,0.1556,0,Low,At-Risk New Customers,6207.25,0
ID-005230,0.1556,0,Low,At-Risk New Customers,2516.63,1
ID-004219,0.1555,0,Low,At-Risk New Customers,1287.68,1
ID-006333,0.1555,0,Low,High Value Loyalists,4493.02,0
ID-000352,0.1555,0,Low,High Value Loyalists,2759.02,0
ID-000235,0.1555,0,Low,At-Risk New Customers,2231.38,0
ID-005886,0.1554,0,Low,Low Engagement Churn Risk,5741.44,0
ID-004525,0.1554,0,Low,At-Risk New Customers,5214.85,0
ID-004803,0.1553,0,Low,At-Risk New Customers,1661.82,0
ID-004159,0.1552,0,Low,High Value Loyalists,2039.64,1
ID-000397,0.1552,0,Low,At-Risk New Customers,1531.6,0
ID-003556,0.1552,0,Low,High Value Loyalists,4893.3,1
ID-006217,0.1551,0,Low,Low Engagement Churn Risk,4043.38,0
ID-004141,0.155,0,Low,Low Engagement Churn Risk,6098.18,0
ID-003966,0.155,0,Low,High Value Loyalists,4604.99,1
ID-001564,0.155,0,Low,Low Engagement Churn Risk,4063.36,0
ID-005939,0.155,0,Low,Low Engagement Churn Risk,1098.17,0
ID-003995,0.155,0,Low,At-Risk New Customers,3232.13,0
ID-001649,0.1549,0,Low,Low Engagement Churn Risk,4800.23,0
ID-002191,0.1549,0,Low,High Value Loyalists,3608.66,0
ID-006148,0.1548,0,Low,At-Risk New Customers,6292.24,0
ID-006720,0.1547,0,Low,Low Engagement Churn Risk,2396.44,1
ID-001679,0.1547,0,Low,High Value Loyalists,3145.64,1
ID-006268,0.1547,0,Low,At-Risk New Customers,2163.97,0
ID-006224,0.1546,0,Low,High Value Loyalists,4060.27,0
ID-004087,0.1546,0,Low,High Value Loyalists,1543.45,0
ID-005324,0.1546,0,Low,Low Engagement Churn Risk,7041.83,0
ID-004916,0.1546,0,Low,At-Risk New Customers,2044.12,0
ID-006513,0.1545,0,Low,High Value Loyalists,3987.71,1
ID-004696,0.1544,0,Low,At-Risk New Customers,6127.98,0
ID-001632,0.1543,0,Low,High Value Loyalists,2466.65,0
ID-006096,0.1541,0,Low,At-Risk New Customers,2084.94,0
ID-003776,0.1541,0,Low,High Value Loyalists,1216.05,0
ID-006216,0.1541,0,Low,High Value Loyalists,2080.37,1
ID-003042,0.154,0,Low,High Value Loyalists,5208.16,1
ID-005857,0.154,0,Low,Low Engagement Churn Risk,5121.01,0
ID-002254,0.1539,0,Low,High Value Loyalists,3068.19,0
ID-003199,0.1539,0,Low,At-Risk New Customers,2003.57,0
ID-003457,0.1539,0,Low,Low Engagement Churn Risk,5966.33,0
ID-002297,0.1538,0,Low,Stable Value Seekers,4358.53,0
ID-006398,0.1536,0,Low,At-Risk New Customers,4526.71,0
ID-006375,0.1534,0,Low,At-Risk New Customers,3492.14,0
ID-000693,0.1533,0,Low,Low Engagement Churn Risk,4038.3,0
ID-005311,0.1533,0,Low,At-Risk New Customers,5138.86,1
ID-003639,0.1532,0,Low,High Value Loyalists,5922.49,0
ID-004146,0.1531,0,Low,Low Engagement Churn Risk,6083.58,0
ID-001584,0.1531,0,Low,At-Risk New Customers,4980.45,0
ID-002879,0.153,0,Low,At-Risk New Customers,1759.06,0
ID-005459,0.1529,0,Low,Stable Value Seekers,6109.9,1
ID-005551,0.1528,0,Low,High Value Loyalists,1578.19,0
ID-004320,0.1527,0,Low,Low Engagement Churn Risk,5664.78,0
ID-001887,0.1527,0,Low,At-Risk New Customers,1553.25,0
ID-001607,0.1526,0,Low,At-Risk New Customers,5673.02,0
ID-003096,0.1526,0,Low,At-Risk New Customers,2163.87,0
ID-003319,0.1525,0,Low,At-Risk New Customers,6211.34,0
ID-001097,0.1525,0,Low,High Value Loyalists,3543.95,1
ID-006609,0.1524,0,Low,At-Risk New Customers,2241.68,0
ID-006454,0.1522,0,Low,Low Engagement Churn Risk,3936.08,1
ID-000610,0.1521,0,Low,High Value Loyalists,3184.38,0
ID-000980,0.1521,0,Low,At-Risk New Customers,4914.69,1
ID-000371,0.1521,0,Low,At-Risk New Customers,3147.56,0
ID-004967,0.1521,0,Low,Low Engagement Churn Risk,6434.94,0
ID-000597,0.152,0,Low,At-Risk New Customers,1295.75,0
ID-006444,0.152,0,Low,At-Risk New Customers,2732.25,0
ID-005418,0.152,0,Low,High Value Loyalists,1723.39,1
ID-004618,0.152,0,Low,Low Engagement Churn Risk,3486.38,0
ID-001957,0.1519,0,Low,At-Risk New Customers,2963.01,0
ID-001590,0.1517,0,Low,At-Risk New Customers,6086.31,1
ID-003785,0.1517,0,Low,Low Engagement Churn Risk,3476.6,1
ID-004456,0.1516,0,Low,High Value Loyalists,6904.38,0
ID-005514,0.1516,0,Low,High Value Loyalists,5998.95,0
ID-003205,0.1515,0,Low,High Value Loyalists,2888.26,0
ID-004289,0.1515,0,Low,At-Risk New Customers,5525.89,0
ID-000628,0.1514,0,Low,At-Risk New Customers,6115.45,0
ID-004339,0.1514,0,Low,At-Risk New Customers,2135.57,0
ID-001579,0.1514,0,Low,At-Risk New Customers,1665.23,1
ID-003329,0.1514,0,Low,Low Engagement Churn Risk,3284.25,0
ID-000408,0.1512,0,Low,High Value Loyalists,1600.8,0
ID-005993,0.1512,0,Low,Low Engagement Churn Risk,6130.14,0
ID-000836,0.1511,0,Low,Low Engagement Churn Risk,6834.78,0
ID-002914,0.151,0,Low,At-Risk New Customers,5143.6,0
ID-002402,0.151,0,Low,High Value Loyalists,1208.54,0
ID-005960,0.151,0,Low,High Value Loyalists,3629.97,0
ID-004944,0.1509,0,Low,At-Risk New Customers,4583.99,0
ID-006080,0.1509,0,Low,At-Risk New Customers,2326.2,0
ID-007001,0.1509,0,Low,Low Engagement Churn Risk,4039.39,1
ID-004162,0.1508,0,Low,At-Risk New Customers,2669.69,0
ID-006648,0.1507,0,Low,High Value Loyalists,5919.58,0
ID-006956,0.1507,0,Low,At-Risk New Customers,1836.17,0
ID-002182,0.1507,0,Low,Low Engagement Churn Risk,2161.53,1
ID-006711,0.1507,0,Low,High Value Loyalists,5549.58,0
ID-006049,0.1506,0,Low,High Value Loyalists,2683.07,0
ID-000673,0.1506,0,Low,High Value Loyalists,1327.47,0
ID-001968,0.1505,0,Low,High Value Loyalists,5467.01,0
ID-006243,0.1505,0,Low,High Value Loyalists,1464.97,1
ID-004811,0.1505,0,Low,At-Risk New Customers,4293.43,0
ID-004277,0.1504,0,Low,At-Risk New Customers,3098.75,0
ID-006095,0.1504,0,Low,High Value Loyalists,5707.31,0
ID-005936,0.1503,0,Low,High Value Loyalists,5606.96,0
ID-000272,0.1501,0,Low,At-Risk New Customers,6062.3,1
ID-002199,0.1501,0,Low,High Value Loyalists,3032.22,0
ID-004291,0.1501,0,Low,Stable Value Seekers,6059.12,0
ID-002574,0.1501,0,Low,At-Risk New Customers,2572.67,0
ID-001050,0.1501,0,Low,At-Risk New Customers,3010.07,1
ID-005870,0.1501,0,Low,High Value Loyalists,4981.21,0
ID-001433,0.15,0,Low,Low Engagement Churn Risk,1505.71,0
ID-004224,0.1498,0,Low,Stable Value Seekers,4050.36,0
ID-001641,0.1498,0,Low,Low Engagement Churn Risk,3415.53,0
ID-005568,0.1497,0,Low,At-Risk New Customers,2619.81,0
ID-006210,0.1496,0,Low,Low Engagement Churn Risk,4587.7,0
ID-001052,0.1496,0,Low,Stable Value Seekers,5735.0,0
ID-001267,0.1495,0,Low,At-Risk New Customers,2459.85,0
ID-001198,0.1494,0,Low,At-Risk New Customers,6113.24,0
ID-006524,0.1494,0,Low,At-Risk New Customers,1108.04,1
ID-000361,0.1494,0,Low,At-Risk New Customers,2059.93,0
ID-001386,0.1494,0,Low,At-Risk New Customers,1668.5,0
ID-001660,0.1493,0,Low,High Value Loyalists,3830.0,0
ID-006638,0.1493,0,Low,At-Risk New Customers,5681.13,0
ID-002245,0.1493,0,Low,Low Engagement Churn Risk,3452.06,1
ID-000029,0.1493,0,Low,Low Engagement Churn Risk,5125.33,0
ID-000346,0.1493,0,Low,At-Risk New Customers,1719.75,1
ID-004598,0.1492,0,Low,At-Risk New Customers,2537.57,0
ID-000536,0.1491,0,Low,Low Engagement Churn Risk,1996.58,1
ID-004384,0.1489,0,Low,At-Risk New Customers,1880.19,0
ID-006345,0.1488,0,Low,At-Risk New Customers,2507.37,0
ID-005355,0.1486,0,Low,Stable Value Seekers,3102.07,0
ID-005074,0.1486,0,Low,High Value Loyalists,4416.84,0
ID-001310,0.1486,0,Low,At-Risk New Customers,3100.06,0
ID-004274,0.1485,0,Low,Low Engagement Churn Risk,3039.96,0
ID-003168,0.1485,0,Low,Low Engagement Churn Risk,4444.64,0
ID-006917,0.1483,0,Low,At-Risk New Customers,1014.16,0
ID-002077,0.1482,0,Low,At-Risk New Customers,3941.14,1
ID-003386,0.1482,0,Low,At-Risk New Customers,2432.78,0
ID-005760,0.1479,0,Low,High Value Loyalists,2110.46,0
ID-004223,0.1478,0,Low,High Value Loyalists,2682.5,0
ID-000841,0.1478,0,Low,Low Engagement Churn Risk,2118.77,0
ID-001405,0.1478,0,Low,At-Risk New Customers,6770.09,0
ID-005973,0.1477,0,Low,High Value Loyalists,7441.94,0
ID-001285,0.1477,0,Low,At-Risk New Customers,4280.92,0
ID-006366,0.1476,0,Low,High Value Loyalists,5331.2,0
ID-006423,0.1476,0,Low,Stable Value Seekers,4565.87,0
ID-005205,0.1475,0,Low,Stable Value Seekers,5382.74,0
ID-001539,0.1475,0,Low,At-Risk New Customers,1959.97,0
ID-006742,0.1474,0,Low,At-Risk New Customers,5157.84,0
ID-003065,0.1474,0,Low,At-Risk New Customers,3312.46,0
ID-004442,0.1473,0,Low,Low Engagement Churn Risk,1329.48,0
ID-000385,0.1473,0,Low,At-Risk New Customers,6808.9,0
ID-000968,0.1473,0,Low,At-Risk New Customers,3936.5,1
ID-003951,0.1473,0,Low,Low Engagement Churn Risk,5701.32,0
ID-003885,0.1472,0,Low,At-Risk New Customers,2962.53,1
ID-003838,0.1472,0,Low,High Value Loyalists,5509.09,0
ID-005575,0.1471,0,Low,At-Risk New Customers,2252.64,0
ID-001946,0.1471,0,Low,Stable Value Seekers,6618.81,0
ID-004978,0.1471,0,Low,At-Risk New Customers,6605.59,0
ID-002631,0.1471,0,Low,Stable Value Seekers,6630.13,0
ID-005041,0.147,0,Low,High Value Loyalists,3086.59,0
ID-005774,0.147,0,Low,At-Risk New Customers,1609.7,0
ID-006504,0.1469,0,Low,At-Risk New Customers,2310.12,0
ID-003549,0.1469,0,Low,At-Risk New Customers,4097.38,0
ID-003871,0.1469,0,Low,High Value Loyalists,5197.86,0
ID-001975,0.1468,0,Low,At-Risk New Customers,1628.12,0
ID-006050,0.1467,0,Low,High Value Loyalists,4167.27,0
ID-003113,0.1467,0,Low,At-Risk New Customers,3799.55,0
ID-003714,0.1466,0,Low,High Value Loyalists,1450.6,0
ID-004256,0.1464,0,Low,High Value Loyalists,3978.23,0
ID-002154,0.1463,0,Low,At-Risk New Customers,5834.05,0
ID-004359,0.1461,0,Low,At-Risk New Customers,5782.41,0
ID-001358,0.146,0,Low,High Value Loyalists,5640.31,0
ID-006769,0.1458,0,Low,Stable Value Seekers,2870.94,0
ID-001872,0.1458,0,Low,At-Risk New Customers,1054.21,1
ID-006789,0.1457,0,Low,High Value Loyalists,3227.27,0
ID-000028,0.1457,0,Low,At-Risk New Customers,5404.11,0
ID-002399,0.1457,0,Low,High Value Loyalists,6003.34,0
ID-001441,0.1456,0,Low,Stable Value Seekers,4492.79,0
ID-002846,0.1456,0,Low,At-Risk New Customers,1946.44,0
ID-003791,0.1455,0,Low,Stable Value Seekers,3478.21,0
ID-000809,0.1455,0,Low,At-Risk New Customers,2484.34,1
ID-003383,0.1454,0,Low,At-Risk New Customers,1286.48,0
ID-004457,0.1454,0,Low,At-Risk New Customers,3952.73,0
ID-003568,0.1454,0,Low,At-Risk New Customers,5821.75,0
ID-006066,0.1453,0,Low,Low Engagement Churn Risk,6456.92,0
ID-003893,0.1453,0,Low,Low Engagement Churn Risk,1152.99,1
ID-001377,0.1453,0,Low,At-Risk New Customers,2601.9,0
ID-007017,0.1452,0,Low,Low Engagement Churn Risk,6334.3,0
ID-001498,0.145,0,Low,At-Risk New Customers,5240.99,0
ID-004711,0.1448,0,Low,At-Risk New Customers,1738.18,0
ID-003158,0.1448,0,Low,High Value Loyalists,3752.38,0
ID-000400,0.1448,0,Low,At-Risk New Customers,1541.34,0
ID-001274,0.1448,0,Low,Low Engagement Churn Risk,5143.27,0
ID-004167,0.1448,0,Low,At-Risk New Customers,1429.55,0
ID-006329,0.1448,0,Low,At-Risk New Customers,4869.5,0
ID-006233,0.1447,0,Low,Low Engagement Churn Risk,3393.7,0
ID-000238,0.1447,0,Low,High Value Loyalists,6674.73,0
ID-005859,0.1447,0,Low,Low Engagement Churn Risk,4113.81,0
ID-005419,0.1447,0,Low,At-Risk New Customers,1387.6,0
ID-002975,0.1446,0,Low,At-Risk New Customers,1522.72,0
ID-001583,0.1446,0,Low,High Value Loyalists,2960.71,0
ID-001288,0.1444,0,Low,At-Risk New Customers,1188.22,0
ID-003547,0.1444,0,Low,At-Risk New Customers,6008.7,1
ID-000443,0.1443,0,Low,At-Risk New Customers,5993.34,0
ID-006121,0.1443,0,Low,High Value Loyalists,6082.06,0
ID-000508,0.1442,0,Low,Low Engagement Churn Risk,6236.49,0
ID-001349,0.1442,0,Low,At-Risk New Customers,1519.91,0
ID-006943,0.1442,0,Low,High Value Loyalists,3328.03,0
ID-005824,0.1441,0,Low,At-Risk New Customers,1636.42,0
ID-001470,0.144,0,Low,High Value Loyalists,3066.54,1
ID-006672,0.144,0,Low,At-Risk New Customers,4614.12,0
ID-003136,0.1439,0,Low,High Value Loyalists,5036.66,0
ID-005549,0.1439,0,Low,At-Risk New Customers,3555.23,0
ID-002768,0.1438,0,Low,High Value Loyalists,3868.57,0
ID-005441,0.1438,0,Low,At-Risk New Customers,3224.02,0
ID-002032,0.1436,0,Low,At-Risk New Customers,1533.81,0
ID-002507,0.1434,0,Low,At-Risk New Customers,5007.72,0
ID-006725,0.1434,0,Low,At-Risk New Customers,1889.54,0
ID-006264,0.1434,0,Low,Low Engagement Churn Risk,4573.65,0
ID-000073,0.1432,0,Low,High Value Loyalists,5601.51,0
ID-005779,0.1431,0,Low,At-Risk New Customers,3775.75,0
ID-000364,0.143,0,Low,At-Risk New Customers,2392.24,0
ID-003811,0.1429,0,Low,At-Risk New Customers,6303.84,1
ID-001760,0.1429,0,Low,At-Risk New Customers,2817.3,1
ID-002337,0.1427,0,Low,High Value Loyalists,2388.33,0
ID-002322,0.1427,0,Low,High Value Loyalists,1077.92,1
ID-006471,0.1424,0,Low,At-Risk New Customers,4125.71,0
ID-005977,0.1424,0,Low,High Value Loyalists,4666.71,0
ID-006382,0.1423,0,Low,At-Risk New Customers,6510.25,1
ID-005927,0.1423,0,Low,At-Risk New Customers,1310.28,0
ID-003013,0.1423,0,Low,Stable Value Seekers,4570.4,1
ID-003143,0.1422,0,Low,High Value Loyalists,2303.62,0
ID-000458,0.1421,0,Low,At-Risk New Customers,5177.19,0
ID-001229,0.1421,0,Low,Stable Value Seekers,4412.91,0
ID-004322,0.1421,0,Low,At-Risk New Customers,2329.38,0
ID-005808,0.142,0,Low,At-Risk New Customers,2717.7,0
ID-002094,0.142,0,Low,At-Risk New Customers,3763.28,0
ID-006642,0.1419,0,Low,At-Risk New Customers,2111.29,0
ID-001532,0.1419,0,Low,Low Engagement Churn Risk,5695.14,0
ID-004283,0.1419,0,Low,High Value Loyalists,5456.96,0
ID-002765,0.1418,0,Low,At-Risk New Customers,3400.68,0
ID-002907,0.1417,0,Low,Low Engagement Churn Risk,4224.73,0
ID-005381,0.1417,0,Low,Stable Value Seekers,1594.65,0
ID-004338,0.1416,0,Low,At-Risk New Customers,4845.36,0
ID-004912,0.1416,0,Low,High Value Loyalists,6425.07,1
ID-001620,0.1415,0,Low,At-Risk New Customers,3199.5,0
ID-004020,0.1415,0,Low,At-Risk New Customers,2930.92,0
ID-001194,0.1414,0,Low,High Value Loyalists,6292.86,0
ID-006780,0.1414,0,Low,High Value Loyalists,2586.6,1
ID-004883,0.1414,0,Low,At-Risk New Customers,1755.08,0
ID-006195,0.1414,0,Low,High Value Loyalists,6273.31,1
ID-001456,0.1412,0,Low,High Value Loyalists,4683.85,0
ID-002042,0.1412,0,Low,Low Engagement Churn Risk,1773.97,0
ID-002041,0.1411,0,Low,High Value Loyalists,4072.22,0
ID-005730,0.1411,0,Low,At-Risk New Customers,4550.64,0
ID-000296,0.141,0,Low,High Value Loyalists,6028.48,0
ID-001662,0.1408,0,Low,At-Risk New Customers,3587.14,0
ID-001230,0.1408,0,Low,At-Risk New Customers,3574.63,0
ID-002251,0.1407,0,Low,Low Engagement Churn Risk,4367.9,0
ID-000130,0.1406,0,Low,High Value Loyalists,3297.27,0
ID-002064,0.1406,0,Low,High Value Loyalists,6847.77,1
ID-005277,0.1405,0,Low,At-Risk New Customers,4771.73,0
ID-002371,0.1405,0,Low,At-Risk New Customers,4683.83,0
ID-000367,0.1405,0,Low,At-Risk New Customers,1104.85,0
ID-003863,0.1405,0,Low,Low Engagement Churn Risk,5301.27,0
ID-004235,0.1404,0,Low,Stable Value Seekers,2859.05,0
ID-001005,0.1404,0,Low,At-Risk New Customers,3998.02,0
ID-002020,0.1404,0,Low,High Value Loyalists,4677.21,0
ID-000937,0.1404,0,Low,At-Risk New Customers,4339.84,0
ID-002454,0.1404,0,Low,At-Risk New Customers,5725.15,0
ID-001307,0.1404,0,Low,At-Risk New Customers,2719.71,0
ID-006755,0.1403,0,Low,At-Risk New Customers,2646.69,0
ID-006301,0.1403,0,Low,At-Risk New Customers,1777.37,0
ID-002822,0.1402,0,Low,At-Risk New Customers,4496.59,0
ID-004165,0.1402,0,Low,High Value Loyalists,1995.44,0
ID-006586,0.1402,0,Low,At-Risk New Customers,1882.97,0
ID-003206,0.1402,0,Low,High Value Loyalists,6557.06,0
ID-002611,0.1401,0,Low,High Value Loyalists,1256.92,0
ID-001357,0.1401,0,Low,Stable Value Seekers,4173.29,1
ID-006085,0.1401,0,Low,At-Risk New Customers,6051.73,0
ID-002708,0.1399,0,Low,High Value Loyalists,4519.75,0
ID-002114,0.1399,0,Low,At-Risk New Customers,5159.0,0
ID-006673,0.1398,0,Low,High Value Loyalists,2313.91,0
ID-002915,0.1398,0,Low,At-Risk New Customers,2757.65,1
ID-004336,0.1397,0,Low,Stable Value Seekers,4682.87,0
ID-005299,0.1396,0,Low,Low Engagement Churn Risk,5129.61,0
ID-004583,0.1396,0,Low,Low Engagement Churn Risk,3962.9,0
ID-005553,0.1395,0,Low,At-Risk New Customers,4594.76,0
ID-004707,0.1393,0,Low,High Value Loyalists,2099.08,0
ID-003542,0.1393,0,Low,Low Engagement Churn Risk,7010.44,0
ID-004612,0.1392,0,Low,High Value Loyalists,5496.51,0
ID-001786,0.1392,0,Low,At-Risk New Customers,1090.7,0
ID-002455,0.1392,0,Low,At-Risk New Customers,6978.19,0
ID-000298,0.1392,0,Low,High Value Loyalists,5527.54,0
ID-005265,0.1391,0,Low,High Value Loyalists,5699.48,1
ID-006543,0.1391,0,Low,At-Risk New Customers,1157.88,0
ID-000460,0.1391,0,Low,Low Engagement Churn Risk,6330.49,0
ID-002948,0.139,0,Low,At-Risk New Customers,6098.9,0
ID-004190,0.139,0,Low,Low Engagement Churn Risk,4761.99,1
ID-005214,0.139,0,Low,At-Risk New Customers,6236.83,0
ID-005422,0.1389,0,Low,At-Risk New Customers,3579.05,1
ID-003214,0.1387,0,Low,Low Engagement Churn Risk,3613.02,0
ID-006031,0.1387,0,Low,At-Risk New Customers,5932.83,0
ID-000347,0.1385,0,Low,At-Risk New Customers,6235.3,0
ID-003285,0.1384,0,Low,At-Risk New Customers,4140.02,0
ID-004680,0.1383,0,Low,At-Risk New Customers,2305.35,1
ID-005556,0.1383,0,Low,At-Risk New Customers,2754.83,0
ID-002949,0.1383,0,Low,Low Engagement Churn Risk,6463.48,0
ID-005883,0.1383,0,Low,At-Risk New Customers,2158.16,0
ID-004946,0.1383,0,Low,At-Risk New Customers,6936.82,1
ID-000059,0.1382,0,Low,At-Risk New Customers,2301.88,0
ID-005270,0.1382,0,Low,Low Engagement Churn Risk,1186.14,0
ID-004086,0.1381,0,Low,High Value Loyalists,1177.02,0
ID-005346,0.1381,0,Low,At-Risk New Customers,3348.55,0
ID-006731,0.138,0,Low,At-Risk New Customers,3379.08,0
ID-004762,0.138,0,Low,High Value Loyalists,6984.2,0
ID-003159,0.1379,0,Low,At-Risk New Customers,5014.44,0
ID-004080,0.1378,0,Low,High Value Loyalists,2291.29,1
ID-000091,0.1377,0,Low,Low Engagement Churn Risk,4989.73,0
ID-000834,0.1376,0,Low,High Value Loyalists,2421.87,0
ID-002811,0.1376,0,Low,Low Engagement Churn Risk,5310.51,0
ID-003743,0.1375,0,Low,High Value Loyalists,3358.8,1
ID-005948,0.1374,0,Low,Stable Value Seekers,3322.43,1
ID-000023,0.1373,0,Low,High Value Loyalists,3694.74,0
ID-005495,0.1372,0,Low,At-Risk New Customers,6670.36,0
ID-000816,0.1372,0,Low,At-Risk New Customers,1435.47,1
ID-003753,0.1372,0,Low,Low Engagement Churn Risk,5281.96,0
ID-001599,0.1371,0,Low,At-Risk New Customers,3111.53,0
ID-003140,0.1371,0,Low,At-Risk New Customers,2664.18,0
ID-003016,0.1371,0,Low,At-Risk New Customers,6550.64,0
ID-000676,0.137,0,Low,At-Risk New Customers,4808.8,0
ID-003773,0.137,0,Low,At-Risk New Customers,1367.27,0
ID-001768,0.1369,0,Low,At-Risk New Customers,2133.93,0
ID-002758,0.1369,0,Low,Low Engagement Churn Risk,2965.19,0
ID-004316,0.1368,0,Low,At-Risk New Customers,5212.21,0
ID-001643,0.1368,0,Low,At-Risk New Customers,6226.83,0
ID-002633,0.1368,0,Low,High Value Loyalists,6727.94,0
ID-001006,0.1368,0,Low,At-Risk New Customers,1679.6,0
ID-001266,0.1367,0,Low,High Value Loyalists,2026.72,0
ID-005839,0.1367,0,Low,At-Risk New Customers,2834.43,0
ID-004961,0.1366,0,Low,Stable Value Seekers,4446.29,0
ID-005538,0.1366,0,Low,Low Engagement Churn Risk,6050.8,0
ID-005879,0.1366,0,Low,High Value Loyalists,2712.6,0
ID-000525,0.1365,0,Low,High Value Loyalists,4347.31,0
ID-000910,0.1365,0,Low,High Value Loyalists,4172.64,0
ID-005987,0.1365,0,Low,At-Risk New Customers,1983.83,0
ID-006256,0.1364,0,Low,At-Risk New Customers,3729.11,0
ID-004148,0.1364,0,Low,High Value Loyalists,3001.94,0
ID-001566,0.1363,0,Low,High Value Loyalists,4850.83,0
ID-004702,0.1363,0,Low,At-Risk New Customers,1514.44,0
ID-002614,0.1363,0,Low,At-Risk New Customers,4131.37,0
ID-000428,0.1363,0,Low,High Value Loyalists,6153.3,0
ID-003825,0.1363,0,Low,Stable Value Seekers,1359.56,0
ID-006551,0.1362,0,Low,High Value Loyalists,4586.81,0
ID-002345,0.1362,0,Low,At-Risk New Customers,3241.14,0
ID-001410,0.1362,0,Low,At-Risk New Customers,1215.93,0
ID-001361,0.1359,0,Low,At-Risk New Customers,5188.7,0
ID-001475,0.1359,0,Low,At-Risk New Customers,5777.01,0
ID-001742,0.1359,0,Low,High Value Loyalists,4681.33,0
ID-006152,0.1359,0,Low,At-Risk New Customers,2684.22,0
ID-003586,0.1358,0,Low,High Value Loyalists,6296.12,1
ID-000261,0.1358,0,Low,At-Risk New Customers,2109.02,0
ID-001714,0.1358,0,Low,At-Risk New Customers,6077.25,1
ID-003137,0.1357,0,Low,At-Risk New Customers,4220.88,0
ID-002939,0.1357,0,Low,At-Risk New Customers,3426.17,0
ID-003037,0.1356,0,Low,At-Risk New Customers,2238.16,0
ID-004812,0.1356,0,Low,At-Risk New Customers,3619.24,0
ID-005775,0.1355,0,Low,At-Risk New Customers,3019.67,0
ID-006379,0.1354,0,Low,Low Engagement Churn Risk,1846.66,0
ID-001369,0.1354,0,Low,At-Risk New Customers,3853.79,0
ID-005632,0.1352,0,Low,At-Risk New Customers,2209.73,0
ID-000248,0.1352,0,Low,High Value Loyalists,3549.02,0
ID-005903,0.1352,0,Low,At-Risk New Customers,5050.99,1
ID-000898,0.1351,0,Low,At-Risk New Customers,5206.07,0
ID-004963,0.135,0,Low,At-Risk New Customers,6719.18,0
ID-002279,0.135,0,Low,Stable Value Seekers,6741.59,0
ID-001977,0.135,0,Low,At-Risk New Customers,2143.33,0
ID-005664,0.135,0,Low,At-Risk New Customers,5143.25,0
ID-006525,0.135,0,Low,At-Risk New Customers,4827.58,0
ID-002275,0.1349,0,Low,At-Risk New Customers,5510.76,1
ID-005925,0.1347,0,Low,Low Engagement Churn Risk,5491.44,0
ID-005952,0.1346,0,Low,At-Risk New Customers,4309.25,0
ID-005500,0.1345,0,Low,At-Risk New Customers,5925.57,0
ID-000165,0.1344,0,Low,High Value Loyalists,7132.48,1
ID-003177,0.1343,0,Low,At-Risk New Customers,4114.94,0
ID-003370,0.1342,0,Low,High Value Loyalists,4687.97,0
ID-006396,0.1341,0,Low,At-Risk New Customers,5524.03,0
ID-003349,0.1341,0,Low,Low Engagement Churn Risk,5618.12,0
ID-005245,0.134,0,Low,At-Risk New Customers,5030.38,0
ID-002285,0.134,0,Low,At-Risk New Customers,4021.89,0
ID-005947,0.134,0,Low,At-Risk New Customers,4637.81,0
ID-006200,0.134,0,Low,High Value Loyalists,4381.77,0
ID-004722,0.1339,0,Low,At-Risk New Customers,1397.4,0
ID-001114,0.1338,0,Low,High Value Loyalists,4000.19,0
ID-002126,0.1338,0,Low,At-Risk New Customers,1308.01,0
ID-003337,0.1338,0,Low,At-Risk New Customers,3128.36,0
ID-001563,0.1337,0,Low,At-Risk New Customers,2163.25,0
ID-003176,0.1337,0,Low,Low Engagement Churn Risk,1498.86,0
ID-003402,0.1337,0,Low,At-Risk New Customers,5443.84,0
ID-001939,0.1337,0,Low,High Value Loyalists,3895.06,0
ID-005806,0.1336,0,Low,Low Engagement Churn Risk,2360.47,0
ID-003581,0.1336,0,Low,At-Risk New Customers,6347.46,1
ID-006394,0.1336,0,Low,Stable Value Seekers,5348.18,1
ID-004060,0.1336,0,Low,Stable Value Seekers,5215.7,0
ID-006303,0.1335,0,Low,At-Risk New Customers,4829.08,0
ID-005831,0.1335,0,Low,Stable Value Seekers,4390.57,0
ID-003747,0.1335,0,Low,At-Risk New Customers,5111.74,0
ID-005871,0.1334,0,Low,At-Risk New Customers,6221.7,0
ID-000884,0.1334,0,Low,Stable Value Seekers,5079.78,1
ID-000137,0.1333,0,Low,At-Risk New Customers,3978.77,0
ID-002222,0.1333,0,Low,At-Risk New Customers,1123.91,0
ID-005604,0.1332,0,Low,High Value Loyalists,5037.96,0
ID-005131,0.1331,0,Low,High Value Loyalists,6551.72,0
ID-003501,0.1331,0,Low,Low Engagement Churn Risk,4620.87,0
ID-002635,0.1331,0,Low,At-Risk New Customers,4835.16,0
ID-000687,0.1331,0,Low,High Value Loyalists,3748.6,0
ID-002796,0.1329,0,Low,High Value Loyalists,6232.46,0
ID-002283,0.1328,0,Low,High Value Loyalists,6721.98,0
ID-005647,0.1328,0,Low,At-Risk New Customers,2331.65,1
ID-000932,0.1328,0,Low,Low Engagement Churn Risk,4837.33,0
ID-005578,0.1328,0,Low,At-Risk New Customers,3305.37,0
ID-000446,0.1328,0,Low,At-Risk New Customers,4582.57,0
ID-002190,0.1328,0,Low,High Value Loyalists,2730.72,0
ID-003171,0.1327,0,Low,At-Risk New Customers,5320.58,0
ID-001664,0.1326,0,Low,High Value Loyalists,1514.08,0
ID-005757,0.1326,0,Low,At-Risk New Customers,4523.38,0
ID-005884,0.1326,0,Low,Stable Value Seekers,2755.95,0
ID-004099,0.1326,0,Low,At-Risk New Customers,4794.16,0
ID-000435,0.1326,0,Low,Low Engagement Churn Risk,5791.26,0
ID-005337,0.1326,0,Low,High Value Loyalists,6145.68,0
ID-004038,0.1325,0,Low,High Value Loyalists,5841.17,0
ID-005209,0.1325,0,Low,At-Risk New Customers,2041.9,0
ID-001438,0.1324,0,Low,Low Engagement Churn Risk,5645.55,1
ID-006991,0.1324,0,Low,At-Risk New Customers,3238.59,0
ID-006531,0.1323,0,Low,At-Risk New Customers,2413.79,0
ID-002031,0.1323,0,Low,Stable Value Seekers,3235.76,0
ID-000403,0.1323,0,Low,Stable Value Seekers,5843.69,0
ID-001804,0.1322,0,Low,Low Engagement Churn Risk,4297.38,0
ID-003833,0.1321,0,Low,High Value Loyalists,5687.6,0
ID-006976,0.1321,0,Low,High Value Loyalists,2384.9,0
ID-005749,0.1321,0,Low,At-Risk New Customers,3354.34,0
ID-001137,0.1321,0,Low,Low Engagement Churn Risk,1922.99,0
ID-002959,0.132,0,Low,At-Risk New Customers,2874.07,0
ID-003359,0.132,0,Low,High Value Loyalists,6276.08,0
ID-001263,0.1319,0,Low,High Value Loyalists,5209.81,0
ID-001255,0.1318,0,Low,High Value Loyalists,1743.95,0
ID-001461,0.1318,0,Low,At-Risk New Customers,3833.95,0
ID-003570,0.1317,0,Low,At-Risk New Customers,3006.9,0
ID-002542,0.1317,0,Low,At-Risk New Customers,2657.38,0
ID-001731,0.1316,0,Low,At-Risk New Customers,6111.11,0
ID-004376,0.1316,0,Low,High Value Loyalists,6094.68,1
ID-001740,0.1316,0,Low,At-Risk New Customers,5164.64,0
ID-004579,0.1314,0,Low,Stable Value Seekers,3972.76,0
ID-006972,0.1313,0,Low,At-Risk New Customers,4546.44,0
ID-006305,0.1313,0,Low,Low Engagement Churn Risk,3610.69,0
ID-002887,0.1313,0,Low,Low Engagement Churn Risk,4356.66,0
ID-004362,0.1313,0,Low,At-Risk New Customers,1264.96,0
ID-002070,0.1313,0,Low,At-Risk New Customers,2811.56,0
ID-000791,0.1312,0,Low,Low Engagement Churn Risk,4392.07,1
ID-005773,0.1311,0,Low,At-Risk New Customers,5922.2,0
ID-002365,0.1311,0,Low,Stable Value Seekers,6137.39,0
ID-006144,0.1311,0,Low,At-Risk New Customers,1140.62,0
ID-004906,0.1311,0,Low,At-Risk New Customers,5415.49,0
ID-006028,0.131,0,Low,At-Risk New Customers,1339.61,0
ID-006961,0.131,0,Low,At-Risk New Customers,3830.48,0
ID-002724,0.131,0,Low,High Value Loyalists,1827.77,0
ID-006662,0.131,0,Low,At-Risk New Customers,1639.51,0
ID-002274,0.131,0,Low,At-Risk New Customers,5891.44,0
ID-002682,0.131,0,Low,At-Risk New Customers,2277.1,0
ID-001141,0.1309,0,Low,At-Risk New Customers,5694.87,1
ID-001226,0.1309,0,Low,At-Risk New Customers,5131.78,0
ID-005740,0.1309,0,Low,Stable Value Seekers,1939.08,0
ID-003858,0.1308,0,Low,At-Risk New Customers,1051.14,0
ID-002206,0.1308,0,Low,High Value Loyalists,4836.66,0
ID-003033,0.1307,0,Low,At-Risk New Customers,5924.86,0
ID-001314,0.1306,0,Low,At-Risk New Customers,4819.86,1
ID-006404,0.1306,0,Low,At-Risk New Customers,5751.19,0
ID-002933,0.1306,0,Low,Stable Value Seekers,6295.0,1
ID-002996,0.1305,0,Low,High Value Loyalists,1106.14,0
ID-002294,0.1304,0,Low,At-Risk New Customers,2298.98,0
ID-000755,0.1304,0,Low,High Value Loyalists,2039.77,1
ID-001127,0.1304,0,Low,At-Risk New Customers,4205.99,0
ID-006343,0.1304,0,Low,At-Risk New Customers,6413.98,0
ID-005608,0.1303,0,Low,Stable Value Seekers,4259.68,0
ID-003561,0.1303,0,Low,At-Risk New Customers,1519.22,0
ID-006432,0.1303,0,Low,Stable Value Seekers,6686.36,0
ID-005523,0.1302,0,Low,High Value Loyalists,1820.67,0
ID-002328,0.1302,0,Low,High Value Loyalists,2132.05,0
ID-000640,0.1302,0,Low,At-Risk New Customers,1280.26,0
ID-006010,0.1301,0,Low,At-Risk New Customers,7051.95,0
ID-003435,0.1301,0,Low,At-Risk New Customers,3735.86,0
ID-001398,0.1299,0,Low,At-Risk New Customers,1923.7,0
ID-002806,0.1299,0,Low,High Value Loyalists,2994.64,0
ID-003339,0.1299,0,Low,At-Risk New Customers,1027.04,0
ID-000774,0.1298,0,Low,At-Risk New Customers,2524.82,0
ID-006766,0.1298,0,Low,At-Risk New Customers,5351.93,0
ID-006587,0.1298,0,Low,At-Risk New Customers,3687.25,0
ID-005215,0.1297,0,Low,At-Risk New Customers,2979.09,1
ID-000817,0.1296,0,Low,At-Risk New Customers,4697.86,0
ID-006040,0.1295,0,Low,At-Risk New Customers,5555.33,0
ID-001119,0.1295,0,Low,At-Risk New Customers,5713.31,0
ID-006530,0.1295,0,Low,High Value Loyalists,3542.19,0
ID-004193,0.1294,0,Low,At-Risk New Customers,3537.7,0
ID-004547,0.1294,0,Low,At-Risk New Customers,1079.72,0
ID-006317,0.1294,0,Low,At-Risk New Customers,1424.92,0
ID-000030,0.1293,0,Low,At-Risk New Customers,3806.61,0
ID-005386,0.1293,0,Low,Stable Value Seekers,2721.96,0
ID-006715,0.1293,0,Low,At-Risk New Customers,1236.09,0
ID-003598,0.1292,0,Low,High Value Loyalists,3826.96,0
ID-002244,0.1292,0,Low,At-Risk New Customers,5405.11,0
ID-004398,0.1291,0,Low,At-Risk New Customers,2078.29,0
ID-006846,0.1291,0,Low,High Value Loyalists,5305.03,0
ID-004785,0.129,0,Low,High Value Loyalists,4470.64,0
ID-001627,0.129,0,Low,At-Risk New Customers,5098.01,0
ID-005872,0.129,0,Low,High Value Loyalists,6866.46,0
ID-006603,0.1288,0,Low,At-Risk New Customers,4908.38,0
ID-000357,0.1288,0,Low,At-Risk New Customers,2848.09,1
ID-001509,0.1288,0,Low,At-Risk New Customers,3576.22,0
ID-002918,0.1287,0,Low,At-Risk New Customers,3099.02,0
ID-006541,0.1285,0,Low,Stable Value Seekers,1170.36,0
ID-005725,0.1285,0,Low,At-Risk New Customers,3138.32,1
ID-006072,0.1284,0,Low,At-Risk New Customers,2642.74,1
ID-005880,0.1284,0,Low,At-Risk New Customers,2146.17,1
ID-005586,0.1283,0,Low,High Value Loyalists,2475.83,0
ID-005573,0.1283,0,Low,At-Risk New Customers,3232.31,1
ID-004013,0.1282,0,Low,At-Risk New Customers,4510.92,0
ID-006745,0.1282,0,Low,At-Risk New Customers,1558.97,0
ID-001585,0.1281,0,Low,At-Risk New Customers,2053.96,0
ID-000685,0.1281,0,Low,High Value Loyalists,1313.28,0
ID-001822,0.1281,0,Low,At-Risk New Customers,1175.27,0
ID-006678,0.128,0,Low,At-Risk New Customers,1270.62,0
ID-000457,0.128,0,Low,At-Risk New Customers,1331.5,1
ID-004960,0.1278,0,Low,At-Risk New Customers,1638.84,0
ID-003323,0.1278,0,Low,Stable Value Seekers,4834.15,0
ID-006259,0.1276,0,Low,High Value Loyalists,4622.06,0
ID-000024,0.1276,0,Low,At-Risk New Customers,4753.37,0
ID-003038,0.1276,0,Low,At-Risk New Customers,5262.84,1
ID-004794,0.1275,0,Low,At-Risk New Customers,5186.39,1
ID-000607,0.1275,0,Low,Stable Value Seekers,5075.19,0
ID-002521,0.1274,0,Low,At-Risk New Customers,6343.98,0
ID-004129,0.1273,0,Low,At-Risk New Customers,1510.64,0
ID-003912,0.1273,0,Low,At-Risk New Customers,6164.1,0
ID-005405,0.1273,0,Low,At-Risk New Customers,4561.33,0
ID-004772,0.1272,0,Low,At-Risk New Customers,1319.51,0
ID-005480,0.1272,0,Low,At-Risk New Customers,1737.56,0
ID-004241,0.1272,0,Low,At-Risk New Customers,3432.9,1
ID-004995,0.1272,0,Low,At-Risk New Customers,4037.84,0
ID-006875,0.1272,0,Low,Low Engagement Churn Risk,2237.58,0
ID-004984,0.1271,0,Low,High Value Loyalists,4938.47,0
ID-000664,0.1271,0,Low,Stable Value Seekers,5728.84,0
ID-002494,0.1271,0,Low,Stable Value Seekers,5182.11,0
ID-000316,0.127,0,Low,At-Risk New Customers,4509.22,0
ID-000949,0.127,0,Low,High Value Loyalists,1683.84,0
ID-005013,0.127,0,Low,Stable Value Seekers,5349.77,0
ID-006946,0.1269,0,Low,At-Risk New Customers,5154.04,0
ID-001829,0.1269,0,Low,At-Risk New Customers,5725.86,0
ID-004678,0.1269,0,Low,At-Risk New Customers,6518.5,0
ID-000033,0.1269,0,Low,High Value Loyalists,1185.64,0
ID-005893,0.1268,0,Low,At-Risk New Customers,3044.85,0
ID-006039,0.1267,0,Low,At-Risk New Customers,6188.36,0
ID-001080,0.1267,0,Low,At-Risk New Customers,2687.06,1
ID-006383,0.1266,0,Low,At-Risk New Customers,3876.77,0
ID-000579,0.1266,0,Low,Stable Value Seekers,5326.53,0
ID-001586,0.1265,0,Low,At-Risk New Customers,6605.78,1
ID-006684,0.1265,0,Low,At-Risk New Customers,2606.49,0
ID-006487,0.1264,0,Low,At-Risk New Customers,2188.33,1
ID-000082,0.1264,0,Low,High Value Loyalists,1878.95,0
ID-000072,0.1264,0,Low,At-Risk New Customers,3212.2,0
ID-004657,0.1264,0,Low,Low Engagement Churn Risk,1970.89,1
ID-004690,0.1263,0,Low,High Value Loyalists,6631.65,0
ID-004766,0.1263,0,Low,At-Risk New Customers,4813.99,1
ID-003098,0.1262,0,Low,At-Risk New Customers,2055.02,0
ID-004798,0.1262,0,Low,At-Risk New Customers,3777.89,0
ID-000410,0.1262,0,Low,Stable Value Seekers,5548.57,1
ID-001759,0.1262,0,Low,At-Risk New Customers,3370.02,1
ID-002427,0.1262,0,Low,At-Risk New Customers,1105.21,0
ID-004466,0.1261,0,Low,High Value Loyalists,6646.32,0
ID-002416,0.1261,0,Low,High Value Loyalists,3418.04,0
ID-000387,0.1261,0,Low,At-Risk New Customers,992.28,0
ID-001190,0.1261,0,Low,At-Risk New Customers,4864.97,0
ID-003765,0.1259,0,Low,High Value Loyalists,6851.09,0
ID-004480,0.1259,0,Low,At-Risk New Customers,2768.24,0
ID-005874,0.1259,0,Low,At-Risk New Customers,1141.56,1
ID-002691,0.1259,0,Low,At-Risk New Customers,1796.57,0
ID-003360,0.1259,0,Low,High Value Loyalists,2746.68,0
ID-006651,0.1259,0,Low,Low Engagement Churn Risk,2042.85,0
ID-000040,0.1258,0,Low,At-Risk New Customers,5732.11,1
ID-003286,0.1258,0,Low,At-Risk New Customers,3674.5,0
ID-001004,0.1258,0,Low,At-Risk New Customers,4080.95,0
ID-003997,0.1258,0,Low,High Value Loyalists,1999.04,0
ID-003704,0.1258,0,Low,At-Risk New Customers,4485.4,0
ID-005877,0.1258,0,Low,At-Risk New Customers,3676.14,0
ID-003784,0.1257,0,Low,At-Risk New Customers,3603.97,0
ID-006788,0.1257,0,Low,High Value Loyalists,1070.22,0
ID-004905,0.1257,0,Low,At-Risk New Customers,5046.42,0
ID-004071,0.1257,0,Low,At-Risk New Customers,1622.98,0
ID-002840,0.1256,0,Low,At-Risk New Customers,1541.4,0
ID-002599,0.1256,0,Low,At-Risk New Customers,1747.4,0
ID-006491,0.1254,0,Low,Stable Value Seekers,7244.66,0
ID-001286,0.1254,0,Low,High Value Loyalists,1963.51,0
ID-003476,0.1254,0,Low,High Value Loyalists,1368.93,0
ID-004497,0.1254,0,Low,At-Risk New Customers,2145.57,1
ID-000892,0.1252,0,Low,High Value Loyalists,5506.28,0
ID-004464,0.1252,0,Low,Stable Value Seekers,4206.76,0
ID-004518,0.1252,0,Low,High Value Loyalists,1202.08,0
ID-006868,0.1251,0,Low,Stable Value Seekers,6953.89,1
ID-002832,0.1251,0,Low,At-Risk New Customers,6767.71,0
ID-005057,0.1251,0,Low,At-Risk New Customers,2715.74,0
ID-005626,0.125,0,Low,At-Risk New Customers,1818.16,0
ID-004085,0.1249,0,Low,At-Risk New Customers,3406.48,0
ID-002786,0.1249,0,Low,At-Risk New Customers,1863.4,0
ID-004388,0.1249,0,Low,At-Risk New Customers,5666.75,0
ID-000330,0.1248,0,Low,At-Risk New Customers,1408.7,0
ID-003324,0.1248,0,Low,At-Risk New Customers,1743.2,0
ID-003631,0.1247,0,Low,At-Risk New Customers,3305.42,0
ID-003213,0.1246,0,Low,At-Risk New Customers,1823.51,0
ID-000720,0.1246,0,Low,Stable Value Seekers,6341.41,0
ID-001000,0.1246,0,Low,At-Risk New Customers,4203.32,0
ID-003882,0.1246,0,Low,At-Risk New Customers,1454.73,0
ID-001280,0.1245,0,Low,Stable Value Seekers,5251.2,0
ID-000253,0.1245,0,Low,At-Risk New Customers,4710.9,0
ID-004455,0.1245,0,Low,Stable Value Seekers,3689.17,0
ID-006980,0.1245,0,Low,High Value Loyalists,6689.92,0
ID-001889,0.1244,0,Low,At-Risk New Customers,2318.05,0
ID-006812,0.1244,0,Low,At-Risk New Customers,4462.03,0
ID-002943,0.1244,0,Low,Stable Value Seekers,5131.75,1
ID-002561,0.1243,0,Low,At-Risk New Customers,4661.6,0
ID-005015,0.1243,0,Low,High Value Loyalists,6534.18,0
ID-005365,0.1243,0,Low,At-Risk New Customers,2333.86,0
ID-003401,0.1242,0,Low,Low Engagement Churn Risk,3368.72,0
ID-001479,0.1242,0,Low,Stable Value Seekers,4439.93,0
ID-005083,0.1241,0,Low,At-Risk New Customers,6055.72,0
ID-003770,0.1241,0,Low,At-Risk New Customers,3938.2,0
ID-002640,0.124,0,Low,At-Risk New Customers,2851.12,0
ID-004988,0.1239,0,Low,Stable Value Seekers,6509.04,0
ID-005767,0.1239,0,Low,Stable Value Seekers,4641.49,0
ID-004769,0.1238,0,Low,Stable Value Seekers,6904.64,0
ID-005021,0.1237,0,Low,At-Risk New Customers,4418.86,0
ID-006100,0.1237,0,Low,Stable Value Seekers,5077.98,0
ID-000997,0.1235,0,Low,At-Risk New Customers,1931.15,0
ID-003446,0.1235,0,Low,At-Risk New Customers,1967.76,0
ID-005959,0.1235,0,Low,High Value Loyalists,2143.7,0
ID-006211,0.1234,0,Low,At-Risk New Customers,4640.1,0
ID-002262,0.1234,0,Low,At-Risk New Customers,3452.82,1
ID-001928,0.1233,0,Low,At-Risk New Customers,3181.97,0
ID-000345,0.1233,0,Low,At-Risk New Customers,2305.03,0
ID-001183,0.1233,0,Low,Stable Value Seekers,7590.23,0
ID-001324,0.1232,0,Low,High Value Loyalists,2361.84,0
ID-005483,0.123,0,Low,At-Risk New Customers,4061.13,0
ID-000943,0.123,0,Low,At-Risk New Customers,5975.72,0
ID-000313,0.1229,0,Low,High Value Loyalists,3897.64,0
ID-001024,0.1229,0,Low,High Value Loyalists,1606.88,0
ID-002477,0.1229,0,Low,High Value Loyalists,4985.74,0
ID-004852,0.1228,0,Low,High Value Loyalists,3758.14,0
ID-005863,0.1228,0,Low,Stable Value Seekers,7028.92,0
ID-004397,0.1227,0,Low,At-Risk New Customers,6193.84,1
ID-000701,0.1227,0,Low,High Value Loyalists,5290.64,0
ID-005675,0.1227,0,Low,Stable Value Seekers,6997.55,0
ID-002659,0.1227,0,Low,At-Risk New Customers,1722.2,0
ID-000734,0.1227,0,Low,High Value Loyalists,5142.12,0
ID-004151,0.1226,0,Low,At-Risk New Customers,5331.54,0
ID-003667,0.1226,0,Low,At-Risk New Customers,5750.64,1
ID-000575,0.1226,0,Low,At-Risk New Customers,3554.18,0
ID-002681,0.1225,0,Low,At-Risk New Customers,5618.39,0
ID-002487,0.1225,0,Low,At-Risk New Customers,1760.85,0
ID-000615,0.1224,0,Low,At-Risk New Customers,3458.95,0
ID-004006,0.1223,0,Low,At-Risk New Customers,2518.29,0
ID-004910,0.1223,0,Low,At-Risk New Customers,2460.47,0
ID-000280,0.1223,0,Low,High Value Loyalists,1407.04,1
ID-003203,0.1223,0,Low,At-Risk New Customers,5336.34,0
ID-000760,0.1223,0,Low,At-Risk New Customers,1824.65,1
ID-004046,0.1223,0,Low,At-Risk New Customers,4662.73,0
ID-004795,0.1222,0,Low,High Value Loyalists,3647.04,0
ID-001277,0.1221,0,Low,At-Risk New Customers,3811.87,0
ID-006067,0.1221,0,Low,At-Risk New Customers,3664.24,0
ID-001782,0.1221,0,Low,At-Risk New Customers,1348.63,0
ID-004993,0.122,0,Low,At-Risk New Customers,2590.22,0
ID-003789,0.1219,0,Low,At-Risk New Customers,1694.63,0
ID-002593,0.1218,0,Low,At-Risk New Customers,1664.33,0
ID-005142,0.1218,0,Low,At-Risk New Customers,1383.21,0
ID-002019,0.1218,0,Low,High Value Loyalists,5067.87,0
ID-006527,0.1217,0,Low,Stable Value Seekers,2527.53,0
ID-000854,0.1217,0,Low,Stable Value Seekers,6274.6,0
ID-001551,0.1217,0,Low,High Value Loyalists,5206.82,0
ID-006559,0.1217,0,Low,High Value Loyalists,3220.59,1
ID-002463,0.1217,0,Low,Stable Value Seekers,3230.45,0
ID-006371,0.1216,0,Low,Stable Value Seekers,6037.1,0
ID-003304,0.1216,0,Low,At-Risk New Customers,4710.89,1
ID-001913,0.1216,0,Low,At-Risk New Customers,2205.53,0
ID-005826,0.1216,0,Low,High Value Loyalists,1939.58,1
ID-000356,0.1215,0,Low,At-Risk New Customers,4103.27,0
ID-006093,0.1215,0,Low,At-Risk New Customers,1129.57,0
ID-000368,0.1215,0,Low,At-Risk New Customers,4046.48,0
ID-006937,0.1214,0,Low,At-Risk New Customers,1893.01,0
ID-005753,0.1214,0,Low,At-Risk New Customers,2077.3,1
ID-002436,0.1213,0,Low,High Value Loyalists,4982.8,0
ID-001108,0.1213,0,Low,At-Risk New Customers,6090.4,0
ID-004356,0.1213,0,Low,Stable Value Seekers,5412.8,0
ID-004834,0.1213,0,Low,At-Risk New Customers,5189.3,0
ID-000190,0.1212,0,Low,High Value Loyalists,5407.25,0
ID-001254,0.1212,0,Low,At-Risk New Customers,5242.42,0
ID-006840,0.1212,0,Low,Stable Value Seekers,2955.18,0
ID-000013,0.1211,0,Low,At-Risk New Customers,1961.74,0
ID-001644,0.1211,0,Low,At-Risk New Customers,2885.11,1
ID-002836,0.1211,0,Low,At-Risk New Customers,4895.56,0
ID-000649,0.121,0,Low,Stable Value Seekers,4077.44,0
ID-002550,0.121,0,Low,At-Risk New Customers,1172.33,0
ID-005358,0.1208,0,Low,Stable Value Seekers,5892.61,0
ID-005333,0.1208,0,Low,At-Risk New Customers,2095.99,0
ID-000753,0.1208,0,Low,At-Risk New Customers,4393.08,0
ID-001515,0.1207,0,Low,At-Risk New Customers,2337.46,0
ID-005081,0.1206,0,Low,Stable Value Seekers,6280.13,0
ID-001949,0.1205,0,Low,Stable Value Seekers,4990.1,1
ID-006261,0.1205,0,Low,At-Risk New Customers,3591.34,1
ID-002489,0.1205,0,Low,At-Risk New Customers,3158.39,0
ID-003917,0.1204,0,Low,High Value Loyalists,4945.7,0
ID-006996,0.1204,0,Low,Low Engagement Churn Risk,1192.32,1
ID-006906,0.1204,0,Low,At-Risk New Customers,6207.07,0
ID-002528,0.1204,0,Low,At-Risk New Customers,2875.2,0
ID-004821,0.1203,0,Low,At-Risk New Customers,1438.82,0
ID-001145,0.1203,0,Low,Low Engagement Churn Risk,2766.34,1
ID-001179,0.1202,0,Low,Stable Value Seekers,6019.88,0
ID-005062,0.1202,0,Low,Stable Value Seekers,3394.72,0
ID-004655,0.1202,0,Low,At-Risk New Customers,2295.5,0
ID-000097,0.1201,0,Low,At-Risk New Customers,5489.21,0
ID-005708,0.1201,0,Low,At-Risk New Customers,3255.59,0
ID-001951,0.12,0,Low,At-Risk New Customers,2919.66,1
ID-006166,0.12,0,Low,At-Risk New Customers,5776.48,0
ID-001787,0.1199,0,Low,At-Risk New Customers,5012.23,0
ID-005148,0.1199,0,Low,At-Risk New Customers,5882.65,0
ID-005655,0.1199,0,Low,At-Risk New Customers,1229.27,0
ID-004473,0.1199,0,Low,Low Engagement Churn Risk,3245.85,0
ID-004155,0.1199,0,Low,At-Risk New Customers,1460.4,0
ID-001421,0.1198,0,Low,High Value Loyalists,4530.26,0
ID-004610,0.1198,0,Low,High Value Loyalists,2367.76,0
ID-004660,0.1197,0,Low,At-Risk New Customers,5331.27,0
ID-004484,0.1196,0,Low,Stable Value Seekers,4810.65,0
ID-003398,0.1195,0,Low,Stable Value Seekers,5351.68,0
ID-004485,0.1195,0,Low,Stable Value Seekers,5059.42,0
ID-001598,0.1194,0,Low,Stable Value Seekers,2845.97,0
ID-004102,0.1194,0,Low,High Value Loyalists,1691.52,0
ID-000740,0.1194,0,Low,At-Risk New Customers,5122.72,0
ID-004022,0.1193,0,Low,High Value Loyalists,1943.06,0
ID-000590,0.1193,0,Low,High Value Loyalists,6307.67,0
ID-002854,0.1191,0,Low,High Value Loyalists,2161.5,1
ID-006142,0.119,0,Low,Stable Value Seekers,7395.52,1
ID-001065,0.119,0,Low,At-Risk New Customers,2635.49,0
ID-005646,0.1189,0,Low,High Value Loyalists,1081.42,0
ID-003287,0.1189,0,Low,Stable Value Seekers,5735.42,0
ID-006351,0.1188,0,Low,High Value Loyalists,6355.51,0
ID-003343,0.1188,0,Low,Stable Value Seekers,7129.26,0
ID-002448,0.1188,0,Low,At-Risk New Customers,3714.44,0
ID-006930,0.1188,0,Low,High Value Loyalists,4614.22,0
ID-005778,0.1188,0,Low,At-Risk New Customers,1604.16,0
ID-001728,0.1187,0,Low,At-Risk New Customers,3406.47,0
ID-000128,0.1187,0,Low,At-Risk New Customers,2193.84,0
ID-002790,0.1187,0,Low,Stable Value Seekers,7024.81,0
ID-004634,0.1187,0,Low,Stable Value Seekers,3821.26,0
ID-006948,0.1186,0,Low,Low Engagement Churn Risk,2518.92,0
ID-000491,0.1185,0,Low,At-Risk New Customers,1049.7,0
ID-006310,0.1185,0,Low,Stable Value Seekers,3839.94,0
ID-002169,0.1185,0,Low,High Value Loyalists,6294.13,1
ID-005681,0.1184,0,Low,Stable Value Seekers,3283.02,0
ID-002319,0.1184,0,Low,At-Risk New Customers,1123.34,0
ID-003956,0.1184,0,Low,High Value Loyalists,1371.01,0
ID-005609,0.1184,0,Low,At-Risk New Customers,2486.93,0
ID-004567,0.1183,0,Low,Stable Value Seekers,6902.24,0
ID-004873,0.1183,0,Low,Stable Value Seekers,6278.9,0
ID-006302,0.1183,0,Low,At-Risk New Customers,941.25,0
ID-005667,0.1182,0,Low,At-Risk New Customers,1890.71,0
ID-002292,0.1182,0,Low,High Value Loyalists,6566.78,0
ID-004334,0.1182,0,Low,Stable Value Seekers,3364.17,0
ID-003241,0.1182,0,Low,Low Engagement Churn Risk,5558.53,0
ID-005157,0.1182,0,Low,Stable Value Seekers,6075.25,0
ID-001667,0.1181,0,Low,High Value Loyalists,2696.97,0
ID-004548,0.118,0,Low,At-Risk New Customers,5363.05,0
ID-006610,0.118,0,Low,At-Risk New Customers,6516.46,0
ID-004559,0.118,0,Low,Stable Value Seekers,6075.79,0
ID-000392,0.118,0,Low,Stable Value Seekers,4750.73,0
ID-000468,0.1179,0,Low,Stable Value Seekers,5525.67,0
ID-001293,0.1179,0,Low,Stable Value Seekers,4647.44,0
ID-002052,0.1179,0,Low,Stable Value Seekers,6553.53,0
ID-003183,0.1179,0,Low,At-Risk New Customers,5065.29,0
ID-002442,0.1177,0,Low,At-Risk New Customers,1017.05,1
ID-002047,0.1177,0,Low,At-Risk New Customers,1725.79,0
ID-000009,0.1177,0,Low,High Value Loyalists,6357.7,0
ID-001073,0.1175,0,Low,Low Engagement Churn Risk,5649.6,0
ID-004324,0.1175,0,Low,Stable Value Seekers,3311.24,0
ID-006548,0.1175,0,Low,Stable Value Seekers,4779.27,0
ID-001330,0.1174,0,Low,At-Risk New Customers,3091.82,0
ID-002360,0.1173,0,Low,Stable Value Seekers,4793.03,0
ID-000192,0.1173,0,Low,Stable Value Seekers,6409.96,0
ID-005012,0.1172,0,Low,At-Risk New Customers,1198.71,0
ID-004482,0.1172,0,Low,Stable Value Seekers,3317.32,1
ID-004374,0.1171,0,Low,High Value Loyalists,6120.26,0
ID-000644,0.1171,0,Low,At-Risk New Customers,2024.15,0
ID-000021,0.117,0,Low,Stable Value Seekers,5055.73,0
ID-000501,0.117,0,Low,Stable Value Seekers,3285.44,0
ID-000480,0.117,0,Low,High Value Loyalists,2115.69,0
ID-006197,0.117,0,Low,At-Risk New Customers,1656.4,0
ID-001894,0.1169,0,Low,Stable Value Seekers,6368.12,0
ID-003471,0.1169,0,Low,Stable Value Seekers,4811.24,0
ID-004413,0.1169,0,Low,At-Risk New Customers,2719.69,0
ID-003194,0.1169,0,Low,At-Risk New Customers,5233.2,0
ID-006814,0.1167,0,Low,Stable Value Seekers,4946.94,1
ID-002644,0.1166,0,Low,High Value Loyalists,2144.66,0
ID-003149,0.1166,0,Low,Stable Value Seekers,5474.28,0
ID-000263,0.1165,0,Low,At-Risk New Customers,5726.02,0
ID-004168,0.1165,0,Low,Stable Value Seekers,5906.04,0
ID-005068,0.1164,0,Low,Stable Value Seekers,4855.63,0
ID-003411,0.1164,0,Low,At-Risk New Customers,6829.75,0
ID-002167,0.1163,0,Low,Stable Value Seekers,4579.76,0
ID-000857,0.1163,0,Low,At-Risk New Customers,1354.02,0
ID-002584,0.1163,0,Low,Stable Value Seekers,6260.59,0
ID-002876,0.1162,0,Low,Stable Value Seekers,6380.42,0
ID-000177,0.1162,0,Low,High Value Loyalists,5838.21,0
ID-002499,0.1161,0,Low,At-Risk New Customers,4880.83,0
ID-003068,0.1161,0,Low,At-Risk New Customers,5724.84,0
ID-000556,0.116,0,Low,At-Risk New Customers,4494.87,1
ID-000277,0.116,0,Low,High Value Loyalists,1613.16,0
ID-005852,0.116,0,Low,High Value Loyalists,3409.85,0
ID-000187,0.116,0,Low,Stable Value Seekers,7443.23,0
ID-006739,0.116,0,Low,At-Risk New Customers,5548.23,0
ID-000547,0.1158,0,Low,At-Risk New Customers,1576.2,0
ID-006864,0.1157,0,Low,At-Risk New Customers,1703.53,0
ID-005724,0.1156,0,Low,At-Risk New Customers,1177.9,0
ID-001809,0.1155,0,Low,Stable Value Seekers,7277.86,0
ID-003256,0.1154,0,Low,At-Risk New Customers,3363.47,0
ID-003487,0.1154,0,Low,At-Risk New Customers,3555.26,0
ID-006130,0.1154,0,Low,Stable Value Seekers,5675.42,0
ID-001343,0.1153,0,Low,At-Risk New Customers,6497.97,1
ID-003124,0.1153,0,Low,Stable Value Seekers,5286.46,0
ID-001182,0.1152,0,Low,High Value Loyalists,6629.51,0
ID-001472,0.1152,0,Low,At-Risk New Customers,1055.36,0
ID-000950,0.1152,0,Low,High Value Loyalists,1350.57,0
ID-000093,0.1152,0,Low,Stable Value Seekers,3906.09,0
ID-005917,0.1151,0,Low,At-Risk New Customers,3240.29,0
ID-001104,0.1151,0,Low,At-Risk New Customers,3363.25,0
ID-004959,0.115,0,Low,At-Risk New Customers,5139.08,0
ID-004573,0.115,0,Low,Stable Value Seekers,1715.38,0
ID-004519,0.1149,0,Low,At-Risk New Customers,3187.61,0
ID-002825,0.1149,0,Low,At-Risk New Customers,1476.95,0
ID-006546,0.1149,0,Low,Stable Value Seekers,5933.95,0
ID-002696,0.1149,0,Low,At-Risk New Customers,5306.26,0
ID-003999,0.1148,0,Low,At-Risk New Customers,4087.03,0
ID-005658,0.1148,0,Low,Stable Value Seekers,4979.03,0
ID-000897,0.1148,0,Low,At-Risk New Customers,2699.65,0
ID-002057,0.1148,0,Low,At-Risk New Customers,3086.77,0
ID-001353,0.1148,0,Low,At-Risk New Customers,1048.56,1
ID-005141,0.1147,0,Low,High Value Loyalists,4802.83,0
ID-004973,0.1147,0,Low,At-Risk New Customers,3664.02,0
ID-004947,0.1146,0,Low,At-Risk New Customers,3019.87,0
ID-002139,0.1146,0,Low,At-Risk New Customers,2998.54,0
ID-000828,0.1145,0,Low,At-Risk New Customers,6465.88,0
ID-005331,0.1145,0,Low,Stable Value Seekers,7100.91,0
ID-000047,0.1145,0,Low,At-Risk New Customers,4132.23,0
ID-000374,0.1144,0,Low,At-Risk New Customers,5803.07,0
ID-003532,0.1144,0,Low,Stable Value Seekers,4834.38,0
ID-002004,0.1143,0,Low,Stable Value Seekers,6404.02,0
ID-003424,0.1143,0,Low,High Value Loyalists,6143.23,0
ID-004438,0.1143,0,Low,At-Risk New Customers,3169.48,0
ID-000196,0.1143,0,Low,High Value Loyalists,5864.22,0
ID-006273,0.1142,0,Low,High Value Loyalists,5122.01,0
ID-003040,0.1142,0,Low,At-Risk New Customers,3169.58,1
ID-001666,0.1142,0,Low,Stable Value Seekers,3258.41,0
ID-002927,0.1141,0,Low,Stable Value Seekers,5629.17,0
ID-002646,0.1141,0,Low,Stable Value Seekers,5561.75,0
ID-003031,0.1141,0,Low,Stable Value Seekers,7275.61,1
ID-001983,0.1141,0,Low,At-Risk New Customers,6757.92,1
ID-000913,0.114,0,Low,At-Risk New Customers,2077.3,0
ID-004526,0.114,0,Low,At-Risk New Customers,1433.3,0
ID-002951,0.114,0,Low,At-Risk New Customers,1683.83,0
ID-005312,0.1139,0,Low,High Value Loyalists,1845.33,0
ID-001292,0.1139,0,Low,High Value Loyalists,1886.72,1
ID-000046,0.1138,0,Low,Stable Value Seekers,5871.58,1
ID-003498,0.1138,0,Low,High Value Loyalists,2953.49,0
ID-004736,0.1138,0,Low,High Value Loyalists,6726.99,0
ID-002107,0.1137,0,Low,At-Risk New Customers,4041.0,0
ID-004200,0.1136,0,Low,High Value Loyalists,3379.44,1
ID-000739,0.1135,0,Low,High Value Loyalists,1206.19,0
ID-003366,0.1135,0,Low,Stable Value Seekers,2347.16,0
ID-002214,0.1135,0,Low,At-Risk New Customers,2008.25,0
ID-005175,0.1134,0,Low,High Value Loyalists,4936.91,0
ID-003768,0.1133,0,Low,Stable Value Seekers,5587.95,0
ID-000252,0.1132,0,Low,At-Risk New Customers,3130.21,0
ID-006514,0.1132,0,Low,At-Risk New Customers,1253.19,0
ID-003721,0.1131,0,Low,At-Risk New Customers,3026.46,0
ID-004754,0.1131,0,Low,High Value Loyalists,2670.05,0
ID-003820,0.1131,0,Low,At-Risk New Customers,1871.53,0
ID-003588,0.1131,0,Low,Stable Value Seekers,5824.83,0
ID-005066,0.1131,0,Low,High Value Loyalists,4085.97,0
ID-002579,0.1131,0,Low,High Value Loyalists,4258.61,0
ID-003405,0.113,0,Low,Stable Value Seekers,6228.35,0
ID-000391,0.113,0,Low,Stable Value Seekers,6013.01,0
ID-001989,0.1129,0,Low,At-Risk New Customers,1705.68,0
ID-006470,0.1129,0,Low,At-Risk New Customers,5833.4,0
ID-006494,0.1128,0,Low,At-Risk New Customers,2905.93,0
ID-006724,0.1128,0,Low,Low Engagement Churn Risk,6016.01,1
ID-000401,0.1127,0,Low,Stable Value Seekers,5932.24,0
ID-000194,0.1127,0,Low,Stable Value Seekers,5342.52,0
ID-000678,0.1127,0,Low,At-Risk New Customers,5109.07,0
ID-005643,0.1127,0,Low,At-Risk New Customers,3387.6,0
ID-003058,0.1126,0,Low,Low Engagement Churn Risk,5918.31,0
ID-002617,0.1126,0,Low,At-Risk New Customers,6381.11,0
ID-004745,0.1125,0,Low,At-Risk New Customers,2420.9,0
ID-006252,0.1124,0,Low,At-Risk New Customers,3208.57,0
ID-000976,0.1124,0,Low,Stable Value Seekers,6515.17,0
ID-001799,0.1124,0,Low,Stable Value Seekers,2412.05,1
ID-002186,0.1124,0,Low,At-Risk New Customers,6455.09,0
ID-001315,0.1123,0,Low,High Value Loyalists,7287.25,0
ID-000242,0.1123,0,Low,At-Risk New Customers,3861.82,0
ID-006598,0.1123,0,Low,Stable Value Seekers,4206.0,1
ID-003041,0.1122,0,Low,At-Risk New Customers,5257.78,0
ID-004059,0.1122,0,Low,High Value Loyalists,7066.7,0
ID-000251,0.1121,0,Low,Stable Value Seekers,4556.74,0
ID-000568,0.1121,0,Low,At-Risk New Customers,4020.91,1
ID-006922,0.1121,0,Low,Stable Value Seekers,1723.13,0
ID-003710,0.1121,0,Low,At-Risk New Customers,4567.36,0
ID-002919,0.1121,0,Low,At-Risk New Customers,1914.15,0
ID-005785,0.112,0,Low,Stable Value Seekers,3659.11,0
ID-004371,0.1119,0,Low,Low Engagement Churn Risk,4058.72,0
ID-006709,0.1119,0,Low,At-Risk New Customers,2350.91,0
ID-003261,0.1119,0,Low,At-Risk New Customers,2766.65,0
ID-004651,0.1119,0,Low,At-Risk New Customers,1330.11,1
ID-003315,0.1117,0,Low,Stable Value Seekers,6345.86,0
ID-000055,0.1117,0,Low,At-Risk New Customers,4749.55,0
ID-001553,0.1116,0,Low,Low Engagement Churn Risk,1374.63,0
ID-005210,0.1116,0,Low,At-Risk New Customers,2682.86,0
ID-003592,0.1116,0,Low,At-Risk New Customers,1701.22,0
ID-003644,0.1115,0,Low,High Value Loyalists,1328.11,0
ID-001027,0.1114,0,Low,Stable Value Seekers,3778.03,0
ID-004057,0.1114,0,Low,High Value Loyalists,1882.12,1
ID-001282,0.1114,0,Low,At-Risk New Customers,6546.86,0
ID-006056,0.1114,0,Low,At-Risk New Customers,2024.05,0
ID-002061,0.1114,0,Low,High Value Loyalists,3534.19,1
ID-006342,0.1114,0,Low,Stable Value Seekers,5882.66,0
ID-005005,0.1113,0,Low,Stable Value Seekers,5462.22,0
ID-006907,0.1112,0,Low,Stable Value Seekers,5729.54,0
ID-000903,0.1112,0,Low,Stable Value Seekers,5627.94,0
ID-000789,0.1112,0,Low,At-Risk New Customers,2373.32,0
ID-004887,0.1112,0,Low,Stable Value Seekers,5579.95,0
ID-002117,0.1111,0,Low,At-Risk New Customers,3866.97,0
ID-004182,0.1111,0,Low,At-Risk New Customers,1338.43,0
ID-002128,0.1111,0,Low,High Value Loyalists,4513.42,0
ID-002083,0.1111,0,Low,Stable Value Seekers,4191.06,0
ID-006194,0.111,0,Low,Stable Value Seekers,6539.99,0
ID-005823,0.111,0,Low,At-Risk New Customers,4022.31,1
ID-003084,0.111,0,Low,Stable Value Seekers,5569.69,0
ID-003116,0.1109,0,Low,At-Risk New Customers,4549.21,0
ID-001884,0.1109,0,Low,Stable Value Seekers,3881.17,0
ID-002388,0.1109,0,Low,At-Risk New Customers,6836.44,0
ID-004793,0.1109,0,Low,Stable Value Seekers,5455.46,0
ID-006299,0.1109,0,Low,At-Risk New Customers,4292.25,1
ID-002606,0.1109,0,Low,High Value Loyalists,5684.45,0
ID-004560,0.1108,0,Low,Stable Value Seekers,2013.45,0
ID-002418,0.1108,0,Low,Stable Value Seekers,3270.75,0
ID-000212,0.1107,0,Low,High Value Loyalists,4597.81,0
ID-004390,0.1106,0,Low,At-Risk New Customers,2697.03,0
ID-006855,0.1106,0,Low,High Value Loyalists,3895.76,0
ID-002044,0.1104,0,Low,At-Risk New Customers,1446.37,0
ID-000182,0.1104,0,Low,At-Risk New Customers,1505.15,0
ID-000940,0.1104,0,Low,Stable Value Seekers,6524.46,0
ID-000388,0.1104,0,Low,Stable Value Seekers,3601.53,0
ID-005395,0.1103,0,Low,Stable Value Seekers,6977.75,0
ID-006926,0.1103,0,Low,Stable Value Seekers,5882.65,0
ID-000931,0.1103,0,Low,At-Risk New Customers,1821.62,0
ID-001279,0.1103,0,Low,High Value Loyalists,4093.52,1
ID-001650,0.1103,0,Low,Stable Value Seekers,5776.22,0
ID-004088,0.1101,0,Low,Stable Value Seekers,2762.87,0
ID-001113,0.1101,0,Low,Stable Value Seekers,5996.49,1
ID-006000,0.1101,0,Low,High Value Loyalists,6466.88,0
ID-003998,0.1101,0,Low,High Value Loyalists,1978.17,1
ID-004599,0.11,0,Low,At-Risk New Customers,4037.34,0
ID-003347,0.11,0,Low,At-Risk New Customers,1921.23,0
ID-002718,0.11,0,Low,Stable Value Seekers,4941.91,0
ID-004840,0.11,0,Low,Stable Value Seekers,3113.88,0
ID-002208,0.11,0,Low,At-Risk New Customers,4906.4,0
ID-002269,0.1099,0,Low,High Value Loyalists,3964.57,0
ID-004445,0.1099,0,Low,At-Risk New Customers,5087.41,0
ID-003684,0.1099,0,Low,At-Risk New Customers,5712.13,0
ID-004296,0.1098,0,Low,At-Risk New Customers,1601.39,0
ID-005052,0.1097,0,Low,At-Risk New Customers,4434.64,0
ID-000180,0.1097,0,Low,Stable Value Seekers,1959.98,0
ID-006358,0.1097,0,Low,High Value Loyalists,4727.81,0
ID-002551,0.1096,0,Low,At-Risk New Customers,1147.46,0
ID-003517,0.1096,0,Low,At-Risk New Customers,2914.33,0
ID-005996,0.1096,0,Low,Stable Value Seekers,5094.43,0
ID-005657,0.1096,0,Low,At-Risk New Customers,2404.16,0
ID-002051,0.1096,0,Low,High Value Loyalists,1959.69,0
ID-001233,0.1094,0,Low,At-Risk New Customers,3323.24,0
ID-001378,0.1094,0,Low,At-Risk New Customers,5880.44,0
ID-000174,0.1094,0,Low,High Value Loyalists,7665.71,0
ID-003836,0.1094,0,Low,At-Risk New Customers,5930.24,0
ID-002038,0.1093,0,Low,Stable Value Seekers,5867.28,0
ID-006180,0.1093,0,Low,At-Risk New Customers,1067.75,0
ID-004147,0.1093,0,Low,Stable Value Seekers,2970.38,0
ID-002458,0.1092,0,Low,At-Risk New Customers,4002.78,0
ID-002485,0.1092,0,Low,Stable Value Seekers,5285.84,0
ID-006757,0.1092,0,Low,At-Risk New Customers,2199.56,0
ID-000563,0.1092,0,Low,At-Risk New Customers,5520.89,0
ID-005802,0.1092,0,Low,At-Risk New Customers,2297.28,0
ID-001419,0.1091,0,Low,At-Risk New Customers,5881.12,1
ID-003301,0.1091,0,Low,At-Risk New Customers,1578.7,0
ID-002336,0.109,0,Low,Stable Value Seekers,6494.65,0
ID-001686,0.109,0,Low,At-Risk New Customers,4598.33,0
ID-001999,0.1089,0,Low,At-Risk New Customers,1579.49,0
ID-006713,0.1089,0,Low,Stable Value Seekers,5439.05,0
ID-005803,0.1088,0,Low,Low Engagement Churn Risk,5567.53,0
ID-002026,0.1088,0,Low,Stable Value Seekers,6242.45,0
ID-004109,0.1088,0,Low,At-Risk New Customers,3187.84,0
ID-005428,0.1087,0,Low,At-Risk New Customers,4102.4,0
ID-001852,0.1087,0,Low,High Value Loyalists,6814.26,0
ID-000882,0.1087,0,Low,At-Risk New Customers,1395.22,1
ID-003868,0.1086,0,Low,At-Risk New Customers,1196.42,0
ID-006002,0.1086,0,Low,At-Risk New Customers,1271.4,0
ID-006664,0.1085,0,Low,At-Risk New Customers,5706.0,0
ID-000265,0.1084,0,Low,High Value Loyalists,6956.47,0
ID-003069,0.1083,0,Low,High Value Loyalists,1111.01,0
ID-003067,0.1082,0,Low,At-Risk New Customers,1222.64,0
ID-002739,0.1081,0,Low,Stable Value Seekers,5011.59,1
ID-006953,0.108,0,Low,Stable Value Seekers,6130.55,0
ID-006591,0.1079,0,Low,High Value Loyalists,5610.37,0
ID-006401,0.1079,0,Low,At-Risk New Customers,5966.69,0
ID-005147,0.1078,0,Low,Stable Value Seekers,3131.4,0
ID-003551,0.1078,0,Low,Stable Value Seekers,2827.17,0
ID-000366,0.1078,0,Low,High Value Loyalists,5938.84,0
ID-006743,0.1077,0,Low,High Value Loyalists,6153.9,0
ID-006070,0.1077,0,Low,At-Risk New Customers,5405.82,0
ID-000918,0.1076,0,Low,High Value Loyalists,1112.08,0
ID-002379,0.1075,0,Low,High Value Loyalists,4499.55,0
ID-001869,0.1074,0,Low,Stable Value Seekers,3261.35,1
ID-005269,0.1074,0,Low,At-Risk New Customers,4290.93,0
ID-003911,0.1074,0,Low,At-Risk New Customers,2726.7,0
ID-005423,0.1074,0,Low,At-Risk New Customers,4294.54,0
ID-001483,0.1073,0,Low,Stable Value Seekers,3077.17,0
ID-004259,0.1073,0,Low,At-Risk New Customers,3590.95,0
ID-002667,0.1073,0,Low,Low Engagement Churn Risk,2261.77,0
ID-000287,0.1073,0,Low,High Value Loyalists,5574.25,0
ID-005882,0.1073,0,Low,At-Risk New Customers,1161.54,0
ID-003313,0.1071,0,Low,At-Risk New Customers,5229.7,0
ID-002343,0.1071,0,Low,At-Risk New Customers,4643.21,0
ID-003546,0.1071,0,Low,High Value Loyalists,2322.15,0
ID-003896,0.1071,0,Low,High Value Loyalists,4652.43,0
ID-006652,0.1071,0,Low,Stable Value Seekers,4135.2,0
ID-003777,0.107,0,Low,High Value Loyalists,6809.25,0
ID-004016,0.107,0,Low,At-Risk New Customers,3826.04,0
ID-003632,0.1069,0,Low,At-Risk New Customers,1525.12,0
ID-003353,0.1069,0,Low,At-Risk New Customers,5184.91,0
ID-004467,0.1068,0,Low,High Value Loyalists,7671.31,0
ID-003795,0.1068,0,Low,High Value Loyalists,2027.79,0
ID-003940,0.1068,0,Low,High Value Loyalists,5953.13,0
ID-001028,0.1068,0,Low,At-Risk New Customers,5014.32,0
ID-000065,0.1067,0,Low,At-Risk New Customers,5238.85,0
ID-004864,0.1067,0,Low,At-Risk New Customers,5963.95,0
ID-000544,0.1067,0,Low,High Value Loyalists,1226.44,0
ID-005248,0.1067,0,Low,At-Risk New Customers,6223.29,0
ID-000051,0.1067,0,Low,Stable Value Seekers,7466.02,0
ID-001642,0.1066,0,Low,At-Risk New Customers,4370.32,0
ID-005941,0.1066,0,Low,At-Risk New Customers,3206.12,0
ID-003204,0.1066,0,Low,Stable Value Seekers,4144.99,0
ID-003048,0.1065,0,Low,High Value Loyalists,2895.56,0
ID-000561,0.1065,0,Low,At-Risk New Customers,5662.97,0
ID-001388,0.1064,0,Low,At-Risk New Customers,3067.21,0
ID-005995,0.1064,0,Low,At-Risk New Customers,5011.48,0
ID-002821,0.1063,0,Low,High Value Loyalists,5367.38,0
ID-001154,0.1063,0,Low,At-Risk New Customers,2474.02,0
ID-000574,0.1063,0,Low,High Value Loyalists,6764.06,0
ID-005719,0.1062,0,Low,At-Risk New Customers,1985.64,0
ID-004865,0.1062,0,Low,Low Engagement Churn Risk,5783.39,0
ID-001864,0.1062,0,Low,At-Risk New Customers,2564.48,0
ID-006983,0.1061,0,Low,Low Engagement Churn Risk,2478.95,0
ID-004673,0.106,0,Low,Stable Value Seekers,5264.17,0
ID-005040,0.1059,0,Low,At-Risk New Customers,6348.57,0
ID-007028,0.1059,0,Low,At-Risk New Customers,3169.4,0
ID-005288,0.1059,0,Low,At-Risk New Customers,4931.68,0
ID-006288,0.1058,0,Low,Stable Value Seekers,5311.69,0
ID-000043,0.1056,0,Low,High Value Loyalists,4458.66,0
ID-003468,0.1056,0,Low,At-Risk New Customers,1358.36,0
ID-000871,0.1055,0,Low,At-Risk New Customers,3238.75,0
ID-001117,0.1055,0,Low,High Value Loyalists,2948.74,0
ID-000689,0.1054,0,Low,At-Risk New Customers,2409.83,0
ID-006349,0.1054,0,Low,Stable Value Seekers,6678.45,0
ID-005112,0.1054,0,Low,Stable Value Seekers,3586.84,0
ID-002620,0.1053,0,Low,At-Risk New Customers,2546.35,0
ID-001217,0.1053,0,Low,At-Risk New Customers,3232.14,1
ID-005252,0.1052,0,Low,At-Risk New Customers,4450.34,0
ID-006462,0.105,0,Low,At-Risk New Customers,5236.34,0
ID-005529,0.105,0,Low,Stable Value Seekers,2249.36,0
ID-005858,0.105,0,Low,At-Risk New Customers,5548.61,0
ID-006828,0.1049,0,Low,At-Risk New Customers,3074.57,0
ID-003522,0.1049,0,Low,At-Risk New Customers,2170.97,0
ID-006969,0.1049,0,Low,At-Risk New Customers,4310.03,1
ID-001524,0.1049,0,Low,At-Risk New Customers,5911.26,0
ID-000911,0.1049,0,Low,Stable Value Seekers,5226.14,1
ID-006848,0.1047,0,Low,At-Risk New Customers,3502.57,0
ID-002408,0.1046,0,Low,At-Risk New Customers,2075.61,0
ID-005580,0.1046,0,Low,Low Engagement Churn Risk,1920.86,0
ID-003620,0.1045,0,Low,High Value Loyalists,6206.39,1
ID-006029,0.1045,0,Low,At-Risk New Customers,3816.81,0
ID-001781,0.1045,0,Low,At-Risk New Customers,1898.29,1
ID-004441,0.1045,0,Low,At-Risk New Customers,5784.77,0
ID-001518,0.1045,0,Low,High Value Loyalists,3787.75,0
ID-000117,0.1044,0,Low,At-Risk New Customers,6184.78,1
ID-003569,0.1044,0,Low,Stable Value Seekers,5916.08,1
ID-005694,0.1043,0,Low,At-Risk New Customers,4300.07,0
ID-004563,0.1043,0,Low,High Value Loyalists,5012.11,0
ID-002392,0.1043,0,Low,High Value Loyalists,1337.08,0
ID-006468,0.1043,0,Low,High Value Loyalists,6198.24,0
ID-002891,0.1043,0,Low,At-Risk New Customers,1346.14,0
ID-000838,0.1043,0,Low,At-Risk New Customers,2093.4,0
ID-006124,0.1042,0,Low,High Value Loyalists,4029.61,0
ID-000273,0.1042,0,Low,High Value Loyalists,2615.07,0
ID-003060,0.1042,0,Low,At-Risk New Customers,4911.64,0
ID-001109,0.1041,0,Low,At-Risk New Customers,2029.64,0
ID-000493,0.1041,0,Low,High Value Loyalists,7128.73,0
ID-001018,0.1041,0,Low,At-Risk New Customers,2244.94,0
ID-001435,0.1041,0,Low,High Value Loyalists,1770.29,0
ID-005232,0.104,0,Low,At-Risk New Customers,5638.07,0
ID-002496,0.104,0,Low,Stable Value Seekers,1959.96,0
ID-002608,0.104,0,Low,At-Risk New Customers,1138.24,0
ID-002618,0.104,0,Low,High Value Loyalists,3008.85,0
ID-001839,0.104,0,Low,At-Risk New Customers,5144.45,0
ID-000733,0.1039,0,Low,At-Risk New Customers,3737.32,0
ID-000947,0.1039,0,Low,At-Risk New Customers,4295.02,0
ID-000335,0.1039,0,Low,High Value Loyalists,6255.54,0
ID-002170,0.1039,0,Low,High Value Loyalists,6599.16,1
ID-001196,0.1039,0,Low,At-Risk New Customers,2395.11,0
ID-001806,0.1038,0,Low,High Value Loyalists,6016.74,0
ID-000503,0.1037,0,Low,Stable Value Seekers,6338.22,0
ID-006506,0.1037,0,Low,High Value Loyalists,4225.11,0
ID-001465,0.1037,0,Low,At-Risk New Customers,3312.34,0
ID-000633,0.1037,0,Low,Stable Value Seekers,4510.42,0
ID-003577,0.1037,0,Low,High Value Loyalists,3787.71,1
ID-004997,0.1036,0,Low,Stable Value Seekers,5146.13,0
ID-003217,0.1035,0,Low,At-Risk New Customers,4004.24,0
ID-000450,0.1035,0,Low,At-Risk New Customers,2833.57,0
ID-002065,0.1035,0,Low,Low Engagement Churn Risk,4139.62,0
ID-006027,0.1035,0,Low,At-Risk New Customers,4600.54,0
ID-003006,0.1035,0,Low,High Value Loyalists,2104.09,0
ID-005336,0.1034,0,Low,High Value Loyalists,4538.79,0
ID-000297,0.1034,0,Low,At-Risk New Customers,2885.71,0
ID-006480,0.1033,0,Low,At-Risk New Customers,3806.78,0
ID-006344,0.1033,0,Low,At-Risk New Customers,4721.17,0
ID-003221,0.1031,0,Low,Stable Value Seekers,2150.31,0
ID-004281,0.1031,0,Low,Stable Value Seekers,7023.94,0
ID-002893,0.103,0,Low,At-Risk New Customers,3683.69,0
ID-000426,0.103,0,Low,At-Risk New Customers,4740.88,0
ID-003516,0.103,0,Low,At-Risk New Customers,2443.21,0
ID-002623,0.1029,0,Low,Stable Value Seekers,6333.66,0
ID-004924,0.1029,0,Low,High Value Loyalists,1536.38,0
ID-002253,0.1029,0,Low,Stable Value Seekers,6060.91,0
ID-002782,0.1029,0,Low,At-Risk New Customers,2009.14,0
ID-005545,0.1028,0,Low,At-Risk New Customers,6520.35,0
ID-005437,0.1028,0,Low,Stable Value Seekers,3432.78,0
ID-006871,0.1027,0,Low,At-Risk New Customers,3116.82,0
ID-005975,0.1026,0,Low,Stable Value Seekers,4923.14,0
ID-000629,0.1025,0,Low,At-Risk New Customers,1791.74,1
ID-006869,0.1025,0,Low,At-Risk New Customers,4456.38,0
ID-000215,0.1025,0,Low,At-Risk New Customers,2256.68,0
ID-001446,0.1025,0,Low,At-Risk New Customers,1443.13,0
ID-006511,0.1024,0,Low,At-Risk New Customers,5404.83,0
ID-000605,0.1024,0,Low,At-Risk New Customers,1808.9,0
ID-005526,0.1024,0,Low,At-Risk New Customers,4457.22,1
ID-003139,0.1023,0,Low,High Value Loyalists,2544.44,0
ID-004531,0.1023,0,Low,Stable Value Seekers,6416.11,0
ID-005203,0.1023,0,Low,High Value Loyalists,2629.18,0
ID-006913,0.1022,0,Low,Stable Value Seekers,5268.92,0
ID-002598,0.1021,0,Low,At-Risk New Customers,1990.95,0
ID-002329,0.1021,0,Low,At-Risk New Customers,1583.09,0
ID-000766,0.1021,0,Low,At-Risk New Customers,2594.86,0
ID-000792,0.102,0,Low,Stable Value Seekers,2262.09,0
ID-001803,0.102,0,Low,At-Risk New Customers,3805.99,0
ID-000611,0.1019,0,Low,At-Risk New Customers,1514.7,1
ID-003223,0.1018,0,Low,At-Risk New Customers,2893.94,0
ID-006206,0.1018,0,Low,At-Risk New Customers,1599.73,0
ID-000764,0.1018,0,Low,High Value Loyalists,5469.94,0
ID-002462,0.1017,0,Low,Stable Value Seekers,5792.94,1
ID-005715,0.1017,0,Low,Stable Value Seekers,2453.55,1
ID-002571,0.1017,0,Low,At-Risk New Customers,5285.07,0
ID-002310,0.1016,0,Low,At-Risk New Customers,1426.51,0
ID-000783,0.1016,0,Low,High Value Loyalists,3639.61,0
ID-001974,0.1016,0,Low,Low Engagement Churn Risk,1952.56,1
ID-003311,0.1014,0,Low,At-Risk New Customers,4342.13,1
ID-003186,0.1014,0,Low,High Value Loyalists,6561.5,0
ID-003733,0.1013,0,Low,Stable Value Seekers,4946.94,0
ID-004246,0.1013,0,Low,High Value Loyalists,2800.24,0
ID-006958,0.1012,0,Low,High Value Loyalists,5616.97,0
ID-000919,0.1012,0,Low,High Value Loyalists,3706.74,0
ID-005786,0.1012,0,Low,Low Engagement Churn Risk,1208.45,0
ID-004683,0.1011,0,Low,High Value Loyalists,3956.56,0
ID-006643,0.1011,0,Low,Stable Value Seekers,6765.97,0
ID-001074,0.101,0,Low,High Value Loyalists,2051.96,0
ID-001915,0.101,0,Low,At-Risk New Customers,4659.33,0
ID-005706,0.1009,0,Low,Stable Value Seekers,5314.75,0
ID-006254,0.1008,0,Low,High Value Loyalists,4790.24,0
ID-000014,0.1008,0,Low,Stable Value Seekers,1333.57,1
ID-006939,0.1008,0,Low,Stable Value Seekers,5865.97,0
ID-003762,0.1008,0,Low,Stable Value Seekers,4231.37,0
ID-003744,0.1007,0,Low,At-Risk New Customers,3330.36,0
ID-001775,0.1006,0,Low,Stable Value Seekers,1034.21,0
ID-003086,0.1006,0,Low,Stable Value Seekers,4080.1,0
ID-006973,0.1006,0,Low,Stable Value Seekers,6443.64,0
ID-002138,0.1005,0,Low,At-Risk New Customers,5557.47,0
ID-005247,0.1004,0,Low,Stable Value Seekers,5612.99,0
ID-000746,0.1004,0,Low,At-Risk New Customers,5500.3,1
ID-003376,0.1003,0,Low,At-Risk New Customers,2366.12,1
ID-005266,0.1003,0,Low,Stable Value Seekers,6835.24,0
ID-004033,0.1002,0,Low,At-Risk New Customers,4122.41,0
ID-004386,0.1002,0,Low,At-Risk New Customers,1431.51,0
ID-002317,0.1002,0,Low,Stable Value Seekers,6753.46,0
ID-002862,0.1001,0,Low,At-Risk New Customers,4388.28,0
ID-004041,0.1001,0,Low,At-Risk New Customers,5288.15,0
ID-004605,0.1001,0,Low,At-Risk New Customers,6156.14,1
ID-001138,0.1001,0,Low,At-Risk New Customers,2084.46,1
ID-004149,0.1,0,Low,Stable Value Seekers,2057.51,0
ID-004018,0.1,0,Low,High Value Loyalists,1692.92,0
ID-000299,0.0999,0,Low,At-Risk New Customers,4351.21,0
ID-006135,0.0998,0,Low,At-Risk New Customers,5805.97,0
ID-003633,0.0998,0,Low,Stable Value Seekers,2002.02,0
ID-005286,0.0998,0,Low,High Value Loyalists,3938.19,0
ID-006650,0.0998,0,Low,Stable Value Seekers,6512.79,0
ID-004698,0.0997,0,Low,At-Risk New Customers,5213.44,0
ID-000170,0.0997,0,Low,At-Risk New Customers,3261.67,0
ID-004478,0.0997,0,Low,At-Risk New Customers,3449.92,0
ID-005347,0.0997,0,Low,At-Risk New Customers,3768.3,0
ID-005539,0.0996,0,Low,High Value Loyalists,6120.9,0
ID-004550,0.0996,0,Low,High Value Loyalists,2831.14,1
ID-002866,0.0995,0,Low,High Value Loyalists,7439.98,0
ID-001547,0.0995,0,Low,High Value Loyalists,6720.77,0
ID-005562,0.0994,0,Low,High Value Loyalists,3210.82,0
ID-006850,0.0994,0,Low,Stable Value Seekers,6588.0,0
ID-004654,0.0994,0,Low,At-Risk New Customers,3092.73,1
ID-002955,0.0994,0,Low,Stable Value Seekers,4432.38,1
ID-001400,0.0993,0,Low,At-Risk New Customers,1924.8,0
ID-005180,0.0993,0,Low,High Value Loyalists,6776.19,0
ID-006608,0.0993,0,Low,At-Risk New Customers,4298.5,0
ID-003799,0.0992,0,Low,At-Risk New Customers,5331.51,0
ID-000745,0.0992,0,Low,Stable Value Seekers,7001.54,0
ID-000302,0.0991,0,Low,Stable Value Seekers,2932.92,0
ID-004314,0.099,0,Low,Stable Value Seekers,5106.02,0
ID-005369,0.099,0,Low,Stable Value Seekers,6995.16,0
ID-005421,0.0988,0,Low,Stable Value Seekers,6630.25,0
ID-000989,0.0988,0,Low,Stable Value Seekers,6441.62,0
ID-005243,0.0988,0,Low,At-Risk New Customers,2002.57,0
ID-001808,0.0987,0,Low,Stable Value Seekers,7081.06,0
ID-002420,0.0987,0,Low,At-Risk New Customers,2120.43,0
ID-001985,0.0987,0,Low,Stable Value Seekers,5808.27,0
ID-000929,0.0987,0,Low,High Value Loyalists,5463.92,0
ID-001817,0.0985,0,Low,Stable Value Seekers,1309.59,0
ID-001908,0.0985,0,Low,High Value Loyalists,6336.97,0
ID-004901,0.0983,0,Low,At-Risk New Customers,3145.61,0
ID-003504,0.0983,0,Low,At-Risk New Customers,3009.12,0
ID-006920,0.0982,0,Low,At-Risk New Customers,4538.07,0
ID-006971,0.0981,0,Low,At-Risk New Customers,5026.86,0
ID-002616,0.0981,0,Low,Stable Value Seekers,1557.53,0
ID-005046,0.098,0,Low,At-Risk New Customers,6649.02,0
ID-003604,0.0977,0,Low,At-Risk New Customers,2311.14,0
ID-002798,0.0977,0,Low,At-Risk New Customers,6305.98,0
ID-004231,0.0977,0,Low,At-Risk New Customers,4406.04,0
ID-000582,0.0975,0,Low,Stable Value Seekers,5124.85,0
ID-002361,0.0975,0,Low,High Value Loyalists,6755.89,0
ID-006627,0.0974,0,Low,At-Risk New Customers,2482.88,0
ID-001238,0.0974,0,Low,Stable Value Seekers,6000.01,0
ID-005490,0.0974,0,Low,At-Risk New Customers,1360.12,1
ID-006104,0.0973,0,Low,Stable Value Seekers,6716.06,0
ID-001440,0.0972,0,Low,Stable Value Seekers,6534.12,1
ID-000592,0.0972,0,Low,Stable Value Seekers,7108.63,0
ID-002882,0.0972,0,Low,High Value Loyalists,3075.7,0
ID-001577,0.0972,0,Low,High Value Loyalists,4412.37,0
ID-004290,0.0972,0,Low,At-Risk New Customers,5130.09,0
ID-002717,0.0971,0,Low,At-Risk New Customers,3062.99,1
ID-004664,0.0971,0,Low,At-Risk New Customers,4712.09,0
ID-001214,0.097,0,Low,Stable Value Seekers,3108.59,0
ID-000157,0.097,0,Low,Stable Value Seekers,4677.87,0
ID-001841,0.0968,0,Low,At-Risk New Customers,2825.83,0
ID-004642,0.0968,0,Low,At-Risk New Customers,2576.88,1
ID-006938,0.0968,0,Low,At-Risk New Customers,4239.06,0
ID-004983,0.0968,0,Low,At-Risk New Customers,2208.15,0
ID-005834,0.0968,0,Low,At-Risk New Customers,6323.5,0
ID-002562,0.0967,0,Low,At-Risk New Customers,3120.61,0
ID-001460,0.0967,0,Low,High Value Loyalists,2301.6,0
ID-004847,0.0966,0,Low,High Value Loyalists,2137.2,1
ID-003722,0.0966,0,Low,Stable Value Seekers,6593.62,1
ID-006297,0.0966,0,Low,At-Risk New Customers,3250.92,1
ID-002760,0.0966,0,Low,At-Risk New Customers,5988.64,0
ID-001855,0.0965,0,Low,High Value Loyalists,3243.64,0
ID-002513,0.0965,0,Low,At-Risk New Customers,3071.1,0
ID-001945,0.0965,0,Low,Stable Value Seekers,7215.83,0
ID-001296,0.0964,0,Low,High Value Loyalists,6105.43,0
ID-006785,0.0964,0,Low,At-Risk New Customers,2979.78,1
ID-006670,0.0964,0,Low,At-Risk New Customers,1764.19,1
ID-006395,0.0963,0,Low,High Value Loyalists,1504.85,0
ID-004051,0.0963,0,Low,Stable Value Seekers,7117.98,0
ID-000163,0.0963,0,Low,Stable Value Seekers,5173.66,0
ID-000894,0.0963,0,Low,Stable Value Seekers,2901.2,0
ID-001411,0.0962,0,Low,High Value Loyalists,4979.27,0
ID-001538,0.0962,0,Low,Stable Value Seekers,6836.74,0
ID-002016,0.0962,0,Low,Stable Value Seekers,3788.36,0
ID-002129,0.0961,0,Low,Low Engagement Churn Risk,2108.62,0
ID-005302,0.0961,0,Low,At-Risk New Customers,6748.53,0
ID-006897,0.0961,0,Low,Stable Value Seekers,4932.53,0
ID-006323,0.096,0,Low,High Value Loyalists,2792.08,0
ID-007015,0.096,0,Low,High Value Loyalists,2927.05,0
ID-000617,0.0959,0,Low,Stable Value Seekers,6962.67,0
ID-004594,0.0958,0,Low,At-Risk New Customers,3677.09,1
ID-000225,0.0958,0,Low,High Value Loyalists,1812.61,0
ID-005389,0.0956,0,Low,Stable Value Seekers,6237.16,0
ID-004546,0.0956,0,Low,At-Risk New Customers,5670.72,0
ID-000557,0.0954,0,Low,Stable Value Seekers,5784.38,0
ID-004245,0.0954,0,Low,Stable Value Seekers,6725.59,0
ID-003361,0.0954,0,Low,High Value Loyalists,2486.03,0
ID-005622,0.0954,0,Low,At-Risk New Customers,6403.21,1
ID-003717,0.0954,0,Low,At-Risk New Customers,4072.86,1
ID-000456,0.0953,0,Low,At-Risk New Customers,4820.28,1
ID-003327,0.0953,0,Low,At-Risk New Customers,3401.77,0
ID-003520,0.0952,0,Low,Stable Value Seekers,6747.55,0
ID-000056,0.0952,0,Low,At-Risk New Customers,2621.1,0
ID-002715,0.095,0,Low,Stable Value Seekers,1995.23,0
ID-005830,0.0949,0,Low,Stable Value Seekers,7440.65,0
ID-000318,0.0949,0,Low,High Value Loyalists,4367.06,0
ID-004532,0.0948,0,Low,Stable Value Seekers,5250.37,0
ID-006502,0.0948,0,Low,Low Engagement Churn Risk,4549.47,0
ID-003391,0.0947,0,Low,High Value Loyalists,3427.37,0
ID-003120,0.0947,0,Low,High Value Loyalists,5744.17,0
ID-006420,0.0946,0,Low,Stable Value Seekers,1485.85,0
ID-003493,0.0944,0,Low,At-Risk New Customers,4447.26,0
ID-003629,0.0944,0,Low,At-Risk New Customers,6415.52,0
ID-005415,0.0943,0,Low,At-Risk New Customers,2833.63,0
ID-004178,0.0943,0,Low,High Value Loyalists,3830.1,0
ID-004825,0.0943,0,Low,At-Risk New Customers,2365.38,0
ID-005239,0.0943,0,Low,High Value Loyalists,4513.34,0
ID-001545,0.0942,0,Low,High Value Loyalists,6770.51,0
ID-005571,0.0942,0,Low,At-Risk New Customers,5715.89,0
ID-005581,0.0941,0,Low,At-Risk New Customers,3027.06,0
ID-000236,0.094,0,Low,Stable Value Seekers,4125.6,0
ID-002962,0.0939,0,Low,Stable Value Seekers,4976.67,0
ID-002340,0.0939,0,Low,Stable Value Seekers,5319.14,0
ID-003978,0.0939,0,Low,At-Risk New Customers,1062.43,0
ID-006296,0.0938,0,Low,Stable Value Seekers,7452.71,0
ID-004078,0.0938,0,Low,At-Risk New Customers,3426.43,0
ID-005458,0.0938,0,Low,Stable Value Seekers,2629.8,0
ID-007014,0.0938,0,Low,At-Risk New Customers,4036.57,1
ID-000927,0.0937,0,Low,High Value Loyalists,3856.91,0
ID-006955,0.0937,0,Low,Stable Value Seekers,5676.44,0
ID-003408,0.0935,0,Low,Stable Value Seekers,6748.47,0
ID-005629,0.0934,0,Low,Stable Value Seekers,1352.2,0
ID-004292,0.0934,0,Low,At-Risk New Customers,1978.24,0
ID-002776,0.0934,0,Low,At-Risk New Customers,4668.23,0
ID-002495,0.0934,0,Low,At-Risk New Customers,5531.82,1
ID-006699,0.0933,0,Low,At-Risk New Customers,4543.55,0
ID-001549,0.0933,0,Low,High Value Loyalists,2084.1,1
ID-003900,0.0933,0,Low,Stable Value Seekers,4888.87,0
ID-006631,0.0933,0,Low,High Value Loyalists,4369.88,0
ID-000337,0.0933,0,Low,High Value Loyalists,4577.25,0
ID-001035,0.0932,0,Low,Stable Value Seekers,6256.73,1
ID-000395,0.0932,0,Low,At-Risk New Customers,1238.98,0
ID-006919,0.0932,0,Low,At-Risk New Customers,2593.92,0
ID-001695,0.0931,0,Low,Stable Value Seekers,2974.05,0
ID-003813,0.0931,0,Low,At-Risk New Customers,1993.46,0
ID-004043,0.0931,0,Low,High Value Loyalists,3201.56,0
ID-002419,0.0931,0,Low,At-Risk New Customers,1080.69,0
ID-006944,0.093,0,Low,At-Risk New Customers,1352.48,0
ID-005888,0.093,0,Low,Stable Value Seekers,2924.06,0
ID-007036,0.0929,0,Low,High Value Loyalists,5634.78,0
ID-002581,0.0929,0,Low,Stable Value Seekers,1956.12,0
ID-003170,0.0929,0,Low,Stable Value Seekers,6650.68,0
ID-003309,0.0929,0,Low,At-Risk New Customers,5248.82,0
ID-003218,0.0929,0,Low,Stable Value Seekers,2025.14,0
ID-005777,0.0928,0,Low,At-Risk New Customers,2055.62,0
ID-005772,0.0927,0,Low,At-Risk New Customers,5937.81,1
ID-001891,0.0927,0,Low,High Value Loyalists,3906.4,0
ID-000887,0.0926,0,Low,High Value Loyalists,5909.12,0
ID-001763,0.0926,0,Low,Stable Value Seekers,4941.83,0
ID-002168,0.0926,0,Low,At-Risk New Customers,3846.53,0
ID-000716,0.0925,0,Low,Stable Value Seekers,5136.17,0
ID-006682,0.0924,0,Low,At-Risk New Customers,2123.38,0
ID-006986,0.0924,0,Low,At-Risk New Customers,1722.06,0
ID-004556,0.0922,0,Low,At-Risk New Customers,4155.16,0
ID-006697,0.0922,0,Low,Low Engagement Churn Risk,6142.43,0
ID-004517,0.0922,0,Low,High Value Loyalists,3499.45,0
ID-003985,0.0922,0,Low,At-Risk New Customers,4500.31,1
ID-001818,0.0922,0,Low,High Value Loyalists,1894.87,0
ID-002592,0.0922,0,Low,At-Risk New Customers,1052.87,0
ID-000027,0.0921,0,Low,At-Risk New Customers,2854.73,1
ID-006929,0.092,0,Low,High Value Loyalists,7151.82,0
ID-000906,0.092,0,Low,At-Risk New Customers,5436.52,0
ID-001143,0.0919,0,Low,Stable Value Seekers,4599.73,0
ID-001764,0.0919,0,Low,High Value Loyalists,5032.16,0
ID-000304,0.0919,0,Low,High Value Loyalists,4900.68,1
ID-000102,0.0918,0,Low,High Value Loyalists,6671.46,0
ID-003280,0.0918,0,Low,High Value Loyalists,5519.03,1
ID-006496,0.0917,0,Low,High Value Loyalists,3225.51,0
ID-006695,0.0917,0,Low,At-Risk New Customers,3542.77,0
ID-006570,0.0917,0,Low,At-Risk New Customers,2428.15,0
ID-005368,0.0917,0,Low,At-Risk New Customers,2177.83,0
ID-004145,0.0916,0,Low,Stable Value Seekers,5255.85,0
ID-005462,0.0916,0,Low,At-Risk New Customers,2278.39,0
ID-006825,0.0916,0,Low,Stable Value Seekers,3469.0,1
ID-003583,0.0915,0,Low,Stable Value Seekers,5772.74,0
ID-000566,0.0915,0,Low,Stable Value Seekers,6831.77,0
ID-003350,0.0915,0,Low,At-Risk New Customers,3115.06,1
ID-004299,0.0915,0,Low,At-Risk New Customers,2285.08,0
ID-000101,0.0915,0,Low,At-Risk New Customers,4684.81,0
ID-001896,0.0915,0,Low,Stable Value Seekers,7207.37,0
ID-003552,0.0914,0,Low,High Value Loyalists,1251.32,0
ID-002814,0.0914,0,Low,High Value Loyalists,2430.57,0
ID-002075,0.0914,0,Low,Stable Value Seekers,6470.81,0
ID-006675,0.0914,0,Low,High Value Loyalists,6065.95,0
ID-003447,0.0913,0,Low,At-Risk New Customers,1401.63,0
ID-005268,0.0913,0,Low,At-Risk New Customers,5276.13,0
ID-005132,0.0913,0,Low,At-Risk New Customers,5256.63,0
ID-002950,0.0913,0,Low,High Value Loyalists,6464.88,0
ID-003102,0.0912,0,Low,At-Risk New Customers,5998.96,0
ID-005396,0.0911,0,Low,High Value Loyalists,4862.53,0
ID-005846,0.0911,0,Low,High Value Loyalists,5121.45,0
ID-004759,0.091,0,Low,At-Risk New Customers,3765.45,0
ID-002291,0.091,0,Low,Stable Value Seekers,6066.38,0
ID-003564,0.0909,0,Low,High Value Loyalists,3445.93,0
ID-001161,0.0909,0,Low,At-Risk New Customers,5870.76,0
ID-006534,0.0909,0,Low,At-Risk New Customers,3336.99,0
ID-003560,0.0909,0,Low,High Value Loyalists,1950.91,1
ID-001003,0.0908,0,Low,High Value Loyalists,1346.84,0
ID-000186,0.0908,0,Low,At-Risk New Customers,1191.08,0
ID-003089,0.0908,0,Low,High Value Loyalists,4658.08,0
ID-001223,0.0908,0,Low,Stable Value Seekers,3949.77,0
ID-000599,0.0907,0,Low,High Value Loyalists,3074.65,0
ID-004528,0.0907,0,Low,At-Risk New Customers,1512.29,0
ID-000709,0.0907,0,Low,At-Risk New Customers,4059.27,0
ID-000019,0.0907,0,Low,At-Risk New Customers,5079.68,0
ID-006753,0.0906,0,Low,Stable Value Seekers,6007.22,0
ID-000271,0.0906,0,Low,Stable Value Seekers,6852.96,0
ID-004343,0.0906,0,Low,Stable Value Seekers,1283.89,0
ID-004561,0.0905,0,Low,Stable Value Seekers,4203.8,0
ID-002342,0.0904,0,Low,High Value Loyalists,4485.78,0
ID-006935,0.0904,0,Low,Stable Value Seekers,4380.83,0
ID-000393,0.0904,0,Low,At-Risk New Customers,1483.96,0
ID-002594,0.0904,0,Low,At-Risk New Customers,3399.22,1
ID-000470,0.0903,0,Low,At-Risk New Customers,4824.75,0
ID-002433,0.0903,0,Low,At-Risk New Customers,3555.82,0
ID-004781,0.0903,0,Low,At-Risk New Customers,1734.19,1
ID-002439,0.0903,0,Low,At-Risk New Customers,3882.03,0
ID-005059,0.0903,0,Low,High Value Loyalists,2485.17,0
ID-006119,0.0902,0,Low,High Value Loyalists,4945.96,0
ID-000855,0.0902,0,Low,At-Risk New Customers,5217.6,0
ID-003528,0.0902,0,Low,At-Risk New Customers,1785.49,0
ID-003014,0.0901,0,Low,At-Risk New Customers,5903.45,0
ID-006924,0.0901,0,Low,At-Risk New Customers,2504.16,0
ID-003622,0.0901,0,Low,At-Risk New Customers,1290.2,0
ID-000250,0.0901,0,Low,High Value Loyalists,6908.71,0
ID-006105,0.0901,0,Low,At-Risk New Customers,3439.23,1
ID-004535,0.09,0,Low,At-Risk New Customers,3152.66,0
ID-003197,0.09,0,Low,Stable Value Seekers,3694.24,0
ID-000140,0.09,0,Low,Stable Value Seekers,2454.09,0
ID-005576,0.0899,0,Low,At-Risk New Customers,2822.03,0
ID-002447,0.0899,0,Low,High Value Loyalists,5488.03,0
ID-003126,0.0898,0,Low,High Value Loyalists,3601.39,0
ID-000651,0.0898,0,Low,High Value Loyalists,3840.54,0
ID-003387,0.0898,0,Low,At-Risk New Customers,4037.81,0
ID-000584,0.0898,0,Low,At-Risk New Customers,4120.13,0
ID-003751,0.0897,0,Low,High Value Loyalists,2455.57,0
ID-005496,0.0897,0,Low,At-Risk New Customers,6607.57,0
ID-002335,0.0897,0,Low,Stable Value Seekers,4813.48,0
ID-000483,0.0897,0,Low,At-Risk New Customers,4083.8,0
ID-004476,0.0897,0,Low,At-Risk New Customers,1053.63,0
ID-000800,0.0896,0,Low,Stable Value Seekers,6937.0,0
ID-005953,0.0896,0,Low,Stable Value Seekers,5513.92,0
ID-001874,0.0896,0,Low,Stable Value Seekers,1870.94,0
ID-004084,0.0895,0,Low,High Value Loyalists,1275.32,0
ID-000107,0.0895,0,Low,At-Risk New Customers,1394.2,0
ID-003914,0.0894,0,Low,Stable Value Seekers,4277.74,0
ID-003674,0.0893,0,Low,Stable Value Seekers,5204.47,0
ID-003325,0.0893,0,Low,High Value Loyalists,4719.96,0
ID-001943,0.0892,0,Low,Stable Value Seekers,3940.84,0
ID-006354,0.0892,0,Low,At-Risk New Customers,1086.58,0
ID-002121,0.089,0,Low,Stable Value Seekers,4795.6,0
ID-005238,0.0889,0,Low,At-Risk New Customers,1484.15,0
ID-000515,0.0889,0,Low,At-Risk New Customers,2438.62,0
ID-005151,0.0889,0,Low,High Value Loyalists,1176.94,0
ID-000883,0.0889,0,Low,At-Risk New Customers,6682.62,0
ID-001700,0.0888,0,Low,At-Risk New Customers,3062.44,0
ID-000303,0.0888,0,Low,At-Risk New Customers,2107.19,0
ID-002548,0.0888,0,Low,High Value Loyalists,4394.79,0
ID-001827,0.0887,0,Low,High Value Loyalists,6445.5,0
ID-002532,0.0887,0,Low,High Value Loyalists,6636.05,0
ID-002003,0.0887,0,Low,At-Risk New Customers,3203.89,0
ID-005674,0.0887,0,Low,At-Risk New Customers,2838.77,0
ID-000867,0.0887,0,Low,High Value Loyalists,3924.93,0
ID-003505,0.0887,0,Low,At-Risk New Customers,5435.48,0
ID-000240,0.0886,0,Low,At-Risk New Customers,1552.93,0
ID-006122,0.0886,0,Low,At-Risk New Customers,5211.25,0
ID-005739,0.0886,0,Low,At-Risk New Customers,5967.37,0
ID-000784,0.0886,0,Low,At-Risk New Customers,6143.56,0
ID-006439,0.0885,0,Low,Stable Value Seekers,6671.9,0
ID-006055,0.0885,0,Low,Stable Value Seekers,5240.81,0
ID-000545,0.0885,0,Low,High Value Loyalists,5345.33,0
ID-000725,0.0884,0,Low,At-Risk New Customers,3251.82,0
ID-003195,0.0884,0,Low,Stable Value Seekers,4945.7,0
ID-001605,0.0883,0,Low,Stable Value Seekers,4430.67,0
ID-004717,0.0883,0,Low,Stable Value Seekers,7322.03,0
ID-000134,0.0883,0,Low,At-Risk New Customers,2823.06,0
ID-005983,0.0883,0,Low,High Value Loyalists,1275.98,0
ID-004513,0.0882,0,Low,Stable Value Seekers,5223.27,0
ID-001437,0.0882,0,Low,High Value Loyalists,5950.86,0
ID-004845,0.0882,0,Low,High Value Loyalists,2895.49,0
ID-002033,0.0881,0,Low,At-Risk New Customers,3820.41,1
ID-003080,0.0881,0,Low,At-Risk New Customers,3276.02,1
ID-002515,0.0881,0,Low,At-Risk New Customers,4515.71,1
ID-006542,0.0881,0,Low,At-Risk New Customers,4702.55,0
ID-001496,0.088,0,Low,At-Risk New Customers,5786.1,0
ID-000247,0.0879,0,Low,Stable Value Seekers,5754.81,0
ID-004913,0.0879,0,Low,Stable Value Seekers,2990.72,0
ID-001973,0.0879,0,Low,High Value Loyalists,5492.08,0
ID-006989,0.0878,0,Low,High Value Loyalists,2547.1,0
ID-003576,0.0878,0,Low,At-Risk New Customers,1706.76,0
ID-003047,0.0877,0,Low,At-Risk New Customers,1140.04,0
ID-000589,0.0877,0,Low,At-Risk New Customers,6869.34,0
ID-001531,0.0877,0,Low,High Value Loyalists,3153.3,0
ID-003652,0.0877,0,Low,At-Risk New Customers,3937.86,0
ID-003377,0.0876,0,Low,High Value Loyalists,4084.48,0
ID-001930,0.0876,0,Low,At-Risk New Customers,2062.82,0
ID-001596,0.0874,0,Low,High Value Loyalists,2899.87,0
ID-003942,0.0874,0,Low,High Value Loyalists,2063.19,0
ID-001541,0.0874,0,Low,At-Risk New Customers,2456.87,0
ID-000376,0.0874,0,Low,Stable Value Seekers,6753.39,0
ID-006879,0.0873,0,Low,At-Risk New Customers,1107.48,0
ID-005754,0.0873,0,Low,At-Risk New Customers,3530.44,0
ID-005479,0.0872,0,Low,At-Risk New Customers,6114.96,0
ID-004899,0.0872,0,Low,At-Risk New Customers,1909.46,0
ID-004712,0.0872,0,Low,At-Risk New Customers,1233.34,0
ID-000092,0.0872,0,Low,At-Risk New Customers,5801.06,0
ID-006269,0.0871,0,Low,Stable Value Seekers,3753.21,0
ID-002673,0.0871,0,Low,High Value Loyalists,3288.24,0
ID-002377,0.0871,0,Low,Stable Value Seekers,3712.11,0
ID-005401,0.0871,0,Low,At-Risk New Customers,6860.89,0
ID-004898,0.087,0,Low,At-Risk New Customers,4258.53,0
ID-005088,0.087,0,Low,Stable Value Seekers,4727.01,0
ID-004551,0.0869,0,Low,Stable Value Seekers,6838.09,0
ID-000120,0.0869,0,Low,Stable Value Seekers,3714.44,0
ID-003845,0.0869,0,Low,High Value Loyalists,4753.47,0
ID-006037,0.0869,0,Low,High Value Loyalists,2309.47,0
ID-003412,0.0869,0,Low,At-Risk New Customers,3324.52,0
ID-001522,0.0869,0,Low,High Value Loyalists,1832.92,0
ID-006290,0.0869,0,Low,Stable Value Seekers,2659.88,0
ID-004576,0.0869,0,Low,At-Risk New Customers,5132.42,0
ID-003509,0.0868,0,Low,At-Risk New Customers,5592.9,0
ID-004511,0.0868,0,Low,At-Risk New Customers,4155.32,0
ID-002490,0.0868,0,Low,At-Risk New Customers,2077.13,0
ID-005677,0.0868,0,Low,Stable Value Seekers,1196.79,0
ID-004103,0.0868,0,Low,At-Risk New Customers,5431.67,0
ID-006959,0.0867,0,Low,High Value Loyalists,4637.35,0
ID-004635,0.0867,0,Low,Stable Value Seekers,6032.2,0
ID-001690,0.0867,0,Low,At-Risk New Customers,5300.65,0
ID-004304,0.0867,0,Low,High Value Loyalists,3587.58,0
ID-004113,0.0866,0,Low,At-Risk New Customers,3725.63,0
ID-002211,0.0866,0,Low,High Value Loyalists,1646.48,0
ID-004747,0.0866,0,Low,At-Risk New Customers,4591.64,0
ID-002926,0.0865,0,Low,At-Risk New Customers,3898.86,0
ID-005750,0.0865,0,Low,Stable Value Seekers,2593.46,0
ID-006372,0.0864,0,Low,Stable Value Seekers,4680.64,0
ID-005121,0.0864,0,Low,Stable Value Seekers,6370.56,0
ID-005676,0.0864,0,Low,Stable Value Seekers,5135.12,0
ID-003761,0.0863,0,Low,Stable Value Seekers,4258.54,0
ID-000231,0.0862,0,Low,High Value Loyalists,4918.79,0
ID-002685,0.0862,0,Low,Stable Value Seekers,3380.46,0
ID-006600,0.0862,0,Low,Stable Value Seekers,3436.23,0
ID-003341,0.0861,0,Low,At-Risk New Customers,5775.69,0
ID-002986,0.0861,0,Low,High Value Loyalists,6870.73,0
ID-000147,0.0861,0,Low,Stable Value Seekers,7474.18,0
ID-000045,0.0861,0,Low,High Value Loyalists,1649.56,0
ID-006641,0.0861,0,Low,High Value Loyalists,2749.15,0
ID-002690,0.0861,0,Low,At-Risk New Customers,3347.88,0
ID-003963,0.0861,0,Low,High Value Loyalists,2660.57,0
ID-001120,0.0861,0,Low,At-Risk New Customers,4247.96,0
ID-001336,0.0861,0,Low,At-Risk New Customers,3248.22,0
ID-005999,0.086,0,Low,Stable Value Seekers,6349.06,0
ID-001919,0.086,0,Low,At-Risk New Customers,5829.13,0
ID-000533,0.0859,0,Low,High Value Loyalists,7501.2,0
ID-002838,0.0859,0,Low,Stable Value Seekers,6262.69,0
ID-000141,0.0859,0,Low,At-Risk New Customers,4157.78,0
ID-000110,0.0859,0,Low,At-Risk New Customers,1163.93,0
ID-003100,0.0858,0,Low,Stable Value Seekers,3124.79,0
ID-004137,0.0858,0,Low,At-Risk New Customers,2590.66,0
ID-005284,0.0857,0,Low,Stable Value Seekers,4182.0,1
ID-003357,0.0857,0,Low,Stable Value Seekers,4449.43,0
ID-006813,0.0857,0,Low,High Value Loyalists,2817.35,1
ID-002895,0.0857,0,Low,High Value Loyalists,4718.8,0
ID-001391,0.0856,0,Low,At-Risk New Customers,3338.47,0
ID-001001,0.0856,0,Low,At-Risk New Customers,6406.25,0
ID-003949,0.0856,0,Low,At-Risk New Customers,1653.88,0
ID-002382,0.0855,0,Low,At-Risk New Customers,2989.76,0
ID-006782,0.0855,0,Low,At-Risk New Customers,6624.84,0
ID-006165,0.0855,0,Low,At-Risk New Customers,5206.06,0
ID-001849,0.0854,0,Low,At-Risk New Customers,2732.61,0
ID-003430,0.0854,0,Low,Stable Value Seekers,3626.09,0
ID-000861,0.0854,0,Low,At-Risk New Customers,6576.89,1
ID-004307,0.0853,0,Low,Stable Value Seekers,5462.0,0
ID-001801,0.0853,0,Low,At-Risk New Customers,5610.56,0
ID-002980,0.0853,0,Low,High Value Loyalists,3457.95,0
ID-002844,0.0853,0,Low,High Value Loyalists,6394.57,0
ID-005946,0.0852,0,Low,High Value Loyalists,2388.57,0
ID-005552,0.0852,0,Low,Stable Value Seekers,5878.06,0
ID-002367,0.0852,0,Low,Stable Value Seekers,6966.79,0
ID-002552,0.0852,0,Low,At-Risk New Customers,5764.28,0
ID-006156,0.0852,0,Low,At-Risk New Customers,1907.14,0
ID-002124,0.0852,0,Low,Stable Value Seekers,6006.51,0
ID-001691,0.0852,0,Low,High Value Loyalists,6079.23,0
ID-005185,0.0852,0,Low,Stable Value Seekers,5828.56,0
ID-004776,0.0851,0,Low,High Value Loyalists,2612.47,0
ID-001241,0.0851,0,Low,At-Risk New Customers,4575.8,0
ID-003807,0.0851,0,Low,High Value Loyalists,7173.74,0
ID-005370,0.085,0,Low,At-Risk New Customers,1680.94,0
ID-002160,0.085,0,Low,High Value Loyalists,3842.17,0
ID-000519,0.085,0,Low,Stable Value Seekers,6400.5,1
ID-004791,0.085,0,Low,High Value Loyalists,6511.01,0
ID-004626,0.0849,0,Low,High Value Loyalists,1607.95,0
ID-000971,0.0849,0,Low,At-Risk New Customers,1404.39,0
ID-004842,0.0849,0,Low,High Value Loyalists,2284.1,0
ID-000635,0.0849,0,Low,At-Risk New Customers,3282.52,0
ID-005084,0.0848,0,Low,Stable Value Seekers,4781.52,0
ID-003249,0.0848,0,Low,High Value Loyalists,4382.64,0
ID-001270,0.0847,0,Low,High Value Loyalists,5235.8,0
ID-005106,0.0846,0,Low,Stable Value Seekers,5455.58,0
ID-006795,0.0846,0,Low,At-Risk New Customers,3363.92,0
ID-004001,0.0845,0,Low,High Value Loyalists,2768.28,0
ID-007006,0.0845,0,Low,At-Risk New Customers,1728.5,0
ID-004340,0.0844,0,Low,Stable Value Seekers,5597.94,0
ID-006406,0.0844,0,Low,High Value Loyalists,5389.82,0
ID-004536,0.0844,0,Low,At-Risk New Customers,4479.21,0
ID-005992,0.0842,0,Low,Stable Value Seekers,2701.88,0
ID-004544,0.0841,0,Low,Low Engagement Churn Risk,5957.66,0
ID-002174,0.0841,0,Low,At-Risk New Customers,4095.05,0
ID-003875,0.0841,0,Low,High Value Loyalists,3339.46,1
ID-002764,0.0841,0,Low,Stable Value Seekers,2645.04,0
ID-006645,0.0841,0,Low,High Value Loyalists,2506.66,0
ID-002578,0.084,0,Low,At-Risk New Customers,4828.71,0
ID-005950,0.084,0,Low,High Value Loyalists,6051.75,0
ID-003062,0.084,0,Low,At-Risk New Customers,3093.11,0
ID-005792,0.0839,0,Low,Stable Value Seekers,1473.12,0
ID-001287,0.0839,0,Low,High Value Loyalists,3781.25,0
ID-000350,0.0839,0,Low,High Value Loyalists,3564.63,0
ID-005309,0.0838,0,Low,At-Risk New Customers,6526.04,0
ID-001716,0.0838,0,Low,At-Risk New Customers,4887.56,0
ID-000591,0.0838,0,Low,At-Risk New Customers,5768.32,0
ID-002687,0.0838,0,Low,At-Risk New Customers,2275.09,0
ID-003740,0.0837,0,Low,At-Risk New Customers,4234.47,0
ID-006633,0.0837,0,Low,High Value Loyalists,5809.52,0
ID-000620,0.0837,0,Low,High Value Loyalists,1329.31,0
ID-004242,0.0837,0,Low,At-Risk New Customers,4663.36,0
ID-000785,0.0837,0,Low,Stable Value Seekers,4315.08,0
ID-002474,0.0836,0,Low,High Value Loyalists,3314.83,1
ID-002894,0.0836,0,Low,High Value Loyalists,2124.11,0
ID-006701,0.0836,0,Low,Stable Value Seekers,6523.45,0
ID-000537,0.0836,0,Low,High Value Loyalists,1415.79,0
ID-004615,0.0835,0,Low,Stable Value Seekers,5943.42,0
ID-005009,0.0835,0,Low,High Value Loyalists,5885.58,0
ID-003105,0.0835,0,Low,High Value Loyalists,3108.17,0
ID-004574,0.0834,0,Low,Stable Value Seekers,3157.55,0
ID-006928,0.0834,0,Low,Stable Value Seekers,6456.31,0
ID-003410,0.0833,0,Low,Stable Value Seekers,1393.23,0
ID-000004,0.0833,0,Low,At-Risk New Customers,1985.04,0
ID-000964,0.0833,0,Low,Stable Value Seekers,5498.06,0
ID-001037,0.0833,0,Low,High Value Loyalists,3059.37,0
ID-000663,0.0833,0,Low,Stable Value Seekers,6483.34,0
ID-001340,0.0833,0,Low,At-Risk New Customers,2079.3,0
ID-003731,0.0832,0,Low,Stable Value Seekers,6687.39,0
ID-000053,0.0832,0,Low,High Value Loyalists,2179.14,0
ID-004727,0.0831,0,Low,At-Risk New Customers,6986.9,0
ID-000705,0.0831,0,Low,At-Risk New Customers,6395.4,0
ID-001459,0.0831,0,Low,At-Risk New Customers,5810.59,0
ID-004031,0.0831,0,Low,Stable Value Seekers,6165.79,0
ID-001938,0.083,0,Low,High Value Loyalists,3219.2,0
ID-001387,0.083,0,Low,At-Risk New Customers,4718.09,0
ID-004265,0.083,0,Low,High Value Loyalists,3188.73,0
ID-000326,0.0829,0,Low,Stable Value Seekers,1374.12,0
ID-000642,0.0828,0,Low,At-Risk New Customers,2672.35,0
ID-002869,0.0828,0,Low,Stable Value Seekers,3811.56,0
ID-003106,0.0827,0,Low,At-Risk New Customers,1629.39,0
ID-002501,0.0827,0,Low,High Value Loyalists,6877.17,0
ID-004537,0.0826,0,Low,At-Risk New Customers,6913.74,0
ID-006945,0.0826,0,Low,Stable Value Seekers,5280.09,0
ID-001640,0.0826,0,Low,At-Risk New Customers,2833.7,0
ID-001508,0.0826,0,Low,High Value Loyalists,5673.64,1
ID-005505,0.0825,0,Low,Stable Value Seekers,5156.12,0
ID-006510,0.0825,0,Low,Stable Value Seekers,7302.3,0
ID-004486,0.0824,0,Low,At-Risk New Customers,2752.42,0
ID-003766,0.0824,0,Low,High Value Loyalists,5015.38,0
ID-004232,0.0823,0,Low,At-Risk New Customers,4535.3,0
ID-001534,0.0822,0,Low,High Value Loyalists,7856.27,1
ID-004514,0.0822,0,Low,At-Risk New Customers,6362.09,0
ID-001792,0.0822,0,Low,Stable Value Seekers,2084.56,0
ID-004577,0.0821,0,Low,At-Risk New Customers,4237.28,0
ID-006856,0.0821,0,Low,Stable Value Seekers,3156.77,0
ID-001797,0.0821,0,Low,At-Risk New Customers,1724.53,0
ID-002423,0.0821,0,Low,At-Risk New Customers,3597.94,0
ID-006704,0.0821,0,Low,Stable Value Seekers,3087.84,0
ID-005962,0.0821,0,Low,High Value Loyalists,3161.16,0
ID-003461,0.082,0,Low,Stable Value Seekers,6919.28,0
ID-004597,0.082,0,Low,High Value Loyalists,5647.06,0
ID-006777,0.0819,0,Low,High Value Loyalists,7434.85,0
ID-003393,0.0819,0,Low,At-Risk New Customers,4354.52,1
ID-004665,0.0818,0,Low,Stable Value Seekers,4597.24,0
ID-005819,0.0818,0,Low,Stable Value Seekers,5238.76,0
ID-001275,0.0817,0,Low,At-Risk New Customers,2306.04,0
ID-005787,0.0817,0,Low,Stable Value Seekers,3275.19,0
ID-000959,0.0816,0,Low,Stable Value Seekers,6546.43,0
ID-006434,0.0816,0,Low,Stable Value Seekers,7158.81,0
ID-005689,0.0816,0,Low,Stable Value Seekers,6262.29,1
ID-003135,0.0816,0,Low,High Value Loyalists,3809.8,0
ID-002306,0.0815,0,Low,Stable Value Seekers,3156.96,0
ID-003823,0.0815,0,Low,At-Risk New Customers,5869.28,0
ID-005256,0.0814,0,Low,High Value Loyalists,6631.27,0
ID-004491,0.0814,0,Low,Stable Value Seekers,4127.99,0
ID-006015,0.0814,0,Low,Stable Value Seekers,4042.99,0
ID-002569,0.0813,0,Low,At-Risk New Customers,4597.56,0
ID-001544,0.0813,0,Low,At-Risk New Customers,2440.82,1
ID-001626,0.0812,0,Low,High Value Loyalists,2402.21,0
ID-004173,0.0812,0,Low,Stable Value Seekers,2390.35,0
ID-006703,0.0812,0,Low,Stable Value Seekers,2214.38,1
ID-002127,0.0811,0,Low,High Value Loyalists,7618.03,0
ID-007021,0.0811,0,Low,At-Risk New Customers,3387.47,0
ID-004158,0.0811,0,Low,High Value Loyalists,5972.64,0
ID-006560,0.0811,0,Low,At-Risk New Customers,1300.18,0
ID-003584,0.0811,0,Low,Stable Value Seekers,3134.92,0
ID-003219,0.081,0,Low,At-Risk New Customers,4063.27,0
ID-001802,0.081,0,Low,At-Risk New Customers,2312.87,0
ID-005290,0.081,0,Low,Stable Value Seekers,7061.12,0
ID-005357,0.0809,0,Low,At-Risk New Customers,4789.38,0
ID-005497,0.0809,0,Low,At-Risk New Customers,3455.76,0
ID-002732,0.0809,0,Low,High Value Loyalists,3243.28,0
ID-003965,0.0808,0,Low,Stable Value Seekers,4055.9,0
ID-001060,0.0808,0,Low,High Value Loyalists,3334.07,0
ID-006602,0.0808,0,Low,At-Risk New Customers,6635.57,0
ID-001746,0.0807,0,Low,Stable Value Seekers,3176.16,0
ID-002424,0.0807,0,Low,Stable Value Seekers,2952.15,0
ID-001749,0.0807,0,Low,At-Risk New Customers,3049.43,0
ID-001222,0.0807,0,Low,Stable Value Seekers,3541.5,0
ID-003035,0.0807,0,Low,At-Risk New Customers,4060.38,0
ID-002827,0.0806,0,Low,Stable Value Seekers,6270.9,0
ID-000902,0.0805,0,Low,Stable Value Seekers,5486.55,0
ID-004617,0.0805,0,Low,Stable Value Seekers,4257.1,0
ID-004477,0.0805,0,Low,Stable Value Seekers,6238.35,0
ID-005758,0.0804,0,Low,At-Risk New Customers,4950.51,0
ID-003372,0.0804,0,Low,Stable Value Seekers,2935.97,0
ID-003974,0.0803,0,Low,Stable Value Seekers,2282.05,0
ID-003066,0.0803,0,Low,Stable Value Seekers,1676.63,0
ID-005271,0.0803,0,Low,Stable Value Seekers,6106.03,0
ID-000288,0.0803,0,Low,At-Risk New Customers,3846.19,0
ID-006421,0.0803,0,Low,Stable Value Seekers,4696.12,0
ID-002658,0.0803,0,Low,High Value Loyalists,6184.79,0
ID-005683,0.0802,0,Low,High Value Loyalists,6261.29,1
ID-003178,0.0802,0,Low,At-Risk New Customers,6443.17,0
ID-002545,0.0802,0,Low,At-Risk New Customers,2524.61,0
ID-001661,0.0802,0,Low,Stable Value Seekers,5713.09,0
ID-000759,0.0802,0,Low,High Value Loyalists,3549.15,0
ID-002461,0.08,0,Low,High Value Loyalists,4097.16,0
ID-004636,0.08,0,Low,Stable Value Seekers,5133.33,0
ID-002789,0.0799,0,Low,High Value Loyalists,6761.72,0
ID-004979,0.0799,0,Low,High Value Loyalists,4758.96,0
ID-000706,0.0799,0,Low,High Value Loyalists,2264.61,0
ID-004784,0.0799,0,Low,High Value Loyalists,6764.35,0
ID-005402,0.0799,0,Low,At-Risk New Customers,3600.53,0
ID-007020,0.0798,0,Low,Stable Value Seekers,6856.65,0
ID-005747,0.0798,0,Low,At-Risk New Customers,4057.54,0
ID-001625,0.0797,0,Low,At-Risk New Customers,2773.03,0
ID-005186,0.0797,0,Low,At-Risk New Customers,4733.56,1
ID-003156,0.0797,0,Low,High Value Loyalists,3324.34,0
ID-002997,0.0797,0,Low,High Value Loyalists,7175.35,0
ID-006427,0.0797,0,Low,At-Risk New Customers,5630.88,0
ID-004286,0.0796,0,Low,Stable Value Seekers,6593.87,1
ID-003809,0.0796,0,Low,High Value Loyalists,4737.03,0
ID-006267,0.0796,0,Low,High Value Loyalists,4169.97,0
ID-006173,0.0795,0,Low,High Value Loyalists,1896.87,1
ID-005091,0.0795,0,Low,At-Risk New Customers,1867.97,0
ID-002597,0.0795,0,Low,Stable Value Seekers,6370.53,0
ID-002344,0.0795,0,Low,At-Risk New Customers,4391.74,0
ID-001420,0.0795,0,Low,High Value Loyalists,3344.65,0
ID-006409,0.0795,0,Low,Stable Value Seekers,5630.11,0
ID-003018,0.0795,0,Low,Stable Value Seekers,5648.99,0
ID-006356,0.0794,0,Low,At-Risk New Customers,2726.13,0
ID-004713,0.0794,0,Low,Stable Value Seekers,7344.94,0
ID-003420,0.0794,0,Low,Stable Value Seekers,4725.33,0
ID-006691,0.0794,0,Low,High Value Loyalists,3977.98,0
ID-004731,0.0794,0,Low,Stable Value Seekers,4638.81,0
ID-006003,0.0794,0,Low,Stable Value Seekers,7017.83,1
ID-000969,0.0793,0,Low,High Value Loyalists,6326.92,0
ID-002404,0.0793,0,Low,At-Risk New Customers,2095.7,0
ID-005840,0.0793,0,Low,Stable Value Seekers,2272.22,0
ID-000498,0.0793,0,Low,At-Risk New Customers,3712.47,0
ID-004930,0.0793,0,Low,High Value Loyalists,1308.08,0
ID-005305,0.0793,0,Low,Stable Value Seekers,7578.62,0
ID-006632,0.0792,0,Low,Low Engagement Churn Risk,6987.5,0
ID-006802,0.0792,0,Low,Stable Value Seekers,7081.84,1
ID-002913,0.0792,0,Low,At-Risk New Customers,3791.62,0
ID-006960,0.0792,0,Low,Stable Value Seekers,7117.01,0
ID-000035,0.0792,0,Low,At-Risk New Customers,4384.0,0
ID-000087,0.0792,0,Low,Stable Value Seekers,6613.61,0
ID-001008,0.0791,0,Low,High Value Loyalists,4020.99,0
ID-005662,0.0791,0,Low,Stable Value Seekers,4118.05,0
ID-001980,0.0791,0,Low,High Value Loyalists,1890.75,0
ID-002053,0.0791,0,Low,Stable Value Seekers,4355.69,0
ID-004882,0.0791,0,Low,At-Risk New Customers,2429.8,0
ID-004815,0.079,0,Low,High Value Loyalists,4775.12,0
ID-001701,0.079,0,Low,At-Risk New Customers,1389.78,0
ID-006059,0.079,0,Low,High Value Loyalists,1444.16,0
ID-003852,0.079,0,Low,At-Risk New Customers,2745.57,0
ID-005096,0.079,0,Low,At-Risk New Customers,6815.0,0
ID-004110,0.079,0,Low,Stable Value Seekers,6524.78,0
ID-002974,0.0789,0,Low,Stable Value Seekers,5175.1,0
ID-001016,0.0789,0,Low,Stable Value Seekers,7336.85,0
ID-005289,0.0789,0,Low,At-Risk New Customers,4950.76,0
ID-005896,0.0789,0,Low,Stable Value Seekers,5455.58,0
ID-001301,0.0788,0,Low,At-Risk New Customers,2747.15,0
ID-000864,0.0788,0,Low,High Value Loyalists,2434.65,0
ID-004222,0.0788,0,Low,High Value Loyalists,2438.34,0
ID-003623,0.0788,0,Low,At-Risk New Customers,3918.75,0
ID-006572,0.0788,0,Low,At-Risk New Customers,3154.43,0
ID-000616,0.0788,0,Low,At-Risk New Customers,1632.84,0
ID-000777,0.0788,0,Low,Stable Value Seekers,4413.78,0
ID-002554,0.0787,0,Low,At-Risk New Customers,4375.03,0
ID-005934,0.0787,0,Low,Stable Value Seekers,3136.72,0
ID-004619,0.0786,0,Low,High Value Loyalists,5982.65,0
ID-003248,0.0786,0,Low,At-Risk New Customers,5529.46,0
ID-006667,0.0786,0,Low,Stable Value Seekers,4333.99,0
ID-002229,0.0786,0,Low,Stable Value Seekers,6238.26,0
ID-002093,0.0786,0,Low,Stable Value Seekers,5812.26,0
ID-003920,0.0786,0,Low,High Value Loyalists,5267.52,0
ID-003121,0.0786,0,Low,Stable Value Seekers,5851.09,0
ID-005438,0.0786,0,Low,Stable Value Seekers,6018.64,0
ID-006241,0.0786,0,Low,At-Risk New Customers,3101.0,0
ID-002595,0.0786,0,Low,High Value Loyalists,5350.49,0
ID-001737,0.0785,0,Low,At-Risk New Customers,4894.98,0
ID-005275,0.0785,0,Low,High Value Loyalists,2644.98,0
ID-003790,0.0785,0,Low,High Value Loyalists,2703.77,0
ID-002898,0.0785,0,Low,At-Risk New Customers,6881.87,0
ID-005261,0.0785,0,Low,High Value Loyalists,2966.58,0
ID-003872,0.0784,0,Low,Stable Value Seekers,4812.7,0
ID-004138,0.0784,0,Low,Stable Value Seekers,2939.79,0
ID-003133,0.0784,0,Low,At-Risk New Customers,6690.65,0
ID-005461,0.0784,0,Low,High Value Loyalists,2226.22,0
ID-005489,0.0784,0,Low,High Value Loyalists,3076.54,0
ID-003983,0.0784,0,Low,High Value Loyalists,5008.78,0
ID-004786,0.0784,0,Low,At-Risk New Customers,2800.99,0
ID-006862,0.0783,0,Low,Stable Value Seekers,2430.57,0
ID-002235,0.0783,0,Low,Stable Value Seekers,7247.96,0
ID-002488,0.0782,0,Low,At-Risk New Customers,4644.97,1
ID-002828,0.0782,0,Low,High Value Loyalists,1209.44,0
ID-003363,0.0782,0,Low,At-Risk New Customers,4482.33,0
ID-006113,0.0781,0,Low,Stable Value Seekers,3384.02,0
ID-004377,0.0781,0,Low,Stable Value Seekers,5444.57,0
ID-006615,0.0781,0,Low,Stable Value Seekers,2313.09,0
ID-003973,0.0781,0,Low,Stable Value Seekers,5019.56,0
ID-000495,0.0781,0,Low,At-Risk New Customers,2491.18,0
ID-001707,0.0781,0,Low,High Value Loyalists,5417.54,0
ID-004369,0.078,0,Low,At-Risk New Customers,2892.49,0
ID-000353,0.078,0,Low,At-Risk New Customers,4002.78,0
ID-001213,0.078,0,Low,At-Risk New Customers,1470.35,0
ID-004704,0.0779,0,Low,At-Risk New Customers,6044.36,0
ID-003166,0.0779,0,Low,At-Risk New Customers,2791.82,0
ID-000896,0.0779,0,Low,At-Risk New Customers,1528.15,0
ID-005350,0.0779,0,Low,At-Risk New Customers,1556.94,0
ID-005516,0.0778,0,Low,At-Risk New Customers,6178.09,0
ID-005124,0.0778,0,Low,High Value Loyalists,7033.23,0
ID-000683,0.0778,0,Low,High Value Loyalists,3033.06,0
ID-002288,0.0778,0,Low,High Value Loyalists,4991.58,0
ID-005617,0.0778,0,Low,At-Risk New Customers,1491.73,0
ID-000988,0.0778,0,Low,At-Risk New Customers,1100.37,0
ID-005695,0.0777,0,Low,High Value Loyalists,5867.15,0
ID-004452,0.0776,0,Low,High Value Loyalists,1574.36,0
ID-005031,0.0776,0,Low,High Value Loyalists,6174.68,0
ID-006063,0.0776,0,Low,Stable Value Seekers,4080.36,0
ID-002851,0.0776,0,Low,High Value Loyalists,4705.43,0
ID-000325,0.0776,0,Low,Stable Value Seekers,2368.02,0
ID-003651,0.0775,0,Low,Stable Value Seekers,1539.17,1
ID-003029,0.0775,0,Low,At-Risk New Customers,2475.38,0
ID-006997,0.0775,0,Low,At-Risk New Customers,1807.8,0
ID-003316,0.0774,0,Low,Stable Value Seekers,4088.51,0
ID-004958,0.0774,0,Low,Stable Value Seekers,5267.15,0
ID-006391,0.0774,0,Low,At-Risk New Customers,3152.39,0
ID-001895,0.0774,0,Low,Stable Value Seekers,7018.47,0
ID-000349,0.0773,0,Low,Stable Value Seekers,2395.71,0
ID-000197,0.0773,0,Low,Stable Value Seekers,3747.65,0
ID-003010,0.0773,0,Low,At-Risk New Customers,4595.03,0
ID-002246,0.0773,0,Low,At-Risk New Customers,4929.77,0
ID-002364,0.0772,0,Low,At-Risk New Customers,2074.21,0
ID-006402,0.0772,0,Low,Stable Value Seekers,2026.41,0
ID-001406,0.0772,0,Low,Stable Value Seekers,5634.28,0
ID-006201,0.0771,0,Low,High Value Loyalists,1676.26,0
ID-001783,0.0771,0,Low,At-Risk New Customers,1500.05,0
ID-003655,0.077,0,Low,At-Risk New Customers,3947.56,0
ID-002791,0.077,0,Low,Stable Value Seekers,5830.98,0
ID-003961,0.077,0,Low,At-Risk New Customers,1862.96,0
ID-006521,0.077,0,Low,Stable Value Seekers,4909.3,0
ID-001393,0.077,0,Low,Stable Value Seekers,1519.73,0
ID-003866,0.0769,0,Low,High Value Loyalists,1413.39,0
ID-005227,0.0769,0,Low,At-Risk New Customers,5053.01,0
ID-003960,0.0769,0,Low,High Value Loyalists,3887.68,0
ID-003515,0.0769,0,Low,High Value Loyalists,2347.51,0
ID-006839,0.0769,0,Low,Stable Value Seekers,1836.6,0
ID-000145,0.0768,0,Low,Stable Value Seekers,5421.09,0
ID-004119,0.0768,0,Low,At-Risk New Customers,3615.49,1
ID-004463,0.0768,0,Low,Stable Value Seekers,4729.02,0
ID-005895,0.0767,0,Low,Stable Value Seekers,6330.19,1
ID-002331,0.0767,0,Low,At-Risk New Customers,2984.67,0
ID-006397,0.0767,0,Low,At-Risk New Customers,6613.68,0
ID-006721,0.0766,0,Low,At-Risk New Customers,5522.73,0
ID-004510,0.0766,0,Low,At-Risk New Customers,1327.49,0
ID-003840,0.0766,0,Low,At-Risk New Customers,2552.11,0
ID-006253,0.0766,0,Low,High Value Loyalists,2048.32,0
ID-005398,0.0766,0,Low,Stable Value Seekers,3171.36,0
ID-000517,0.0765,0,Low,High Value Loyalists,5152.97,0
ID-001831,0.0765,0,Low,High Value Loyalists,4710.37,0
ID-001903,0.0764,0,Low,Stable Value Seekers,4731.86,0
ID-003554,0.0764,0,Low,Stable Value Seekers,7535.43,0
ID-003490,0.0764,0,Low,Stable Value Seekers,7022.23,0
ID-004679,0.0764,0,Low,At-Risk New Customers,2977.07,0
ID-003236,0.0763,0,Low,At-Risk New Customers,3122.41,0
ID-006341,0.0763,0,Low,At-Risk New Customers,2551.48,0
ID-000994,0.0763,0,Low,Stable Value Seekers,6892.95,0
ID-001762,0.0763,0,Low,High Value Loyalists,5229.42,0
ID-002967,0.0763,0,Low,At-Risk New Customers,4167.18,0
ID-004907,0.0762,0,Low,At-Risk New Customers,2336.76,0
ID-004319,0.0762,0,Low,At-Risk New Customers,3570.27,0
ID-004263,0.0762,0,Low,Stable Value Seekers,5561.63,0
ID-000245,0.0762,0,Low,At-Risk New Customers,6893.26,0
ID-006857,0.0762,0,Low,At-Risk New Customers,1643.16,0
ID-002046,0.0762,0,Low,Stable Value Seekers,3430.78,0
ID-001177,0.0761,0,Low,Stable Value Seekers,7039.64,0
ID-005507,0.0761,0,Low,Stable Value Seekers,1676.01,0
ID-005374,0.0761,0,Low,Stable Value Seekers,4943.03,0
ID-005584,0.0761,0,Low,At-Risk New Customers,1418.48,1
ID-000551,0.0761,0,Low,At-Risk New Customers,5435.88,0
ID-005764,0.0761,0,Low,Stable Value Seekers,5042.18,0
ID-001805,0.076,0,Low,Stable Value Seekers,3918.58,0
ID-003587,0.076,0,Low,Stable Value Seekers,5931.39,1
ID-002930,0.076,0,Low,At-Risk New Customers,1218.11,0
ID-004341,0.076,0,Low,High Value Loyalists,2837.57,0
ID-002271,0.0759,0,Low,High Value Loyalists,1388.24,1
ID-001909,0.0759,0,Low,At-Risk New Customers,3198.56,0
ID-003958,0.0759,0,Low,Stable Value Seekers,7111.19,0
ID-004419,0.0758,0,Low,High Value Loyalists,1736.32,0
ID-002506,0.0758,0,Low,At-Risk New Customers,2811.89,0
ID-005447,0.0758,0,Low,Stable Value Seekers,3465.51,0
ID-001413,0.0758,0,Low,High Value Loyalists,3955.84,0
ID-001189,0.0758,0,Low,Stable Value Seekers,2458.85,0
ID-003735,0.0757,0,Low,At-Risk New Customers,5959.51,0
ID-002397,0.0757,0,Low,Stable Value Seekers,6268.56,0
ID-004878,0.0757,0,Low,High Value Loyalists,1407.71,0
ID-001934,0.0757,0,Low,Stable Value Seekers,4335.06,0
ID-001525,0.0756,0,Low,High Value Loyalists,2577.37,1
ID-003050,0.0756,0,Low,Stable Value Seekers,7057.23,0
ID-003160,0.0756,0,Low,Stable Value Seekers,1483.77,0
ID-000790,0.0756,0,Low,At-Risk New Customers,4513.18,0
ID-000191,0.0755,0,Low,Stable Value Seekers,6349.04,0
ID-003927,0.0755,0,Low,High Value Loyalists,2952.65,0
ID-001772,0.0755,0,Low,High Value Loyalists,4826.45,0
ID-005199,0.0755,0,Low,Stable Value Seekers,6826.88,0
ID-003879,0.0755,0,Low,At-Risk New Customers,4797.81,0
ID-001745,0.0755,0,Low,Stable Value Seekers,4331.19,0
ID-003328,0.0755,0,Low,Stable Value Seekers,6358.89,0
ID-003132,0.0755,0,Low,Stable Value Seekers,6621.22,0
ID-006322,0.0755,0,Low,High Value Loyalists,1124.52,0
ID-003987,0.0754,0,Low,Stable Value Seekers,4135.51,0
ID-000109,0.0754,0,Low,High Value Loyalists,5048.12,0
ID-007023,0.0754,0,Low,Stable Value Seekers,3191.44,0
ID-002813,0.0753,0,Low,Stable Value Seekers,5650.09,0
ID-006796,0.0753,0,Low,At-Risk New Customers,5912.41,0
ID-003602,0.0753,0,Low,Stable Value Seekers,2986.96,0
ID-006798,0.0753,0,Low,High Value Loyalists,4595.32,0
ID-001463,0.0753,0,Low,At-Risk New Customers,5693.17,0
ID-000169,0.0753,0,Low,Stable Value Seekers,4160.5,0
ID-005690,0.0753,0,Low,At-Risk New Customers,2455.37,0
ID-003982,0.0753,0,Low,At-Risk New Customers,3393.06,0
ID-003659,0.0753,0,Low,Stable Value Seekers,2950.25,0
ID-003397,0.0752,0,Low,Stable Value Seekers,2748.34,1
ID-006132,0.0752,0,Low,At-Risk New Customers,2539.32,0
ID-005126,0.0752,0,Low,At-Risk New Customers,5553.25,0
ID-005723,0.0752,0,Low,At-Risk New Customers,2661.76,0
ID-001546,0.0752,0,Low,Stable Value Seekers,3532.2,0
ID-004814,0.0752,0,Low,At-Risk New Customers,3585.91,0
ID-002932,0.0752,0,Low,Stable Value Seekers,4716.09,0
ID-000436,0.0752,0,Low,At-Risk New Customers,1097.6,0
ID-005765,0.0751,0,Low,Stable Value Seekers,5752.84,0
ID-001373,0.0751,0,Low,At-Risk New Customers,6280.26,0
ID-005400,0.0751,0,Low,High Value Loyalists,1606.32,0
ID-006540,0.0751,0,Low,At-Risk New Customers,5513.39,0
ID-003071,0.075,0,Low,At-Risk New Customers,6233.42,0
ID-000482,0.075,0,Low,High Value Loyalists,2924.86,0
ID-005737,0.075,0,Low,At-Risk New Customers,2965.03,0
ID-002783,0.075,0,Low,Stable Value Seekers,6744.67,0
ID-006005,0.075,0,Low,High Value Loyalists,4888.91,0
ID-006378,0.075,0,Low,Stable Value Seekers,2397.73,0
ID-004748,0.075,0,Low,At-Risk New Customers,6230.36,0
ID-003103,0.0749,0,Low,High Value Loyalists,1207.66,0
ID-002084,0.0749,0,Low,High Value Loyalists,2174.76,0
ID-002130,0.0749,0,Low,Stable Value Seekers,5559.38,0
ID-001837,0.0749,0,Low,Stable Value Seekers,5208.01,0
ID-003379,0.0749,0,Low,Stable Value Seekers,5803.29,0
ID-000618,0.0749,0,Low,At-Risk New Customers,2680.29,0
ID-005133,0.0749,0,Low,High Value Loyalists,2307.43,0
ID-005049,0.0748,0,Low,At-Risk New Customers,6732.99,0
ID-002534,0.0748,0,Low,High Value Loyalists,4114.79,0
ID-005130,0.0748,0,Low,At-Risk New Customers,4236.6,0
ID-006415,0.0748,0,Low,Stable Value Seekers,6490.99,0
ID-002425,0.0747,0,Low,Stable Value Seekers,1969.38,0
ID-005160,0.0747,0,Low,Stable Value Seekers,5249.27,0
ID-002028,0.0747,0,Low,Stable Value Seekers,7018.45,1
ID-006158,0.0746,0,Low,At-Risk New Customers,4527.12,0
ID-003019,0.0746,0,Low,High Value Loyalists,1204.1,0
ID-002969,0.0746,0,Low,Stable Value Seekers,5885.82,0
ID-003464,0.0746,0,Low,At-Risk New Customers,3805.03,0
ID-002665,0.0745,0,Low,At-Risk New Customers,5162.11,0
ID-003548,0.0745,0,Low,High Value Loyalists,2955.32,0
ID-003640,0.0745,0,Low,At-Risk New Customers,2887.33,0
ID-000572,0.0745,0,Low,High Value Loyalists,4292.01,1
ID-004957,0.0745,0,Low,High Value Loyalists,3134.3,0
ID-002817,0.0745,0,Low,High Value Loyalists,1118.04,0
ID-004645,0.0744,0,Low,High Value Loyalists,1202.88,0
ID-005434,0.0743,0,Low,High Value Loyalists,4311.18,0
ID-000912,0.0743,0,Low,Stable Value Seekers,2314.67,0
ID-004211,0.0743,0,Low,Stable Value Seekers,6264.69,0
ID-003593,0.0743,0,Low,Stable Value Seekers,4448.45,0
ID-001687,0.0743,0,Low,Stable Value Seekers,6169.01,0
ID-005412,0.0743,0,Low,Stable Value Seekers,5180.59,0
ID-003079,0.0743,0,Low,High Value Loyalists,5637.17,1
ID-006418,0.0742,0,Low,At-Risk New Customers,3890.0,0
ID-001180,0.0742,0,Low,At-Risk New Customers,1192.72,0
ID-005920,0.0741,0,Low,At-Risk New Customers,6543.26,0
ID-002014,0.0741,0,Low,At-Risk New Customers,4690.75,0
ID-004738,0.0741,0,Low,At-Risk New Customers,5421.35,0
ID-003712,0.074,0,Low,At-Risk New Customers,3315.63,0
ID-006509,0.074,0,Low,High Value Loyalists,1697.29,0
ID-004136,0.074,0,Low,At-Risk New Customers,3606.82,0
ID-003925,0.074,0,Low,Stable Value Seekers,1488.36,0
ID-006680,0.074,0,Low,At-Risk New Customers,2967.51,0
ID-003076,0.074,0,Low,High Value Loyalists,2030.85,0
ID-003953,0.0739,0,Low,Stable Value Seekers,2274.68,0
ID-006698,0.0739,0,Low,At-Risk New Customers,3223.81,0
ID-003567,0.0739,0,Low,Stable Value Seekers,3406.17,0
ID-003085,0.0739,0,Low,Stable Value Seekers,5599.54,0
ID-003647,0.0739,0,Low,Stable Value Seekers,7155.67,0
ID-002850,0.0739,0,Low,At-Risk New Customers,1360.33,0
ID-002289,0.0739,0,Low,High Value Loyalists,2683.22,0
ID-006030,0.0738,0,Low,High Value Loyalists,2978.09,0
ID-003030,0.0738,0,Low,Stable Value Seekers,3520.14,0
ID-005845,0.0737,0,Low,High Value Loyalists,4219.57,0
ID-005585,0.0737,0,Low,High Value Loyalists,6779.4,0
ID-004950,0.0736,0,Low,High Value Loyalists,4582.01,0
ID-003590,0.0736,0,Low,At-Risk New Customers,2856.86,0
ID-000071,0.0735,0,Low,Stable Value Seekers,5474.12,0
ID-005721,0.0735,0,Low,At-Risk New Customers,1235.64,0
ID-002612,0.0735,0,Low,Stable Value Seekers,6553.52,0
ID-000835,0.0734,0,Low,At-Risk New Customers,3592.98,0
ID-002101,0.0734,0,Low,Stable Value Seekers,2553.4,0
ID-001875,0.0733,0,Low,Stable Value Seekers,3616.05,0
ID-006240,0.0733,0,Low,At-Risk New Customers,6356.6,0
ID-004602,0.0733,0,Low,Stable Value Seekers,4899.32,0
ID-004827,0.0733,0,Low,Stable Value Seekers,1792.31,0
ID-000448,0.0733,0,Low,At-Risk New Customers,6925.16,0
ID-003247,0.0733,0,Low,Stable Value Seekers,6062.32,0
ID-002719,0.0733,0,Low,At-Risk New Customers,1150.16,0
ID-004923,0.0733,0,Low,High Value Loyalists,4228.35,0
ID-001500,0.0733,0,Low,At-Risk New Customers,1924.26,0
ID-000016,0.0732,0,Low,At-Risk New Customers,3971.94,0
ID-003750,0.0732,0,Low,At-Risk New Customers,1203.06,0
ID-006547,0.0731,0,Low,Stable Value Seekers,2104.35,0
ID-003326,0.0731,0,Low,At-Risk New Customers,4620.35,0
ID-003716,0.0731,0,Low,At-Risk New Customers,1781.59,0
ID-002931,0.0731,0,Low,At-Risk New Customers,3286.81,0
ID-003916,0.0731,0,Low,Stable Value Seekers,1733.85,1
ID-000763,0.0731,0,Low,At-Risk New Customers,4513.97,0
ID-004308,0.073,0,Low,High Value Loyalists,1439.25,0
ID-004495,0.073,0,Low,Stable Value Seekers,4273.36,0
ID-006949,0.073,0,Low,At-Risk New Customers,1544.11,0
ID-004763,0.0729,0,Low,At-Risk New Customers,3380.96,0
ID-003083,0.0729,0,Low,Stable Value Seekers,6145.42,0
ID-000972,0.0729,0,Low,Stable Value Seekers,7379.41,0
ID-005111,0.0729,0,Low,At-Risk New Customers,3405.79,0
ID-005023,0.0729,0,Low,High Value Loyalists,2459.72,1
ID-006485,0.0728,0,Low,Stable Value Seekers,4164.99,0
ID-002848,0.0728,0,Low,Stable Value Seekers,5274.15,0
ID-003575,0.0728,0,Low,At-Risk New Customers,6215.63,0
ID-000731,0.0728,0,Low,Stable Value Seekers,4086.67,0
ID-003185,0.0727,0,Low,High Value Loyalists,6572.15,0
ID-003184,0.0727,0,Low,High Value Loyalists,2530.26,0
ID-004771,0.0727,0,Low,High Value Loyalists,2651.17,0
ID-004783,0.0727,0,Low,Stable Value Seekers,6745.66,0
ID-006400,0.0727,0,Low,At-Risk New Customers,5711.33,0
ID-004417,0.0726,0,Low,High Value Loyalists,1212.75,0
ID-004823,0.0726,0,Low,Stable Value Seekers,5859.17,0
ID-002398,0.0726,0,Low,At-Risk New Customers,4482.26,0
ID-002779,0.0726,0,Low,Stable Value Seekers,1813.58,0
ID-005179,0.0726,0,Low,At-Risk New Customers,4479.35,0
ID-001639,0.0726,0,Low,High Value Loyalists,2748.17,0
ID-001445,0.0726,0,Low,At-Risk New Customers,4658.53,0
ID-003115,0.0726,0,Low,At-Risk New Customers,6742.13,0
ID-000006,0.0726,0,Low,Stable Value Seekers,6633.3,0
ID-005666,0.0725,0,Low,Stable Value Seekers,6347.98,0
ID-000037,0.0725,0,Low,At-Risk New Customers,1784.57,0
ID-004828,0.0725,0,Low,High Value Loyalists,6901.67,0
ID-006024,0.0725,0,Low,High Value Loyalists,2687.92,0
ID-006522,0.0725,0,Low,At-Risk New Customers,6196.51,0
ID-006940,0.0725,0,Low,Stable Value Seekers,4697.02,1
ID-003523,0.0724,0,Low,High Value Loyalists,6487.1,0
ID-002774,0.0724,0,Low,Stable Value Seekers,2681.99,0
ID-002353,0.0724,0,Low,High Value Loyalists,1271.07,0
ID-001281,0.0724,0,Low,At-Risk New Customers,2422.56,0
ID-006800,0.0724,0,Low,High Value Loyalists,1827.99,0
ID-006512,0.0724,0,Low,At-Risk New Customers,1425.76,0
ID-004172,0.0723,0,Low,High Value Loyalists,5540.02,0
ID-003449,0.0723,0,Low,High Value Loyalists,2694.26,0
ID-006133,0.0723,0,Low,High Value Loyalists,2674.31,0
ID-005918,0.0723,0,Low,Stable Value Seekers,5399.67,0
ID-006995,0.0723,0,Low,At-Risk New Customers,1664.23,0
ID-005325,0.0723,0,Low,At-Risk New Customers,5548.5,0
ID-001882,0.0723,0,Low,High Value Loyalists,3509.54,0
ID-002535,0.0723,0,Low,At-Risk New Customers,3972.72,0
ID-002910,0.0723,0,Low,High Value Loyalists,7543.16,0
ID-004318,0.0722,0,Low,High Value Loyalists,5886.52,0
ID-005904,0.0722,0,Low,Stable Value Seekers,5950.85,1
ID-003582,0.0721,0,Low,Stable Value Seekers,4365.36,0
ID-004260,0.0721,0,Low,High Value Loyalists,7211.17,0
ID-005341,0.0721,0,Low,At-Risk New Customers,4796.45,0
ID-004616,0.072,0,Low,Stable Value Seekers,5861.74,0
ID-001088,0.072,0,Low,At-Risk New Customers,4439.34,1
ID-004919,0.072,0,Low,Stable Value Seekers,7097.02,0
ID-005784,0.0718,0,Low,At-Risk New Customers,2732.26,1
ID-003830,0.0718,0,Low,At-Risk New Customers,5469.63,0
ID-002526,0.0718,0,Low,At-Risk New Customers,3651.34,0
ID-003834,0.0718,0,Low,High Value Loyalists,7272.02,0
ID-006171,0.0718,0,Low,At-Risk New Customers,2812.77,0
ID-001368,0.0718,0,Low,Stable Value Seekers,5781.55,0
ID-002469,0.0717,0,Low,At-Risk New Customers,2818.41,0
ID-001399,0.0717,0,Low,Stable Value Seekers,1858.71,0
ID-007018,0.0717,0,Low,Stable Value Seekers,2874.14,0
ID-003091,0.0717,0,Low,At-Risk New Customers,1507.53,0
ID-002100,0.0717,0,Low,Stable Value Seekers,6483.25,0
ID-000142,0.0717,0,Low,Stable Value Seekers,6967.1,0
ID-004186,0.0717,0,Low,At-Risk New Customers,1743.2,0
ID-004892,0.0717,0,Low,At-Risk New Customers,3059.78,0
ID-005560,0.0716,0,Low,Stable Value Seekers,4154.35,0
ID-003859,0.0716,0,Low,Stable Value Seekers,6881.26,0
ID-004352,0.0716,0,Low,At-Risk New Customers,2918.12,0
ID-003878,0.0716,0,Low,Stable Value Seekers,6139.35,0
ID-000869,0.0715,0,Low,Stable Value Seekers,5080.96,0
ID-003368,0.0715,0,Low,Stable Value Seekers,3093.99,0
ID-006674,0.0714,0,Low,Stable Value Seekers,4770.24,0
ID-002394,0.0714,0,Low,Stable Value Seekers,4805.37,0
ID-000703,0.0714,0,Low,At-Risk New Customers,4976.98,0
ID-000799,0.0714,0,Low,High Value Loyalists,5064.23,0
ID-002527,0.0714,0,Low,Stable Value Seekers,7129.85,0
ID-005660,0.0714,0,Low,At-Risk New Customers,4800.39,0
ID-002670,0.0714,0,Low,High Value Loyalists,7306.67,0
ID-006556,0.0713,0,Low,At-Risk New Customers,5027.19,0
ID-006422,0.0713,0,Low,Stable Value Seekers,5825.6,0
ID-002580,0.0713,0,Low,High Value Loyalists,4005.54,0
ID-002192,0.0713,0,Low,Stable Value Seekers,5834.02,0
ID-001926,0.0712,0,Low,At-Risk New Customers,2610.18,0
ID-000604,0.0712,0,Low,At-Risk New Customers,4137.38,0
ID-005595,0.0712,0,Low,At-Risk New Customers,3536.51,0
ID-000742,0.0712,0,Low,At-Risk New Customers,2032.66,0
ID-003990,0.0712,0,Low,At-Risk New Customers,3964.62,0
ID-001851,0.0711,0,Low,At-Risk New Customers,2622.71,0
ID-002512,0.0711,0,Low,Stable Value Seekers,7319.45,0
ID-000104,0.0711,0,Low,High Value Loyalists,2497.63,0
ID-001403,0.0711,0,Low,At-Risk New Customers,2939.34,0
ID-004813,0.0711,0,Low,Stable Value Seekers,1864.29,0
ID-003157,0.0711,0,Low,Stable Value Seekers,2866.58,0
ID-002217,0.0711,0,Low,Stable Value Seekers,1968.96,0
ID-006114,0.071,0,Low,Stable Value Seekers,3786.41,0
ID-000002,0.071,0,Low,Stable Value Seekers,3689.2,0
ID-003277,0.071,0,Low,Stable Value Seekers,5667.69,0
ID-006417,0.0709,0,Low,Stable Value Seekers,6567.47,0
ID-002589,0.0709,0,Low,Stable Value Seekers,3636.78,0
ID-002081,0.0709,0,Low,At-Risk New Customers,5231.41,0
ID-000052,0.0709,0,Low,At-Risk New Customers,4237.47,0
ID-000129,0.0709,0,Low,Stable Value Seekers,6543.86,0
ID-002281,0.0709,0,Low,At-Risk New Customers,4273.02,0
ID-000351,0.0709,0,Low,At-Risk New Customers,1819.12,0
ID-001181,0.0709,0,Low,Stable Value Seekers,4151.32,1
ID-004233,0.0708,0,Low,High Value Loyalists,2822.52,0
ID-003097,0.0708,0,Low,Stable Value Seekers,5253.78,0
ID-005002,0.0708,0,Low,At-Risk New Customers,1185.02,0
ID-000981,0.0708,0,Low,High Value Loyalists,6715.42,0
ID-003388,0.0708,0,Low,At-Risk New Customers,4661.72,0
ID-000154,0.0707,0,Low,Stable Value Seekers,3270.81,0
ID-001044,0.0707,0,Low,At-Risk New Customers,6114.5,1
ID-003884,0.0707,0,Low,Stable Value Seekers,7384.02,0
ID-004965,0.0706,0,Low,At-Risk New Customers,4949.56,0
ID-003475,0.0705,0,Low,At-Risk New Customers,5507.4,0
ID-005153,0.0705,0,Low,High Value Loyalists,3778.98,0
ID-003669,0.0705,0,Low,Stable Value Seekers,6583.91,0
ID-002362,0.0705,0,Low,High Value Loyalists,3959.33,0
ID-006876,0.0705,0,Low,At-Risk New Customers,2381.82,0
ID-001362,0.0705,0,Low,Stable Value Seekers,2712.32,0
ID-004750,0.0705,0,Low,Stable Value Seekers,5226.7,0
ID-002801,0.0704,0,Low,High Value Loyalists,2065.3,0
ID-006735,0.0704,0,Low,Stable Value Seekers,6045.1,0
ID-004849,0.0704,0,Low,At-Risk New Customers,3867.63,0
ID-001055,0.0704,0,Low,Stable Value Seekers,6027.87,0
ID-003837,0.0703,0,Low,Stable Value Seekers,1876.59,1
ID-002609,0.0703,0,Low,Stable Value Seekers,4240.29,0
ID-006466,0.0703,0,Low,Stable Value Seekers,3701.31,0
ID-003685,0.0703,0,Low,High Value Loyalists,1861.31,0
ID-000113,0.0703,0,Low,Stable Value Seekers,4162.03,0
ID-000264,0.0703,0,Low,At-Risk New Customers,1305.4,0
ID-005769,0.0703,0,Low,At-Risk New Customers,3034.55,0
ID-000322,0.0702,0,Low,High Value Loyalists,7111.2,0
ID-004871,0.0702,0,Low,Stable Value Seekers,5274.07,0
ID-002502,0.0702,0,Low,Stable Value Seekers,4785.63,0
ID-006326,0.0702,0,Low,Stable Value Seekers,5677.84,0
ID-001962,0.0702,0,Low,At-Risk New Customers,2803.14,0
ID-004062,0.0702,0,Low,At-Risk New Customers,3953.79,0
ID-001033,0.0701,0,Low,Stable Value Seekers,7552.19,0
ID-003399,0.0701,0,Low,High Value Loyalists,4276.62,0
ID-002982,0.0701,0,Low,Stable Value Seekers,4856.69,0
ID-001491,0.0701,0,Low,Stable Value Seekers,4748.71,0
ID-006811,0.0701,0,Low,Stable Value Seekers,5392.29,0
ID-000217,0.0701,0,Low,At-Risk New Customers,1249.66,0
ID-003723,0.07,0,Low,At-Risk New Customers,2470.37,1
ID-003111,0.07,0,Low,At-Risk New Customers,5207.26,0
ID-002588,0.07,0,Low,Stable Value Seekers,5292.12,0
ID-002125,0.07,0,Low,At-Risk New Customers,3564.03,1
ID-004606,0.07,0,Low,High Value Loyalists,3277.08,0
ID-000983,0.07,0,Low,Stable Value Seekers,6682.67,0
ID-002863,0.0699,0,Low,At-Risk New Customers,5422.95,0
ID-006381,0.0699,0,Low,Stable Value Seekers,6277.2,0
ID-001959,0.0699,0,Low,At-Risk New Customers,1876.59,0
ID-002109,0.0699,0,Low,At-Risk New Customers,4022.52,0
ID-001014,0.0699,0,Low,High Value Loyalists,4660.93,0
ID-003336,0.0699,0,Low,At-Risk New Customers,4601.75,0
ID-000762,0.0698,0,Low,High Value Loyalists,6220.48,0
ID-002194,0.0698,0,Low,High Value Loyalists,2806.53,0
ID-006810,0.0698,0,Low,High Value Loyalists,3925.41,0
ID-000806,0.0697,0,Low,At-Risk New Customers,4223.99,0
ID-003265,0.0697,0,Low,Stable Value Seekers,3475.66,0
ID-004580,0.0697,0,Low,High Value Loyalists,1472.03,0
ID-002738,0.0697,0,Low,At-Risk New Customers,3488.0,0
ID-002680,0.0697,0,Low,Stable Value Seekers,6776.45,1
ID-000184,0.0697,0,Low,High Value Loyalists,1465.52,0
ID-000711,0.0696,0,Low,Stable Value Seekers,7108.53,0
ID-004002,0.0696,0,Low,Stable Value Seekers,3006.24,0
ID-000227,0.0696,0,Low,Stable Value Seekers,2862.27,0
ID-000721,0.0696,0,Low,At-Risk New Customers,5636.42,0
ID-000241,0.0696,0,Low,High Value Loyalists,2468.35,1
ID-005316,0.0695,0,Low,Stable Value Seekers,4101.03,0
ID-003780,0.0695,0,Low,At-Risk New Customers,6416.37,0
ID-004989,0.0695,0,Low,High Value Loyalists,2005.46,0
ID-006199,0.0695,0,Low,At-Risk New Customers,2361.85,0
ID-003614,0.0695,0,Low,At-Risk New Customers,5036.01,0
ID-002181,0.0695,0,Low,At-Risk New Customers,3926.22,0
ID-001156,0.0695,0,Low,At-Risk New Customers,1569.87,0
ID-001436,0.0694,0,Low,High Value Loyalists,3903.61,0
ID-002514,0.0694,0,Low,Stable Value Seekers,5676.07,0
ID-002674,0.0694,0,Low,High Value Loyalists,5026.58,0
ID-002465,0.0694,0,Low,At-Risk New Customers,2837.21,0
ID-001871,0.0693,0,Low,Stable Value Seekers,1299.1,1
ID-003954,0.0693,0,Low,High Value Loyalists,4286.56,0
ID-001204,0.0693,0,Low,At-Risk New Customers,3234.95,0
ID-006455,0.0693,0,Low,Stable Value Seekers,2391.58,0
ID-002177,0.0693,0,Low,At-Risk New Customers,2009.45,0
ID-003814,0.0693,0,Low,At-Risk New Customers,2633.02,0
ID-003155,0.0693,0,Low,Stable Value Seekers,5502.64,0
ID-006867,0.0692,0,Low,Stable Value Seekers,2474.42,0
ID-004879,0.0692,0,Low,High Value Loyalists,3182.28,0
ID-003594,0.0692,0,Low,At-Risk New Customers,2760.96,0
ID-003046,0.0692,0,Low,At-Risk New Customers,1057.47,0
ID-005189,0.0691,0,Low,Stable Value Seekers,2137.47,0
ID-002422,0.0691,0,Low,At-Risk New Customers,4440.2,0
ID-001609,0.0691,0,Low,High Value Loyalists,4515.68,0
ID-006034,0.0691,0,Low,Stable Value Seekers,4179.04,0
ID-000666,0.0691,0,Low,High Value Loyalists,4819.64,0
ID-004095,0.0691,0,Low,At-Risk New Customers,3777.89,0
ID-002558,0.0691,0,Low,At-Risk New Customers,2229.53,0
ID-002187,0.0691,0,Low,At-Risk New Customers,4231.88,0
ID-005014,0.0689,0,Low,Stable Value Seekers,2302.37,0
ID-004411,0.0689,0,Low,Stable Value Seekers,7084.77,0
ID-006433,0.0689,0,Low,At-Risk New Customers,2426.24,0
ID-006405,0.0689,0,Low,Stable Value Seekers,2366.1,0
ID-006413,0.0688,0,Low,High Value Loyalists,4350.46,0
ID-002508,0.0688,0,Low,Stable Value Seekers,2562.01,0
ID-001397,0.0688,0,Low,At-Risk New Customers,6134.67,0
ID-005409,0.0688,0,Low,At-Risk New Customers,2320.55,0
ID-004317,0.0688,0,Low,At-Risk New Customers,3909.03,1
ID-001249,0.0688,0,Low,At-Risk New Customers,4266.32,0
ID-002563,0.0687,0,Low,At-Risk New Customers,4049.65,0
ID-006006,0.0687,0,Low,Stable Value Seekers,1273.96,0
ID-007022,0.0687,0,Low,Stable Value Seekers,5318.0,0
ID-001556,0.0687,0,Low,Stable Value Seekers,3309.97,0
ID-002793,0.0687,0,Low,At-Risk New Customers,2389.63,0
ID-002119,0.0686,0,Low,At-Risk New Customers,5275.85,0
ID-004628,0.0686,0,Low,Stable Value Seekers,1301.68,0
ID-003666,0.0686,0,Low,At-Risk New Customers,6537.0,0
ID-003981,0.0686,0,Low,Stable Value Seekers,7483.85,0
ID-002048,0.0685,0,Low,At-Risk New Customers,2697.21,0
ID-003618,0.0685,0,Low,At-Risk New Customers,5196.95,0
ID-004986,0.0685,0,Low,At-Risk New Customers,1462.1,0
ID-000267,0.0685,0,Low,At-Risk New Customers,4724.71,0
ID-004653,0.0685,0,Low,Stable Value Seekers,2876.72,0
ID-002925,0.0685,0,Low,Stable Value Seekers,5338.88,0
ID-000465,0.0685,0,Low,Stable Value Seekers,5980.49,0
ID-001512,0.0684,0,Low,High Value Loyalists,5445.38,0
ID-002273,0.0684,0,Low,High Value Loyalists,2922.77,0
ID-005922,0.0684,0,Low,Stable Value Seekers,6660.18,0
ID-001555,0.0684,0,Low,High Value Loyalists,3374.52,0
ID-005916,0.0683,0,Low,Stable Value Seekers,5172.02,0
ID-003320,0.0683,0,Low,Stable Value Seekers,3876.03,0
ID-000198,0.0683,0,Low,At-Risk New Customers,3217.47,0
ID-006760,0.0683,0,Low,Stable Value Seekers,1975.04,0
ID-003492,0.0683,0,Low,At-Risk New Customers,2615.66,0
ID-004533,0.0682,0,Low,Stable Value Seekers,2282.29,0
ID-004255,0.0682,0,Low,Stable Value Seekers,1952.2,0
ID-002320,0.0682,0,Low,High Value Loyalists,4742.42,0
ID-000570,0.0682,0,Low,Stable Value Seekers,6622.56,0
ID-005869,0.0682,0,Low,High Value Loyalists,2378.86,0
ID-005848,0.0682,0,Low,At-Risk New Customers,1179.07,0
ID-006636,0.0682,0,Low,Stable Value Seekers,6142.84,0
ID-006447,0.0681,0,Low,At-Risk New Customers,3964.2,0
ID-001334,0.0681,0,Low,At-Risk New Customers,3023.18,0
ID-000469,0.0681,0,Low,At-Risk New Customers,2840.34,0
ID-004562,0.0681,0,Low,Stable Value Seekers,6393.96,1
ID-000680,0.0681,0,Low,Stable Value Seekers,6026.79,0
ID-006108,0.0681,0,Low,At-Risk New Customers,3756.59,1
ID-000844,0.0681,0,Low,Stable Value Seekers,7605.06,0
ID-000713,0.0681,0,Low,Stable Value Seekers,6009.03,0
ID-005890,0.068,0,Low,At-Risk New Customers,1871.0,0
ID-004693,0.068,0,Low,High Value Loyalists,2081.28,0
ID-006048,0.0679,0,Low,High Value Loyalists,4577.77,0
ID-003052,0.0679,0,Low,Stable Value Seekers,5609.66,0
ID-003758,0.0678,0,Low,Stable Value Seekers,1990.42,0
ID-003497,0.0678,0,Low,At-Risk New Customers,1961.18,0
ID-006881,0.0678,0,Low,Stable Value Seekers,6229.23,0
ID-002482,0.0678,0,Low,Stable Value Seekers,5591.29,0
ID-003728,0.0678,0,Low,At-Risk New Customers,1992.54,0
ID-002723,0.0678,0,Low,Stable Value Seekers,2271.97,0
ID-003245,0.0678,0,Low,At-Risk New Customers,6945.23,0
ID-004581,0.0677,0,Low,At-Risk New Customers,1959.35,0
ID-000858,0.0677,0,Low,High Value Loyalists,4317.09,0
ID-002441,0.0677,0,Low,High Value Loyalists,1689.6,0
ID-005624,0.0676,0,Low,At-Risk New Customers,5515.99,0
ID-006532,0.0676,0,Low,At-Risk New Customers,6636.39,0
ID-006127,0.0676,0,Low,Stable Value Seekers,5060.14,0
ID-003378,0.0675,0,Low,Stable Value Seekers,2308.52,0
ID-006017,0.0675,0,Low,At-Risk New Customers,3310.8,0
ID-001503,0.0675,0,Low,Stable Value Seekers,2691.68,0
ID-002339,0.0675,0,Low,At-Risk New Customers,1750.57,0
ID-005004,0.0675,0,Low,Stable Value Seekers,7543.16,0
ID-001195,0.0675,0,Low,Stable Value Seekers,5712.23,0
ID-005392,0.0674,0,Low,Stable Value Seekers,5800.36,0
ID-006644,0.0674,0,Low,At-Risk New Customers,4540.98,1
ID-003906,0.0674,0,Low,At-Risk New Customers,4423.56,0
ID-001129,0.0673,0,Low,Stable Value Seekers,5276.61,0
ID-000382,0.0673,0,Low,At-Risk New Customers,1942.44,0
ID-003356,0.0673,0,Low,High Value Loyalists,6115.46,0
ID-001784,0.0673,0,Low,Stable Value Seekers,3601.38,0
ID-004692,0.0673,0,Low,Stable Value Seekers,5444.59,0
ID-000922,0.0673,0,Low,High Value Loyalists,3183.57,0
ID-002543,0.0673,0,Low,At-Risk New Customers,2296.84,1
ID-004240,0.0673,0,Low,High Value Loyalists,1478.32,0
ID-004089,0.0673,0,Low,At-Risk New Customers,5091.49,0
ID-003448,0.0673,0,Low,Stable Value Seekers,6232.14,0
ID-006300,0.0672,0,Low,High Value Loyalists,2979.68,0
ID-004942,0.0672,0,Low,At-Risk New Customers,6750.39,0
ID-006469,0.0672,0,Low,Stable Value Seekers,4518.81,0
ID-000966,0.0672,0,Low,At-Risk New Customers,2852.35,0
ID-005022,0.0672,0,Low,At-Risk New Customers,6910.16,0
ID-005606,0.0672,0,Low,Stable Value Seekers,6384.61,0
ID-002693,0.0672,0,Low,Stable Value Seekers,1729.54,0
ID-001526,0.0671,0,Low,Stable Value Seekers,1577.62,0
ID-001231,0.0671,0,Low,Stable Value Seekers,5205.1,0
ID-000206,0.0671,0,Low,High Value Loyalists,1292.74,0
ID-001124,0.0671,0,Low,Stable Value Seekers,4161.12,0
ID-000870,0.0671,0,Low,Stable Value Seekers,1356.07,0
ID-006348,0.0671,0,Low,High Value Loyalists,6727.3,0
ID-001712,0.0671,0,Low,Stable Value Seekers,6008.21,0
ID-005716,0.067,0,Low,Stable Value Seekers,4991.43,0
ID-006816,0.067,0,Low,At-Risk New Customers,5372.47,0
ID-000139,0.067,0,Low,At-Risk New Customers,3502.57,0
ID-003302,0.067,0,Low,Stable Value Seekers,6015.56,0
ID-006025,0.0669,0,Low,High Value Loyalists,2405.56,0
ID-002456,0.0669,0,Low,Stable Value Seekers,3276.44,0
ID-000292,0.0669,0,Low,High Value Loyalists,1565.79,1
ID-002216,0.0669,0,Low,At-Risk New Customers,1970.65,0
ID-006149,0.0668,0,Low,Stable Value Seekers,5114.52,0
ID-005380,0.0668,0,Low,High Value Loyalists,2638.84,0
ID-004400,0.0667,0,Low,At-Risk New Customers,3729.46,0
ID-005195,0.0667,0,Low,At-Risk New Customers,2015.21,0
ID-004420,0.0667,0,Low,Stable Value Seekers,1710.43,0
ID-001651,0.0667,0,Low,At-Risk New Customers,2347.28,0
ID-000900,0.0667,0,Low,Stable Value Seekers,6410.16,0
ID-006558,0.0667,0,Low,High Value Loyalists,3345.73,0
ID-005894,0.0666,0,Low,At-Risk New Customers,4317.31,0
ID-001151,0.0665,0,Low,At-Risk New Customers,1096.36,0
ID-004802,0.0665,0,Low,At-Risk New Customers,2413.73,0
ID-005276,0.0665,0,Low,At-Risk New Customers,2463.07,0
ID-004534,0.0665,0,Low,At-Risk New Customers,4529.71,0
ID-002171,0.0664,0,Low,Stable Value Seekers,5502.73,0
ID-005791,0.0664,0,Low,Stable Value Seekers,3588.91,0
ID-005420,0.0664,0,Low,Stable Value Seekers,4821.18,0
ID-003404,0.0664,0,Low,Stable Value Seekers,5876.72,0
ID-004705,0.0664,0,Low,At-Risk New Customers,2990.94,0
ID-002104,0.0664,0,Low,Stable Value Seekers,4457.68,0
ID-002179,0.0664,0,Low,Stable Value Seekers,2876.72,1
ID-002464,0.0664,0,Low,At-Risk New Customers,1893.56,0
ID-000151,0.0664,0,Low,Stable Value Seekers,5415.89,1
ID-000243,0.0664,0,Low,Stable Value Seekers,1552.96,0
ID-001616,0.0664,0,Low,High Value Loyalists,4151.96,0
ID-006768,0.0663,0,Low,At-Risk New Customers,5898.18,0
ID-001574,0.0663,0,Low,At-Risk New Customers,2989.73,0
ID-006847,0.0663,0,Low,Stable Value Seekers,5682.08,0
ID-001848,0.0663,0,Low,At-Risk New Customers,5684.89,0
ID-005339,0.0663,0,Low,High Value Loyalists,1998.62,0
ID-003864,0.0662,0,Low,High Value Loyalists,1272.34,0
ID-005613,0.0662,0,Low,Stable Value Seekers,7336.21,0
ID-004855,0.0662,0,Low,At-Risk New Customers,4421.38,0
ID-000144,0.0662,0,Low,High Value Loyalists,3798.66,0
ID-006185,0.0662,0,Low,At-Risk New Customers,2043.98,0
ID-005061,0.0662,0,Low,High Value Loyalists,4133.98,0
ID-001318,0.0662,0,Low,At-Risk New Customers,1607.24,0
ID-007034,0.0661,0,Low,Stable Value Seekers,7381.07,0
ID-006776,0.0661,0,Low,Stable Value Seekers,4357.39,0
ID-003566,0.0661,0,Low,Stable Value Seekers,2603.36,0
ID-006053,0.0661,0,Low,At-Risk New Customers,4005.17,0
ID-004251,0.0661,0,Low,Stable Value Seekers,6587.92,0
ID-001854,0.066,0,Low,At-Risk New Customers,1628.08,0
ID-006964,0.066,0,Low,At-Risk New Customers,2459.45,0
ID-004114,0.066,0,Low,At-Risk New Customers,6024.12,0
ID-006912,0.066,0,Low,At-Risk New Customers,5255.38,0
ID-002650,0.066,0,Low,High Value Loyalists,4326.07,0
ID-004160,0.066,0,Low,Stable Value Seekers,4623.49,0
ID-005607,0.066,0,Low,Stable Value Seekers,6903.61,0
ID-004792,0.066,0,Low,At-Risk New Customers,4930.97,0
ID-001711,0.066,0,Low,At-Risk New Customers,5430.36,0
ID-003373,0.0659,0,Low,At-Risk New Customers,2349.22,0
ID-000998,0.0659,0,Low,At-Risk New Customers,1477.97,0
ID-004876,0.0658,0,Low,At-Risk New Customers,4634.59,1
ID-004112,0.0658,0,Low,High Value Loyalists,2412.18,0
ID-001941,0.0657,0,Low,Stable Value Seekers,3659.4,0
ID-004368,0.0657,0,Low,High Value Loyalists,3624.15,0
ID-006747,0.0657,0,Low,Stable Value Seekers,5875.54,0
ID-004904,0.0657,0,Low,At-Risk New Customers,1628.64,0
ID-000088,0.0656,0,Low,At-Risk New Customers,1484.59,0
ID-001347,0.0656,0,Low,Stable Value Seekers,6345.97,0
ID-003881,0.0655,0,Low,At-Risk New Customers,3013.01,0
ID-004716,0.0655,0,Low,Stable Value Seekers,5618.04,0
ID-001209,0.0655,0,Low,Stable Value Seekers,4301.37,0
ID-006883,0.0655,0,Low,At-Risk New Customers,1647.57,0
ID-006091,0.0655,0,Low,At-Risk New Customers,3381.21,0
ID-001444,0.0655,0,Low,High Value Loyalists,2256.37,0
ID-004545,0.0654,0,Low,Stable Value Seekers,5827.58,0
ID-001184,0.0654,0,Low,Stable Value Seekers,7396.17,0
ID-000585,0.0654,0,Low,Stable Value Seekers,4196.46,0
ID-003969,0.0654,0,Low,Stable Value Seekers,2021.18,0
ID-003090,0.0653,0,Low,Stable Value Seekers,5037.89,0
ID-001185,0.0653,0,Low,At-Risk New Customers,2260.03,0
ID-003015,0.0652,0,Low,High Value Loyalists,3054.59,0
ID-005169,0.0652,0,Low,At-Risk New Customers,4501.03,0
ID-001038,0.0652,0,Low,Stable Value Seekers,1432.39,0
ID-004177,0.0652,0,Low,At-Risk New Customers,3384.02,0
ID-001736,0.0652,0,Low,At-Risk New Customers,1743.15,0
ID-000960,0.0652,0,Low,At-Risk New Customers,1866.87,0
ID-004676,0.0652,0,Low,At-Risk New Customers,1708.72,0
ID-001494,0.0652,0,Low,High Value Loyalists,6672.84,0
ID-005909,0.0651,0,Low,Stable Value Seekers,6764.35,1
ID-002823,0.0651,0,Low,High Value Loyalists,1240.43,0
ID-000085,0.0651,0,Low,At-Risk New Customers,5432.08,0
ID-000909,0.0651,0,Low,At-Risk New Customers,1260.77,0
ID-003842,0.0651,0,Low,At-Risk New Customers,1735.3,0
ID-004202,0.0651,0,Low,At-Risk New Customers,3069.0,0
ID-003481,0.065,0,Low,High Value Loyalists,4305.58,0
ID-005981,0.065,0,Low,Stable Value Seekers,5623.86,0
ID-004739,0.065,0,Low,Stable Value Seekers,3030.8,0
ID-006275,0.065,0,Low,High Value Loyalists,1629.46,0
ID-001991,0.0649,0,Low,At-Risk New Customers,2953.17,0
ID-006616,0.0649,0,Low,At-Risk New Customers,1426.21,0
ID-000843,0.0649,0,Low,At-Risk New Customers,3839.48,0
ID-000259,0.0649,0,Low,Stable Value Seekers,4909.3,1
ID-003215,0.0649,0,Low,Stable Value Seekers,5495.07,0
ID-000675,0.0649,0,Low,Stable Value Seekers,3474.45,0
ID-001034,0.0649,0,Low,At-Risk New Customers,3887.53,0
ID-005176,0.0649,0,Low,High Value Loyalists,1491.68,0
ID-001371,0.0649,0,Low,High Value Loyalists,3516.81,0
ID-001630,0.0649,0,Low,At-Risk New Customers,4902.61,0
ID-002323,0.0648,0,Low,At-Risk New Customers,3891.18,0
ID-005322,0.0648,0,Low,Stable Value Seekers,3513.23,0
ID-000926,0.0648,0,Low,At-Risk New Customers,4725.77,0
ID-005115,0.0648,0,Low,Stable Value Seekers,6018.71,0
ID-005197,0.0648,0,Low,Stable Value Seekers,3452.93,0
ID-005482,0.0648,0,Low,Stable Value Seekers,1446.74,0
ID-002390,0.0647,0,Low,Stable Value Seekers,5802.06,0
ID-005249,0.0647,0,Low,Stable Value Seekers,2926.26,0
ID-005432,0.0647,0,Low,At-Risk New Customers,2117.5,0
ID-006339,0.0647,0,Low,At-Risk New Customers,3496.36,0
ID-005007,0.0647,0,Low,Stable Value Seekers,6748.39,0
ID-003444,0.0646,0,Low,At-Risk New Customers,1337.61,1
ID-001530,0.0646,0,Low,At-Risk New Customers,5824.83,0
ID-002450,0.0646,0,Low,Stable Value Seekers,6529.67,0
ID-003381,0.0645,0,Low,Stable Value Seekers,5542.84,0
ID-002576,0.0645,0,Low,At-Risk New Customers,1614.48,0
ID-002725,0.0645,0,Low,High Value Loyalists,5079.81,0
ID-001776,0.0645,0,Low,At-Risk New Customers,1751.7,0
ID-002716,0.0645,0,Low,Stable Value Seekers,2590.93,0
ID-005627,0.0645,0,Low,High Value Loyalists,3638.64,0
ID-001250,0.0645,0,Low,Stable Value Seekers,3761.8,0
ID-002478,0.0644,0,Low,Stable Value Seekers,5204.6,0
ID-002603,0.0644,0,Low,At-Risk New Customers,4664.55,0
ID-005498,0.0644,0,Low,Stable Value Seekers,1446.74,0
ID-001757,0.0643,0,Low,Stable Value Seekers,4006.07,1
ID-003164,0.0643,0,Low,Stable Value Seekers,6480.67,0
ID-003266,0.0643,0,Low,At-Risk New Customers,6590.92,0
ID-000880,0.0643,0,Low,Stable Value Seekers,4164.19,0
ID-005788,0.0643,0,Low,Stable Value Seekers,5711.68,0
ID-005387,0.0642,0,Low,At-Risk New Customers,4632.63,0
ID-004357,0.0642,0,Low,At-Risk New Customers,1328.61,0
ID-000486,0.0642,0,Low,At-Risk New Customers,5422.44,0
ID-002847,0.0642,0,Low,At-Risk New Customers,1977.56,0
ID-006146,0.0641,0,Low,At-Risk New Customers,5119.1,0
ID-003055,0.0641,0,Low,Stable Value Seekers,5163.52,0
ID-005692,0.0641,0,Low,At-Risk New Customers,2118.03,1
ID-005932,0.0641,0,Low,Stable Value Seekers,3616.8,0
ID-003460,0.0641,0,Low,Stable Value Seekers,5366.45,0
ID-004808,0.0641,0,Low,At-Risk New Customers,1553.54,0
ID-004760,0.0641,0,Low,Stable Value Seekers,6131.88,0
ID-006573,0.064,0,Low,At-Risk New Customers,3529.84,0
ID-006665,0.064,0,Low,Stable Value Seekers,2583.44,0
ID-006208,0.064,0,Low,At-Risk New Customers,1249.66,0
ID-001103,0.064,0,Low,Stable Value Seekers,2396.4,0
ID-004992,0.064,0,Low,Stable Value Seekers,6208.9,0
ID-006242,0.0639,0,Low,Stable Value Seekers,4634.21,0
ID-006909,0.0639,0,Low,High Value Loyalists,3262.79,0
ID-006079,0.0639,0,Low,Stable Value Seekers,7399.46,0
ID-002369,0.0639,0,Low,At-Risk New Customers,2653.07,0
ID-003078,0.0639,0,Low,Stable Value Seekers,7436.2,0
ID-006508,0.0639,0,Low,At-Risk New Customers,2020.08,0
ID-001798,0.0639,0,Low,At-Risk New Customers,2501.97,0
ID-004418,0.0639,0,Low,Stable Value Seekers,6553.53,0
ID-002911,0.0639,0,Low,At-Risk New Customers,1976.46,0
ID-004512,0.0639,0,Low,At-Risk New Customers,4652.11,1
ID-000481,0.0638,0,Low,At-Risk New Customers,6480.4,0
ID-005910,0.0638,0,Low,Stable Value Seekers,7646.09,0
ID-000543,0.0638,0,Low,Stable Value Seekers,5560.37,0
ID-004970,0.0638,0,Low,At-Risk New Customers,2283.5,0
ID-001581,0.0638,0,Low,Stable Value Seekers,7513.51,0
ID-001713,0.0638,0,Low,Stable Value Seekers,1136.01,0
ID-006740,0.0638,0,Low,Stable Value Seekers,4544.59,0
ID-005696,0.0638,0,Low,Stable Value Seekers,6058.26,0
ID-003179,0.0638,0,Low,At-Risk New Customers,1458.95,0
ID-000901,0.0637,0,Low,At-Risk New Customers,1366.02,0
ID-006538,0.0637,0,Low,High Value Loyalists,5939.47,0
ID-002632,0.0637,0,Low,At-Risk New Customers,5140.02,0
ID-003167,0.0637,0,Low,At-Risk New Customers,3000.8,0
ID-000054,0.0637,0,Low,At-Risk New Customers,1301.68,0
ID-001923,0.0637,0,Low,At-Risk New Customers,1569.9,0
ID-003964,0.0637,0,Low,At-Risk New Customers,1602.19,0
ID-001769,0.0636,0,Low,Stable Value Seekers,5667.04,0
ID-003295,0.0636,0,Low,Stable Value Seekers,2262.99,0
ID-003263,0.0636,0,Low,Stable Value Seekers,6932.91,0
ID-007039,0.0636,0,Low,At-Risk New Customers,5939.35,0
ID-005403,0.0636,0,Low,Stable Value Seekers,4868.07,0
ID-005181,0.0636,0,Low,High Value Loyalists,5202.33,0
ID-001593,0.0635,0,Low,At-Risk New Customers,5834.22,0
ID-004868,0.0635,0,Low,High Value Loyalists,2824.67,0
ID-000815,0.0635,0,Low,High Value Loyalists,4571.67,0
ID-001790,0.0635,0,Low,Stable Value Seekers,3887.32,0
ID-001372,0.0635,0,Low,Stable Value Seekers,6949.99,0
ID-004758,0.0634,0,Low,High Value Loyalists,2381.42,0
ID-005861,0.0634,0,Low,At-Risk New Customers,1476.95,1
ID-006258,0.0634,0,Low,Stable Value Seekers,2347.9,0
ID-006306,0.0634,0,Low,At-Risk New Customers,5233.8,0
ID-003931,0.0634,0,Low,Stable Value Seekers,5855.59,0
ID-006625,0.0634,0,Low,Stable Value Seekers,4403.4,0
ID-001704,0.0633,0,Low,Stable Value Seekers,7262.15,0
ID-001937,0.0633,0,Low,At-Risk New Customers,2025.12,0
ID-004093,0.0633,0,Low,At-Risk New Customers,4863.15,0
ID-004381,0.0633,0,Low,Stable Value Seekers,1342.94,0
ID-005465,0.0633,0,Low,Stable Value Seekers,5554.72,0
ID-002874,0.0632,0,Low,At-Risk New Customers,2585.31,0
ID-003905,0.0632,0,Low,Stable Value Seekers,6337.59,0
ID-000123,0.0632,0,Low,At-Risk New Customers,1160.74,0
ID-006209,0.0632,0,Low,High Value Loyalists,1237.42,0
ID-005670,0.0632,0,Low,Stable Value Seekers,1117.96,0
ID-000048,0.0632,0,Low,Stable Value Seekers,6703.01,0
ID-000311,0.0632,0,Low,Stable Value Seekers,3474.47,0
ID-006770,0.0632,0,Low,Stable Value Seekers,7455.72,0
ID-006569,0.0631,0,Low,Stable Value Seekers,4372.16,0
ID-005027,0.0631,0,Low,Stable Value Seekers,4551.82,0
ID-005494,0.0631,0,Low,At-Risk New Customers,5969.92,0
ID-005442,0.063,0,Low,High Value Loyalists,2512.23,0
ID-004507,0.0629,0,Low,At-Risk New Customers,4558.61,0
ID-001339,0.0629,0,Low,At-Risk New Customers,3432.78,0
ID-006218,0.0629,0,Low,At-Risk New Customers,2386.04,0
ID-004278,0.0628,0,Low,Stable Value Seekers,6575.23,0
ID-001269,0.0628,0,Low,Stable Value Seekers,3211.88,0
ID-004365,0.0628,0,Low,Stable Value Seekers,5059.94,1
ID-005572,0.0628,0,Low,Stable Value Seekers,1784.57,0
ID-003198,0.0628,0,Low,At-Risk New Customers,3089.32,0
ID-001085,0.0628,0,Low,High Value Loyalists,3212.86,0
ID-004587,0.0627,0,Low,Stable Value Seekers,4647.75,0
ID-002639,0.0627,0,Low,At-Risk New Customers,5159.25,0
ID-004180,0.0627,0,Low,Stable Value Seekers,1805.43,0
ID-002303,0.0626,0,Low,At-Risk New Customers,6773.71,0
ID-001698,0.0626,0,Low,Stable Value Seekers,1993.5,0
ID-006716,0.0626,0,Low,Stable Value Seekers,3307.78,0
ID-006393,0.0626,0,Low,Stable Value Seekers,6480.3,0
ID-003929,0.0626,0,Low,Stable Value Seekers,2038.59,0
ID-006865,0.0625,0,Low,Stable Value Seekers,6443.92,0
ID-000380,0.0625,0,Low,Stable Value Seekers,6979.61,0
ID-006886,0.0625,0,Low,At-Risk New Customers,6569.67,0
ID-003284,0.0625,0,Low,At-Risk New Customers,3570.54,0
ID-003469,0.0625,0,Low,High Value Loyalists,5842.81,0
ID-006723,0.0625,0,Low,At-Risk New Customers,1090.17,0
ID-002637,0.0624,0,Low,At-Risk New Customers,1380.13,0
ID-001725,0.0624,0,Low,At-Risk New Customers,3991.43,0
ID-006896,0.0624,0,Low,High Value Loyalists,4287.85,0
ID-000036,0.0624,0,Low,At-Risk New Customers,3117.97,0
ID-006884,0.0624,0,Low,Stable Value Seekers,2168.18,0
ID-002736,0.0624,0,Low,Stable Value Seekers,3173.55,0
ID-004034,0.0622,0,Low,Stable Value Seekers,4249.72,0
ID-004017,0.0622,0,Low,At-Risk New Customers,4274.94,0
ID-001766,0.0622,0,Low,At-Risk New Customers,1435.18,0
ID-005464,0.0622,0,Low,At-Risk New Customers,1550.29,0
ID-000645,0.0622,0,Low,At-Risk New Customers,2789.23,0
ID-004737,0.0622,0,Low,At-Risk New Customers,4516.61,0
ID-004723,0.0621,0,Low,Stable Value Seekers,1510.86,0
ID-004461,0.0621,0,Low,Stable Value Seekers,5066.17,0
ID-006617,0.0621,0,Low,At-Risk New Customers,5724.31,0
ID-006346,0.0621,0,Low,At-Risk New Customers,4359.82,0
ID-005194,0.0621,0,Low,At-Risk New Customers,4485.37,0
ID-000657,0.0621,0,Low,High Value Loyalists,1575.5,0
ID-006679,0.062,0,Low,At-Risk New Customers,5092.94,0
ID-003536,0.062,0,Low,At-Risk New Customers,4846.54,0
ID-006714,0.062,0,Low,Stable Value Seekers,4388.92,1
ID-000662,0.062,0,Low,High Value Loyalists,2708.7,0
ID-004718,0.062,0,Low,At-Risk New Customers,6247.26,0
ID-005024,0.062,0,Low,High Value Loyalists,1368.06,0
ID-006890,0.0619,0,Low,Stable Value Seekers,3079.16,0
ID-001162,0.0619,0,Low,Stable Value Seekers,4010.77,0
ID-000389,0.0619,0,Low,At-Risk New Customers,4383.41,0
ID-001834,0.0619,0,Low,Stable Value Seekers,5816.48,0
ID-001656,0.0618,0,Low,High Value Loyalists,6858.91,0
ID-006910,0.0617,0,Low,Stable Value Seekers,4053.55,0
ID-001022,0.0617,0,Low,High Value Loyalists,5470.62,0
ID-003004,0.0617,0,Low,Stable Value Seekers,5641.71,0
ID-003521,0.0617,0,Low,Stable Value Seekers,4180.98,0
ID-003541,0.0616,0,Low,At-Risk New Customers,5584.08,0
ID-006473,0.0616,0,Low,At-Risk New Customers,2589.7,0
ID-006629,0.0616,0,Low,Stable Value Seekers,6284.67,0
ID-002470,0.0616,0,Low,At-Risk New Customers,6394.31,0
ID-005213,0.0616,0,Low,At-Risk New Customers,1834.86,0
ID-006752,0.0616,0,Low,At-Risk New Customers,1189.74,0
ID-006001,0.0616,0,Low,At-Risk New Customers,3060.71,0
ID-003351,0.0615,0,Low,Stable Value Seekers,7196.01,0
ID-006140,0.0615,0,Low,Stable Value Seekers,7017.08,0
ID-004987,0.0615,0,Low,Stable Value Seekers,1918.43,0
ID-005789,0.0615,0,Low,At-Risk New Customers,4418.98,0
ID-003322,0.0615,0,Low,At-Risk New Customers,3319.42,0
ID-001516,0.0615,0,Low,At-Risk New Customers,4865.66,0
ID-005020,0.0615,0,Low,Stable Value Seekers,5870.77,1
ID-001272,0.0615,0,Low,At-Risk New Customers,2102.71,0
ID-005493,0.0614,0,Low,Stable Value Seekers,6620.58,0
ID-000638,0.0614,0,Low,Stable Value Seekers,7116.2,0
ID-006612,0.0614,0,Low,Stable Value Seekers,6960.91,0
ID-001719,0.0614,0,Low,At-Risk New Customers,3205.8,1
ID-005733,0.0614,0,Low,Stable Value Seekers,3896.81,0
ID-005139,0.0614,0,Low,Stable Value Seekers,2836.75,0
ID-001971,0.0613,0,Low,Stable Value Seekers,7199.53,0
ID-005963,0.0613,0,Low,At-Risk New Customers,1895.67,0
ID-006355,0.0613,0,Low,Stable Value Seekers,5260.87,0
ID-000895,0.0613,0,Low,Stable Value Seekers,3779.65,0
ID-006486,0.0613,0,Low,At-Risk New Customers,3724.89,0
ID-006128,0.0613,0,Low,Stable Value Seekers,2522.02,0
ID-005226,0.0612,0,Low,At-Risk New Customers,1832.92,0
ID-006580,0.0612,0,Low,At-Risk New Customers,4713.72,0
ID-002195,0.0612,0,Low,High Value Loyalists,5041.92,0
ID-002298,0.0612,0,Low,At-Risk New Customers,4690.12,0
ID-004225,0.0611,0,Low,At-Risk New Customers,4923.77,0
ID-005359,0.0611,0,Low,Stable Value Seekers,2138.31,0
ID-000735,0.0611,0,Low,Stable Value Seekers,5030.71,0
ID-002480,0.0611,0,Low,At-Risk New Customers,2630.44,1
ID-006563,0.0611,0,Low,Stable Value Seekers,4914.02,0
ID-006388,0.0611,0,Low,Stable Value Seekers,7313.24,0
ID-005328,0.0611,0,Low,At-Risk New Customers,1942.43,0
ID-000018,0.0611,0,Low,At-Risk New Customers,2048.42,0
ID-005449,0.061,0,Low,At-Risk New Customers,6273.27,0
ID-002596,0.061,0,Low,At-Risk New Customers,2175.6,0
ID-001680,0.061,0,Low,Stable Value Seekers,5563.95,0
ID-000274,0.061,0,Low,At-Risk New Customers,1337.61,0
ID-004506,0.0609,0,Low,At-Risk New Customers,2191.39,0
ID-006898,0.0609,0,Low,High Value Loyalists,1817.53,0
ID-002964,0.0609,0,Low,At-Risk New Customers,2989.88,0
ID-001708,0.0609,0,Low,At-Risk New Customers,1844.83,0
ID-001423,0.0608,0,Low,At-Risk New Customers,2131.41,0
ID-000153,0.0608,0,Low,At-Risk New Customers,1459.41,0
ID-005075,0.0608,0,Low,Stable Value Seekers,1336.41,0
ID-005108,0.0607,0,Low,Stable Value Seekers,6031.97,0
ID-002151,0.0607,0,Low,At-Risk New Customers,2202.08,0
ID-005639,0.0607,0,Low,Stable Value Seekers,3536.48,0
ID-003032,0.0606,0,Low,High Value Loyalists,7478.5,0
ID-006599,0.0606,0,Low,At-Risk New Customers,5339.86,0
ID-001067,0.0606,0,Low,Stable Value Seekers,5804.41,0
ID-004604,0.0606,0,Low,At-Risk New Customers,3093.61,0
ID-004682,0.0606,0,Low,Stable Value Seekers,7059.07,0
ID-003941,0.0606,0,Low,Stable Value Seekers,4732.75,0
ID-003880,0.0606,0,Low,Stable Value Seekers,5505.05,0
ID-005123,0.0605,0,Low,Stable Value Seekers,5598.41,0
ID-006215,0.0605,0,Low,At-Risk New Customers,1016.5,0
ID-001147,0.0605,0,Low,At-Risk New Customers,4754.27,1
ID-005790,0.0605,0,Low,Stable Value Seekers,6473.22,0
ID-001528,0.0604,0,Low,At-Risk New Customers,5193.19,0
ID-006278,0.0603,0,Low,Stable Value Seekers,7295.25,0
ID-003054,0.0603,0,Low,Stable Value Seekers,5081.57,0
ID-006023,0.0603,0,Low,Stable Value Seekers,1762.6,0
ID-003226,0.0603,0,Low,At-Risk New Customers,3005.47,0
ID-005544,0.0603,0,Low,At-Risk New Customers,1300.7,0
ID-003020,0.0603,0,Low,At-Risk New Customers,3730.93,0
ID-000908,0.0602,0,Low,Stable Value Seekers,4887.51,0
ID-000167,0.0602,0,Low,Stable Value Seekers,1408.98,0
ID-003932,0.0602,0,Low,Stable Value Seekers,7761.1,0
ID-001631,0.0602,0,Low,At-Risk New Customers,4831.16,0
ID-000744,0.0601,0,Low,Stable Value Seekers,7399.58,0
ID-001652,0.0601,0,Low,High Value Loyalists,5335.67,0
ID-005149,0.0601,0,Low,At-Risk New Customers,1138.26,0
ID-005923,0.0601,0,Low,Stable Value Seekers,6883.68,0
ID-006677,0.06,0,Low,Stable Value Seekers,5204.14,0
ID-004911,0.06,0,Low,Stable Value Seekers,4716.73,0
ID-001208,0.06,0,Low,Stable Value Seekers,5989.77,0
ID-005649,0.06,0,Low,At-Risk New Customers,2680.15,0
ID-003207,0.06,0,Low,At-Risk New Customers,2513.26,0
ID-004313,0.0599,0,Low,Stable Value Seekers,5069.06,0
ID-001458,0.0599,0,Low,Stable Value Seekers,6604.8,0
ID-000341,0.0599,0,Low,Stable Value Seekers,3459.46,0
ID-004925,0.0599,0,Low,Stable Value Seekers,6045.24,0
ID-005672,0.0599,0,Low,Stable Value Seekers,6023.52,0
ID-002249,0.0599,0,Low,High Value Loyalists,1258.39,1
ID-002225,0.0598,0,Low,High Value Loyalists,2500.93,0
ID-003989,0.0597,0,Low,Stable Value Seekers,6294.69,0
ID-006630,0.0597,0,Low,At-Risk New Customers,1606.58,0
ID-004629,0.0597,0,Low,Stable Value Seekers,1708.01,0
ID-005889,0.0597,0,Low,At-Risk New Customers,2299.05,0
ID-001322,0.0597,0,Low,At-Risk New Customers,1655.53,0
ID-001484,0.0596,0,Low,High Value Loyalists,3779.84,0
ID-000991,0.0596,0,Low,Stable Value Seekers,4440.23,0
ID-001753,0.0596,0,Low,High Value Loyalists,3907.79,0
ID-002024,0.0596,0,Low,At-Risk New Customers,2870.27,0
ID-001077,0.0596,0,Low,At-Risk New Customers,2645.08,0
ID-006947,0.0595,0,Low,At-Risk New Customers,6618.69,0
ID-006841,0.0595,0,Low,Stable Value Seekers,4347.87,0
ID-005058,0.0595,0,Low,At-Risk New Customers,2670.11,0
ID-004436,0.0595,0,Low,At-Risk New Customers,1788.0,0
ID-006669,0.0595,0,Low,Stable Value Seekers,6981.91,0
ID-003288,0.0594,0,Low,Stable Value Seekers,5685.78,0
ID-002255,0.0594,0,Low,At-Risk New Customers,1795.99,0
ID-005588,0.0593,0,Low,Stable Value Seekers,5512.96,0
ID-000312,0.0593,0,Low,High Value Loyalists,5179.64,0
ID-006915,0.0592,0,Low,At-Risk New Customers,4307.33,0
ID-001569,0.0592,0,Low,At-Risk New Customers,4448.8,0
ID-004414,0.0592,0,Low,Stable Value Seekers,6766.25,0
ID-004408,0.0591,0,Low,Stable Value Seekers,6123.72,0
ID-005281,0.0591,0,Low,Stable Value Seekers,5344.36,0
ID-004403,0.0591,0,Low,High Value Loyalists,2578.66,1
ID-004470,0.0591,0,Low,Stable Value Seekers,5509.09,0
ID-001657,0.0591,0,Low,Stable Value Seekers,5364.48,0
ID-005296,0.0591,0,Low,Stable Value Seekers,7200.59,0
ID-000069,0.0591,0,Low,High Value Loyalists,5653.23,0
ID-002412,0.059,0,Low,Stable Value Seekers,5235.08,0
ID-004075,0.059,0,Low,High Value Loyalists,1227.54,0
ID-000315,0.059,0,Low,Stable Value Seekers,5974.62,0
ID-000363,0.0589,0,Low,Stable Value Seekers,5494.9,0
ID-000886,0.0589,0,Low,High Value Loyalists,2304.41,0
ID-005455,0.0588,0,Low,Stable Value Seekers,2811.06,1
ID-001592,0.0588,0,Low,Stable Value Seekers,4391.8,0
ID-000105,0.0587,0,Low,Stable Value Seekers,6329.71,0
ID-001428,0.0587,0,Low,At-Risk New Customers,5727.0,0
ID-003278,0.0587,0,Low,Stable Value Seekers,2687.31,0
ID-005360,0.0587,0,Low,At-Risk New Customers,2721.99,0
ID-005853,0.0586,0,Low,High Value Loyalists,3135.76,0
ID-005439,0.0586,0,Low,Stable Value Seekers,4819.92,0
ID-002591,0.0586,0,Low,At-Risk New Customers,2761.96,0
ID-001635,0.0585,0,Low,Stable Value Seekers,7922.01,0
ID-000788,0.0585,0,Low,At-Risk New Customers,1360.35,0
ID-002885,0.0585,0,Low,High Value Loyalists,2741.35,0
ID-000096,0.0584,0,Low,Stable Value Seekers,4410.97,0
ID-004956,0.0584,0,Low,High Value Loyalists,5000.59,0
ID-003883,0.0584,0,Low,At-Risk New Customers,5997.79,0
ID-005825,0.0583,0,Low,Stable Value Seekers,6519.04,0
ID-003467,0.0583,0,Low,At-Risk New Customers,2919.49,0
ID-006787,0.0583,0,Low,At-Risk New Customers,1816.16,0
ID-003603,0.0583,0,Low,At-Risk New Customers,2019.34,0
ID-001476,0.0583,0,Low,Stable Value Seekers,7641.17,0
ID-006611,0.0583,0,Low,Stable Value Seekers,7350.97,0
ID-003148,0.0583,0,Low,High Value Loyalists,2315.37,0
ID-004030,0.0583,0,Low,Stable Value Seekers,5416.27,0
ID-003407,0.0582,0,Low,At-Risk New Customers,4262.21,0
ID-001297,0.0582,0,Low,Stable Value Seekers,2443.08,0
ID-003829,0.0582,0,Low,At-Risk New Customers,3803.82,0
ID-005470,0.0582,0,Low,Stable Value Seekers,6272.98,0
ID-001396,0.0582,0,Low,At-Risk New Customers,1134.57,0
ID-004554,0.0582,0,Low,At-Risk New Customers,2286.44,0
ID-006188,0.0581,0,Low,Stable Value Seekers,3004.37,0
ID-001670,0.0581,0,Low,Stable Value Seekers,6101.39,0
ID-006873,0.058,0,Low,Stable Value Seekers,3214.76,0
ID-001308,0.058,0,Low,Stable Value Seekers,6335.06,0
ID-005601,0.058,0,Low,At-Risk New Customers,2782.59,0
ID-000534,0.0579,0,Low,At-Risk New Customers,2099.33,0
ID-004489,0.0579,0,Low,Stable Value Seekers,6664.15,0
ID-003741,0.0579,0,Low,High Value Loyalists,6144.69,0
ID-006359,0.0578,0,Low,At-Risk New Customers,3371.1,0
ID-002301,0.0578,0,Low,At-Risk New Customers,3861.21,0
ID-004730,0.0578,0,Low,High Value Loyalists,6872.21,0
ID-000885,0.0578,0,Low,Stable Value Seekers,3488.32,0
ID-000743,0.0578,0,Low,Stable Value Seekers,3876.03,0
ID-004253,0.0577,0,Low,Stable Value Seekers,3650.38,1
ID-000688,0.0577,0,Low,Stable Value Seekers,6021.1,0
ID-005866,0.0577,0,Low,At-Risk New Customers,1420.12,0
ID-000974,0.0577,0,Low,At-Risk New Customers,4037.2,0
ID-000776,0.0577,0,Low,Stable Value Seekers,6707.66,0
ID-003690,0.0576,0,Low,At-Risk New Customers,2345.44,0
ID-000546,0.0576,0,Low,Stable Value Seekers,4915.27,0
ID-006107,0.0576,0,Low,Stable Value Seekers,2382.22,0
ID-003779,0.0576,0,Low,Stable Value Seekers,4281.55,0
ID-006174,0.0576,0,Low,Stable Value Seekers,5663.17,0
ID-005697,0.0576,0,Low,Stable Value Seekers,4540.98,0
ID-003763,0.0576,0,Low,High Value Loyalists,5169.69,0
ID-001466,0.0575,0,Low,At-Risk New Customers,2969.71,0
ID-005264,0.0575,0,Low,Stable Value Seekers,2600.46,0
ID-006880,0.0575,0,Low,High Value Loyalists,6603.97,0
ID-006984,0.0575,0,Low,At-Risk New Customers,4505.71,0
ID-000135,0.0575,0,Low,At-Risk New Customers,4781.82,0
ID-000801,0.0575,0,Low,High Value Loyalists,2449.91,0
ID-003992,0.0574,0,Low,Stable Value Seekers,5978.57,0
ID-005182,0.0574,0,Low,High Value Loyalists,3346.82,0
ID-001727,0.0574,0,Low,At-Risk New Customers,5099.91,0
ID-006376,0.0573,0,Low,At-Risk New Customers,4244.96,0
ID-000461,0.0573,0,Low,Stable Value Seekers,4465.94,0
ID-002626,0.0573,0,Low,Stable Value Seekers,7372.35,0
ID-002771,0.0573,0,Low,At-Risk New Customers,2551.55,0
ID-002468,0.0572,0,Low,Stable Value Seekers,2330.0,0
ID-000396,0.0572,0,Low,Stable Value Seekers,6798.09,0
ID-002920,0.0572,0,Low,At-Risk New Customers,2424.77,0
ID-001927,0.0572,0,Low,Stable Value Seekers,7147.41,0
ID-000181,0.0572,0,Low,At-Risk New Customers,1668.02,0
ID-005656,0.0571,0,Low,At-Risk New Customers,3510.28,0
ID-003657,0.0571,0,Low,At-Risk New Customers,1734.47,0
ID-005759,0.0571,0,Low,Stable Value Seekers,5514.72,0
ID-006830,0.0571,0,Low,High Value Loyalists,4379.52,0
ID-006791,0.0571,0,Low,At-Risk New Customers,1370.02,0
ID-005501,0.0571,0,Low,High Value Loyalists,6073.01,0
ID-003400,0.057,0,Low,Stable Value Seekers,6645.03,0
ID-005700,0.057,0,Low,At-Risk New Customers,5285.23,0
ID-000580,0.057,0,Low,Stable Value Seekers,6367.13,0
ID-006827,0.057,0,Low,At-Risk New Customers,2884.42,0
ID-005838,0.057,0,Low,Stable Value Seekers,3005.55,0
ID-003609,0.057,0,Low,Stable Value Seekers,6199.17,0
ID-001367,0.057,0,Low,Stable Value Seekers,3628.73,0
ID-000767,0.057,0,Low,Stable Value Seekers,2982.45,1
ID-006999,0.0569,0,Low,High Value Loyalists,2951.95,0
ID-004117,0.0569,0,Low,Stable Value Seekers,4905.5,0
ID-004909,0.0569,0,Low,Stable Value Seekers,3489.26,0
ID-005318,0.0569,0,Low,At-Risk New Customers,2776.75,0
ID-006668,0.0569,0,Low,At-Risk New Customers,2700.85,0
ID-002906,0.0568,0,Low,Stable Value Seekers,4913.05,0
ID-003104,0.0568,0,Low,At-Risk New Customers,3173.09,0
ID-001821,0.0568,0,Low,Stable Value Seekers,4674.37,0
ID-002338,0.0567,0,Low,High Value Loyalists,1570.79,0
ID-002834,0.0567,0,Low,Stable Value Seekers,3607.83,0
ID-005728,0.0567,0,Low,Stable Value Seekers,7800.76,0
ID-001243,0.0567,0,Low,At-Risk New Customers,1480.91,0
ID-000077,0.0567,0,Low,Stable Value Seekers,1958.9,0
ID-001689,0.0567,0,Low,Stable Value Seekers,6734.69,0
ID-000523,0.0567,0,Low,At-Risk New Customers,2133.63,0
ID-002995,0.0566,0,Low,Stable Value Seekers,6063.96,0
ID-000379,0.0566,0,Low,Stable Value Seekers,6868.84,0
ID-005383,0.0566,0,Low,Stable Value Seekers,1967.78,0
ID-000246,0.0566,0,Low,Stable Value Seekers,5033.56,0
ID-003967,0.0566,0,Low,At-Risk New Customers,3845.94,0
ID-002755,0.0565,0,Low,Stable Value Seekers,3088.03,0
ID-005979,0.0565,0,Low,Stable Value Seekers,3455.02,0
ID-001260,0.0565,0,Low,At-Risk New Customers,3118.22,0
ID-000112,0.0564,0,Low,Stable Value Seekers,5820.33,0
ID-001383,0.0564,0,Low,Stable Value Seekers,4629.73,0
ID-003529,0.0564,0,Low,Stable Value Seekers,4007.83,0
ID-004527,0.0564,0,Low,At-Risk New Customers,2279.48,0
ID-003428,0.0564,0,Low,Stable Value Seekers,6243.24,0
ID-001591,0.0563,0,Low,Stable Value Seekers,7060.61,0
ID-000218,0.0563,0,Low,Stable Value Seekers,4417.08,0
ID-006357,0.0563,0,Low,At-Risk New Customers,1746.95,0
ID-005354,0.0563,0,Low,Stable Value Seekers,2956.02,0
ID-003240,0.0563,0,Low,Stable Value Seekers,5679.25,0
ID-000497,0.0562,0,Low,Stable Value Seekers,4718.67,0
ID-000418,0.0562,0,Low,At-Risk New Customers,1736.22,0
ID-001268,0.0562,0,Low,Stable Value Seekers,2602.36,0
ID-007032,0.0562,0,Low,At-Risk New Customers,1724.01,0
ID-000631,0.0562,0,Low,Stable Value Seekers,6271.61,1
ID-006583,0.0562,0,Low,Stable Value Seekers,4177.73,0
ID-004130,0.0562,0,Low,Stable Value Seekers,5729.0,0
ID-004213,0.0561,0,Low,Stable Value Seekers,4307.69,0
ID-006588,0.0561,0,Low,Stable Value Seekers,4990.04,0
ID-001906,0.056,0,Low,High Value Loyalists,5464.89,0
ID-001121,0.056,0,Low,Stable Value Seekers,3394.07,0
ID-001507,0.056,0,Low,Stable Value Seekers,7048.02,0
ID-001795,0.056,0,Low,At-Risk New Customers,2421.73,0
ID-002912,0.0559,0,Low,Stable Value Seekers,6373.72,0
ID-004326,0.0559,0,Low,Stable Value Seekers,4204.21,0
ID-003455,0.0559,0,Low,High Value Loyalists,2482.84,0
ID-006732,0.0559,0,Low,Stable Value Seekers,3053.73,0
ID-005237,0.0558,0,Low,High Value Loyalists,2717.24,0
ID-001099,0.0558,0,Low,Stable Value Seekers,2999.21,0
ID-005955,0.0558,0,Low,At-Risk New Customers,2482.56,0
ID-006176,0.0558,0,Low,At-Risk New Customers,1625.33,0
ID-005930,0.0558,0,Low,Stable Value Seekers,4950.51,0
ID-005691,0.0558,0,Low,Stable Value Seekers,3129.16,0
ID-005743,0.0558,0,Low,Stable Value Seekers,6068.16,0
ID-006257,0.0557,0,Low,At-Risk New Customers,5165.0,0
ID-002099,0.0557,0,Low,At-Risk New Customers,1259.24,0
ID-006831,0.0557,0,Low,At-Risk New Customers,2787.82,0
ID-003831,0.0556,0,Low,Stable Value Seekers,5718.09,0
ID-003238,0.0556,0,Low,High Value Loyalists,6353.15,0
ID-002607,0.0556,0,Low,Stable Value Seekers,2204.92,0
ID-002286,0.0556,0,Low,At-Risk New Customers,1269.93,0
ID-005372,0.0556,0,Low,At-Risk New Customers,3323.11,0
ID-002627,0.0555,0,Low,At-Risk New Customers,5381.72,0
ID-005669,0.0555,0,Low,Stable Value Seekers,5750.04,0
ID-002241,0.0555,0,Low,Stable Value Seekers,5145.77,0
ID-006779,0.0554,0,Low,Stable Value Seekers,4523.23,0
ID-002134,0.0554,0,Low,At-Risk New Customers,1289.01,0
ID-002354,0.0554,0,Low,Stable Value Seekers,4548.46,0
ID-002278,0.0553,0,Low,Stable Value Seekers,2462.77,0
ID-004908,0.0552,0,Low,High Value Loyalists,3776.82,0
ID-003975,0.0551,0,Low,Stable Value Seekers,7368.83,0
ID-001168,0.0551,0,Low,Stable Value Seekers,4412.46,0
ID-000205,0.055,0,Low,At-Risk New Customers,3402.4,0
ID-006112,0.055,0,Low,At-Risk New Customers,2831.22,0
ID-000425,0.0549,0,Low,High Value Loyalists,7886.36,0
ID-005329,0.0549,0,Low,High Value Loyalists,1411.81,0
ID-001902,0.0549,0,Low,Stable Value Seekers,4742.05,0
ID-003480,0.0549,0,Low,Stable Value Seekers,4599.15,0
ID-005713,0.0549,0,Low,At-Risk New Customers,5999.51,0
ID-001276,0.0549,0,Low,Stable Value Seekers,3040.43,0
ID-000057,0.0548,0,Low,High Value Loyalists,5840.51,0
ID-003151,0.0547,0,Low,High Value Loyalists,2492.2,0
ID-005766,0.0547,0,Low,Stable Value Seekers,6233.44,0
ID-006887,0.0547,0,Low,Stable Value Seekers,1430.82,0
ID-004496,0.0546,0,Low,Stable Value Seekers,2190.93,0
ID-006143,0.0546,0,Low,Stable Value Seekers,1667.29,0
ID-001819,0.0544,0,Low,Stable Value Seekers,6302.39,0
ID-005231,0.0544,0,Low,Stable Value Seekers,6070.06,0
ID-002088,0.0543,0,Low,At-Risk New Customers,1771.03,0
ID-001122,0.0543,0,Low,At-Risk New Customers,1106.7,0
ID-006950,0.0542,0,Low,At-Risk New Customers,1914.13,0
ID-001826,0.0542,0,Low,Stable Value Seekers,2535.02,0
ID-001885,0.0542,0,Low,At-Risk New Customers,6049.14,0
ID-002295,0.0542,0,Low,Stable Value Seekers,5321.31,0
ID-002712,0.0542,0,Low,At-Risk New Customers,3181.02,0
ID-003331,0.0542,0,Low,Stable Value Seekers,5219.94,0
ID-002234,0.0542,0,Low,At-Risk New Customers,3054.85,0
ID-005978,0.0541,0,Low,Stable Value Seekers,5590.72,0
ID-003314,0.0541,0,Low,At-Risk New Customers,2104.99,0
ID-003099,0.0541,0,Low,Stable Value Seekers,6942.92,0
ID-003462,0.0541,0,Low,At-Risk New Customers,5069.75,0
ID-005836,0.0541,0,Low,At-Risk New Customers,4170.14,0
ID-003555,0.054,0,Low,Stable Value Seekers,7306.26,0
ID-004872,0.054,0,Low,Stable Value Seekers,4648.12,0
ID-002352,0.054,0,Low,Stable Value Seekers,3675.6,0
ID-004098,0.0539,0,Low,At-Risk New Customers,4570.94,0
ID-006834,0.0539,0,Low,At-Risk New Customers,4465.78,0
ID-000375,0.0538,0,Low,At-Risk New Customers,4153.9,1
ID-004026,0.0538,0,Low,High Value Loyalists,1549.19,0
ID-005574,0.0538,0,Low,Stable Value Seekers,1467.37,0
ID-006138,0.0537,0,Low,At-Risk New Customers,3813.49,0
ID-005070,0.0537,0,Low,Stable Value Seekers,6295.75,0
ID-002493,0.0537,0,Low,Stable Value Seekers,5077.3,0
ID-002258,0.0536,0,Low,Stable Value Seekers,7443.88,0
ID-004189,0.0536,0,Low,At-Risk New Customers,4390.07,0
ID-006623,0.0535,0,Low,Stable Value Seekers,5311.16,0
ID-006065,0.0534,0,Low,Stable Value Seekers,2711.26,0
ID-000920,0.0534,0,Low,Stable Value Seekers,1864.58,0
ID-002155,0.0534,0,Low,At-Risk New Customers,2587.94,0
ID-005327,0.0533,0,Low,High Value Loyalists,4336.18,0
ID-003550,0.0533,0,Low,At-Risk New Customers,2018.56,0
ID-004768,0.0532,0,Low,Stable Value Seekers,7318.8,0
ID-004118,0.0532,0,Low,High Value Loyalists,4187.58,0
ID-004349,0.0532,0,Low,Stable Value Seekers,1678.67,0
ID-001633,0.0532,0,Low,Stable Value Seekers,3977.85,0
ID-005924,0.0532,0,Low,At-Risk New Customers,2868.3,0
ID-003725,0.0532,0,Low,Stable Value Seekers,6740.78,0
ID-001771,0.0532,0,Low,Stable Value Seekers,1741.46,0
ID-007019,0.0531,0,Low,At-Risk New Customers,3595.65,0
ID-000390,0.0531,0,Low,Stable Value Seekers,3908.8,0
ID-000802,0.0531,0,Low,Stable Value Seekers,3578.81,0
ID-005534,0.0531,0,Low,Stable Value Seekers,1743.86,0
ID-005637,0.0531,0,Low,Stable Value Seekers,3230.57,0
ID-006595,0.0531,0,Low,Stable Value Seekers,4487.04,0
ID-003150,0.0531,0,Low,Stable Value Seekers,4440.18,0
ID-003921,0.053,0,Low,Stable Value Seekers,5888.12,0
ID-003466,0.053,0,Low,Stable Value Seekers,5310.55,0
ID-001417,0.0529,0,Low,At-Risk New Customers,2702.52,0
ID-006554,0.0529,0,Low,Stable Value Seekers,2543.4,0
ID-002720,0.0528,0,Low,High Value Loyalists,5103.01,1
ID-006456,0.0527,0,Low,At-Risk New Customers,5721.34,0
ID-003189,0.0527,0,Low,Stable Value Seekers,5191.24,0
ID-000359,0.0527,0,Low,At-Risk New Customers,5452.98,0
ID-004122,0.0527,0,Low,High Value Loyalists,5240.72,0
ID-003385,0.0526,0,Low,At-Risk New Customers,2393.43,0
ID-003971,0.0526,0,Low,At-Risk New Customers,3197.9,1
ID-003092,0.0526,0,Low,Stable Value Seekers,3157.53,0
ID-005798,0.0526,0,Low,Stable Value Seekers,4050.25,0
ID-002917,0.0526,0,Low,At-Risk New Customers,3884.57,0
ID-005554,0.0525,0,Low,At-Risk New Customers,1564.58,0
ID-005673,0.0525,0,Low,Stable Value Seekers,3765.54,0
ID-003146,0.0524,0,Low,High Value Loyalists,4466.89,0
ID-001408,0.0524,0,Low,At-Risk New Customers,1532.02,0
ID-000700,0.0524,0,Low,Stable Value Seekers,1993.14,0
ID-000873,0.0523,0,Low,Stable Value Seekers,1929.11,0
ID-006561,0.0523,0,Low,Stable Value Seekers,3855.32,0
ID-003512,0.0523,0,Low,High Value Loyalists,4023.75,0
ID-004553,0.0523,0,Low,At-Risk New Customers,4871.0,0
ID-006077,0.0523,0,Low,Stable Value Seekers,4535.69,0
ID-000507,0.0522,0,Low,At-Risk New Customers,6006.15,0
ID-001167,0.0522,0,Low,Stable Value Seekers,5212.64,0
ID-003477,0.0522,0,Low,Stable Value Seekers,5015.87,0
ID-005528,0.0522,0,Low,Stable Value Seekers,5044.73,0
ID-000017,0.052,0,Low,Stable Value Seekers,2101.59,0
ID-002029,0.052,0,Low,Stable Value Seekers,6599.98,1
ID-000578,0.052,0,Low,At-Risk New Customers,4520.74,0
ID-000270,0.052,0,Low,At-Risk New Customers,4487.32,0
ID-006483,0.052,0,Low,Stable Value Seekers,6645.71,0
ID-005563,0.052,0,Low,High Value Loyalists,6131.43,0
ID-002976,0.0519,0,Low,Stable Value Seekers,5917.32,0
ID-003527,0.0519,0,Low,High Value Loyalists,3891.36,0
ID-003774,0.0518,0,Low,Stable Value Seekers,4043.85,0
ID-004446,0.0518,0,Low,Stable Value Seekers,4185.97,0
ID-000176,0.0518,0,Low,Stable Value Seekers,1935.2,0
ID-001289,0.0517,0,Low,At-Risk New Customers,2837.39,0
ID-000614,0.0516,0,Low,Stable Value Seekers,3505.78,0
ID-003109,0.0516,0,Low,At-Risk New Customers,6608.07,0
ID-004065,0.0516,0,Low,Stable Value Seekers,2096.61,0
ID-003959,0.0516,0,Low,High Value Loyalists,4263.31,0
ID-000875,0.0515,0,Low,Stable Value Seekers,5943.01,0
ID-004885,0.0515,0,Low,Stable Value Seekers,5839.94,0
ID-000831,0.0514,0,Low,Stable Value Seekers,5802.94,0
ID-002166,0.0514,0,Low,Stable Value Seekers,5859.0,0
ID-005125,0.0514,0,Low,Stable Value Seekers,3690.01,0
ID-004620,0.0513,0,Low,Stable Value Seekers,7109.91,0
ID-006905,0.0513,0,Low,Stable Value Seekers,5641.14,0
ID-006581,0.0513,0,Low,At-Risk New Customers,4719.79,0
ID-002829,0.0512,0,Low,Stable Value Seekers,2303.14,0
ID-005330,0.0512,0,Low,Stable Value Seekers,7396.26,0
ID-006324,0.0512,0,Low,Stable Value Seekers,6997.09,0
ID-003943,0.0511,0,Low,Stable Value Seekers,3294.38,0
ID-004143,0.0511,0,Low,High Value Loyalists,3875.18,0
ID-000406,0.0511,0,Low,Stable Value Seekers,6825.1,0
ID-006362,0.0511,0,Low,Stable Value Seekers,3635.55,0
ID-006618,0.0511,0,Low,Stable Value Seekers,6656.04,0
ID-001305,0.0511,0,Low,Stable Value Seekers,6374.77,0
ID-001709,0.051,0,Low,High Value Loyalists,6889.29,0
ID-004875,0.0509,0,Low,Stable Value Seekers,1404.2,0
ID-000329,0.0509,0,Low,Stable Value Seekers,4777.05,0
ID-003308,0.0509,0,Low,Stable Value Seekers,2930.75,0
ID-003281,0.0509,0,Low,Stable Value Seekers,3399.59,0
ID-002209,0.0508,0,Low,Stable Value Seekers,1856.78,0
ID-006571,0.0508,0,Low,High Value Loyalists,5685.27,0
ID-003169,0.0507,0,Low,High Value Loyalists,5609.53,0
ID-002131,0.0507,0,Low,Stable Value Seekers,6601.77,0
ID-002772,0.0507,0,Low,Stable Value Seekers,3778.34,0
ID-001053,0.0507,0,Low,At-Risk New Customers,1907.05,0
ID-004677,0.0506,0,Low,Stable Value Seekers,6693.55,0
ID-005085,0.0506,0,Low,High Value Loyalists,2326.13,0
ID-003754,0.0506,0,Low,At-Risk New Customers,1552.07,0
ID-005642,0.0505,0,Low,High Value Loyalists,2387.68,0
ID-004667,0.0505,0,Low,Stable Value Seekers,6429.44,0
ID-000594,0.0505,0,Low,At-Risk New Customers,6253.95,0
ID-003748,0.0505,0,Low,At-Risk New Customers,4658.77,0
ID-004153,0.0505,0,Low,Stable Value Seekers,4039.14,0
ID-004083,0.0505,0,Low,At-Risk New Customers,6570.25,0
ID-001206,0.0505,0,Low,High Value Loyalists,1554.7,0
ID-003175,0.0505,0,Low,At-Risk New Customers,5502.73,0
ID-006373,0.0505,0,Low,Stable Value Seekers,5296.13,0
ID-004529,0.0504,0,Low,At-Risk New Customers,1616.87,0
ID-002237,0.0504,0,Low,At-Risk New Customers,2037.8,0
ID-005367,0.0504,0,Low,At-Risk New Customers,5434.94,0
ID-002794,0.0502,0,Low,At-Risk New Customers,2556.21,0
ID-002198,0.0502,0,Low,Stable Value Seekers,2640.46,0
ID-006914,0.0502,0,Low,Stable Value Seekers,5842.17,0
ID-006761,0.0502,0,Low,Stable Value Seekers,5198.38,0
ID-002824,0.0502,0,Low,Stable Value Seekers,6438.86,0
ID-002963,0.0502,0,Low,Stable Value Seekers,7051.42,0
ID-000188,0.0502,0,Low,Stable Value Seekers,3522.12,0
ID-003909,0.0501,0,Low,Stable Value Seekers,6939.84,0
ID-004402,0.0501,0,Low,Stable Value Seekers,1800.69,0
ID-002519,0.0501,0,Low,Stable Value Seekers,5725.93,0
ID-004028,0.0501,0,Low,At-Risk New Customers,2020.13,0
ID-005037,0.05,0,Low,Stable Value Seekers,7296.19,0
ID-005340,0.05,0,Low,At-Risk New Customers,3430.06,0
ID-005780,0.05,0,Low,Stable Value Seekers,3809.62,0
ID-003344,0.0499,0,Low,At-Risk New Customers,1224.31,0
ID-003707,0.0499,0,Low,High Value Loyalists,1562.88,0
ID-001529,0.0499,0,Low,Stable Value Seekers,7534.67,0
ID-001304,0.0499,0,Low,High Value Loyalists,2077.36,0
ID-003200,0.0498,0,Low,Stable Value Seekers,6880.4,0
ID-001271,0.0498,0,Low,Stable Value Seekers,4057.91,0
ID-005047,0.0498,0,Low,Stable Value Seekers,4919.56,0
ID-005636,0.0497,0,Low,Stable Value Seekers,2623.34,0
ID-005310,0.0497,0,Low,At-Risk New Customers,4346.32,0
ID-000656,0.0497,0,Low,Stable Value Seekers,5672.82,0
ID-005038,0.0496,0,Low,Stable Value Seekers,5138.38,0
ID-006071,0.0495,0,Low,High Value Loyalists,3919.44,0
ID-000756,0.0495,0,Low,Stable Value Seekers,2968.15,0
ID-006756,0.0494,0,Low,At-Risk New Customers,3556.3,0
ID-003117,0.0493,0,Low,Stable Value Seekers,1711.26,0
ID-004116,0.0493,0,Low,Stable Value Seekers,7311.81,0
ID-004024,0.0492,0,Low,Stable Value Seekers,2501.17,0
ID-001376,0.0491,0,Low,Stable Value Seekers,1652.95,0
ID-000249,0.0491,0,Low,At-Risk New Customers,3952.54,0
ID-006428,0.049,0,Low,Stable Value Seekers,5839.83,0
ID-001100,0.0489,0,Low,Stable Value Seekers,1412.57,0
ID-001850,0.0489,0,Low,Stable Value Seekers,6164.52,0
ID-000062,0.0489,0,Low,High Value Loyalists,2545.94,1
ID-004007,0.0488,0,Low,Stable Value Seekers,7093.02,0
ID-002740,0.0488,0,Low,Stable Value Seekers,8031.56,0
ID-003162,0.0488,0,Low,Stable Value Seekers,7060.65,0
ID-004888,0.0487,0,Low,At-Risk New Customers,3351.72,0
ID-002334,0.0487,0,Low,Stable Value Seekers,6574.8,0
ID-001455,0.0486,0,Low,Stable Value Seekers,5365.32,0
ID-004312,0.0486,0,Low,At-Risk New Customers,1543.37,0
ID-003358,0.0485,0,Low,At-Risk New Customers,4625.18,0
ID-004351,0.0485,0,Low,High Value Loyalists,3908.93,0
ID-003255,0.0484,0,Low,Stable Value Seekers,6772.99,0
ID-000565,0.0484,0,Low,Stable Value Seekers,6697.3,0
ID-004641,0.0484,0,Low,At-Risk New Customers,4810.96,0
ID-002011,0.0483,0,Low,Stable Value Seekers,4412.43,0
ID-001079,0.0482,0,Low,High Value Loyalists,6231.46,0
ID-003017,0.0482,0,Low,Stable Value Seekers,4123.28,0
ID-003406,0.0482,0,Low,Stable Value Seekers,6692.5,0
ID-000736,0.0481,0,Low,Stable Value Seekers,2997.28,0
ID-006624,0.0481,0,Low,At-Risk New Customers,3004.6,0
ID-002750,0.0481,0,Low,At-Risk New Customers,3456.32,0
ID-000668,0.048,0,Low,Stable Value Seekers,5107.73,0
ID-001424,0.048,0,Low,At-Risk New Customers,3100.43,0
ID-003613,0.0479,0,Low,Stable Value Seekers,6973.24,0
ID-003345,0.0478,0,Low,Stable Value Seekers,5318.83,0
ID-000444,0.0478,0,Low,High Value Loyalists,6378.0,0
ID-000472,0.0477,0,Low,Stable Value Seekers,3662.96,0
ID-001064,0.0477,0,Low,High Value Loyalists,6879.5,0
ID-002830,0.0477,0,Low,At-Risk New Customers,4222.88,0
ID-007031,0.0476,0,Low,Stable Value Seekers,5161.59,0
ID-006687,0.0476,0,Low,Stable Value Seekers,6503.76,0
ID-005425,0.0476,0,Low,Stable Value Seekers,4471.88,0
ID-001981,0.0476,0,Low,At-Risk New Customers,6133.08,0
ID-004209,0.0475,0,Low,Stable Value Seekers,4350.7,0
ID-003396,0.0475,0,Low,Stable Value Seekers,5038.45,0
ID-000667,0.0475,0,Low,Stable Value Seekers,6305.75,0
ID-000314,0.0475,0,Low,At-Risk New Customers,4782.59,0
ID-006220,0.0474,0,Low,High Value Loyalists,6224.4,0
ID-002966,0.0474,0,Low,Stable Value Seekers,2486.35,0
ID-003861,0.0474,0,Low,High Value Loyalists,5570.27,0
ID-006168,0.0473,0,Low,At-Risk New Customers,3909.55,0
ID-004728,0.0473,0,Low,At-Risk New Customers,1457.65,0
ID-000407,0.0472,0,Low,Stable Value Seekers,5880.84,0
ID-003806,0.0472,0,Low,Stable Value Seekers,7459.11,0
ID-002859,0.0472,0,Low,Stable Value Seekers,2683.51,0
ID-000876,0.0472,0,Low,High Value Loyalists,6634.08,0
ID-006280,0.0472,0,Low,At-Risk New Customers,4102.14,1
ID-006626,0.0472,0,Low,Stable Value Seekers,3552.76,0
ID-000095,0.0471,0,Low,At-Risk New Customers,2092.53,0
ID-005025,0.0471,0,Low,Stable Value Seekers,3911.47,0
ID-003571,0.047,0,Low,Stable Value Seekers,7288.5,1
ID-001688,0.047,0,Low,Stable Value Seekers,7341.37,0
ID-002897,0.047,0,Low,Stable Value Seekers,2544.04,0
ID-005267,0.0469,0,Low,Stable Value Seekers,5673.42,0
ID-001153,0.0469,0,Low,At-Risk New Customers,1259.28,0
ID-005703,0.0468,0,Low,Stable Value Seekers,1187.56,0
ID-002788,0.0466,0,Low,Stable Value Seekers,4604.2,0
ID-001432,0.0466,0,Low,Stable Value Seekers,6012.89,0
ID-002938,0.0466,0,Low,At-Risk New Customers,3611.85,0
ID-002743,0.0465,0,Low,Stable Value Seekers,4218.3,0
ID-003049,0.0465,0,Low,At-Risk New Customers,3618.78,0
ID-006786,0.0465,0,Low,Stable Value Seekers,6443.04,0
ID-004332,0.0465,0,Low,Stable Value Seekers,7279.34,0
ID-002666,0.0464,0,Low,Stable Value Seekers,5776.23,0
ID-000463,0.0463,0,Low,Stable Value Seekers,5737.42,1
ID-003991,0.0463,0,Low,At-Risk New Customers,3284.08,0
ID-002140,0.0463,0,Low,Stable Value Seekers,5240.22,0
ID-002146,0.0463,0,Low,Stable Value Seekers,6212.47,0
ID-005218,0.0463,0,Low,Stable Value Seekers,4318.87,0
ID-002250,0.0462,0,Low,Stable Value Seekers,4434.28,0
ID-004009,0.0462,0,Low,At-Risk New Customers,3210.62,0
ID-002212,0.0462,0,Low,At-Risk New Customers,5839.39,0
ID-005940,0.0461,0,Low,Stable Value Seekers,6874.74,0
ID-004134,0.0461,0,Low,Stable Value Seekers,3573.2,0
ID-006271,0.046,0,Low,At-Risk New Customers,5175.65,0
ID-005897,0.0458,0,Low,Stable Value Seekers,6453.29,0
ID-005748,0.0458,0,Low,Stable Value Seekers,6816.89,0
ID-004383,0.0457,0,Low,Stable Value Seekers,3603.31,0
ID-000850,0.0457,0,Low,At-Risk New Customers,5460.75,0
ID-004549,0.0457,0,Low,Stable Value Seekers,6145.54,0
ID-002073,0.0457,0,Low,At-Risk New Customers,4637.17,0
ID-003225,0.0457,0,Low,Stable Value Seekers,5767.15,0
ID-004218,0.0456,0,Low,Stable Value Seekers,5153.85,0
ID-001733,0.0456,0,Low,Stable Value Seekers,6055.76,0
ID-003161,0.0456,0,Low,Stable Value Seekers,5224.19,0
ID-005990,0.0456,0,Low,At-Risk New Customers,5151.71,0
ID-001160,0.0456,0,Low,Stable Value Seekers,4541.93,0
ID-001258,0.0455,0,Low,Stable Value Seekers,6276.33,0
ID-005935,0.0455,0,Low,High Value Loyalists,4147.72,0
ID-004613,0.0454,0,Low,Stable Value Seekers,6403.28,0
ID-000164,0.0454,0,Low,Stable Value Seekers,6831.44,0
ID-001846,0.0454,0,Low,Stable Value Seekers,4431.31,0
ID-005911,0.0454,0,Low,At-Risk New Customers,3963.24,0
ID-004150,0.0454,0,Low,Stable Value Seekers,1816.81,0
ID-002567,0.0454,0,Low,Stable Value Seekers,3207.73,0
ID-000653,0.0453,0,Low,Stable Value Seekers,7020.08,0
ID-002321,0.0453,0,Low,Stable Value Seekers,6884.91,1
ID-001295,0.0453,0,Low,High Value Loyalists,4217.53,0
ID-001012,0.0453,0,Low,Stable Value Seekers,7500.42,0
ID-000295,0.0451,0,Low,Stable Value Seekers,7582.39,0
ID-000505,0.0451,0,Low,At-Risk New Customers,3482.36,0
ID-003988,0.0451,0,Low,Stable Value Seekers,6315.78,0
ID-004430,0.045,0,Low,At-Risk New Customers,2958.7,0
ID-002735,0.045,0,Low,Stable Value Seekers,3658.01,1
ID-005912,0.045,0,Low,Stable Value Seekers,2846.76,0
ID-000032,0.0448,0,Low,Stable Value Seekers,3698.22,0
ID-006736,0.0448,0,Low,Stable Value Seekers,3579.61,0
ID-005298,0.0448,0,Low,Stable Value Seekers,6284.68,0
ID-006011,0.0448,0,Low,Stable Value Seekers,2794.19,0
ID-006843,0.0448,0,Low,Stable Value Seekers,3054.38,0
ID-004780,0.0448,0,Low,High Value Loyalists,4394.16,0
ID-004826,0.0448,0,Low,Stable Value Seekers,6849.87,0
ID-003895,0.0448,0,Low,High Value Loyalists,2109.43,0
ID-000022,0.0447,0,Low,At-Risk New Customers,1138.52,0
ID-005078,0.0447,0,Low,Stable Value Seekers,1585.35,0
ID-000411,0.0447,0,Low,High Value Loyalists,6053.01,0
ID-005343,0.0447,0,Low,At-Risk New Customers,6182.89,0
ID-003110,0.0446,0,Low,Stable Value Seekers,5893.83,0
ID-003009,0.0445,0,Low,Stable Value Seekers,6973.88,0
ID-006516,0.0445,0,Low,Stable Value Seekers,2393.66,0
ID-001843,0.0445,0,Low,Stable Value Seekers,7470.1,0
ID-002710,0.0445,0,Low,At-Risk New Customers,3727.46,0
ID-002705,0.0444,0,Low,Stable Value Seekers,7131.18,0
ID-001744,0.0444,0,Low,Stable Value Seekers,6008.74,0
ID-002074,0.0444,0,Low,At-Risk New Customers,3739.67,1
ID-000982,0.0444,0,Low,Stable Value Seekers,6797.87,0
ID-002449,0.0444,0,Low,Stable Value Seekers,7394.52,0
ID-005638,0.0443,0,Low,At-Risk New Customers,6922.31,0
ID-001978,0.0443,0,Low,At-Risk New Customers,1218.72,0
ID-003254,0.0443,0,Low,Stable Value Seekers,3791.88,0
ID-006315,0.0442,0,Low,Stable Value Seekers,6518.69,0
ID-005135,0.0442,0,Low,High Value Loyalists,2138.91,0
ID-006894,0.0442,0,Low,Stable Value Seekers,6422.51,0
ID-001995,0.0441,0,Low,Stable Value Seekers,2549.11,0
ID-005640,0.0441,0,Low,Stable Value Seekers,7096.43,0
ID-002252,0.044,0,Low,Stable Value Seekers,6998.4,0
ID-002852,0.044,0,Low,Stable Value Seekers,6498.19,0
ID-003558,0.0439,0,Low,At-Risk New Customers,1137.67,0
ID-001207,0.0439,0,Low,Stable Value Seekers,4428.93,0
ID-003737,0.0439,0,Low,At-Risk New Customers,2467.97,0
ID-007025,0.0439,0,Low,Stable Value Seekers,2949.77,0
ID-001835,0.0439,0,Low,At-Risk New Customers,1256.55,0
ID-005102,0.0439,0,Low,Stable Value Seekers,6557.39,0
ID-004681,0.0439,0,Low,Stable Value Seekers,7490.69,0
ID-007016,0.0438,0,Low,Stable Value Seekers,4096.88,0
ID-002751,0.0438,0,Low,Stable Value Seekers,4053.44,0
ID-002473,0.0438,0,Low,Stable Value Seekers,4034.19,0
ID-006817,0.0437,0,Low,Stable Value Seekers,4642.32,0
ID-000717,0.0437,0,Low,Stable Value Seekers,3053.85,0
ID-002315,0.0437,0,Low,Stable Value Seekers,6440.9,0
ID-002905,0.0436,0,Low,At-Risk New Customers,1233.03,0
ID-000714,0.0436,0,Low,Stable Value Seekers,6467.89,0
ID-003607,0.0436,0,Low,Stable Value Seekers,2132.89,0
ID-006438,0.0436,0,Low,At-Risk New Customers,3758.64,0
ID-005860,0.0436,0,Low,Stable Value Seekers,6501.95,0
ID-000213,0.0436,0,Low,Stable Value Seekers,6674.5,0
ID-002219,0.0436,0,Low,Stable Value Seekers,6911.08,0
ID-006385,0.0436,0,Low,Stable Value Seekers,5723.65,0
ID-001205,0.0436,0,Low,Stable Value Seekers,5220.34,0
ID-005172,0.0435,0,Low,Stable Value Seekers,4479.48,0
ID-003506,0.0435,0,Low,Stable Value Seekers,4216.4,0
ID-001335,0.0435,0,Low,Stable Value Seekers,6578.32,0
ID-005204,0.0434,0,Low,Stable Value Seekers,6144.25,0
ID-006656,0.0433,0,Low,Stable Value Seekers,6992.51,0
ID-003459,0.0433,0,Low,Stable Value Seekers,4413.72,0
ID-004348,0.0433,0,Low,Stable Value Seekers,5498.88,0
ID-000516,0.0433,0,Low,Stable Value Seekers,3455.69,0
ID-002704,0.0432,0,Low,Stable Value Seekers,5666.59,0
ID-004169,0.0432,0,Low,Stable Value Seekers,2271.3,0
ID-003450,0.0432,0,Low,At-Risk New Customers,1092.57,0
ID-001865,0.0432,0,Low,At-Risk New Customers,3819.29,0
ID-006411,0.0432,0,Low,At-Risk New Customers,4795.03,0
ID-000771,0.0432,0,Low,At-Risk New Customers,3837.27,0
ID-004405,0.0431,0,Low,Stable Value Seekers,2245.99,0
ID-003937,0.0431,0,Low,Stable Value Seekers,2183.71,0
ID-000378,0.043,0,Low,Stable Value Seekers,4037.79,1
ID-003088,0.0429,0,Low,Stable Value Seekers,5249.19,0
ID-003107,0.0429,0,Low,Stable Value Seekers,3215.39,0
ID-001442,0.0429,0,Low,At-Risk New Customers,3792.21,0
ID-000307,0.0429,0,Low,Stable Value Seekers,6218.27,0
ID-002492,0.0428,0,Low,Stable Value Seekers,4241.05,0
ID-006335,0.0428,0,Low,At-Risk New Customers,4045.22,0
ID-005250,0.0428,0,Low,High Value Loyalists,3878.37,0
ID-004799,0.0428,0,Low,At-Risk New Customers,2625.92,0
ID-001879,0.0428,0,Low,Stable Value Seekers,7325.28,0
ID-003612,0.0427,0,Low,High Value Loyalists,5715.14,0
ID-006501,0.0427,0,Low,Stable Value Seekers,5157.06,0
ID-002873,0.0427,0,Low,Stable Value Seekers,3765.66,0
ID-000413,0.0427,0,Low,Stable Value Seekers,5982.8,0
ID-000386,0.0427,0,Low,High Value Loyalists,5937.05,0
ID-004836,0.0426,0,Low,At-Risk New Customers,5418.24,0
ID-004804,0.0426,0,Low,Stable Value Seekers,6926.24,0
ID-001594,0.0426,0,Low,Stable Value Seekers,5596.33,0
ID-000953,0.0426,0,Low,Stable Value Seekers,6411.62,0
ID-002881,0.0425,0,Low,High Value Loyalists,3317.38,0
ID-005968,0.0425,0,Low,Stable Value Seekers,2984.38,0
ID-003230,0.0424,0,Low,Stable Value Seekers,5977.45,0
ID-001672,0.0424,0,Low,Stable Value Seekers,1209.15,0
ID-000842,0.0424,0,Low,Stable Value Seekers,2320.72,1
ID-004227,0.0424,0,Low,High Value Loyalists,3680.96,1
ID-006298,0.0423,0,Low,Stable Value Seekers,3223.12,0
ID-002979,0.0423,0,Low,High Value Loyalists,2645.69,0
ID-002260,0.0422,0,Low,Stable Value Seekers,6385.97,0
ID-000026,0.0422,0,Low,Stable Value Seekers,5001.05,0
ID-001228,0.0422,0,Low,Stable Value Seekers,5560.16,0
ID-001876,0.0422,0,Low,Stable Value Seekers,6534.41,0
ID-003442,0.0422,0,Low,Stable Value Seekers,1873.47,0
ID-000089,0.0422,0,Low,Stable Value Seekers,3484.07,0
ID-000289,0.0422,0,Low,Stable Value Seekers,5151.71,0
ID-000377,0.0421,0,Low,Stable Value Seekers,6592.58,0
ID-002287,0.042,0,Low,High Value Loyalists,1581.9,0
ID-002071,0.0419,0,Low,High Value Loyalists,1975.37,0
ID-002366,0.0419,0,Low,Stable Value Seekers,5637.13,0
ID-000383,0.0419,0,Low,Stable Value Seekers,6775.16,0
ID-002393,0.0418,0,Low,Stable Value Seekers,4692.37,0
ID-003246,0.0418,0,Low,Stable Value Seekers,5147.03,0
ID-004070,0.0418,0,Low,High Value Loyalists,7941.86,0
ID-002223,0.0418,0,Low,Stable Value Seekers,4695.87,0
ID-002590,0.0417,0,Low,At-Risk New Customers,1456.2,0
ID-004032,0.0417,0,Low,Stable Value Seekers,5900.56,0
ID-002204,0.0417,0,Low,Stable Value Seekers,5257.34,0
ID-002378,0.0417,0,Low,High Value Loyalists,2732.65,0
ID-001342,0.0417,0,Low,Stable Value Seekers,7078.32,0
ID-004920,0.0417,0,Low,Stable Value Seekers,6041.62,0
ID-006835,0.0416,0,Low,Stable Value Seekers,5693.29,0
ID-002247,0.0416,0,Low,Stable Value Seekers,6289.16,0
ID-004757,0.0416,0,Low,At-Risk New Customers,2741.04,0
ID-005698,0.0416,0,Low,Stable Value Seekers,6827.0,0
ID-000586,0.0416,0,Low,At-Risk New Customers,3294.29,0
ID-006064,0.0416,0,Low,Stable Value Seekers,3215.04,0
ID-000220,0.0416,0,Low,At-Risk New Customers,1319.73,0
ID-001676,0.0415,0,Low,Stable Value Seekers,5458.94,0
ID-005072,0.0415,0,Low,Stable Value Seekers,1926.57,1
ID-006966,0.0415,0,Low,High Value Loyalists,1521.31,0
ID-000285,0.0414,0,Low,At-Risk New Customers,4923.76,0
ID-003624,0.0414,0,Low,Stable Value Seekers,2075.39,0
ID-001765,0.0414,0,Low,Stable Value Seekers,7372.86,0
ID-003394,0.0413,0,Low,Stable Value Seekers,5838.04,0
ID-006437,0.0413,0,Low,At-Risk New Customers,1537.64,0
ID-002230,0.0413,0,Low,Stable Value Seekers,6592.85,0
ID-003759,0.0412,0,Low,Stable Value Seekers,7127.64,0
ID-002256,0.0412,0,Low,Stable Value Seekers,4491.78,0
ID-003395,0.0411,0,Low,Stable Value Seekers,2497.13,0
ID-001323,0.0411,0,Low,Stable Value Seekers,3879.03,0
ID-002152,0.0411,0,Low,Stable Value Seekers,7843.95,1
ID-006967,0.0411,0,Low,Stable Value Seekers,3854.0,1
ID-006833,0.0411,0,Low,Stable Value Seekers,6637.81,0
ID-001146,0.041,0,Low,Stable Value Seekers,5024.67,0
ID-000639,0.041,0,Low,Stable Value Seekers,2633.69,0
ID-003689,0.041,0,Low,Stable Value Seekers,6369.78,0
ID-004508,0.041,0,Low,Stable Value Seekers,4316.9,0
ID-004968,0.041,0,Low,Stable Value Seekers,2962.65,0
ID-005378,0.0409,0,Low,High Value Loyalists,7445.88,0
ID-005285,0.0409,0,Low,At-Risk New Customers,1888.37,0
ID-003064,0.0409,0,Low,Stable Value Seekers,2063.36,0
ID-004199,0.0408,0,Low,Stable Value Seekers,5824.35,0
ID-005487,0.0408,0,Low,Stable Value Seekers,3033.45,0
ID-004280,0.0408,0,Low,Stable Value Seekers,7573.3,0
ID-006103,0.0408,0,Low,Stable Value Seekers,3264.84,0
ID-001812,0.0408,0,Low,High Value Loyalists,1263.96,0
ID-002045,0.0408,0,Low,Stable Value Seekers,6915.75,0
ID-002924,0.0407,0,Low,Stable Value Seekers,7434.03,0
ID-003746,0.0407,0,Low,Stable Value Seekers,4146.04,0
ID-003440,0.0407,0,Low,Stable Value Seekers,3719.36,0
ID-004894,0.0407,0,Low,Stable Value Seekers,3794.79,0
ID-005901,0.0406,0,Low,Stable Value Seekers,7112.1,0
ID-003303,0.0406,0,Low,At-Risk New Customers,5187.84,0
ID-001986,0.0406,0,Low,Stable Value Seekers,6980.97,0
ID-006550,0.0405,0,Low,Stable Value Seekers,4546.16,0
ID-001155,0.0405,0,Low,Stable Value Seekers,6882.33,0
ID-006993,0.0405,0,Low,Stable Value Seekers,6229.77,0
ID-004630,0.0404,0,Low,High Value Loyalists,5148.28,0
ID-004941,0.0404,0,Low,High Value Loyalists,4401.52,0
ID-002201,0.0404,0,Low,Stable Value Seekers,4410.49,0
ID-003141,0.0403,0,Low,Stable Value Seekers,5061.97,0
ID-000946,0.0403,0,Low,At-Risk New Customers,2115.16,0
ID-006619,0.0403,0,Low,Stable Value Seekers,6874.55,0
ID-003948,0.0403,0,Low,Stable Value Seekers,5898.27,0
ID-002536,0.0403,0,Low,Stable Value Seekers,7177.81,0
ID-000473,0.0401,0,Low,Stable Value Seekers,6053.78,0
ID-006186,0.0401,0,Low,Stable Value Seekers,6296.39,0
ID-000360,0.04,0,Low,Stable Value Seekers,1574.1,0
ID-002173,0.04,0,Low,Stable Value Seekers,6210.13,0
ID-004662,0.04,0,Low,High Value Loyalists,1826.79,0
ID-005220,0.04,0,Low,Stable Value Seekers,3817.9,0
ID-001380,0.04,0,Low,At-Risk New Customers,4571.67,0
ID-004469,0.0399,0,Low,High Value Loyalists,1549.19,0
ID-000852,0.0398,0,Low,Stable Value Seekers,5406.92,0
ID-002348,0.0398,0,Low,Stable Value Seekers,5817.9,0
ID-002864,0.0398,0,Low,Stable Value Seekers,6740.94,0
ID-003888,0.0397,0,Low,Stable Value Seekers,3339.08,0
ID-002098,0.0397,0,Low,Stable Value Seekers,6438.55,0
ID-000328,0.0396,0,Low,Stable Value Seekers,2109.42,0
ID-006309,0.0395,0,Low,At-Risk New Customers,2375.41,0
ID-002200,0.0395,0,Low,Stable Value Seekers,4422.92,0
ID-002373,0.0395,0,Low,High Value Loyalists,3767.23,0
ID-006738,0.0395,0,Low,Stable Value Seekers,6773.11,0
ID-000116,0.0395,0,Low,At-Risk New Customers,1925.12,0
ID-002684,0.0394,0,Low,Stable Value Seekers,6976.61,0
ID-005816,0.0394,0,Low,At-Risk New Customers,1281.38,0
ID-000439,0.0394,0,Low,At-Risk New Customers,6894.39,0
ID-007027,0.0393,0,Low,Stable Value Seekers,6405.24,0
ID-001047,0.0393,0,Low,Stable Value Seekers,2391.3,0
ID-005793,0.0391,0,Low,Stable Value Seekers,3293.26,0
ID-000712,0.0391,0,Low,High Value Loyalists,5072.96,0
ID-003993,0.0391,0,Low,Stable Value Seekers,2529.6,0
ID-000603,0.0391,0,Low,At-Risk New Customers,3493.06,0
ID-003511,0.039,0,Low,Stable Value Seekers,6248.2,0
ID-006236,0.039,0,Low,Stable Value Seekers,7116.36,0
ID-004288,0.039,0,Low,At-Risk New Customers,2582.72,0
ID-006923,0.039,0,Low,Stable Value Seekers,3162.64,0
ID-001777,0.039,0,Low,Stable Value Seekers,6085.91,0
ID-006921,0.0389,0,Low,Stable Value Seekers,2860.35,0
ID-000183,0.0388,0,Low,Stable Value Seekers,6287.88,0
ID-002818,0.0388,0,Low,At-Risk New Customers,6472.04,0
ID-007030,0.0388,0,Low,Stable Value Seekers,7018.8,0
ID-002842,0.0388,0,Low,Stable Value Seekers,6539.59,1
ID-000999,0.0387,0,Low,At-Risk New Customers,1389.06,0
ID-000327,0.0387,0,Low,High Value Loyalists,3895.27,0
ID-003907,0.0386,0,Low,Stable Value Seekers,1784.09,0
ID-002162,0.0385,0,Low,Stable Value Seekers,7246.59,0
ID-002205,0.0385,0,Low,Stable Value Seekers,1400.3,0
ID-002430,0.0385,0,Low,Stable Value Seekers,5074.46,0
ID-003465,0.0385,0,Low,Stable Value Seekers,7354.21,0
ID-000558,0.0385,0,Low,Stable Value Seekers,1542.67,0
ID-006145,0.0384,0,Low,At-Risk New Customers,1482.58,0
ID-000430,0.0384,0,Low,Stable Value Seekers,5465.26,0
ID-006043,0.0384,0,Low,Stable Value Seekers,3428.01,0
ID-000122,0.0383,0,Low,Stable Value Seekers,4425.92,0
ID-003873,0.0383,0,Low,Stable Value Seekers,6367.26,0
ID-005535,0.0383,0,Low,Stable Value Seekers,6572.87,0
ID-006781,0.0383,0,Low,Stable Value Seekers,4780.61,0
ID-003886,0.0383,0,Low,Stable Value Seekers,4240.65,0
ID-000827,0.0383,0,Low,Stable Value Seekers,6904.67,0
ID-001994,0.0382,0,Low,Stable Value Seekers,7337.22,0
ID-001309,0.0382,0,Low,Stable Value Seekers,7617.11,0
ID-001239,0.0382,0,Low,Stable Value Seekers,6758.01,0
ID-003653,0.0382,0,Low,At-Risk New Customers,4888.3,0
ID-001032,0.0382,0,Low,Stable Value Seekers,1424.18,0
ID-000890,0.0381,0,Low,Stable Value Seekers,6845.04,0
ID-004884,0.0381,0,Low,Stable Value Seekers,3028.14,0
ID-000646,0.0381,0,Low,Stable Value Seekers,4038.04,0
ID-000952,0.0381,0,Low,At-Risk New Customers,2390.69,0
ID-003736,0.038,0,Low,Stable Value Seekers,7165.41,0
ID-005815,0.038,0,Low,Stable Value Seekers,4555.38,1
ID-004077,0.038,0,Low,Stable Value Seekers,1216.93,0
ID-004350,0.038,0,Low,Stable Value Seekers,4443.89,0
ID-002661,0.038,0,Low,Stable Value Seekers,4928.32,0
ID-006247,0.038,0,Low,Stable Value Seekers,7118.85,0
ID-002831,0.0379,0,Low,Stable Value Seekers,7515.98,0
ID-003682,0.0379,0,Low,Stable Value Seekers,6499.51,0
ID-000934,0.0379,0,Low,Stable Value Seekers,2391.53,0
ID-005512,0.0378,0,Low,Stable Value Seekers,1328.11,0
ID-005844,0.0378,0,Low,Stable Value Seekers,2024.67,0
ID-003936,0.0378,0,Low,Stable Value Seekers,7288.48,1
ID-004670,0.0378,0,Low,Stable Value Seekers,4918.81,0
ID-001925,0.0377,0,Low,High Value Loyalists,5111.3,0
ID-004520,0.0377,0,Low,Stable Value Seekers,7819.5,0
ID-003531,0.0377,0,Low,Stable Value Seekers,5076.32,0
ID-001385,0.0377,0,Low,High Value Loyalists,2617.67,0
ID-005283,0.0376,0,Low,At-Risk New Customers,2992.6,0
ID-004927,0.0376,0,Low,Stable Value Seekers,1397.22,0
ID-001300,0.0376,0,Low,Stable Value Seekers,5012.44,0
ID-006854,0.0376,0,Low,Stable Value Seekers,2694.3,0
ID-001655,0.0376,0,Low,Stable Value Seekers,2159.55,0
ID-002308,0.0376,0,Low,Stable Value Seekers,4601.2,0
ID-001921,0.0376,0,Low,Stable Value Seekers,4253.09,0
ID-001284,0.0376,0,Low,Stable Value Seekers,6120.53,0
ID-005399,0.0376,0,Low,Stable Value Seekers,4273.17,0
ID-004353,0.0375,0,Low,Stable Value Seekers,7229.77,0
ID-001045,0.0375,0,Low,High Value Loyalists,1941.74,0
ID-000741,0.0375,0,Low,Stable Value Seekers,7651.55,0
ID-002679,0.0375,0,Low,Stable Value Seekers,7210.39,0
ID-003824,0.0374,0,Low,Stable Value Seekers,5441.54,0
ID-002363,0.0374,0,Low,Stable Value Seekers,5622.94,0
ID-005352,0.0374,0,Low,Stable Value Seekers,2731.05,0
ID-006157,0.0374,0,Low,Stable Value Seekers,3223.76,0
ID-002928,0.0373,0,Low,Stable Value Seekers,4916.28,0
ID-001312,0.0373,0,Low,Stable Value Seekers,7031.21,0
ID-003488,0.0373,0,Low,Stable Value Seekers,5802.17,0
ID-004010,0.0373,0,Low,Stable Value Seekers,1220.34,0
ID-004044,0.0372,0,Low,Stable Value Seekers,1879.34,0
ID-000275,0.0371,0,Low,Stable Value Seekers,2113.27,0
ID-000808,0.0371,0,Low,Stable Value Seekers,6640.24,0
ID-000684,0.0371,0,Low,Stable Value Seekers,3342.03,0
ID-005851,0.0371,0,Low,At-Risk New Customers,2825.93,0
ID-004047,0.0371,0,Low,Stable Value Seekers,7270.04,0
ID-002856,0.0371,0,Low,Stable Value Seekers,4103.98,0
ID-006749,0.0371,0,Low,At-Risk New Customers,4384.11,0
ID-006129,0.0371,0,Low,High Value Loyalists,2373.4,0
ID-003645,0.037,0,Low,Stable Value Seekers,4418.95,1
ID-006094,0.0369,0,Low,Stable Value Seekers,1789.64,0
ID-001212,0.0369,0,Low,Stable Value Seekers,1915.8,0
ID-002878,0.0368,0,Low,At-Risk New Customers,3702.26,0
ID-003715,0.0368,0,Low,Stable Value Seekers,7521.46,0
ID-001842,0.0367,0,Low,Stable Value Seekers,6672.43,0
ID-005193,0.0367,0,Low,Stable Value Seekers,5272.21,0
ID-005375,0.0367,0,Low,At-Risk New Customers,3090.5,0
ID-006169,0.0367,0,Low,Stable Value Seekers,2693.2,0
ID-000730,0.0366,0,Low,Stable Value Seekers,3839.88,0
ID-003181,0.0366,0,Low,Stable Value Seekers,3531.01,1
ID-003724,0.0366,0,Low,Stable Value Seekers,2522.03,0
ID-003342,0.0365,0,Low,Stable Value Seekers,6918.92,0
ID-003335,0.0365,0,Low,Stable Value Seekers,3965.58,0
ID-005351,0.0365,0,Low,Stable Value Seekers,1186.15,0
ID-006759,0.0365,0,Low,Stable Value Seekers,4836.79,0
ID-006367,0.0365,0,Low,Stable Value Seekers,2229.84,0
ID-004201,0.0365,0,Low,Stable Value Seekers,4107.55,0
ID-001961,0.0365,0,Low,Stable Value Seekers,2865.48,0
ID-001220,0.0364,0,Low,Stable Value Seekers,1522.63,0
ID-002533,0.0364,0,Low,Stable Value Seekers,4644.95,0
ID-001201,0.0362,0,Low,Stable Value Seekers,3638.64,0
ID-001174,0.0362,0,Low,Stable Value Seekers,6460.65,0
ID-000849,0.0362,0,Low,Stable Value Seekers,2551.2,0
ID-004566,0.0362,0,Low,High Value Loyalists,5195.52,0
ID-004284,0.0362,0,Low,At-Risk New Customers,1579.49,0
ID-001824,0.0361,0,Low,Stable Value Seekers,7263.16,0
ID-006686,0.0361,0,Low,At-Risk New Customers,2502.34,0
ID-000268,0.036,0,Low,Stable Value Seekers,5519.54,0
ID-005944,0.036,0,Low,At-Risk New Customers,2583.88,0
ID-005353,0.036,0,Low,Stable Value Seekers,2155.53,0
ID-001140,0.0359,0,Low,At-Risk New Customers,3199.72,0
ID-003677,0.0359,0,Low,Stable Value Seekers,2095.32,0
ID-001917,0.0359,0,Low,At-Risk New Customers,3218.42,0
ID-000602,0.0359,0,Low,Stable Value Seekers,4056.54,0
ID-003093,0.0359,0,Low,At-Risk New Customers,6019.33,0
ID-003755,0.0358,0,Low,Stable Value Seekers,6535.08,0
ID-006866,0.0358,0,Low,Stable Value Seekers,3594.69,0
ID-002602,0.0357,0,Low,Stable Value Seekers,1246.98,0
ID-004609,0.0357,0,Low,High Value Loyalists,6088.37,0
ID-003595,0.0356,0,Low,Stable Value Seekers,7112.91,0
ID-006660,0.0356,0,Low,Stable Value Seekers,6094.48,0
ID-001176,0.0356,0,Low,Stable Value Seekers,6993.76,0
ID-003145,0.0356,0,Low,Stable Value Seekers,2302.39,0
ID-006495,0.0355,0,Low,High Value Loyalists,1579.61,0
ID-000309,0.0355,0,Low,Stable Value Seekers,2573.11,0
ID-003597,0.0355,0,Low,Stable Value Seekers,7387.27,0
ID-002417,0.0355,0,Low,Stable Value Seekers,4729.25,0
ID-005053,0.0355,0,Low,Stable Value Seekers,4967.08,0
ID-004221,0.0355,0,Low,Stable Value Seekers,6516.98,0
ID-005254,0.0355,0,Low,At-Risk New Customers,1178.92,0
ID-000152,0.0355,0,Low,Stable Value Seekers,1246.69,0
ID-005105,0.0354,0,Low,Stable Value Seekers,1887.9,0
ID-005592,0.0354,0,Low,Stable Value Seekers,4689.69,0
ID-002095,0.0353,0,Low,At-Risk New Customers,3232.02,0
ID-000671,0.0352,0,Low,Stable Value Seekers,6140.41,0
ID-003024,0.0352,0,Low,Stable Value Seekers,5343.7,0
ID-006700,0.0352,0,Low,At-Risk New Customers,3210.03,0
ID-002110,0.0352,0,Low,At-Risk New Customers,2155.93,0
ID-006246,0.0352,0,Low,Stable Value Seekers,5327.67,0
ID-002227,0.0352,0,Low,At-Risk New Customers,4335.71,0
ID-000904,0.0351,0,Low,Stable Value Seekers,6612.86,0
ID-004421,0.0351,0,Low,Stable Value Seekers,6058.27,0
ID-005410,0.0351,0,Low,High Value Loyalists,4558.75,0
ID-006584,0.0351,0,Low,Stable Value Seekers,2864.03,0
ID-001165,0.0351,0,Low,Stable Value Seekers,2826.62,0
ID-004891,0.0351,0,Low,High Value Loyalists,4540.26,0
ID-005411,0.0351,0,Low,Stable Value Seekers,3277.57,0
ID-006045,0.0351,0,Low,Stable Value Seekers,7204.2,0
ID-001814,0.0351,0,Low,Stable Value Seekers,4275.97,0
ID-000148,0.0351,0,Low,High Value Loyalists,4584.77,0
ID-004498,0.0351,0,Low,Stable Value Seekers,6067.83,0
ID-006722,0.035,0,Low,Stable Value Seekers,4749.01,0
ID-003698,0.035,0,Low,Stable Value Seekers,7541.31,0
ID-006790,0.035,0,Low,Stable Value Seekers,1181.68,1
ID-002981,0.035,0,Low,Stable Value Seekers,7086.3,0
ID-006607,0.0349,0,Low,Stable Value Seekers,3523.39,0
ID-004922,0.0349,0,Low,Stable Value Seekers,3734.8,0
ID-002544,0.0349,0,Low,Stable Value Seekers,1199.27,0
ID-002293,0.0349,0,Low,Stable Value Seekers,7212.09,0
ID-006244,0.0349,0,Low,Stable Value Seekers,7191.15,0
ID-005614,0.0349,0,Low,Stable Value Seekers,5238.33,0
ID-002700,0.0349,0,Low,Stable Value Seekers,7572.12,0
ID-000522,0.0348,0,Low,At-Risk New Customers,2617.54,0
ID-000718,0.0348,0,Low,At-Risk New Customers,5852.17,0
ID-002457,0.0347,0,Low,Stable Value Seekers,5270.06,0
ID-000942,0.0347,0,Low,Stable Value Seekers,5098.29,0
ID-003114,0.0347,0,Low,High Value Loyalists,5973.34,0
ID-006198,0.0347,0,Low,Stable Value Seekers,2862.28,0
ID-006139,0.0347,0,Low,Stable Value Seekers,2216.77,0
ID-000957,0.0347,0,Low,High Value Loyalists,2262.26,0
ID-005334,0.0347,0,Low,Stable Value Seekers,6949.04,0
ID-001382,0.0346,0,Low,Stable Value Seekers,5928.85,0
ID-004866,0.0346,0,Low,At-Risk New Customers,5581.84,0
ID-005042,0.0346,0,Low,Stable Value Seekers,5783.63,0
ID-003251,0.0346,0,Low,Stable Value Seekers,5297.47,0
ID-001953,0.0346,0,Low,Stable Value Seekers,6602.59,0
ID-006860,0.0345,0,Low,Stable Value Seekers,2490.91,0
ID-004897,0.0345,0,Low,Stable Value Seekers,4640.23,0
ID-001517,0.0345,0,Low,Stable Value Seekers,3112.66,0
ID-006977,0.0345,0,Low,Stable Value Seekers,7236.62,0
ID-001558,0.0345,0,Low,Stable Value Seekers,3712.46,0
ID-001682,0.0345,0,Low,Stable Value Seekers,6311.59,0
ID-005427,0.0345,0,Low,Stable Value Seekers,1908.91,0
ID-004819,0.0344,0,Low,Stable Value Seekers,3845.97,0
ID-001244,0.0343,0,Low,Stable Value Seekers,3302.77,0
ID-005537,0.0343,0,Low,Stable Value Seekers,2406.73,0
ID-004187,0.0343,0,Low,Stable Value Seekers,5572.89,0
ID-004042,0.0343,0,Low,Stable Value Seekers,1851.92,0
ID-002504,0.0342,0,Low,Stable Value Seekers,2179.23,0
ID-004415,0.0342,0,Low,Stable Value Seekers,3728.89,0
ID-006574,0.0342,0,Low,Stable Value Seekers,3645.23,0
ID-005444,0.0342,0,Low,Stable Value Seekers,1617.47,0
ID-003616,0.0341,0,Low,Stable Value Seekers,4376.62,1
ID-000748,0.0341,0,Low,High Value Loyalists,2316.35,0
ID-000257,0.0341,0,Low,Stable Value Seekers,4897.68,0
ID-006231,0.034,0,Low,At-Risk New Customers,1318.59,0
ID-004164,0.034,0,Low,Stable Value Seekers,4939.33,0
ID-005145,0.034,0,Low,Stable Value Seekers,1306.62,0
ID-006744,0.034,0,Low,Stable Value Seekers,5328.35,0
ID-003821,0.0339,0,Low,Stable Value Seekers,4076.03,0
ID-002270,0.0339,0,Low,Stable Value Seekers,6573.14,0
ID-006895,0.0339,0,Low,At-Risk New Customers,1242.87,0
ID-001967,0.0338,0,Low,Stable Value Seekers,4677.66,0
ID-005548,0.0338,0,Low,Stable Value Seekers,7410.53,0
ID-001381,0.0338,0,Low,Stable Value Seekers,5195.52,0
ID-001645,0.0338,0,Low,Stable Value Seekers,5238.99,0
ID-006592,0.0338,0,Low,High Value Loyalists,5150.33,0
ID-004121,0.0338,0,Low,Stable Value Seekers,2336.1,0
ID-005875,0.0338,0,Low,Stable Value Seekers,6148.63,0
ID-001169,0.0337,0,Low,Stable Value Seekers,6204.46,0
ID-001010,0.0337,0,Low,Stable Value Seekers,1485.75,0
ID-003173,0.0337,0,Low,Stable Value Seekers,4940.13,0
ID-000655,0.0337,0,Low,Stable Value Seekers,1311.89,0
ID-006904,0.0337,0,Low,Stable Value Seekers,4850.43,0
ID-006911,0.0337,0,Low,Stable Value Seekers,4319.79,0
ID-000632,0.0336,0,Low,Stable Value Seekers,4569.02,0
ID-001674,0.0336,0,Low,Stable Value Seekers,3848.36,0
ID-001394,0.0336,0,Low,Stable Value Seekers,7433.81,0
ID-000732,0.0336,0,Low,High Value Loyalists,1591.25,0
ID-002248,0.0336,0,Low,Stable Value Seekers,2823.32,0
ID-000381,0.0336,0,Low,Stable Value Seekers,5356.43,0
ID-005914,0.0336,0,Low,Stable Value Seekers,4354.71,0
ID-002577,0.0336,0,Low,Stable Value Seekers,2060.34,1
ID-002510,0.0335,0,Low,Stable Value Seekers,7908.31,0
ID-005006,0.0335,0,Low,Stable Value Seekers,3106.49,0
ID-006123,0.0334,0,Low,Stable Value Seekers,3492.67,0
ID-004490,0.0334,0,Low,Stable Value Seekers,1826.24,0
ID-002973,0.0334,0,Low,Stable Value Seekers,3496.09,0
ID-005776,0.0334,0,Low,Stable Value Seekers,6892.21,0
ID-003970,0.0334,0,Low,Stable Value Seekers,4701.59,0
ID-006090,0.0334,0,Low,Stable Value Seekers,3404.31,0
ID-004504,0.0334,0,Low,Stable Value Seekers,2671.71,0
ID-002994,0.0333,0,Low,Stable Value Seekers,5248.93,0
ID-006069,0.0333,0,Low,Stable Value Seekers,2742.32,0
ID-000626,0.0333,0,Low,Stable Value Seekers,2049.49,0
ID-003844,0.0332,0,Low,Stable Value Seekers,6289.03,0
ID-000951,0.0332,0,Low,Stable Value Seekers,3703.18,0
ID-000373,0.0332,0,Low,Stable Value Seekers,6868.97,0
ID-004216,0.0332,0,Low,Stable Value Seekers,1797.34,0
ID-005154,0.0332,0,Low,Stable Value Seekers,6490.29,0
ID-003220,0.0332,0,Low,Stable Value Seekers,4678.57,0
ID-004270,0.0332,0,Low,Stable Value Seekers,5934.32,0
ID-005093,0.0332,0,Low,At-Risk New Customers,5024.91,0
ID-005345,0.0331,0,Low,Stable Value Seekers,1969.89,0
ID-006337,0.0331,0,Low,Stable Value Seekers,3330.43,0
ID-004090,0.0331,0,Low,At-Risk New Customers,2366.1,0
ID-006778,0.0331,0,Low,Stable Value Seekers,3053.77,0
ID-003749,0.0331,0,Low,Stable Value Seekers,6622.44,0
ID-004267,0.0331,0,Low,Stable Value Seekers,5202.37,0
ID-006932,0.033,0,Low,Stable Value Seekers,3538.54,0
ID-002357,0.033,0,Low,Stable Value Seekers,1768.94,0
ID-000437,0.033,0,Low,Stable Value Seekers,4747.04,0
ID-006476,0.0329,0,Low,Stable Value Seekers,1489.7,0
ID-006499,0.0329,0,Low,Stable Value Seekers,5715.9,0
ID-005546,0.0329,0,Low,Stable Value Seekers,3192.79,0
ID-003389,0.0328,0,Low,Stable Value Seekers,7305.09,0
ID-006338,0.0328,0,Low,Stable Value Seekers,2070.54,0
ID-002972,0.0328,0,Low,Stable Value Seekers,5480.72,0
ID-006336,0.0327,0,Low,Stable Value Seekers,4911.01,0
ID-004937,0.0327,0,Low,Stable Value Seekers,2238.29,0
ID-004124,0.0327,0,Low,Stable Value Seekers,5478.71,0
ID-006426,0.0327,0,Low,Stable Value Seekers,7123.18,0
ID-005751,0.0327,0,Low,Stable Value Seekers,5746.75,0
ID-003524,0.0327,0,Low,Stable Value Seekers,4476.58,0
ID-000598,0.0326,0,Low,Stable Value Seekers,7462.73,0
ID-004571,0.0326,0,Low,Stable Value Seekers,5359.17,0
ID-002773,0.0326,0,Low,Stable Value Seekers,5167.45,0
ID-002865,0.0325,0,Low,Stable Value Seekers,6985.06,0
ID-000214,0.0325,0,Low,Stable Value Seekers,5850.1,0
ID-005517,0.0325,0,Low,Stable Value Seekers,5012.44,0
ID-005937,0.0325,0,Low,At-Risk New Customers,3738.7,0
ID-005000,0.0324,0,Low,Stable Value Seekers,5743.28,0
ID-002706,0.0324,0,Low,Stable Value Seekers,6053.45,0
ID-004770,0.0324,0,Low,Stable Value Seekers,6282.83,0
ID-006528,0.0323,0,Low,Stable Value Seekers,2796.32,0
ID-005746,0.0323,0,Low,Stable Value Seekers,3463.45,0
ID-006593,0.0323,0,Low,At-Risk New Customers,4802.48,0
ID-004389,0.0323,0,Low,Stable Value Seekers,3835.7,0
ID-002566,0.0323,0,Low,Stable Value Seekers,1357.99,0
ID-001069,0.0323,0,Low,At-Risk New Customers,2359.34,0
ID-003305,0.0322,0,Low,Stable Value Seekers,2710.71,0
ID-006154,0.0322,0,Low,Stable Value Seekers,7227.89,0
ID-004542,0.0322,0,Low,Stable Value Seekers,5783.0,0
ID-006601,0.0322,0,Low,Stable Value Seekers,7468.27,0
ID-006033,0.0321,0,Low,Stable Value Seekers,6326.81,0
ID-001832,0.0321,0,Low,Stable Value Seekers,2722.38,0
ID-003208,0.0321,0,Low,Stable Value Seekers,4028.79,0
ID-004543,0.0321,0,Low,Stable Value Seekers,4093.72,1
ID-002753,0.032,0,Low,Stable Value Seekers,6046.61,0
ID-003209,0.032,0,Low,Stable Value Seekers,5092.2,0
ID-000807,0.0319,0,Low,Stable Value Seekers,5202.37,0
ID-004640,0.0319,0,Low,Stable Value Seekers,7386.9,0
ID-002090,0.0319,0,Low,Stable Value Seekers,7728.41,0
ID-005503,0.0319,0,Low,Stable Value Seekers,1881.56,0
ID-006227,0.0319,0,Low,Stable Value Seekers,7266.06,0
ID-005273,0.0318,0,Low,At-Risk New Customers,2636.88,0
ID-001576,0.0318,0,Low,Stable Value Seekers,2846.31,0
ID-003792,0.0318,0,Low,Stable Value Seekers,7132.55,0
ID-001225,0.0318,0,Low,Stable Value Seekers,6943.9,0
ID-002651,0.0317,0,Low,Stable Value Seekers,5428.32,0
ID-003579,0.0317,0,Low,Stable Value Seekers,2417.64,0
ID-004691,0.0317,0,Low,High Value Loyalists,4895.62,0
ID-001892,0.0317,0,Low,Stable Value Seekers,7360.94,0
ID-004462,0.0317,0,Low,Stable Value Seekers,2994.55,0
ID-006808,0.0316,0,Low,Stable Value Seekers,7110.63,0
ID-004955,0.0316,0,Low,Stable Value Seekers,5342.38,0
ID-000722,0.0316,0,Low,Stable Value Seekers,5354.36,0
ID-000451,0.0315,0,Low,Stable Value Seekers,5546.09,0
ID-005473,0.0315,0,Low,Stable Value Seekers,6365.68,0
ID-007037,0.0315,0,Low,Stable Value Seekers,6648.94,0
ID-003454,0.0315,0,Low,At-Risk New Customers,5868.66,0
ID-004820,0.0315,0,Low,Stable Value Seekers,3051.03,0
ID-007035,0.0314,0,Low,Stable Value Seekers,5778.89,0
ID-004058,0.0314,0,Low,Stable Value Seekers,3489.24,0
ID-004185,0.0314,0,Low,Stable Value Seekers,7505.71,0
ID-005435,0.0313,0,Low,Stable Value Seekers,1324.4,0
ID-000823,0.0313,0,Low,Stable Value Seekers,4772.63,0
ID-001606,0.0313,0,Low,Stable Value Seekers,3055.95,0
ID-000608,0.0312,0,Low,Stable Value Seekers,6346.72,0
ID-006282,0.0312,0,Low,Stable Value Seekers,6376.35,0
ID-006460,0.0312,0,Low,Stable Value Seekers,4703.22,0
ID-004838,0.0311,0,Low,Stable Value Seekers,3690.67,0
ID-005804,0.0311,0,Low,Stable Value Seekers,7054.03,0
ID-006582,0.0311,0,Low,Stable Value Seekers,7180.47,0
ID-004450,0.0311,0,Low,Stable Value Seekers,7530.18,0
ID-001452,0.031,0,Low,Stable Value Seekers,4921.64,0
ID-006891,0.031,0,Low,At-Risk New Customers,3098.5,0
ID-000829,0.031,0,Low,Stable Value Seekers,1846.06,0
ID-004184,0.0309,0,Low,Stable Value Seekers,2418.52,1
ID-002259,0.0309,0,Low,Stable Value Seekers,1575.32,0
ID-005095,0.0309,0,Low,Stable Value Seekers,1674.78,0
ID-007011,0.0309,0,Low,Stable Value Seekers,7154.13,0
ID-001899,0.0309,0,Low,High Value Loyalists,4612.16,0
ID-000609,0.0309,0,Low,Stable Value Seekers,5747.39,0
ID-004818,0.0309,0,Low,Stable Value Seekers,4376.91,0
ID-003935,0.0308,0,Low,Stable Value Seekers,2753.19,0
ID-001673,0.0308,0,Low,Stable Value Seekers,1613.38,0
ID-001059,0.0308,0,Low,Stable Value Seekers,6461.54,0
ID-001429,0.0307,0,Low,Stable Value Seekers,4044.99,0
ID-001976,0.0307,0,Low,Stable Value Seekers,3932.15,0
ID-002144,0.0307,0,Low,At-Risk New Customers,3286.33,0
ID-003429,0.0307,0,Low,Stable Value Seekers,5927.47,0
ID-005520,0.0306,0,Low,Stable Value Seekers,5693.99,0
ID-005167,0.0306,0,Low,Stable Value Seekers,5559.71,0
ID-002971,0.0305,0,Low,Stable Value Seekers,6558.08,0
ID-001756,0.0305,0,Low,Stable Value Seekers,3794.62,0
ID-004465,0.0304,0,Low,Stable Value Seekers,1948.66,0
ID-006729,0.0304,0,Low,Stable Value Seekers,1377.09,0
ID-000256,0.0303,0,Low,Stable Value Seekers,4211.6,0
ID-002432,0.0302,0,Low,Stable Value Seekers,1750.5,1
ID-001897,0.0302,0,Low,At-Risk New Customers,2995.96,0
ID-003300,0.0301,0,Low,Stable Value Seekers,4930.54,0
ID-005942,0.0301,0,Low,Stable Value Seekers,3341.35,0
ID-004000,0.0301,0,Low,Stable Value Seekers,3488.49,0
ID-002841,0.0301,0,Low,Stable Value Seekers,4232.02,0
ID-005949,0.0301,0,Low,At-Risk New Customers,5085.42,0
ID-006042,0.0301,0,Low,Stable Value Seekers,1787.07,0
ID-005044,0.0301,0,Low,Stable Value Seekers,3180.27,0
ID-001811,0.03,0,Low,Stable Value Seekers,3711.09,0
ID-001422,0.03,0,Low,Stable Value Seekers,2592.97,0
ID-000723,0.0299,0,Low,Stable Value Seekers,3354.36,0
ID-001572,0.0299,0,Low,Stable Value Seekers,6006.86,0
ID-005752,0.0298,0,Low,Stable Value Seekers,5697.36,0
ID-000239,0.0298,0,Low,Stable Value Seekers,5806.98,0
ID-000420,0.0297,0,Low,Stable Value Seekers,1811.72,0
ID-001152,0.0297,0,Low,Stable Value Seekers,5655.64,0
ID-000715,0.0296,0,Low,Stable Value Seekers,6511.52,0
ID-003118,0.0296,0,Low,Stable Value Seekers,6886.78,0
ID-001859,0.0296,0,Low,Stable Value Seekers,6004.91,0
ID-001086,0.0296,0,Low,Stable Value Seekers,2977.94,0
ID-006505,0.0296,0,Low,Stable Value Seekers,3853.51,0
ID-002210,0.0295,0,Low,Stable Value Seekers,5451.71,0
ID-001932,0.0295,0,Low,Stable Value Seekers,1886.83,0
ID-005440,0.0294,0,Low,Stable Value Seekers,2501.94,0
ID-005259,0.0294,0,Low,Stable Value Seekers,4966.5,0
ID-006153,0.0293,0,Low,Stable Value Seekers,2127.87,0
ID-001603,0.0293,0,Low,Stable Value Seekers,5111.99,0
ID-005506,0.0293,0,Low,Stable Value Seekers,4515.62,0
ID-000794,0.0293,0,Low,Stable Value Seekers,5752.19,0
ID-005003,0.0293,0,Low,Stable Value Seekers,2862.18,0
ID-001401,0.0292,0,Low,Stable Value Seekers,1378.31,0
ID-002309,0.0292,0,Low,Stable Value Seekers,4735.18,0
ID-003847,0.0292,0,Low,Stable Value Seekers,6833.97,0
ID-001514,0.0292,0,Low,Stable Value Seekers,3999.35,0
ID-006657,0.0292,0,Low,At-Risk New Customers,3367.99,0
ID-001150,0.0291,0,Low,Stable Value Seekers,7411.64,0
ID-001021,0.0291,0,Low,Stable Value Seekers,2094.94,0
ID-004447,0.0291,0,Low,Stable Value Seekers,5800.11,0
ID-003419,0.0291,0,Low,Stable Value Seekers,5745.34,0
ID-000782,0.0291,0,Low,Stable Value Seekers,2354.69,0
ID-004994,0.029,0,Low,Stable Value Seekers,3365.42,0
ID-002722,0.029,0,Low,Stable Value Seekers,6402.7,0
ID-003365,0.029,0,Low,Stable Value Seekers,2528.28,0
ID-005451,0.029,0,Low,Stable Value Seekers,1450.2,0
ID-002330,0.0289,0,Low,Stable Value Seekers,4298.56,0
ID-005783,0.0289,0,Low,At-Risk New Customers,3888.92,0
ID-000172,0.0288,0,Low,Stable Value Seekers,6627.62,0
ID-006649,0.0288,0,Low,At-Risk New Customers,1665.03,0
ID-000954,0.0286,0,Low,Stable Value Seekers,5108.59,0
ID-003702,0.0285,0,Low,Stable Value Seekers,6468.18,0
ID-001473,0.0284,0,Low,Stable Value Seekers,4219.82,0
ID-002652,0.0284,0,Low,Stable Value Seekers,4325.95,0
ID-002265,0.0283,0,Low,Stable Value Seekers,1586.51,0
ID-000691,0.0283,0,Low,Stable Value Seekers,7152.22,0
ID-000143,0.0282,0,Low,Stable Value Seekers,5841.06,0
ID-004829,0.0279,0,Low,Stable Value Seekers,4019.2,0
ID-002880,0.0279,0,Low,Stable Value Seekers,1753.52,0
ID-004021,0.0277,0,Low,Stable Value Seekers,4014.41,0
ID-003244,0.0277,0,Low,At-Risk New Customers,3759.33,1
ID-006087,0.0276,0,Low,Stable Value Seekers,5702.63,1
ID-006332,0.0275,0,Low,Stable Value Seekers,3908.28,0
ID-004422,0.0275,0,Low,Stable Value Seekers,3075.0,0
ID-003039,0.0274,0,Low,Stable Value Seekers,1259.17,0
ID-002775,0.0274,0,Low,Stable Value Seekers,5853.52,0
ID-005864,0.0274,0,Low,Stable Value Seekers,1728.38,0
ID-001559,0.0273,0,Low,Stable Value Seekers,2998.31,0
ID-006689,0.0273,0,Low,At-Risk New Customers,2443.52,0
ID-000370,0.0272,0,Low,Stable Value Seekers,3058.57,0
ID-000049,0.0271,0,Low,Stable Value Seekers,1530.99,0
ID-003243,0.0271,0,Low,Stable Value Seekers,5777.52,0
ID-001454,0.0269,0,Low,Stable Value Seekers,6171.35,0
ID-000690,0.0269,0,Low,Stable Value Seekers,4601.88,0
ID-005906,0.0268,0,Low,Stable Value Seekers,6411.39,0
ID-002757,0.0268,0,Low,Stable Value Seekers,4717.22,0
ID-001083,0.0268,0,Low,Stable Value Seekers,1363.91,0
ID-002161,0.0265,0,Low,Stable Value Seekers,2417.0,0
ID-002605,0.0263,0,Low,Stable Value Seekers,6679.96,0
ID-004976,0.0262,0,Low,Stable Value Seekers,6382.64,0
ID-001115,0.0261,0,Low,Stable Value Seekers,7626.22,0
ID-006754,0.0259,0,Low,Stable Value Seekers,2622.41,0
ID-005030,0.0259,0,Low,Stable Value Seekers,3026.17,0
ID-004250,0.0259,0,Low,Stable Value Seekers,3880.0,0
ID-000449,0.0258,0,Low,Stable Value Seekers,2833.3,0
ID-002163,0.0258,0,Low,Stable Value Seekers,6827.85,0
ID-004306,0.0257,0,Low,Stable Value Seekers,6973.01,0
ID-006562,0.0256,0,Low,Stable Value Seekers,1741.88,0
ID-002276,0.0253,0,Low,Stable Value Seekers,2990.78,0
ID-002261,0.0252,0,Low,Stable Value Seekers,3220.74,0
ID-000961,0.0252,0,Low,Stable Value Seekers,4516.3,0
ID-000636,0.0252,0,Low,Stable Value Seekers,3494.04,0
ID-001800,0.0252,0,Low,Stable Value Seekers,2053.33,0
ID-000889,0.025,0,Low,Stable Value Seekers,6482.76,0
ID-001489,0.025,0,Low,Stable Value Seekers,2259.52,0
ID-001392,0.025,0,Low,Stable Value Seekers,3585.8,0
ID-006311,0.025,0,Low,Stable Value Seekers,7608.89,0
ID-004330,0.0249,0,Low,Stable Value Seekers,6803.89,0
ID-004108,0.0247,0,Low,Stable Value Seekers,1900.22,0
ID-002621,0.0243,0,Low,Stable Value Seekers,4356.76,0
ID-000975,0.0242,0,Low,Stable Value Seekers,3600.17,0
ID-004433,0.0242,0,Low,Stable Value Seekers,4695.69,0
ID-005338,0.024,0,Low,Stable Value Seekers,7503.65,0
ID-006150,0.0239,0,Low,Stable Value Seekers,6024.7,0
ID-004903,0.0239,0,Low,Stable Value Seekers,6971.64,0
ID-006575,0.0239,0,Low,Stable Value Seekers,2988.73,0
ID-003815,0.0236,0,Low,Stable Value Seekers,2194.47,0
ID-005097,0.0236,0,Low,Stable Value Seekers,2204.06,0
ID-002133,0.0232,0,Low,Stable Value Seekers,7816.83,0
ID-004133,0.0231,0,Low,Stable Value Seekers,5604.37,0
ID-003227,0.023,0,Low,Stable Value Seekers,5203.74,0
ID-002583,0.0229,0,Low,Stable Value Seekers,1806.93,0
ID-004236,0.0227,0,Low,Stable Value Seekers,3306.43,0
ID-005385,0.0226,0,Low,Stable Value Seekers,2878.49,0
ID-002113,0.0226,0,Low,Stable Value Seekers,5887.07,0
ID-001780,0.0225,0,Low,Stable Value Seekers,1311.89,0
ID-000803,0.0224,0,Low,Stable Value Seekers,7635.12,0
ID-006815,0.0223,0,Low,Stable Value Seekers,5210.59,0
ID-001619,0.0223,0,Low,Stable Value Seekers,3307.8,0
ID-000986,0.0222,0,Low,Stable Value Seekers,7531.04,0
ID-005178,0.0221,0,Low,Stable Value Seekers,2026.03,0
ID-000977,0.0219,0,Low,Stable Value Seekers,3187.97,0
ID-003757,0.0215,0,Low,Stable Value Seekers,4852.49,0
ID-003643,0.0215,0,Low,Stable Value Seekers,5491.37,0
ID-004708,0.0211,0,Low,Stable Value Seekers,3027.75,0
ID-000757,0.021,0,Low,Stable Value Seekers,5583.75,0
ID-002899,0.021,0,Low,Stable Value Seekers,6615.32,0
ID-005590,0.021,0,Low,Stable Value Seekers,5437.22,0
ID-003231,0.021,0,Low,Stable Value Seekers,3287.26,1
ID-006457,0.0209,0,Low,Stable Value Seekers,5378.37,0
ID-003043,0.0206,0,Low,Stable Value Seekers,6603.27,0
ID-004191,0.0202,0,Low,Stable Value Seekers,5978.14,0
ID-001540,0.0202,0,Low,Stable Value Seekers,2857.95,0
ID-005233,0.0201,0,Low,Stable Value Seekers,3272.19,0
ID-002849,0.0201,0,Low,Stable Value Seekers,4742.25,0
ID-003706,0.0201,0,Low,Stable Value Seekers,3868.63,0
ID-006075,0.02,0,Low,Stable Value Seekers,2547.09,0
ID-005134,0.02,0,Low,Stable Value Seekers,2598.45,0
ID-004226,0.0199,0,Low,Stable Value Seekers,1824.05,0
ID-005039,0.0198,0,Low,Stable Value Seekers,6462.91,0
ID-007009,0.0197,0,Low,At-Risk New Customers,1579.01,0
ID-002196,0.0197,0,Low,Stable Value Seekers,2152.28,0
ID-005809,0.0197,0,Low,Stable Value Seekers,3806.95,0
ID-005842,0.0196,0,Low,Stable Value Seekers,1567.28,0
ID-001984,0.0195,0,Low,Stable Value Seekers,7098.31,0
ID-006293,0.0194,0,Low,Stable Value Seekers,5304.39,0
ID-006784,0.0193,0,Low,Stable Value Seekers,5357.11,0
ID-003720,0.0191,0,Low,Stable Value Seekers,1664.86,0
ID-005314,0.019,0,Low,Stable Value Seekers,2723.06,0
ID-003479,0.0181,0,Low,Stable Value Seekers,2634.73,0
ID-001291,0.0181,0,Low,Stable Value Seekers,2762.09,0
ID-002239,0.018,0,Low,Stable Value Seekers,1741.88,0
ID-005056,0.017,0,Low,Stable Value Seekers,1415.28,0
ID-000846,0.017,0,Low,Stable Value Seekers,7637.86,0
ID-004729,0.0166,0,Low,Stable Value Seekers,2295.81,0
ID-000549,0.0165,0,Low,Stable Value Seekers,2115.05,0
ID-006377,0.0165,0,Low,Stable Value Seekers,2764.14,0
ID-005525,0.0163,0,Low,Stable Value Seekers,4041.8,0
ID-000442,0.0157,0,Low,Stable Value Seekers,7924.75,0
ID-006681,0.0141,0,Low,Stable Value Seekers,6539.59,0
ID-001844,0.013,0,Low,Stable Value Seekers,7967.2,0
