customerID,gender,SeniorCitizen,Partner,Dependent,tenure_normalized,PhoneService,MultipleLines_No,MultipleLines_Yes,MultipleLines_NoPhoneService,InternetService_encoded,OnlineSecurity_No,OnlineSecurity_Yes,OnlineSecurity_NoInternet,OnlineBackup_No,OnlineBackup_Yes,OnlineBackup_NoInternet,DeviceProtection_No,DeviceProtection_Yes,DeviceProtection_NoInternet,TechSupport_No,TechSupport_Yes,TechSupport_NoInternet,StreamingTV_No,StreamingTV_Yes,StreamingTV_NoInternet,StreamingMovies_No,StreamingMovies_Yes,StreamingMovies_NoInternet,Contract_encoded,PaperlessBilling,PaymentMethod_encoded,MonthlyCharges_normalized,TotalCharges_normalized,Churn_encoded
ID-000001,1,0,1,1,0.1944,0,0,1,0,2,0,1,0,0,1,0,0,1,0,0,0,1,0,0,1,0,1,0,2,1,3,0.0249,0.0338,0
ID-000002,1,0,0,0,0.3889,0,0,1,0,2,1,0,0,0,1,0,0,1,0,1,0,0,0,1,0,1,0,0,1,0,0,0.4492,0.2076,0
ID-000003,0,0,0,0,0.8056,1,0,0,1,2,0,1,0,0,0,1,0,1,0,1,0,0,0,1,0,0,1,0,0,0,2,0.5363,0.4894,0
ID-000004,0,1,1,0,0.8056,1,0,0,1,0,0,1,0,0,0,1,0,0,1,0,1,0,0,1,0,1,0,0,1,0,1,0.6358,0.5574,0
ID-000005,1,0,0,0,0.5694,0,0,1,0,2,0,0,1,0,0,1,1,0,0,0,1,0,0,0,1,1,0,0,1,0,1,0.8431,0.4941,0
ID-000006,0,1,0,0,0.4583,1,0,1,0,0,1,0,0,0,1,0,0,1,0,0,1,0,0,1,0,0,0,1,0,0,0,0.1395,0.1243,0
ID-000007,0,0,1,0,0.6806,0,0,1,0,1,1,0,0,0,1,0,1,0,0,0,1,0,0,0,1,0,0,1,1,1,0,0.3816,0.3242,0
ID-000008,1,0,0,1,0.5278,1,0,0,1,1,1,0,0,0,1,0,0,1,0,1,0,0,1,0,0,0,1,0,0,1,0,0.8419,0.4574,0
ID-000009,1,0,0,1,0.1389,0,0,0,1,0,1,0,0,0,1,0,0,0,1,0,0,1,0,0,1,0,1,0,2,0,3,0.732,0.1074,0
ID-000010,1,0,1,1,0.6528,0,0,1,0,0,0,0,1,0,1,0,0,0,1,0,1,0,0,1,0,0,1,0,2,1,1,0.4381,0.3423,0
ID-000011,1,0,0,0,0.1111,1,0,0,1,2,0,0,1,0,0,1,0,0,1,1,0,0,0,1,0,1,0,0,1,1,0,0.9056,0.1023,0
ID-000012,0,1,1,1,0.1667,1,1,0,0,0,1,0,0,0,1,0,0,1,0,0,1,0,0,1,0,0,0,1,1,1,3,0.6591,0.1186,0
ID-000013,1,1,1,1,0.3194,1,0,1,0,2,0,1,0,1,0,0,1,0,0,1,0,0,0,1,0,1,0,0,0,1,3,0.2785,0.1242,0
ID-000014,0,1,0,0,0.0,1,0,1,0,1,0,1,0,0,1,0,0,0,1,0,0,1,0,0,1,0,1,0,2,0,0,0.9855,0.0,0
ID-000015,1,0,1,1,0.0833,1,0,0,1,2,0,0,1,0,1,0,1,0,0,0,1,0,0,0,1,0,1,0,2,1,0,0.5843,0.054,0
ID-000016,0,1,1,0,0.7361,1,1,0,0,1,0,1,0,0,0,1,0,0,1,1,0,0,1,0,0,1,0,0,0,1,3,0.6575,0.5229,0
ID-000017,1,1,1,0,1.0,1,0,1,0,1,1,0,0,0,1,0,1,0,0,0,0,1,0,0,1,1,0,0,2,1,2,0.9963,0.9977,0
ID-000018,1,0,1,0,0.1806,0,0,0,1,2,0,0,1,1,0,0,0,1,0,0,0,1,0,0,1,1,0,0,2,0,2,0.9391,0.1714,0
ID-000019,0,0,1,0,0.0833,1,0,0,1,1,0,1,0,0,0,1,1,0,0,0,0,1,0,0,1,1,0,0,2,1,0,0.0922,0.0192,0
ID-000020,1,0,0,1,0.125,0,0,1,0,2,1,0,0,1,0,0,0,1,0,1,0,0,0,1,0,0,0,1,0,1,2,0.9453,0.1193,0
ID-000021,1,0,1,1,0.9861,0,0,1,0,2,0,0,1,1,0,0,1,0,0,0,0,1,0,0,1,0,1,0,1,1,0,0.8843,0.8902,0
ID-000022,1,0,0,0,0.6667,0,0,1,0,2,0,1,0,0,0,1,0,1,0,1,0,0,1,0,0,1,0,0,0,0,2,0.8724,0.5951,0
ID-000023,0,0,1,0,0.9028,1,0,0,1,1,0,1,0,0,1,0,0,0,1,1,0,0,1,0,0,0,0,1,1,0,0,0.3997,0.444,0
ID-000024,1,1,1,1,0.6806,0,1,0,0,2,0,0,1,1,0,0,0,0,1,1,0,0,0,0,1,0,1,0,2,0,2,0.8997,0.6232,0
ID-000025,1,0,0,0,0.7222,1,0,0,1,0,1,0,0,1,0,0,0,0,1,0,1,0,1,0,0,1,0,0,0,0,2,0.3262,0.3101,0
ID-000026,0,0,1,0,0.8194,0,0,1,0,2,0,0,1,1,0,0,0,1,0,0,1,0,0,1,0,0,1,0,0,1,3,0.4418,0.4322,0
ID-000027,1,1,0,0,0.125,1,0,1,0,0,0,0,1,0,1,0,0,1,0,1,0,0,0,1,0,0,1,0,2,0,0,0.4554,0.0674,0
ID-000028,0,0,0,0,0.9861,0,0,0,1,0,0,0,1,1,0,0,0,0,1,1,0,0,0,1,0,0,0,1,1,0,2,0.2492,0.359,0
ID-000029,0,0,0,0,0.4306,1,0,0,1,1,0,1,0,1,0,0,1,0,0,1,0,0,0,0,1,0,1,0,0,1,1,0.8401,0.3725,0
ID-000030,1,1,0,0,0.6806,0,1,0,0,2,0,1,0,1,0,0,1,0,0,0,0,1,0,0,1,0,1,0,2,0,3,0.694,0.5045,0
ID-000031,0,1,1,0,0.0,1,1,0,0,1,1,0,0,0,1,0,1,0,0,1,0,0,0,0,1,0,0,1,1,1,3,0.9429,0.0,0
ID-000032,0,0,1,0,0.2222,1,1,0,0,2,0,1,0,1,0,0,1,0,0,1,0,0,0,1,0,1,0,0,1,0,3,0.9809,0.2188,0
ID-000033,0,0,0,1,0.4861,1,1,0,0,2,0,0,1,0,1,0,0,0,1,0,1,0,0,1,0,0,1,0,0,1,1,0.7521,0.3843,0
ID-000034,1,1,0,0,0.4167,1,0,0,1,0,0,0,1,0,0,1,0,1,0,0,1,0,1,0,0,0,1,0,2,1,2,0.1261,0.1082,0
ID-000035,1,0,1,0,0.6667,1,0,0,1,2,1,0,0,0,0,1,1,0,0,0,0,1,1,0,0,0,1,0,2,0,0,0.3967,0.3262,0
ID-000036,0,1,1,0,0.7361,1,0,0,1,0,0,0,1,1,0,0,0,0,1,0,0,1,1,0,0,1,0,0,1,0,2,0.8224,0.6259,0
ID-000037,0,0,0,0,0.4306,0,0,1,0,1,1,0,0,0,1,0,1,0,0,0,1,0,1,0,0,1,0,0,1,0,2,0.8308,0.3692,0
ID-000038,1,0,0,0,0.9861,1,0,0,1,1,0,0,1,0,0,1,1,0,0,1,0,0,0,1,0,0,1,0,1,1,3,0.0101,0.1591,0
ID-000039,0,1,0,0,0.4306,0,0,0,1,1,1,0,0,1,0,0,1,0,0,0,1,0,0,1,0,0,0,1,0,0,0,0.3062,0.1776,0
ID-000040,1,0,0,0,0.9444,0,0,1,0,2,1,0,0,0,1,0,1,0,0,0,1,0,1,0,0,0,1,0,2,1,2,0.9511,0.9061,0
ID-000041,1,1,1,1,0.0694,0,1,0,0,1,1,0,0,1,0,0,0,1,0,0,1,0,1,0,0,1,0,0,0,1,3,0.9745,0.068,0
ID-000042,1,0,1,0,0.8611,1,0,1,0,2,0,0,1,1,0,0,0,0,1,0,0,1,0,0,1,0,1,0,2,0,3,0.074,0.1856,0
ID-000043,0,1,1,1,0.7778,1,0,0,1,2,1,0,0,0,0,1,0,1,0,0,1,0,0,1,0,0,1,0,2,1,1,0.2974,0.315,0
ID-000044,0,1,1,1,0.0,0,0,0,1,1,0,0,1,1,0,0,0,1,0,0,0,1,0,1,0,1,0,0,2,1,3,0.4085,0.0,0
ID-000045,0,0,1,1,0.1944,1,1,0,0,0,0,0,1,0,0,1,1,0,0,1,0,0,0,1,0,1,0,0,2,0,3,0.5447,0.1195,0
ID-000046,1,0,0,0,0.4722,0,0,1,0,2,0,1,0,0,0,1,0,0,1,0,0,1,0,1,0,0,0,1,1,1,1,0.5006,0.2726,0
ID-000047,0,0,0,0,0.8333,1,1,0,0,1,1,0,0,1,0,0,1,0,0,0,0,1,0,1,0,0,1,0,1,0,3,0.5191,0.4941,0
ID-000048,1,1,1,0,0.5,0,1,0,0,2,1,0,0,0,0,1,0,1,0,0,0,1,0,0,1,1,0,0,1,1,1,0.6627,0.3574,0
ID-000049,0,0,1,0,0.9167,1,1,0,0,1,0,0,1,1,0,0,0,1,0,0,1,0,0,0,1,0,0,1,0,1,2,0.3618,0.4213,0
ID-000050,1,0,0,1,0.9722,1,1,0,0,0,1,0,0,0,0,1,0,0,1,1,0,0,1,0,0,1,0,0,1,1,3,0.0136,0.1598,0
ID-000051,1,0,0,0,0.9722,0,0,0,1,1,0,1,0,1,0,0,0,0,1,1,0,0,0,0,1,0,0,1,2,0,1,0.1445,0.2677,0
ID-000052,0,1,0,1,0.7917,1,0,0,1,1,0,1,0,1,0,0,0,1,0,1,0,0,0,0,1,1,0,0,2,0,3,0.5387,0.4826,0
ID-000053,0,0,0,1,0.2639,0,0,1,0,0,0,1,0,1,0,0,0,0,1,0,1,0,0,1,0,1,0,0,1,0,3,0.4953,0.1512,0
ID-000054,0,1,0,1,0.1389,1,0,1,0,0,0,0,1,1,0,0,0,1,0,0,0,1,0,1,0,1,0,0,0,1,3,0.852,0.1216,0
ID-000055,1,1,1,0,0.2917,0,1,0,0,1,0,1,0,0,1,0,0,0,1,1,0,0,0,0,1,0,0,1,0,1,1,0.6941,0.2163,0
ID-000056,1,1,1,1,0.1389,0,0,0,1,1,1,0,0,1,0,0,0,0,1,0,1,0,1,0,0,1,0,0,2,1,0,0.6096,0.093,0
ID-000057,0,1,0,0,0.7778,0,0,1,0,1,1,0,0,0,1,0,0,1,0,1,0,0,0,0,1,1,0,0,2,0,2,0.9454,0.7424,0
ID-000058,0,0,1,0,0.0278,0,0,1,0,0,1,0,0,0,1,0,0,0,1,0,1,0,0,0,1,1,0,0,2,1,0,0.9781,0.0273,0
ID-000059,0,0,1,0,0.0694,0,0,0,1,1,0,1,0,0,1,0,0,1,0,0,0,1,1,0,0,0,0,1,2,0,1,0.3089,0.0288,0
ID-000060,0,1,1,0,0.4444,1,0,1,0,2,0,0,1,0,0,1,0,0,1,1,0,0,0,0,1,1,0,0,0,0,0,0.9142,0.4125,0
ID-000061,0,1,0,1,0.4583,1,1,0,0,2,0,0,1,0,0,1,1,0,0,0,0,1,0,1,0,0,0,1,0,0,2,0.5367,0.2786,0
ID-000062,1,1,0,1,0.7222,1,0,1,0,0,0,1,0,1,0,0,1,0,0,1,0,0,0,0,1,0,0,1,2,0,1,0.1166,0.1818,0
ID-000063,0,1,1,0,0.7361,1,1,0,0,1,0,1,0,1,0,0,0,1,0,0,0,1,1,0,0,0,0,1,2,0,0,0.655,0.5214,0
ID-000064,0,0,1,1,0.6944,1,1,0,0,2,0,1,0,0,0,1,0,1,0,0,1,0,0,0,1,0,1,0,2,1,1,0.2759,0.2686,0
ID-000065,1,1,1,1,0.5833,0,0,1,0,2,0,0,1,0,1,0,0,1,0,0,1,0,1,0,0,0,1,0,2,0,0,0.7745,0.4723,0
ID-000066,0,0,1,0,0.3056,0,1,0,0,0,0,0,1,0,1,0,1,0,0,0,0,1,0,1,0,0,0,1,0,0,3,0.2654,0.1155,0
ID-000067,0,1,1,0,0.0417,0,0,1,0,2,1,0,0,0,0,1,0,1,0,0,1,0,0,1,0,1,0,0,2,0,3,0.0607,0.0085,0
ID-000068,0,0,1,1,0.9306,0,1,0,0,2,1,0,0,1,0,0,1,0,0,1,0,0,1,0,0,0,0,1,0,0,3,0.2949,0.3749,0
ID-000069,1,1,1,1,0.5556,1,0,1,0,1,0,1,0,0,0,1,0,0,1,1,0,0,0,1,0,0,0,1,0,0,0,0.6652,0.3983,0
ID-000070,0,0,0,0,0.7222,0,0,1,0,0,0,0,1,0,1,0,0,1,0,0,0,1,1,0,0,0,1,0,0,0,2,0.3536,0.3269,0
ID-000071,0,0,0,1,0.1944,1,1,0,0,0,1,0,0,1,0,0,1,0,0,0,1,0,0,1,0,0,1,0,2,0,0,0.7627,0.1555,0
ID-000072,1,0,0,0,0.25,0,1,0,0,2,1,0,0,1,0,0,0,0,1,1,0,0,0,0,1,0,0,1,0,1,1,0.7411,0.1953,0
ID-000073,1,1,0,0,0.2778,0,0,0,1,1,1,0,0,1,0,0,0,1,0,0,0,1,0,1,0,1,0,0,1,1,2,0.7545,0.2202,0
ID-000074,1,1,1,1,0.8611,1,1,0,0,2,0,1,0,1,0,0,1,0,0,1,0,0,0,1,0,0,1,0,1,0,1,0.527,0.5164,0
ID-000075,0,0,0,1,0.2222,0,0,1,0,1,0,1,0,1,0,0,0,0,1,1,0,0,0,0,1,1,0,0,2,0,2,0.3802,0.1056,0
ID-000076,1,1,0,1,0.1944,0,0,1,0,2,1,0,0,0,0,1,1,0,0,0,0,1,0,1,0,1,0,0,1,0,1,0.405,0.0965,0
ID-000077,1,0,0,0,0.5833,1,0,1,0,2,0,1,0,1,0,0,0,1,0,0,1,0,0,0,1,0,1,0,2,1,1,0.7792,0.4746,0
ID-000078,0,1,0,1,0.875,0,0,1,0,1,1,0,0,0,0,1,1,0,0,1,0,0,0,0,1,0,1,0,1,1,2,0.464,0.478,0
ID-000079,0,0,1,0,0.8194,0,0,0,1,0,0,0,1,0,1,0,1,0,0,0,0,1,0,0,1,0,1,0,1,0,1,0.4519,0.4393,0
ID-000080,0,0,1,1,0.0972,1,0,0,1,1,1,0,0,0,0,1,0,0,1,0,0,1,0,1,0,1,0,0,1,0,3,0.4505,0.052,0
ID-000081,1,1,1,0,0.7222,1,0,0,1,0,1,0,0,1,0,0,1,0,0,0,0,1,0,0,1,0,0,1,0,0,0,0.7746,0.5848,0
ID-000082,0,0,1,0,0.25,0,0,0,1,1,0,1,0,0,0,1,0,0,1,0,0,1,0,0,1,0,0,1,0,0,2,0.9169,0.2326,0
ID-000083,1,1,0,1,0.0278,1,0,1,0,2,0,1,0,1,0,0,0,1,0,0,0,1,0,0,1,0,0,1,2,1,2,0.3626,0.0128,0
ID-000084,1,0,0,1,0.2222,0,1,0,0,0,0,0,1,0,1,0,1,0,0,0,0,1,1,0,0,0,0,1,1,1,1,0.5973,0.1465,0
ID-000085,1,1,0,0,0.5417,0,1,0,0,0,0,0,1,1,0,0,0,1,0,0,1,0,0,0,1,0,1,0,1,1,3,0.9658,0.5264,0
ID-000086,1,1,1,1,0.6528,0,1,0,0,0,0,1,0,1,0,0,0,1,0,0,1,0,1,0,0,1,0,0,0,0,0,0.5546,0.4067,0
ID-000087,1,1,1,1,0.6944,0,0,1,0,0,0,0,1,1,0,0,0,1,0,0,1,0,0,1,0,1,0,0,1,1,3,0.5021,0.4018,0
ID-000088,1,1,1,1,0.7917,0,0,1,0,1,0,1,0,1,0,0,0,1,0,0,1,0,0,1,0,1,0,0,2,0,0,0.6154,0.5341,0
ID-000089,1,0,1,0,0.1944,0,0,1,0,0,1,0,0,0,1,0,0,0,1,1,0,0,0,1,0,0,0,1,2,1,2,0.8369,0.1677,0
ID-000090,1,1,0,1,0.1111,0,1,0,0,1,0,0,1,0,1,0,1,0,0,0,1,0,1,0,0,0,1,0,2,1,2,0.9536,0.1068,0
ID-000091,1,1,0,1,0.2361,1,0,1,0,0,1,0,0,0,1,0,1,0,0,0,1,0,0,1,0,0,1,0,0,0,2,0.0442,0.0449,0
ID-000092,0,1,1,1,0.9028,0,1,0,0,2,0,0,1,1,0,0,1,0,0,0,1,0,1,0,0,1,0,0,1,0,3,0.3982,0.4428,0
ID-000093,0,1,0,1,0.5972,0,0,1,0,1,0,0,1,0,1,0,0,0,1,1,0,0,1,0,0,0,1,0,0,0,2,0.9739,0.5845,0
ID-000094,1,1,0,0,0.5417,1,0,0,1,1,0,0,1,1,0,0,1,0,0,0,0,1,0,1,0,0,1,0,2,0,2,0.4459,0.2876,0
ID-000095,1,0,0,1,0.9028,1,0,1,0,2,0,0,1,1,0,0,1,0,0,1,0,0,0,0,1,0,1,0,2,1,3,0.8012,0.7514,0
ID-000096,1,1,0,0,0.6528,0,0,1,0,2,0,1,0,0,0,1,0,1,0,1,0,0,0,0,1,1,0,0,2,1,2,0.372,0.3057,0
ID-000097,0,1,1,1,0.4583,1,0,1,0,1,0,1,0,0,0,1,1,0,0,0,1,0,0,0,1,1,0,0,2,0,0,0.7041,0.3437,0
ID-000098,1,0,0,1,0.9722,1,0,1,0,2,0,1,0,1,0,0,0,1,0,1,0,0,0,0,1,0,0,1,1,0,1,0.5423,0.5956,0
ID-000099,0,1,0,1,0.1528,1,1,0,0,0,0,1,0,1,0,0,1,0,0,0,0,1,0,0,1,1,0,0,0,1,1,0.0656,0.0318,0
ID-000100,1,0,0,1,0.7639,1,1,0,0,0,0,1,0,1,0,0,0,0,1,1,0,0,0,1,0,1,0,0,0,0,1,0.503,0.4425,0
ID-000101,1,0,1,0,0.5278,1,0,1,0,2,0,1,0,0,0,1,0,0,1,1,0,0,0,0,1,0,1,0,2,0,0,0.6145,0.3557,0
ID-000102,0,1,1,0,0.875,0,1,0,0,2,0,0,1,0,1,0,0,1,0,1,0,0,1,0,0,1,0,0,1,1,2,0.8892,0.7935,0
ID-000103,0,1,1,0,0.25,1,1,0,0,2,1,0,0,0,1,0,1,0,0,1,0,0,0,1,0,0,1,0,0,1,2,0.3126,0.1045,0
ID-000104,1,1,0,1,0.6806,1,1,0,0,0,1,0,0,1,0,0,1,0,0,1,0,0,0,1,0,0,1,0,1,0,1,0.8644,0.6028,0
ID-000105,0,1,0,0,0.375,1,0,1,0,1,0,1,0,1,0,0,0,0,1,1,0,0,1,0,0,1,0,0,0,0,0,0.5834,0.2428,0
ID-000106,0,0,0,0,1.0,0,0,0,1,0,0,0,1,0,1,0,0,1,0,0,1,0,1,0,0,1,0,0,1,0,1,0.5619,0.6293,0
ID-000107,1,0,1,1,0.3472,0,1,0,0,0,1,0,0,0,1,0,0,0,1,0,0,1,0,1,0,1,0,0,2,0,1,0.6026,0.2305,0
ID-000108,0,1,0,0,0.6944,0,0,1,0,1,1,0,0,0,0,1,0,1,0,1,0,0,0,0,1,1,0,0,2,1,3,0.9908,0.6896,0
ID-000109,1,0,0,1,0.4583,0,0,1,0,0,0,1,0,0,1,0,0,0,1,0,0,1,0,1,0,0,1,0,0,0,2,0.9673,0.446,0
ID-000110,0,1,1,1,0.7361,1,0,0,1,1,0,0,1,1,0,0,0,0,1,1,0,0,1,0,0,0,1,0,1,0,2,0.1513,0.2069,0
ID-000111,1,1,0,1,0.4583,0,1,0,0,0,0,1,0,0,0,1,0,0,1,1,0,0,1,0,0,1,0,0,1,0,2,0.6102,0.3072,0
ID-000112,0,1,1,0,0.2083,1,1,0,0,0,0,1,0,1,0,0,1,0,0,0,0,1,1,0,0,0,0,1,1,1,1,0.5736,0.1332,0
ID-000113,0,0,1,1,0.9444,1,0,1,0,0,0,0,1,0,1,0,0,0,1,0,1,0,0,1,0,0,1,0,1,0,3,0.2711,0.3614,0
ID-000114,1,1,0,0,0.1667,1,1,0,0,1,1,0,0,0,0,1,0,1,0,0,1,0,0,0,1,0,0,1,0,1,1,0.6813,0.1218,0
ID-000115,1,1,0,1,0.7361,0,0,1,0,2,1,0,0,0,0,1,0,0,1,0,1,0,1,0,0,1,0,0,1,0,1,0.8824,0.6633,0
ID-000116,1,1,1,0,0.8889,0,0,0,1,2,0,1,0,0,0,1,1,0,0,1,0,0,0,0,1,0,0,1,0,1,3,0.468,0.4886,0
ID-000117,1,0,1,0,0.75,0,0,1,0,2,1,0,0,1,0,0,0,1,0,1,0,0,1,0,0,1,0,0,1,1,2,0.5154,0.4424,0
ID-000118,1,1,0,1,0.6389,0,0,0,1,0,0,0,1,1,0,0,0,0,1,0,1,0,0,0,1,1,0,0,1,1,1,0.6929,0.473,0
ID-000119,0,1,0,1,0.2361,1,0,0,1,0,0,1,0,0,0,1,1,0,0,0,0,1,0,0,1,1,0,0,0,1,0,0.4782,0.1318,0
ID-000120,1,0,0,0,0.9722,1,0,0,1,2,0,0,1,0,0,1,1,0,0,0,1,0,0,0,1,1,0,0,0,0,1,0.9031,0.8931,0
ID-000121,0,1,1,0,0.9028,0,0,1,0,0,0,1,0,0,0,1,0,1,0,0,1,0,1,0,0,1,0,0,2,1,0,0.4154,0.456,0
ID-000122,0,1,1,1,0.1111,0,1,0,0,1,1,0,0,1,0,0,1,0,0,0,1,0,0,0,1,0,0,1,2,1,2,0.9863,0.1099,0
ID-000123,1,0,1,1,0.2083,0,1,0,0,0,0,0,1,0,0,1,1,0,0,0,0,1,1,0,0,0,1,0,0,0,2,0.1785,0.0634,0
ID-000124,1,0,0,1,0.2639,1,0,1,0,2,0,1,0,0,0,1,0,1,0,1,0,0,0,0,1,0,0,1,2,1,1,0.2756,0.102,0
ID-000125,1,0,1,0,0.0694,1,0,0,1,0,1,0,0,0,0,1,0,0,1,0,0,1,1,0,0,0,1,0,1,1,1,0.4023,0.0343,0
ID-000126,1,1,0,1,0.7222,0,0,0,1,0,1,0,0,0,0,1,1,0,0,0,0,1,1,0,0,1,0,0,0,0,3,0.3005,0.2944,0
ID-000127,1,1,1,0,0.3194,1,0,0,1,1,1,0,0,0,0,1,0,0,1,0,1,0,1,0,0,0,1,0,1,1,2,0.7545,0.2532,0
ID-000128,1,0,1,0,0.1389,0,0,0,1,0,0,0,1,0,1,0,0,1,0,0,1,0,0,0,1,0,0,1,2,1,3,0.9224,0.1299,0
ID-000129,1,0,1,1,0.3611,0,0,1,0,0,0,0,1,0,0,1,0,1,0,1,0,0,0,1,0,0,0,1,1,0,3,0.8697,0.3215,0
ID-000130,0,1,0,0,0.8194,1,0,0,1,1,1,0,0,0,1,0,1,0,0,1,0,0,1,0,0,0,1,0,2,1,1,0.5338,0.4961,0
ID-000131,0,1,1,1,0.0278,0,0,1,0,1,0,0,1,0,1,0,1,0,0,0,0,1,0,0,1,0,0,1,1,0,3,0.2608,0.0104,0
ID-000132,0,0,1,0,0.8611,1,0,0,1,0,0,1,0,0,0,1,0,1,0,0,1,0,0,0,1,0,1,0,0,0,1,0.4608,0.4681,0
ID-000133,1,1,0,1,0.4028,0,0,0,1,1,0,1,0,0,1,0,0,0,1,0,0,1,1,0,0,0,1,0,0,0,2,0.0679,0.0847,0
ID-000134,0,0,1,1,0.0278,1,0,1,0,2,0,0,1,0,0,1,1,0,0,1,0,0,1,0,0,1,0,0,0,0,3,0.5023,0.0161,0
ID-000135,1,1,1,1,0.8056,1,1,0,0,1,1,0,0,0,0,1,1,0,0,0,1,0,0,0,1,0,1,0,2,1,0,0.5651,0.5091,0
ID-000136,0,0,1,1,0.875,1,0,0,1,0,1,0,0,1,0,0,0,1,0,0,1,0,0,0,1,1,0,0,2,1,1,0.8455,0.7611,0
ID-000137,1,1,1,0,0.5556,1,0,0,1,2,0,0,1,1,0,0,0,0,1,0,0,1,1,0,0,1,0,0,2,1,0,0.0156,0.0922,0
ID-000138,1,1,1,1,0.8889,0,0,0,1,0,0,0,1,1,0,0,1,0,0,0,1,0,0,0,1,1,0,0,1,0,1,0.7456,0.6979,0
ID-000139,1,1,1,0,0.625,1,0,0,1,2,0,1,0,1,0,0,0,1,0,1,0,0,0,0,1,0,0,1,0,0,2,0.5531,0.3886,0
ID-000140,0,1,0,0,0.6389,1,0,1,0,2,0,1,0,1,0,0,1,0,0,0,0,1,0,0,1,0,0,1,1,1,0,0.1065,0.1553,0
ID-000141,0,1,1,0,0.1528,0,1,0,0,2,0,0,1,0,0,1,0,1,0,0,0,1,0,0,1,0,1,0,2,0,1,0.3539,0.0692,0
ID-000142,1,0,1,0,0.2361,0,1,0,0,1,1,0,0,0,1,0,1,0,0,1,0,0,0,1,0,0,0,1,2,0,1,0.2689,0.0899,0
ID-000143,0,1,0,0,0.8056,0,1,0,0,1,0,0,1,0,0,1,0,1,0,1,0,0,1,0,0,0,0,1,2,1,3,0.1069,0.1961,0
ID-000144,0,1,0,1,0.5556,0,1,0,0,1,1,0,0,1,0,0,0,1,0,0,0,1,0,1,0,0,0,1,2,1,0,0.1776,0.1685,0
ID-000145,0,0,0,0,0.8194,1,0,0,1,1,0,1,0,1,0,0,0,0,1,0,1,0,0,0,1,1,0,0,1,1,3,0.9432,0.7807,0
ID-000146,0,0,0,1,0.8472,1,0,1,0,0,0,0,1,1,0,0,0,1,0,0,0,1,0,0,1,0,1,0,2,0,2,0.5823,0.5478,0
ID-000147,1,0,0,0,0.7639,0,1,0,0,0,0,0,1,0,0,1,0,0,1,0,1,0,1,0,0,0,1,0,1,1,2,0.1058,0.1853,0
ID-000148,1,1,0,0,0.7361,0,0,1,0,0,1,0,0,1,0,0,1,0,0,0,1,0,1,0,0,0,0,1,2,0,2,0.9207,0.6872,0
ID-000149,1,0,0,1,0.1111,1,0,0,1,2,0,0,1,0,1,0,0,0,1,0,1,0,1,0,0,0,0,1,1,0,1,0.3003,0.0453,0
ID-000150,0,1,1,1,0.7083,0,0,0,1,1,1,0,0,0,1,0,0,0,1,0,1,0,0,1,0,1,0,0,2,1,0,0.6299,0.4866,0
ID-000151,0,0,0,0,0.9444,0,0,0,1,1,0,0,1,1,0,0,0,0,1,0,1,0,1,0,0,1,0,0,1,1,2,0.187,0.294,0
ID-000152,1,1,1,1,0.1389,0,0,0,1,2,0,0,1,1,0,0,1,0,0,0,0,1,0,1,0,0,0,1,1,0,1,0.6722,0.1004,0
ID-000153,1,0,0,0,0.8611,1,0,1,0,1,1,0,0,0,0,1,0,1,0,1,0,0,0,1,0,1,0,0,0,1,3,0.6356,0.5957,0
ID-000154,0,1,0,0,0.9861,1,0,1,0,0,0,1,0,0,1,0,1,0,0,0,1,0,1,0,0,0,1,0,2,0,1,0.5055,0.5734,0
ID-000155,0,0,1,0,0.8056,0,0,0,1,2,0,0,1,1,0,0,0,0,1,0,1,0,1,0,0,0,1,0,2,1,2,0.5658,0.5096,0
ID-000156,1,1,1,1,0.0556,1,0,0,1,0,0,0,1,1,0,0,0,0,1,0,0,1,0,0,1,1,0,0,0,1,1,0.4497,0.0297,0
ID-000157,0,0,0,0,0.3611,0,0,0,1,1,0,0,1,0,0,1,0,1,0,0,1,0,1,0,0,0,1,0,1,1,1,0.8055,0.3019,0
ID-000158,1,1,0,1,0.4306,0,0,0,1,1,1,0,0,1,0,0,0,1,0,0,0,1,0,1,0,1,0,0,2,0,2,0.1461,0.1191,0
ID-000159,1,0,0,0,0.8056,1,0,0,1,1,0,1,0,1,0,0,0,1,0,1,0,0,1,0,0,1,0,0,1,0,1,0.9505,0.7724,0
ID-000160,1,0,1,0,1.0,1,0,1,0,2,1,0,0,1,0,0,0,1,0,1,0,0,0,1,0,0,0,1,0,0,1,0.8526,0.8758,0
ID-000161,1,1,1,1,0.4861,0,0,0,1,1,0,0,1,0,0,1,0,1,0,1,0,0,0,0,1,0,1,0,2,1,0,0.0932,0.1127,0
ID-000162,1,1,1,1,0.375,0,0,1,0,1,0,0,1,0,1,0,1,0,0,0,1,0,0,1,0,1,0,0,0,1,0,0.4768,0.2089,0
ID-000163,0,0,1,1,0.5556,1,0,0,1,0,0,1,0,1,0,0,1,0,0,0,0,1,0,1,0,0,0,1,2,1,3,0.3676,0.2581,0
ID-000164,1,0,1,0,0.7778,0,1,0,0,1,0,1,0,0,1,0,1,0,0,0,0,1,0,1,0,0,1,0,2,0,0,0.8602,0.6862,0
ID-000165,1,1,0,1,0.5278,1,1,0,0,1,0,1,0,0,1,0,1,0,0,0,0,1,0,0,1,0,1,0,2,1,2,0.2054,0.1726,0
ID-000166,0,1,1,0,0.5556,1,0,1,0,0,0,1,0,0,1,0,1,0,0,0,1,0,0,1,0,0,1,0,1,0,3,0.1319,0.147,0
ID-000167,1,1,1,0,0.75,1,0,0,1,2,0,1,0,0,0,1,1,0,0,1,0,0,0,0,1,0,0,1,2,1,2,0.7019,0.561,0
ID-000168,1,0,1,0,0.7639,1,1,0,0,0,0,0,1,0,1,0,1,0,0,0,0,1,0,0,1,0,0,1,2,1,0,0.7301,0.5897,0
ID-000169,1,1,0,0,0.0139,1,1,0,0,2,0,0,1,1,0,0,0,0,1,0,1,0,0,1,0,1,0,0,1,0,0,0.708,0.0105,0
ID-000170,1,1,0,0,0.4583,1,1,0,0,0,0,1,0,1,0,0,0,1,0,1,0,0,0,1,0,0,0,1,2,1,1,0.7124,0.3469,0
ID-000171,1,0,1,0,0.9028,0,1,0,0,2,0,1,0,0,1,0,0,0,1,0,0,1,0,0,1,0,0,1,1,1,2,0.0025,0.1398,0
ID-000172,0,0,0,1,0.4306,1,0,1,0,2,0,0,1,0,1,0,1,0,0,0,1,0,1,0,0,1,0,0,1,0,0,0.4163,0.2178,0
ID-000173,0,1,1,0,0.9722,0,0,0,1,1,0,1,0,0,0,1,0,0,1,0,1,0,0,1,0,0,1,0,1,1,1,0.4567,0.5251,0
ID-000174,1,1,1,0,0.9583,0,0,1,0,2,0,0,1,0,1,0,1,0,0,1,0,0,0,1,0,0,1,0,2,0,0,0.3464,0.4279,0
ID-000175,0,1,0,1,0.0694,1,0,0,1,2,0,0,1,1,0,0,0,1,0,0,0,1,0,0,1,0,1,0,1,1,1,0.9215,0.0649,0
ID-000176,0,1,0,0,0.5139,0,0,1,0,2,0,1,0,0,1,0,0,0,1,0,1,0,0,1,0,0,1,0,0,0,3,0.261,0.1923,0
ID-000177,1,1,0,0,0.5556,0,0,1,0,2,0,1,0,0,0,1,1,0,0,0,0,1,0,0,1,0,0,1,0,1,2,0.4065,0.2764,0
ID-000178,0,1,1,0,0.25,0,0,1,0,2,1,0,0,1,0,0,0,0,1,0,0,1,0,0,1,0,1,0,0,0,0,0.0911,0.0575,0
ID-000179,1,0,1,0,0.2361,0,0,0,1,0,0,0,1,0,1,0,0,0,1,0,0,1,1,0,0,0,1,0,0,1,1,0.1214,0.0604,0
ID-000180,0,0,1,0,0.7778,1,0,1,0,0,1,0,0,0,0,1,1,0,0,1,0,0,0,1,0,1,0,0,2,0,1,0.8094,0.6527,0
ID-000181,0,1,1,1,0.625,1,0,0,1,1,1,0,0,1,0,0,0,0,1,1,0,0,0,1,0,0,1,0,1,0,1,0.2147,0.2093,0
ID-000182,1,0,0,0,0.7361,0,0,0,1,1,1,0,0,0,0,1,0,0,1,1,0,0,1,0,0,1,0,0,0,1,2,0.1995,0.237,0
ID-000183,0,0,0,0,0.3889,1,0,1,0,2,0,1,0,0,0,1,0,1,0,1,0,0,0,0,1,0,0,1,0,1,3,0.0292,0.069,0
ID-000184,1,0,1,0,0.625,0,0,0,1,2,0,0,1,0,0,1,1,0,0,0,0,1,0,0,1,0,1,0,2,1,3,0.9354,0.5913,0
ID-000185,1,0,1,1,0.9583,1,0,0,1,1,0,1,0,1,0,0,0,0,1,0,1,0,0,1,0,1,0,0,2,1,2,0.3091,0.3976,0
ID-000186,1,0,0,1,0.0972,0,0,0,1,0,1,0,0,0,0,1,0,1,0,1,0,0,1,0,0,1,0,0,0,1,3,0.0218,0.0167,0
ID-000187,0,0,1,0,0.8611,0,0,0,1,0,1,0,0,0,1,0,0,1,0,0,0,1,0,1,0,0,0,1,2,0,0,0.6493,0.6057,0
ID-000188,1,0,0,1,0.3194,0,0,0,1,2,0,1,0,1,0,0,1,0,0,0,1,0,0,0,1,0,1,0,2,0,3,0.6025,0.212,0
ID-000189,1,1,0,1,0.0139,1,0,1,0,1,1,0,0,0,0,1,1,0,0,0,1,0,1,0,0,1,0,0,1,0,3,0.2652,0.0052,0
ID-000190,1,0,0,1,0.1667,1,1,0,0,2,1,0,0,1,0,0,0,1,0,0,1,0,1,0,0,0,1,0,1,1,0,0.8289,0.1426,0
ID-000191,0,1,1,0,0.9722,1,0,0,1,1,0,1,0,0,1,0,0,1,0,1,0,0,0,1,0,0,1,0,1,0,2,0.942,0.9252,0
ID-000192,0,0,1,0,0.5278,1,1,0,0,2,1,0,0,0,0,1,0,0,1,0,0,1,1,0,0,0,1,0,0,1,1,0.2375,0.1869,0
ID-000193,0,0,0,0,0.2917,0,1,0,0,0,1,0,0,0,1,0,0,0,1,0,0,1,1,0,0,0,1,0,1,0,2,0.6383,0.2024,0
ID-000194,0,1,1,0,0.3194,1,0,1,0,0,0,0,1,0,1,0,0,1,0,0,0,1,1,0,0,0,0,1,1,1,0,0.4458,0.1696,0
ID-000195,0,0,0,0,0.6806,1,1,0,0,0,0,1,0,0,0,1,0,0,1,0,0,1,0,0,1,0,0,1,2,1,0,0.8185,0.5764,0
ID-000196,1,0,1,1,0.7917,0,0,1,0,0,1,0,0,0,1,0,0,0,1,0,1,0,0,0,1,1,0,0,1,1,0,0.1729,0.237,0
ID-000197,0,1,1,0,0.6806,1,1,0,0,2,0,1,0,0,0,1,0,0,1,0,0,1,0,1,0,0,1,0,2,1,2,0.5565,0.4251,0
ID-000198,0,1,0,0,0.9444,1,0,1,0,1,1,0,0,0,1,0,0,0,1,0,0,1,0,0,1,0,0,1,1,1,3,0.8803,0.8493,0
ID-000199,0,1,0,1,0.5833,0,1,0,0,1,1,0,0,1,0,0,0,0,1,0,0,1,0,1,0,0,1,0,0,0,3,0.6906,0.4308,0
ID-000200,1,0,0,1,0.5694,0,0,0,1,1,0,0,1,1,0,0,0,1,0,0,0,1,0,1,0,0,1,0,1,0,1,0.2694,0.2171,0
ID-000201,1,0,1,1,0.9306,1,1,0,0,2,1,0,0,0,0,1,0,1,0,1,0,0,1,0,0,1,0,0,2,0,0,0.8795,0.8362,0
ID-000202,0,0,0,0,0.0417,0,0,1,0,1,0,0,1,0,0,1,0,1,0,1,0,0,0,1,0,1,0,0,0,1,1,0.2419,0.0149,0
ID-000203,0,1,1,1,0.3889,0,0,1,0,0,0,1,0,0,0,1,0,1,0,0,1,0,1,0,0,0,0,1,1,0,3,0.6475,0.273,0
ID-000204,1,1,0,0,0.6667,1,0,1,0,0,0,0,1,1,0,0,0,0,1,0,0,1,0,0,1,0,0,1,1,0,0,0.8518,0.5834,0
ID-000205,0,1,0,0,0.8472,1,0,1,0,0,0,1,0,0,1,0,0,0,1,1,0,0,0,0,1,1,0,0,2,1,0,0.0637,0.1752,0
ID-000206,0,1,0,1,0.875,1,1,0,0,0,0,0,1,0,1,0,0,0,1,0,0,1,0,0,1,1,0,0,2,0,2,0.9977,0.874,0
ID-000207,1,1,1,0,0.2917,1,0,0,1,1,0,0,1,0,0,1,0,1,0,0,0,1,1,0,0,0,0,1,0,1,2,0.8408,0.2525,0
ID-000208,0,1,0,0,0.3889,0,0,1,0,1,0,1,0,0,0,1,0,0,1,0,0,1,0,0,1,0,1,0,1,1,0,0.7443,0.3049,0
ID-000209,1,0,1,0,0.6667,0,0,0,1,1,0,1,0,1,0,0,0,0,1,0,1,0,0,1,0,1,0,0,1,1,2,0.5299,0.4014,0
ID-000210,1,0,0,1,0.0972,1,0,0,1,1,0,0,1,1,0,0,1,0,0,1,0,0,1,0,0,1,0,0,0,1,1,0.0046,0.0152,0
ID-000211,1,0,1,1,0.6528,1,0,0,1,1,1,0,0,0,1,0,0,1,0,1,0,0,0,0,1,0,0,1,1,1,0,0.9503,0.6258,0
ID-000212,0,1,1,0,0.0694,0,1,0,0,2,0,1,0,1,0,0,0,1,0,0,1,0,0,1,0,0,0,1,0,1,0,0.2982,0.0282,0
ID-000213,1,1,0,1,0.8889,1,0,0,1,2,0,0,1,0,1,0,0,1,0,0,0,1,0,1,0,1,0,0,1,0,0,0.169,0.2632,0
ID-000214,1,0,0,0,0.9722,1,0,0,1,0,1,0,0,0,0,1,0,0,1,0,0,1,0,1,0,1,0,0,0,1,2,0.2527,0.3569,0
ID-000215,1,1,1,0,0.1944,0,1,0,0,2,0,1,0,0,0,1,1,0,0,0,1,0,0,0,1,1,0,0,1,1,0,0.7849,0.1591,0
ID-000216,0,0,1,1,0.0139,1,1,0,0,0,0,1,0,1,0,0,1,0,0,1,0,0,1,0,0,0,1,0,0,1,0,0.6717,0.01,0
ID-000217,0,0,1,1,0.5139,1,0,1,0,0,0,0,1,0,1,0,1,0,0,1,0,0,1,0,0,0,0,1,1,1,2,0.3602,0.2355,0
ID-000218,0,1,0,0,0.5972,0,0,0,1,2,0,1,0,0,1,0,0,0,1,0,0,1,0,1,0,0,1,0,0,0,3,0.1829,0.1839,0
ID-000219,0,1,1,1,1.0,0,1,0,0,2,1,0,0,1,0,0,0,1,0,0,1,0,1,0,0,0,0,1,1,1,1,0.6785,0.7282,0
ID-000220,1,1,1,0,0.5972,0,0,0,1,0,0,0,1,1,0,0,0,1,0,0,0,1,0,0,1,0,1,0,0,1,3,0.5192,0.3542,0
ID-000221,0,1,1,0,0.875,0,0,1,0,0,0,1,0,0,0,1,0,0,1,1,0,0,1,0,0,0,1,0,0,0,3,0.8696,0.7789,0
ID-000222,0,0,0,1,0.7917,1,1,0,0,1,0,1,0,0,0,1,0,0,1,0,1,0,0,1,0,0,0,1,2,0,1,0.0879,0.18,0
ID-000223,1,0,0,0,0.8056,0,0,0,1,0,1,0,0,0,0,1,1,0,0,0,1,0,0,1,0,0,0,1,0,1,2,0.9506,0.7725,0
ID-000224,0,1,1,1,0.625,1,1,0,0,2,0,0,1,0,0,1,0,0,1,1,0,0,0,1,0,1,0,0,2,1,1,0.83,0.5354,0
ID-000225,0,0,0,1,0.2083,0,0,1,0,0,0,0,1,0,0,1,0,1,0,1,0,0,1,0,0,0,0,1,2,1,3,0.9304,0.1962,0
ID-000226,0,1,1,1,0.0,1,0,1,0,1,0,0,1,0,0,1,0,0,1,1,0,0,0,0,1,1,0,0,1,1,2,0.5305,0.0,0
ID-000227,0,0,1,0,0.6944,0,0,0,1,0,1,0,0,0,0,1,0,0,1,0,0,1,0,0,1,0,1,0,0,1,2,0.9638,0.6737,0
ID-000228,1,1,1,0,0.6111,0,0,0,1,0,0,0,1,0,0,1,1,0,0,0,0,1,0,0,1,0,0,1,1,0,0,0.9214,0.5709,0
ID-000229,1,0,1,0,0.9167,1,1,0,0,0,1,0,0,0,1,0,0,1,0,0,0,1,1,0,0,0,1,0,2,1,2,0.1064,0.2228,0
ID-000230,1,1,1,0,0.7917,1,1,0,0,1,1,0,0,0,0,1,1,0,0,0,0,1,0,1,0,0,1,0,2,0,1,0.1024,0.1897,0
ID-000231,0,0,1,0,0.7778,0,0,1,0,0,0,1,0,0,1,0,0,1,0,0,0,1,0,0,1,0,1,0,1,1,3,0.8301,0.6664,0
ID-000232,0,0,0,0,0.4861,1,0,1,0,2,1,0,0,0,0,1,0,1,0,0,0,1,0,0,1,0,0,1,1,0,2,0.5567,0.3038,0
ID-000233,1,0,1,1,0.125,0,0,0,1,0,1,0,0,0,1,0,1,0,0,0,1,0,0,1,0,0,0,1,1,0,2,0.7841,0.1022,0
ID-000234,0,0,1,0,0.5139,0,0,1,0,0,0,0,1,0,0,1,0,1,0,0,1,0,0,0,1,1,0,0,1,1,3,0.2184,0.1737,0
ID-000235,0,1,0,1,0.4444,0,0,0,1,2,1,0,0,0,0,1,0,1,0,0,1,0,0,1,0,0,0,1,2,1,0,0.5403,0.2715,0
ID-000236,0,0,1,0,0.3611,1,0,0,1,0,0,1,0,0,1,0,1,0,0,0,0,1,1,0,0,0,1,0,0,1,0,0.6704,0.2605,0
ID-000237,1,1,0,0,0.3056,0,0,0,1,1,1,0,0,1,0,0,0,1,0,1,0,0,0,0,1,0,1,0,2,1,0,0.7943,0.2525,0
ID-000238,1,1,0,1,0.0694,0,1,0,0,1,1,0,0,0,0,1,0,1,0,1,0,0,0,1,0,0,0,1,0,1,3,0.701,0.0519,0
ID-000239,0,1,1,1,0.9583,1,0,1,0,2,0,0,1,0,0,1,1,0,0,0,0,1,0,0,1,0,1,0,1,1,2,0.295,0.3862,0
ID-000240,1,0,1,1,0.375,0,0,1,0,2,0,1,0,0,0,1,0,0,1,0,1,0,0,0,1,1,0,0,2,1,2,0.4127,0.1885,0
ID-000241,0,1,0,1,0.1111,1,0,1,0,1,0,0,1,0,1,0,0,1,0,1,0,0,1,0,0,1,0,0,1,0,1,0.2507,0.0406,0
ID-000242,0,0,1,0,1.0,1,0,1,0,0,0,0,1,0,0,1,1,0,0,1,0,0,1,0,0,0,1,0,2,0,3,0.567,0.6336,0
ID-000243,0,0,1,1,0.8194,0,0,1,0,0,0,1,0,1,0,0,0,0,1,0,0,1,0,1,0,0,0,1,0,1,0,0.4454,0.4347,0
ID-000244,1,1,0,1,0.7083,0,1,0,0,2,0,0,1,0,0,1,1,0,0,0,1,0,1,0,0,0,0,1,2,1,3,0.7693,0.5704,0
ID-000245,1,0,0,1,0.6389,1,0,0,1,0,0,0,1,0,1,0,0,0,1,0,0,1,1,0,0,1,0,0,0,1,3,0.5023,0.3697,0
ID-000246,1,0,0,0,0.4028,0,1,0,0,2,0,1,0,0,0,1,1,0,0,0,1,0,0,0,1,0,0,1,2,0,2,0.0628,0.083,0
ID-000247,0,1,1,0,0.9583,0,0,1,0,0,1,0,0,1,0,0,1,0,0,1,0,0,1,0,0,0,0,1,0,1,3,0.5703,0.6099,0
ID-000248,0,0,1,1,0.2917,1,1,0,0,0,0,0,1,0,1,0,0,0,1,0,1,0,1,0,0,1,0,0,2,1,3,0.23,0.1014,0
ID-000249,0,0,1,1,0.8472,1,0,0,1,0,0,1,0,0,1,0,0,0,1,0,0,1,0,1,0,0,0,1,0,1,1,0.479,0.4736,0
ID-000250,0,0,0,1,0.4583,1,1,0,0,0,1,0,0,1,0,0,0,1,0,0,1,0,1,0,0,0,0,1,0,1,2,0.9226,0.4286,0
ID-000251,0,0,1,0,0.2917,0,0,1,0,2,0,1,0,0,1,0,0,0,1,0,0,1,0,0,1,1,0,0,0,1,1,0.7243,0.2237,0
ID-000252,1,0,0,1,0.8333,1,0,0,1,0,1,0,0,0,0,1,1,0,0,1,0,0,0,1,0,0,0,1,2,0,1,0.9018,0.7646,0
ID-000253,1,1,1,0,0.8472,0,0,1,0,2,1,0,0,0,0,1,0,0,1,1,0,0,1,0,0,0,1,0,0,1,0,0.7897,0.6969,0
ID-000254,0,1,0,1,0.9167,1,1,0,0,0,0,0,1,1,0,0,1,0,0,0,0,1,1,0,0,0,0,1,1,0,3,0.0071,0.1456,0
ID-000255,0,0,0,0,0.3611,0,1,0,0,0,1,0,0,0,0,1,1,0,0,0,0,1,0,1,0,0,0,1,0,1,3,0.4132,0.1817,0
ID-000256,0,0,1,0,0.2778,1,0,1,0,2,1,0,0,0,0,1,1,0,0,0,1,0,0,1,0,1,0,0,0,0,0,0.1002,0.0661,0
ID-000257,0,1,1,1,0.0556,0,1,0,0,2,0,1,0,0,0,1,0,0,1,1,0,0,0,1,0,0,1,0,2,1,1,0.7246,0.0426,0
ID-000258,1,0,0,0,0.0556,0,0,0,1,1,1,0,0,0,0,1,0,1,0,0,0,1,0,1,0,0,0,1,2,1,0,0.3597,0.0254,0
ID-000259,0,1,0,1,0.9722,1,1,0,0,1,0,0,1,0,1,0,1,0,0,0,1,0,1,0,0,0,0,1,0,1,2,0.2845,0.3831,0
ID-000260,0,1,0,0,0.5972,0,0,1,0,1,1,0,0,0,0,1,1,0,0,0,0,1,0,1,0,1,0,0,0,0,0,0.9472,0.571,0
ID-000261,1,1,0,0,0.6667,1,0,0,1,1,0,1,0,1,0,0,0,1,0,1,0,0,0,0,1,0,0,1,1,1,1,0.6338,0.4602,0
ID-000262,0,0,1,0,0.8333,1,0,1,0,0,0,1,0,1,0,0,0,1,0,0,1,0,0,1,0,0,1,0,2,0,1,0.3139,0.3492,0
ID-000263,0,0,1,0,0.1806,0,0,0,1,1,1,0,0,0,0,1,1,0,0,1,0,0,0,1,0,0,0,1,1,0,1,0.1198,0.0459,0
ID-000264,0,0,0,0,0.2222,1,1,0,0,2,0,0,1,0,0,1,1,0,0,1,0,0,0,0,1,0,1,0,0,1,3,0.054,0.0441,0
ID-000265,0,0,0,1,0.1667,0,1,0,0,0,1,0,0,1,0,0,0,1,0,1,0,0,1,0,0,0,1,0,1,0,2,0.3254,0.0715,0
ID-000266,1,0,1,0,0.7083,1,0,0,1,1,1,0,0,0,1,0,0,1,0,0,0,1,0,1,0,1,0,0,0,1,3,0.2796,0.2762,0
ID-000267,0,1,0,0,0.875,1,1,0,0,2,0,0,1,0,1,0,0,1,0,0,1,0,1,0,0,1,0,0,2,1,3,0.1344,0.2334,0
ID-000268,0,1,1,0,0.5833,1,1,0,0,0,0,0,1,0,1,0,0,0,1,0,0,1,0,0,1,0,0,1,2,1,2,0.2598,0.2176,0
ID-000269,0,0,0,0,0.625,0,0,0,1,2,0,1,0,0,0,1,1,0,0,1,0,0,0,0,1,0,0,1,2,0,0,0.3251,0.2678,0
ID-000270,0,1,0,0,0.1389,0,1,0,0,1,0,0,1,0,0,1,0,0,1,1,0,0,1,0,0,0,1,0,0,1,1,0.1619,0.0403,0
ID-000271,1,0,1,0,0.4167,1,0,1,0,2,1,0,0,0,0,1,0,1,0,0,1,0,1,0,0,0,0,1,0,1,2,0.6621,0.2976,0
ID-000272,0,1,1,1,0.2639,0,1,0,0,0,0,1,0,0,1,0,0,0,1,0,1,0,0,1,0,0,1,0,2,0,2,0.0842,0.0592,0
ID-000273,0,1,1,1,0.8333,0,0,0,1,0,0,0,1,0,0,1,1,0,0,0,0,1,0,0,1,0,0,1,2,0,2,0.4672,0.4575,0
ID-000274,0,1,0,0,0.8472,0,0,1,0,1,0,1,0,0,1,0,0,0,1,0,1,0,1,0,0,1,0,0,1,1,3,0.5398,0.5173,0
ID-000275,0,0,1,0,0.8472,1,1,0,0,0,1,0,0,1,0,0,0,1,0,0,1,0,0,0,1,0,0,1,2,0,3,0.2996,0.3447,0
ID-000276,1,1,0,0,0.3889,0,0,1,0,2,0,1,0,0,1,0,1,0,0,0,1,0,0,0,1,1,0,0,2,0,2,0.263,0.1461,0
ID-000277,1,0,1,1,0.8611,0,1,0,0,2,0,0,1,1,0,0,0,0,1,0,1,0,0,1,0,0,1,0,0,1,3,0.1878,0.2687,0
ID-000278,0,1,0,1,0.375,0,0,1,0,2,0,1,0,1,0,0,1,0,0,0,1,0,0,0,1,1,0,0,0,1,2,0.3419,0.166,0
ID-000279,1,1,0,1,0.6667,1,0,1,0,1,0,0,1,0,1,0,0,0,1,0,0,1,0,1,0,1,0,0,1,0,2,0.8284,0.5702,0
ID-000280,1,1,0,0,0.2778,1,1,0,0,2,0,0,1,0,1,0,0,1,0,0,1,0,0,0,1,1,0,0,1,1,1,0.6293,0.1907,0
ID-000281,1,0,1,0,0.4861,1,1,0,0,2,0,1,0,0,1,0,1,0,0,0,1,0,0,0,1,0,0,1,1,1,0,0.5848,0.3153,0
ID-000282,1,0,0,1,0.625,0,0,0,1,0,1,0,0,1,0,0,0,0,1,0,1,0,0,1,0,0,0,1,1,0,1,0.6447,0.4372,0
ID-000283,0,1,0,1,0.4444,1,0,0,1,1,1,0,0,0,0,1,1,0,0,1,0,0,0,0,1,0,0,1,0,1,1,0.8989,0.4067,0
ID-000284,0,1,1,0,0.7917,1,0,1,0,0,1,0,0,0,0,1,0,1,0,1,0,0,0,0,1,0,1,0,2,0,1,0.2957,0.3195,0
ID-000285,1,1,0,0,0.9306,0,0,1,0,2,0,0,1,0,0,1,0,1,0,0,1,0,0,1,0,0,1,0,0,1,0,0.6833,0.6814,0
ID-000286,0,1,0,1,0.8611,0,0,1,0,0,0,0,1,0,1,0,0,1,0,0,1,0,0,0,1,1,0,0,0,0,0,0.1916,0.2715,0
ID-000287,0,1,1,0,0.6389,1,0,0,1,2,1,0,0,0,1,0,0,1,0,0,0,1,0,1,0,0,1,0,2,1,3,0.5581,0.4,0
ID-000288,1,1,1,0,0.3333,0,0,0,1,0,1,0,0,0,1,0,0,1,0,0,1,0,0,0,1,1,0,0,2,0,1,0.1931,0.1055,0
ID-000289,0,1,0,0,0.9444,0,0,0,1,1,0,0,1,1,0,0,0,0,1,0,1,0,0,0,1,0,0,1,0,0,2,0.9986,0.9441,0
ID-000290,0,0,1,0,0.6389,1,0,0,1,2,1,0,0,0,1,0,1,0,0,0,1,0,0,1,0,1,0,0,0,0,1,0.9619,0.6188,0
ID-000291,1,1,0,1,0.1667,1,1,0,0,1,0,1,0,0,0,1,1,0,0,0,0,1,0,1,0,0,0,1,0,0,3,0.0376,0.0308,0
ID-000292,1,1,1,0,0.3056,1,0,1,0,1,1,0,0,1,0,0,1,0,0,0,1,0,0,1,0,0,0,1,2,1,3,0.4883,0.1732,0
ID-000293,1,1,1,1,0.0833,1,0,0,1,0,1,0,0,1,0,0,0,0,1,0,0,1,0,0,1,0,1,0,0,0,2,0.3048,0.0343,0
ID-000294,0,0,0,0,0.6944,1,1,0,0,0,1,0,0,0,0,1,0,1,0,0,1,0,1,0,0,0,0,1,0,0,3,0.1479,0.1932,0
ID-000295,1,0,1,0,0.3472,0,1,0,0,0,0,0,1,0,1,0,0,1,0,0,0,1,1,0,0,1,0,0,1,0,1,0.5613,0.2183,0
ID-000296,0,0,0,0,0.5694,1,1,0,0,2,0,1,0,0,1,0,0,0,1,1,0,0,0,1,0,0,0,1,0,1,0,0.3445,0.2534,0
ID-000297,0,0,0,1,0.4306,0,1,0,0,1,0,1,0,1,0,0,0,1,0,0,0,1,0,0,1,0,1,0,0,0,3,0.9491,0.4123,0
ID-000298,0,0,0,1,0.25,1,1,0,0,2,0,0,1,0,0,1,1,0,0,0,1,0,1,0,0,0,0,1,0,1,3,0.6952,0.1856,0
ID-000299,0,0,1,0,0.4722,0,0,1,0,1,0,0,1,0,0,1,0,1,0,1,0,0,1,0,0,0,0,1,2,1,1,0.6631,0.3377,0
ID-000300,1,0,1,0,0.3472,0,1,0,0,1,0,0,1,0,1,0,0,1,0,1,0,0,0,0,1,1,0,0,1,0,1,0.5008,0.2005,0
ID-000301,0,1,1,0,0.8889,1,0,1,0,1,1,0,0,0,0,1,0,1,0,0,1,0,0,0,1,1,0,0,2,1,3,0.2759,0.3438,0
ID-000302,0,1,0,1,0.4167,1,0,0,1,2,0,0,1,0,0,1,0,0,1,0,1,0,0,1,0,1,0,0,2,1,3,0.573,0.2661,0
ID-000303,1,1,1,1,0.25,1,1,0,0,2,0,0,1,0,1,0,1,0,0,1,0,0,1,0,0,1,0,0,1,0,1,0.6563,0.1773,0
ID-000304,0,0,1,1,0.3333,1,1,0,0,2,0,0,1,1,0,0,0,1,0,0,0,1,0,0,1,1,0,0,2,0,1,0.1067,0.0811,0
ID-000305,1,0,1,0,0.6806,1,1,0,0,1,0,1,0,0,0,1,0,0,1,0,1,0,0,1,0,0,1,0,0,0,3,0.4914,0.3876,0
ID-000306,0,1,1,0,0.5694,0,1,0,0,0,0,0,1,0,0,1,0,0,1,0,0,1,0,0,1,0,0,1,2,1,0,0.867,0.5057,0
ID-000307,1,1,1,0,0.7917,1,0,1,0,1,1,0,0,1,0,0,1,0,0,1,0,0,1,0,0,0,1,0,1,0,0,0.4569,0.4277,0
ID-000308,0,0,1,1,0.9167,1,1,0,0,1,1,0,0,1,0,0,0,1,0,0,1,0,1,0,0,0,0,1,2,1,3,0.9039,0.8427,0
ID-000309,1,0,1,1,0.1528,0,0,0,1,1,0,1,0,0,0,1,0,0,1,1,0,0,0,0,1,0,0,1,2,1,3,0.2501,0.0557,0
ID-000310,0,0,1,1,0.9722,1,0,0,1,2,1,0,0,1,0,0,1,0,0,0,0,1,1,0,0,1,0,0,2,1,0,0.3806,0.4624,0
ID-000311,0,0,0,0,0.2222,0,0,0,1,2,0,0,1,1,0,0,0,1,0,0,1,0,0,0,1,0,0,1,1,0,3,0.9606,0.215,0
ID-000312,1,1,1,1,0.7778,1,0,1,0,2,0,0,1,1,0,0,0,1,0,0,1,0,0,1,0,0,0,1,2,0,2,0.0793,0.1712,0
ID-000313,1,0,0,1,0.1528,0,0,0,1,0,1,0,0,0,1,0,0,1,0,1,0,0,1,0,0,1,0,0,1,1,3,0.0489,0.0297,0
ID-000314,1,1,0,0,0.9722,1,0,0,1,2,0,0,1,0,1,0,0,1,0,0,0,1,0,0,1,0,0,1,2,1,3,0.0648,0.202,0
ID-000315,0,1,1,0,0.5,0,1,0,0,2,0,0,1,0,1,0,0,0,1,1,0,0,0,1,0,0,1,0,0,1,3,0.4271,0.2575,0
ID-000316,0,1,1,0,0.2083,0,0,0,1,0,0,1,0,0,1,0,0,0,1,0,1,0,0,0,1,1,0,0,1,1,2,0.7376,0.1622,0
ID-000317,1,0,0,0,0.5278,0,0,0,1,0,0,0,1,0,1,0,0,1,0,0,1,0,1,0,0,1,0,0,2,0,3,0.5068,0.3075,0
ID-000318,0,1,0,0,0.0556,1,0,0,1,1,0,0,1,0,0,1,0,0,1,1,0,0,0,0,1,0,0,1,0,1,2,0.6458,0.0389,0
ID-000319,1,1,0,1,0.625,0,0,1,0,0,0,1,0,1,0,0,0,0,1,1,0,0,0,0,1,0,1,0,1,0,0,0.0661,0.1305,0
ID-000320,0,0,0,1,0.875,1,1,0,0,2,0,1,0,0,1,0,1,0,0,0,0,1,0,1,0,1,0,0,2,1,1,0.8772,0.7846,0
ID-000321,0,1,1,1,0.5972,1,0,1,0,0,0,1,0,1,0,0,1,0,0,0,0,1,0,0,1,0,1,0,0,0,0,0.9238,0.5591,0
ID-000322,1,1,1,0,0.1528,1,1,0,0,2,0,1,0,1,0,0,1,0,0,0,0,1,1,0,0,1,0,0,2,1,2,0.3333,0.0665,0
ID-000323,1,0,0,0,0.2639,0,0,1,0,0,1,0,0,0,0,1,0,1,0,0,1,0,0,1,0,1,0,0,2,0,3,0.1574,0.0756,0
ID-000324,1,0,0,1,0.0833,1,1,0,0,1,0,1,0,0,0,1,0,0,1,0,0,1,0,0,1,0,0,1,2,0,2,0.13,0.0219,0
ID-000325,1,1,1,1,0.5417,0,0,1,0,1,1,0,0,0,0,1,0,0,1,0,0,1,1,0,0,1,0,0,0,1,1,0.3323,0.2354,0
ID-000326,0,1,0,0,0.4583,1,0,1,0,1,0,1,0,1,0,0,1,0,0,1,0,0,0,1,0,1,0,0,1,1,0,0.9131,0.4249,0
ID-000327,0,0,0,0,0.7083,0,0,0,1,1,0,1,0,0,0,1,0,1,0,0,0,1,0,1,0,1,0,0,1,1,2,0.8177,0.5995,0
ID-000328,0,1,1,1,0.3611,1,0,0,1,0,0,0,1,1,0,0,0,1,0,0,0,1,0,0,1,1,0,0,1,1,3,0.814,0.3045,0
ID-000329,1,1,0,0,0.3056,1,0,1,0,2,0,1,0,0,0,1,0,0,1,0,1,0,0,1,0,0,0,1,0,0,2,0.308,0.1265,0
ID-000330,1,1,0,0,0.6806,0,0,0,1,1,0,1,0,0,0,1,0,1,0,0,0,1,0,0,1,1,0,0,0,0,0,0.6157,0.4593,0
ID-000331,1,1,1,0,0.6528,1,0,1,0,1,0,0,1,0,0,1,1,0,0,0,0,1,1,0,0,0,0,1,1,0,3,0.9013,0.5987,0
ID-000332,0,0,1,0,0.7639,0,1,0,0,2,1,0,0,0,0,1,0,1,0,0,1,0,0,1,0,0,1,0,2,1,1,0.5452,0.4699,0
ID-000333,1,0,1,0,0.8611,0,0,0,1,0,1,0,0,0,0,1,0,1,0,1,0,0,0,0,1,1,0,0,2,0,3,0.658,0.6121,0
ID-000334,1,1,1,0,0.625,0,0,0,1,0,1,0,0,0,1,0,0,1,0,0,0,1,1,0,0,0,0,1,1,1,3,0.2257,0.2151,0
ID-000335,0,1,1,1,0.1389,1,1,0,0,0,0,0,1,0,0,1,0,0,1,0,1,0,0,0,1,0,0,1,2,0,0,0.142,0.038,0
ID-000336,0,1,0,0,0.5972,0,1,0,0,1,0,1,0,0,1,0,0,0,1,0,0,1,0,0,1,1,0,0,2,0,0,0.5351,0.3622,0
ID-000337,0,0,0,0,0.8333,1,0,1,0,0,0,1,0,1,0,0,1,0,0,0,1,0,0,0,1,1,0,0,1,0,0,0.5782,0.5359,0
ID-000338,1,1,0,1,0.1944,0,0,0,1,2,1,0,0,0,1,0,0,0,1,0,1,0,1,0,0,0,1,0,0,1,3,0.6039,0.1293,0
ID-000339,0,0,1,0,0.7222,1,0,0,1,1,0,1,0,0,1,0,0,1,0,1,0,0,1,0,0,1,0,0,1,0,1,0.7705,0.5823,0
ID-000340,0,0,0,1,0.6667,0,1,0,0,1,0,0,1,1,0,0,0,0,1,0,0,1,0,1,0,0,1,0,2,0,3,0.6836,0.4883,0
ID-000341,1,1,0,0,0.4722,1,0,0,1,0,0,0,1,0,1,0,0,0,1,1,0,0,0,0,1,0,0,1,0,0,0,0.335,0.2063,0
ID-000342,1,0,0,0,0.0139,1,0,0,1,1,1,0,0,0,1,0,0,1,0,0,1,0,0,0,1,0,1,0,0,1,0,0.8318,0.0119,0
ID-000343,0,0,1,1,0.2083,0,1,0,0,1,0,0,1,0,1,0,0,0,1,1,0,0,1,0,0,1,0,0,2,0,2,0.0863,0.0471,0
ID-000344,1,1,0,0,0.2778,1,1,0,0,1,0,1,0,1,0,0,0,1,0,1,0,0,0,1,0,0,0,1,1,1,3,0.7808,0.2264,0
ID-000345,1,0,0,0,0.1806,1,0,1,0,2,0,1,0,0,0,1,0,0,1,1,0,0,1,0,0,0,1,0,1,1,0,0.1438,0.0496,0
ID-000346,0,1,1,0,0.0556,0,1,0,0,1,0,0,1,0,1,0,0,0,1,0,1,0,0,1,0,1,0,0,2,0,0,0.6647,0.0398,0
ID-000347,0,1,0,1,1.0,1,1,0,0,0,1,0,0,0,1,0,1,0,0,1,0,0,0,0,1,0,1,0,0,1,3,0.5354,0.6068,0
ID-000348,1,1,0,1,0.3333,0,0,0,1,2,0,1,0,0,1,0,0,1,0,0,1,0,0,0,1,0,0,1,0,0,3,0.2989,0.1354,0
ID-000349,0,1,1,1,0.1111,0,0,1,0,1,0,0,1,0,1,0,1,0,0,0,1,0,0,1,0,0,0,1,2,0,1,0.7928,0.0917,0
ID-000350,1,1,1,0,0.4028,1,0,1,0,0,0,0,1,0,1,0,0,1,0,0,1,0,0,0,1,0,1,0,1,1,3,0.925,0.3775,0
ID-000351,1,0,0,1,0.2917,1,0,1,0,1,1,0,0,0,0,1,0,0,1,1,0,0,1,0,0,0,1,0,2,1,2,0.8356,0.2512,0
ID-000352,0,0,1,0,0.375,1,1,0,0,2,0,0,1,1,0,0,0,0,1,0,1,0,1,0,0,0,1,0,2,1,1,0.7643,0.3004,0
ID-000353,0,0,1,0,0.1667,1,0,1,0,2,0,1,0,0,1,0,0,0,1,0,0,1,0,0,1,1,0,0,1,0,1,0.7912,0.1373,0
ID-000354,0,1,1,1,0.3611,1,0,0,1,2,0,0,1,1,0,0,0,0,1,0,1,0,0,0,1,1,0,0,1,0,0,0.143,0.099,0
ID-000355,1,1,1,0,0.9861,1,1,0,0,2,0,1,0,0,1,0,0,1,0,0,0,1,1,0,0,1,0,0,0,1,0,0.2356,0.3477,0
ID-000356,0,1,0,0,0.0833,1,0,1,0,0,0,1,0,0,0,1,0,1,0,0,1,0,0,1,0,1,0,0,2,1,0,0.645,0.0583,0
ID-000357,0,1,1,0,0.4167,1,0,1,0,1,0,1,0,0,1,0,0,1,0,0,0,1,1,0,0,0,1,0,1,1,0,0.7215,0.3186,0
ID-000358,0,0,1,0,0.8333,1,1,0,0,1,0,1,0,1,0,0,0,0,1,0,1,0,0,0,1,1,0,0,1,1,2,0.5852,0.5409,0
ID-000359,0,0,1,0,0.2222,0,1,0,0,2,1,0,0,0,1,0,1,0,0,0,0,1,0,1,0,0,0,1,2,1,1,0.032,0.04,0
ID-000360,1,1,0,0,0.1528,1,0,0,1,1,0,0,1,0,1,0,0,1,0,1,0,0,1,0,0,0,0,1,0,1,0,0.4117,0.0767,0
ID-000361,0,0,0,0,0.7361,0,0,0,1,2,1,0,0,1,0,0,0,1,0,0,1,0,0,0,1,0,1,0,2,0,1,0.9804,0.7245,0
ID-000362,1,0,0,0,0.2222,1,0,0,1,1,0,0,1,0,0,1,0,0,1,0,1,0,1,0,0,1,0,0,0,0,1,0.3584,0.1015,0
ID-000363,1,0,0,0,0.6528,1,1,0,0,1,1,0,0,0,0,1,0,0,1,0,0,1,0,0,1,0,1,0,2,1,2,0.6269,0.4468,0
ID-000364,0,0,1,0,0.0972,0,1,0,0,0,0,1,0,1,0,0,1,0,0,0,1,0,0,0,1,0,0,1,2,1,1,0.5148,0.0573,0
ID-000365,1,1,1,1,0.2361,0,1,0,0,1,0,0,1,0,0,1,1,0,0,1,0,0,0,1,0,0,1,0,1,0,3,0.9815,0.2326,0
ID-000366,0,1,0,0,0.8611,1,0,1,0,1,0,1,0,0,1,0,1,0,0,0,1,0,1,0,0,0,1,0,0,1,2,0.5016,0.4978,0
ID-000367,1,0,0,0,0.1944,1,1,0,0,1,1,0,0,1,0,0,0,0,1,0,0,1,0,1,0,1,0,0,0,1,0,0.6972,0.1447,0
ID-000368,0,1,0,0,0.4028,0,0,0,1,0,0,0,1,0,0,1,0,0,1,1,0,0,1,0,0,1,0,0,2,1,2,0.8351,0.3468,0
ID-000369,0,1,1,1,0.2917,0,1,0,0,1,0,1,0,0,0,1,0,1,0,0,0,1,0,0,1,1,0,0,0,1,1,0.7894,0.2398,0
ID-000370,0,0,0,0,0.2778,0,0,1,0,2,0,0,1,0,0,1,0,1,0,0,0,1,1,0,0,1,0,0,0,0,3,0.2379,0.0985,0
ID-000371,1,0,0,0,0.9583,1,1,0,0,1,0,1,0,0,1,0,0,0,1,0,0,1,0,0,1,1,0,0,2,0,3,0.9757,0.9394,0
ID-000372,1,1,0,1,0.5139,0,0,1,0,2,0,0,1,0,0,1,0,1,0,1,0,0,0,1,0,1,0,0,2,1,3,0.9698,0.5012,0
ID-000373,1,0,0,1,0.625,1,0,1,0,0,1,0,0,0,0,1,0,0,1,0,1,0,0,0,1,1,0,0,0,0,2,0.0924,0.1445,0
ID-000374,0,1,1,0,0.9028,0,1,0,0,1,0,1,0,1,0,0,1,0,0,1,0,0,1,0,0,1,0,0,2,1,1,0.9436,0.8603,0
ID-000375,0,1,1,0,0.7778,0,0,1,0,0,0,0,1,0,1,0,0,1,0,0,1,0,1,0,0,1,0,0,2,0,0,0.7416,0.608,0
ID-000376,0,1,1,0,0.6667,1,0,1,0,2,1,0,0,1,0,0,0,0,1,1,0,0,0,1,0,1,0,0,2,0,3,0.0883,0.1518,0
ID-000377,1,0,0,0,0.9861,0,0,1,0,0,0,0,1,1,0,0,1,0,0,0,1,0,1,0,0,0,0,1,2,1,0,0.74,0.7695,0
ID-000378,1,1,0,0,0.2083,0,0,0,1,0,1,0,0,0,0,1,0,1,0,1,0,0,0,0,1,0,0,1,2,1,2,0.7648,0.167,0
ID-000379,0,0,0,1,0.2778,1,1,0,0,1,1,0,0,0,0,1,1,0,0,0,1,0,1,0,0,1,0,0,2,1,1,0.5818,0.1795,0
ID-000380,1,1,0,0,0.3194,0,0,0,1,0,0,0,1,1,0,0,0,1,0,0,0,1,0,0,1,1,0,0,0,1,1,0.7648,0.256,0
ID-000381,0,1,1,1,0.9167,1,0,1,0,0,0,1,0,0,1,0,0,0,1,0,0,1,0,0,1,0,0,1,2,1,3,0.2814,0.3588,0
ID-000382,1,0,0,0,0.8056,0,0,0,1,1,0,1,0,1,0,0,0,0,1,0,0,1,1,0,0,0,1,0,2,0,0,0.9162,0.749,0
ID-000383,1,0,0,1,0.2083,1,0,1,0,2,1,0,0,0,0,1,0,1,0,0,1,0,0,1,0,1,0,0,1,1,1,0.2224,0.0711,0
ID-000384,1,1,1,0,0.1806,1,0,1,0,1,0,0,1,0,1,0,0,1,0,0,1,0,0,0,1,0,1,0,2,1,1,0.0327,0.0326,0
ID-000385,0,1,0,1,0.6111,1,0,0,1,0,0,1,0,0,1,0,0,0,1,0,1,0,0,0,1,0,1,0,2,1,2,0.0292,0.1085,0
ID-000386,1,0,0,0,0.2917,1,1,0,0,0,0,1,0,0,1,0,1,0,0,1,0,0,1,0,0,0,1,0,2,1,3,0.9019,0.2676,0
ID-000387,0,0,1,0,0.1944,0,0,0,1,1,0,0,1,0,0,1,0,1,0,0,1,0,1,0,0,1,0,0,0,0,2,0.7615,0.1553,0
ID-000388,0,0,0,0,0.8056,0,0,1,0,2,1,0,0,0,0,1,1,0,0,0,1,0,0,1,0,0,0,1,1,1,3,0.6005,0.5333,0
ID-000389,1,0,0,0,0.7778,1,0,0,1,2,0,1,0,1,0,0,0,1,0,1,0,0,0,1,0,0,0,1,1,1,1,0.5228,0.4636,0
ID-000390,0,1,0,0,0.75,0,1,0,0,0,1,0,0,0,1,0,1,0,0,0,1,0,0,1,0,1,0,0,1,0,1,0.7253,0.5759,0
ID-000391,1,1,1,1,0.2361,0,0,0,1,0,1,0,0,0,1,0,1,0,0,0,0,1,0,0,1,0,1,0,0,0,3,0.0296,0.042,0
ID-000392,0,1,1,1,0.3472,0,0,1,0,1,1,0,0,1,0,0,1,0,0,1,0,0,1,0,0,0,1,0,0,1,2,0.2936,0.1395,0
ID-000393,0,1,1,0,0.2917,0,1,0,0,0,0,1,0,0,0,1,0,1,0,1,0,0,1,0,0,1,0,0,2,0,2,0.4915,0.1661,0
ID-000394,1,0,0,0,0.5,1,0,0,1,1,1,0,0,0,1,0,1,0,0,1,0,0,1,0,0,1,0,0,1,1,1,0.3205,0.2123,0
ID-000395,1,0,0,1,0.4306,0,0,1,0,2,0,0,1,1,0,0,0,1,0,1,0,0,0,0,1,1,0,0,2,0,2,0.2346,0.1514,0
ID-000396,0,1,0,0,0.0278,1,1,0,0,2,0,0,1,0,0,1,0,1,0,1,0,0,1,0,0,0,0,1,2,0,1,0.6961,0.0206,0
ID-000397,0,0,1,0,0.5278,0,0,1,0,1,0,0,1,1,0,0,0,1,0,0,0,1,0,0,1,0,1,0,2,1,2,0.3633,0.2432,0
ID-000398,0,1,1,0,0.4722,1,0,0,1,1,0,0,1,1,0,0,1,0,0,0,0,1,0,0,1,1,0,0,0,0,3,0.0672,0.0991,0
ID-000399,1,0,1,0,0.4444,1,0,0,1,0,1,0,0,1,0,0,0,0,1,0,0,1,0,0,1,1,0,0,2,1,1,0.6251,0.3035,0
ID-000400,0,1,0,0,0.6389,1,0,0,1,2,1,0,0,1,0,0,1,0,0,0,0,1,0,1,0,1,0,0,2,1,3,0.4625,0.3482,0
ID-000401,1,1,0,0,0.4167,0,1,0,0,0,0,1,0,0,1,0,0,1,0,1,0,0,0,1,0,0,1,0,1,0,1,0.1135,0.1038,0
ID-000402,1,0,1,0,0.0694,0,0,1,0,1,1,0,0,0,0,1,0,0,1,0,1,0,1,0,0,0,0,1,0,1,0,0.964,0.0674,0
ID-000403,0,1,1,1,0.8889,1,1,0,0,1,0,0,1,0,0,1,1,0,0,0,0,1,0,0,1,0,1,0,1,1,1,0.9331,0.8392,0
ID-000404,0,1,0,1,0.1806,0,0,0,1,1,0,0,1,0,1,0,1,0,0,0,0,1,1,0,0,1,0,0,2,1,2,0.1752,0.0544,0
ID-000405,0,0,1,1,0.25,1,1,0,0,0,1,0,0,1,0,0,0,0,1,0,0,1,1,0,0,0,0,1,0,1,3,0.363,0.1152,0
ID-000406,0,1,1,1,0.6806,0,0,1,0,2,1,0,0,0,0,1,1,0,0,0,0,1,1,0,0,0,1,0,1,1,3,0.0078,0.1085,0
ID-000407,0,1,1,1,0.8333,0,0,0,1,2,1,0,0,1,0,0,0,0,1,0,0,1,0,0,1,0,0,1,1,0,0,0.737,0.6482,0
ID-000408,0,0,1,0,0.0833,1,0,0,1,1,1,0,0,0,0,1,0,1,0,0,1,0,0,1,0,0,1,0,2,1,3,0.6415,0.0581,0
ID-000409,1,1,1,0,0.5556,0,0,1,0,2,1,0,0,1,0,0,0,1,0,1,0,0,1,0,0,0,0,1,0,1,0,0.4515,0.2976,0
ID-000410,1,1,1,0,0.9861,1,0,1,0,1,0,0,1,1,0,0,0,0,1,1,0,0,0,1,0,0,1,0,1,1,0,0.6472,0.6919,0
ID-000411,0,1,1,1,0.0139,1,0,1,0,1,1,0,0,0,0,1,1,0,0,1,0,0,0,1,0,1,0,0,0,1,2,0.7187,0.0106,0
ID-000412,1,0,0,0,0.3333,1,0,0,1,1,0,1,0,1,0,0,0,0,1,0,0,1,0,0,1,1,0,0,0,1,3,0.4183,0.1692,0
ID-000413,0,0,0,0,0.2361,0,0,1,0,2,0,0,1,0,1,0,0,1,0,1,0,0,0,1,0,1,0,0,1,1,0,0.8716,0.2106,0
ID-000414,0,1,1,1,0.4444,1,1,0,0,2,0,0,1,1,0,0,1,0,0,1,0,0,0,1,0,0,1,0,1,0,1,0.5046,0.2581,0
ID-000415,1,1,0,0,0.4583,0,1,0,0,1,0,0,1,1,0,0,0,0,1,1,0,0,1,0,0,0,1,0,1,0,1,0.1167,0.1154,0
ID-000416,0,0,1,1,0.9861,1,0,1,0,2,0,1,0,1,0,0,1,0,0,0,1,0,0,0,1,1,0,0,1,1,3,0.8532,0.8641,0
ID-000417,0,1,0,1,0.0694,1,0,1,0,1,0,1,0,0,1,0,1,0,0,0,1,0,0,1,0,0,0,1,2,0,1,0.4415,0.0366,0
ID-000418,0,0,1,0,0.0,1,1,0,0,2,1,0,0,0,0,1,0,0,1,0,1,0,1,0,0,1,0,0,2,1,2,0.5261,0.0,0
ID-000419,0,1,0,1,0.2639,0,0,1,0,0,0,0,1,1,0,0,1,0,0,0,0,1,0,0,1,0,0,1,0,1,0,0.0288,0.0468,0
ID-000420,1,1,1,0,0.5,0,0,1,0,2,1,0,0,0,1,0,0,1,0,0,1,0,0,1,0,1,0,0,1,0,1,0.3232,0.2134,0
ID-000421,0,0,0,1,0.2083,0,0,0,1,2,1,0,0,1,0,0,1,0,0,1,0,0,1,0,0,0,0,1,2,0,0,0.2985,0.0846,0
ID-000422,0,1,1,1,0.75,0,1,0,0,0,0,1,0,0,0,1,0,0,1,0,0,1,0,1,0,1,0,0,2,1,2,0.8111,0.6305,0
ID-000423,0,1,1,1,0.8194,0,0,1,0,0,1,0,0,1,0,0,0,0,1,0,1,0,0,0,1,0,1,0,0,1,3,0.4374,0.4292,0
ID-000424,0,1,0,1,0.7222,1,0,1,0,0,0,0,1,1,0,0,0,1,0,0,1,0,1,0,0,0,1,0,0,0,2,0.0944,0.1682,0
ID-000425,0,1,0,1,0.5556,1,0,1,0,2,0,0,1,0,0,1,1,0,0,0,0,1,0,1,0,1,0,0,2,1,0,0.5873,0.3616,0
ID-000426,0,1,0,0,0.6944,0,0,0,1,0,1,0,0,0,0,1,0,0,1,0,0,1,0,0,1,1,0,0,1,1,1,0.1166,0.1748,0
ID-000427,1,0,1,1,0.2361,0,0,0,1,2,0,0,1,0,1,0,1,0,0,0,0,1,0,0,1,0,1,0,0,0,3,0.0138,0.0388,0
ID-000428,1,0,0,0,0.25,0,0,1,0,1,0,0,1,0,1,0,0,1,0,1,0,0,0,0,1,1,0,0,0,0,0,0.474,0.1387,0
ID-000429,0,1,0,1,0.1806,0,1,0,0,1,0,0,1,0,0,1,0,0,1,0,0,1,0,0,1,1,0,0,0,1,0,0.6305,0.1241,0
ID-000430,0,1,0,1,0.75,0,0,0,1,0,1,0,0,1,0,0,0,0,1,1,0,0,0,1,0,0,1,0,1,1,3,0.5765,0.4813,0
ID-000431,0,1,1,0,0.6111,0,1,0,0,0,0,0,1,0,0,1,1,0,0,1,0,0,0,1,0,0,0,1,0,0,0,0.4381,0.3204,0
ID-000432,0,0,0,0,0.8472,0,0,1,0,2,0,0,1,0,1,0,0,1,0,1,0,0,1,0,0,1,0,0,2,1,1,0.129,0.2222,0
ID-000433,0,0,1,1,0.8889,1,1,0,0,1,1,0,0,1,0,0,0,1,0,0,0,1,1,0,0,0,1,0,2,1,0,0.0319,0.1599,0
ID-000434,1,0,1,1,0.7778,1,0,1,0,0,0,1,0,0,1,0,1,0,0,0,1,0,0,0,1,1,0,0,2,0,3,0.7991,0.6459,0
ID-000435,1,0,1,0,0.1667,0,0,1,0,2,1,0,0,1,0,0,1,0,0,0,0,1,0,1,0,0,1,0,1,0,3,0.1542,0.0473,0
ID-000436,0,0,1,0,0.6389,0,1,0,0,1,0,0,1,0,0,1,1,0,0,0,1,0,1,0,0,0,1,0,0,1,0,0.6295,0.4387,0
ID-000437,1,1,1,0,0.5972,1,0,0,1,0,0,1,0,0,0,1,0,1,0,0,0,1,0,0,1,0,0,1,2,0,3,0.3148,0.2507,0
ID-000438,0,1,0,1,0.7083,0,0,0,1,0,0,1,0,0,0,1,1,0,0,1,0,0,0,0,1,0,1,0,2,0,2,0.886,0.6404,0
ID-000439,1,0,0,0,0.7083,1,0,0,1,0,1,0,0,0,1,0,0,1,0,0,0,1,0,0,1,1,0,0,2,0,1,0.7755,0.5741,0
ID-000440,0,0,0,0,0.0278,1,0,0,1,2,1,0,0,1,0,0,0,0,1,0,0,1,1,0,0,0,1,0,0,1,3,0.0278,0.0049,0
ID-000441,0,0,1,0,0.5278,0,1,0,0,0,0,0,1,0,0,1,0,0,1,0,1,0,0,0,1,1,0,0,2,1,0,0.5725,0.3369,0
ID-000442,0,1,1,1,0.5694,0,1,0,0,2,0,1,0,0,1,0,1,0,0,0,1,0,1,0,0,0,1,0,1,1,2,0.5166,0.3365,0
ID-000443,0,1,0,0,0.9306,0,0,0,1,1,0,0,1,1,0,0,0,1,0,0,1,0,0,0,1,0,1,0,1,0,1,0.4028,0.4601,0
ID-000444,1,1,0,1,0.9028,1,0,0,1,1,0,1,0,0,0,1,1,0,0,0,1,0,0,1,0,1,0,0,2,0,0,0.8635,0.799,0
ID-000445,0,1,0,0,0.9167,1,0,1,0,2,0,0,1,1,0,0,0,1,0,1,0,0,1,0,0,0,1,0,0,0,0,0.1532,0.2592,0
ID-000446,1,1,0,0,0.2083,0,1,0,0,1,1,0,0,0,0,1,0,0,1,0,1,0,0,1,0,0,0,1,2,0,3,0.5476,0.1286,0
ID-000447,1,1,0,1,0.7917,0,1,0,0,0,0,1,0,0,0,1,1,0,0,0,0,1,1,0,0,0,0,1,0,1,0,0.1489,0.221,0
ID-000448,1,0,1,1,0.5417,0,0,0,1,2,0,1,0,0,0,1,0,0,1,0,1,0,0,1,0,1,0,0,0,1,3,0.5611,0.3405,0
ID-000449,0,0,0,1,0.1389,0,1,0,0,2,1,0,0,0,1,0,0,0,1,1,0,0,1,0,0,1,0,0,0,1,0,0.807,0.1163,0
ID-000450,0,0,1,0,0.9583,0,0,0,1,2,0,1,0,0,0,1,1,0,0,0,1,0,0,1,0,0,0,1,0,0,3,0.1682,0.2831,0
ID-000451,0,1,0,1,0.1667,1,0,1,0,2,0,0,1,0,0,1,0,1,0,1,0,0,0,0,1,0,0,1,1,1,2,0.32,0.0707,0
ID-000452,1,1,1,0,0.0972,1,0,1,0,1,0,0,1,0,0,1,0,0,1,0,1,0,0,1,0,0,0,1,2,1,2,0.3183,0.0411,0
ID-000453,1,0,0,1,1.0,1,0,0,1,1,0,0,1,1,0,0,0,1,0,0,1,0,1,0,0,0,0,1,1,1,0,0.4067,0.4977,0
ID-000454,0,1,0,1,0.0972,0,0,1,0,2,0,0,1,0,0,1,0,0,1,0,1,0,1,0,0,0,1,0,1,1,1,0.9337,0.0918,0
ID-000455,1,1,0,0,0.9861,0,1,0,0,2,0,0,1,1,0,0,1,0,0,0,1,0,1,0,0,0,0,1,1,1,1,0.999,0.9861,0
ID-000456,1,0,0,0,0.0,0,0,0,1,2,0,0,1,0,0,1,0,1,0,0,0,1,0,1,0,0,0,1,1,1,2,0.6089,0.0,0
ID-000457,1,0,1,0,0.6667,0,0,1,0,1,0,1,0,0,1,0,0,0,1,0,1,0,1,0,0,0,0,1,2,0,1,0.8276,0.5698,0
ID-000458,1,0,0,0,0.1528,1,1,0,0,1,0,0,1,0,0,1,0,0,1,0,1,0,0,1,0,0,1,0,2,0,0,0.8164,0.1291,0
ID-000459,1,0,1,1,0.4861,1,0,1,0,1,0,0,1,0,1,0,0,0,1,0,0,1,1,0,0,0,1,0,2,1,2,0.5692,0.3089,0
ID-000460,0,0,0,0,0.9861,0,1,0,0,2,0,0,1,0,0,1,1,0,0,1,0,0,1,0,0,0,0,1,0,1,0,0.8833,0.8893,0
ID-000461,0,0,0,1,0.4861,0,0,1,0,0,0,1,0,0,0,1,0,1,0,0,0,1,1,0,0,0,1,0,0,1,1,0.9186,0.453,0
ID-000462,1,0,0,0,0.5833,1,0,0,1,0,1,0,0,1,0,0,0,1,0,0,1,0,1,0,0,0,1,0,1,1,2,0.3108,0.2429,0
ID-000463,0,0,0,1,0.9167,1,0,1,0,2,1,0,0,1,0,0,0,0,1,0,1,0,0,1,0,0,1,0,1,1,2,0.7942,0.7575,0
ID-000464,1,1,0,0,0.7639,1,0,0,1,1,0,1,0,0,0,1,0,0,1,0,0,1,0,1,0,1,0,0,1,0,3,0.0657,0.1593,0
ID-000465,1,1,0,1,0.1667,1,0,1,0,2,0,0,1,0,0,1,0,1,0,0,0,1,0,1,0,0,0,1,0,0,2,0.3396,0.0735,0
ID-000466,1,0,1,1,0.7361,1,0,1,0,1,0,0,1,1,0,0,0,0,1,0,0,1,1,0,0,1,0,0,2,1,1,0.4814,0.413,0
ID-000467,0,0,1,1,0.8333,1,0,0,1,0,0,1,0,1,0,0,1,0,0,0,1,0,0,1,0,0,0,1,0,1,2,0.3087,0.3455,0
ID-000468,0,1,0,0,0.3333,0,1,0,0,2,0,1,0,1,0,0,0,1,0,1,0,0,0,1,0,0,1,0,2,1,1,0.668,0.2398,0
ID-000469,0,1,1,0,0.8194,1,0,1,0,1,0,1,0,0,1,0,1,0,0,0,1,0,0,0,1,0,1,0,0,0,3,0.624,0.5588,0
ID-000470,0,0,1,1,0.3333,1,1,0,0,2,0,1,0,1,0,0,0,0,1,0,1,0,1,0,0,0,0,1,0,1,1,0.6314,0.2294,0
ID-000471,1,0,1,0,0.0278,1,1,0,0,2,1,0,0,1,0,0,0,1,0,1,0,0,1,0,0,0,0,1,0,0,0,0.1761,0.0084,0
ID-000472,1,0,0,0,0.2083,0,0,0,1,1,0,0,1,0,1,0,0,1,0,0,0,1,0,0,1,0,1,0,2,0,1,0.1443,0.0573,0
ID-000473,0,0,0,1,0.5694,1,1,0,0,0,0,0,1,0,1,0,0,1,0,0,0,1,1,0,0,0,0,1,2,0,3,0.2472,0.2064,0
ID-000474,0,1,0,0,0.9167,0,0,0,1,1,0,0,1,0,0,1,0,0,1,0,1,0,0,1,0,0,1,0,0,0,1,0.4643,0.501,0
ID-000475,0,0,0,0,0.6944,1,0,1,0,2,1,0,0,1,0,0,0,0,1,1,0,0,0,1,0,0,0,1,0,0,2,0.2186,0.2348,0
ID-000476,0,1,0,0,0.75,0,0,1,0,2,1,0,0,0,1,0,1,0,0,0,0,1,0,1,0,1,0,0,0,0,0,0.4512,0.4016,0
ID-000477,1,1,1,1,0.4861,0,0,1,0,0,1,0,0,1,0,0,1,0,0,0,0,1,0,0,1,1,0,0,0,1,2,0.9268,0.4563,0
ID-000478,0,1,0,1,0.0139,0,0,0,1,0,0,1,0,1,0,0,0,1,0,0,1,0,0,0,1,0,0,1,0,0,1,0.7702,0.0112,0
ID-000479,0,1,0,1,0.9167,0,0,1,0,1,0,0,1,1,0,0,0,1,0,1,0,0,1,0,0,0,0,1,0,0,1,0.5871,0.5964,0
ID-000480,0,1,0,1,0.2222,0,1,0,0,0,1,0,0,0,0,1,0,0,1,1,0,0,1,0,0,0,0,1,0,1,1,0.3056,0.0915,0
ID-000481,0,1,1,0,0.2639,1,0,0,1,1,0,1,0,1,0,0,0,1,0,1,0,0,0,0,1,1,0,0,2,0,0,0.9774,0.2591,0
ID-000482,1,1,1,1,0.2917,1,0,1,0,1,1,0,0,0,1,0,0,1,0,1,0,0,0,0,1,0,0,1,0,0,0,0.1042,0.0703,0
ID-000483,0,1,1,1,0.6528,1,0,0,1,1,1,0,0,0,0,1,0,1,0,1,0,0,0,1,0,0,1,0,0,0,3,0.5186,0.3868,0
ID-000484,0,0,0,0,0.8333,1,0,1,0,2,1,0,0,0,1,0,1,0,0,0,0,1,0,1,0,0,0,1,1,0,3,0.1587,0.2395,0
ID-000485,0,1,0,0,0.8194,0,0,0,1,2,1,0,0,0,1,0,0,1,0,0,0,1,0,0,1,1,0,0,1,0,1,0.5762,0.5256,0
ID-000486,1,0,1,0,1.0,0,0,0,1,2,0,0,1,0,0,1,0,0,1,0,1,0,1,0,0,1,0,0,2,1,2,0.0954,0.2337,0
ID-000487,0,1,0,1,0.125,0,0,1,0,0,0,1,0,1,0,0,0,1,0,0,1,0,0,0,1,0,0,1,2,0,3,0.7555,0.0992,0
ID-000488,0,0,1,0,0.5972,1,0,0,1,2,1,0,0,0,0,1,0,0,1,1,0,0,1,0,0,1,0,0,0,1,1,0.7461,0.4691,0
ID-000489,1,0,1,1,0.7778,1,1,0,0,2,0,0,1,0,0,1,1,0,0,0,1,0,0,1,0,0,0,1,0,0,1,0.1402,0.2113,0
ID-000490,1,0,0,1,0.7778,1,1,0,0,0,1,0,0,1,0,0,0,1,0,0,0,1,0,1,0,0,1,0,1,1,1,0.3581,0.355,0
ID-000491,1,1,1,1,0.6528,0,0,1,0,0,0,0,1,0,1,0,0,1,0,0,1,0,0,0,1,0,1,0,2,1,0,0.909,0.6029,0
ID-000492,0,0,1,0,0.7361,0,0,1,0,2,0,1,0,0,1,0,1,0,0,1,0,0,0,1,0,0,1,0,1,0,0,0.5126,0.4324,0
ID-000493,0,1,1,1,0.6806,1,1,0,0,1,0,0,1,1,0,0,0,1,0,0,0,1,0,0,1,0,0,1,0,0,0,0.2128,0.2268,0
ID-000494,1,1,1,0,0.5694,0,0,1,0,1,0,1,0,0,0,1,0,0,1,1,0,0,1,0,0,0,0,1,2,1,0,0.9816,0.561,0
ID-000495,1,1,1,0,0.4028,1,0,0,1,2,0,1,0,0,1,0,1,0,0,1,0,0,1,0,0,0,1,0,0,0,1,0.0211,0.0687,0
ID-000496,0,1,1,0,0.0556,0,0,0,1,2,0,0,1,1,0,0,0,0,1,1,0,0,0,1,0,0,1,0,2,0,2,0.2381,0.0197,0
ID-000497,1,0,0,0,0.4306,1,1,0,0,0,0,1,0,0,1,0,1,0,0,0,1,0,0,1,0,0,1,0,2,1,1,0.2058,0.1409,0
ID-000498,1,0,1,0,0.2222,0,1,0,0,2,0,0,1,0,1,0,0,1,0,1,0,0,0,1,0,0,0,1,0,0,2,0.0917,0.0512,0
ID-000499,0,0,0,0,0.7917,0,0,1,0,1,1,0,0,1,0,0,0,0,1,0,0,1,0,0,1,1,0,0,0,0,0,0.9679,0.7708,0
ID-000500,0,0,1,0,0.6667,0,1,0,0,1,1,0,0,1,0,0,1,0,0,0,0,1,0,0,1,1,0,0,0,0,1,0.4274,0.3435,0
ID-000501,1,0,0,0,0.8333,0,1,0,0,1,0,0,1,1,0,0,1,0,0,1,0,0,1,0,0,0,0,1,2,1,3,0.1957,0.2656,0
ID-000502,1,0,0,0,0.0556,0,0,0,1,0,1,0,0,0,0,1,0,0,1,1,0,0,0,0,1,0,1,0,2,0,3,0.9927,0.0553,0
ID-000503,0,0,1,0,0.4306,0,0,0,1,2,1,0,0,0,1,0,0,0,1,0,0,1,0,0,1,0,1,0,0,1,0,0.2424,0.1543,0
ID-000504,1,0,0,1,0.6806,0,1,0,0,0,1,0,0,0,0,1,0,0,1,0,0,1,1,0,0,0,0,1,1,0,0,0.3977,0.3335,0
ID-000505,0,0,0,1,0.1806,0,0,0,1,1,0,1,0,0,1,0,1,0,0,0,1,0,0,1,0,0,1,0,2,0,3,0.6363,0.125,0
ID-000506,0,0,1,1,0.5,0,0,1,0,0,0,1,0,1,0,0,0,0,1,0,1,0,0,1,0,0,1,0,0,1,1,0.7331,0.3873,0
ID-000507,0,0,1,1,0.4583,0,0,1,0,1,0,1,0,1,0,0,0,1,0,1,0,0,0,1,0,0,0,1,0,0,3,0.9831,0.4522,0
ID-000508,1,0,1,1,0.1667,1,1,0,0,0,0,0,1,1,0,0,1,0,0,1,0,0,1,0,0,0,0,1,1,0,2,0.0094,0.0268,0
ID-000509,0,1,0,1,0.5972,0,1,0,0,2,0,1,0,1,0,0,0,0,1,1,0,0,0,0,1,0,1,0,0,1,2,0.9996,0.5975,0
ID-000510,0,1,1,1,0.4306,0,0,1,0,0,1,0,0,0,1,0,0,0,1,1,0,0,0,0,1,1,0,0,0,0,3,0.3684,0.2003,0
ID-000511,0,0,0,0,0.1389,1,0,0,1,2,0,0,1,0,0,1,0,0,1,0,0,1,0,1,0,0,1,0,1,1,2,0.3483,0.0622,0
ID-000512,0,0,0,1,0.9722,1,0,1,0,2,0,0,1,0,0,1,0,1,0,0,1,0,1,0,0,0,0,1,0,1,2,0.9874,0.9627,0
ID-000513,0,1,1,1,0.6806,0,0,1,0,0,1,0,0,0,1,0,0,0,1,0,0,1,0,1,0,0,0,1,1,0,3,0.7664,0.5463,0
ID-000514,1,0,0,1,0.9861,0,0,1,0,2,0,1,0,1,0,0,0,0,1,0,0,1,0,1,0,0,0,1,0,0,1,0.9664,0.9588,0
ID-000515,1,1,1,1,0.5556,0,1,0,0,1,1,0,0,0,0,1,0,1,0,0,0,1,0,0,1,0,0,1,2,1,0,0.9543,0.5345,0
ID-000516,0,0,0,1,0.6944,0,0,0,1,1,0,1,0,0,0,1,1,0,0,0,1,0,0,0,1,0,0,1,2,1,2,0.0091,0.1115,0
ID-000517,0,1,1,0,0.5417,0,0,0,1,1,0,1,0,1,0,0,0,1,0,0,0,1,0,1,0,0,0,1,0,1,1,0.5025,0.3136,0
ID-000518,1,0,0,0,0.8611,0,0,0,1,1,1,0,0,1,0,0,1,0,0,0,1,0,0,0,1,0,0,1,1,0,1,0.7275,0.6629,0
ID-000519,1,1,0,1,0.9722,1,1,0,0,0,1,0,0,1,0,0,0,1,0,0,1,0,0,1,0,0,0,1,0,1,2,0.3938,0.4732,0
ID-000520,1,1,0,1,0.1806,1,0,1,0,1,1,0,0,0,1,0,0,1,0,0,1,0,0,0,1,0,0,1,1,0,1,0.6784,0.1315,0
ID-000521,0,1,0,1,0.7083,0,0,0,1,0,0,0,1,0,1,0,1,0,0,0,0,1,1,0,0,1,0,0,2,0,2,0.245,0.2554,0
ID-000522,0,0,1,0,0.0139,0,0,0,1,0,0,1,0,0,0,1,0,1,0,1,0,0,1,0,0,0,0,1,2,0,2,0.1199,0.0035,0
ID-000523,1,1,1,0,0.2222,0,0,1,0,0,0,0,1,0,0,1,0,0,1,0,0,1,0,1,0,0,1,0,2,1,1,0.0993,0.0527,0
ID-000524,0,0,1,1,0.3194,1,0,0,1,2,0,1,0,0,0,1,1,0,0,0,1,0,0,1,0,0,1,0,2,0,2,0.0052,0.0502,0
ID-000525,1,0,0,1,0.9583,0,0,0,1,0,1,0,0,0,1,0,0,0,1,1,0,0,0,0,1,1,0,0,2,0,1,0.1716,0.2858,0
ID-000526,1,0,1,0,0.1667,1,0,1,0,0,0,0,1,0,1,0,0,0,1,1,0,0,1,0,0,0,1,0,2,0,0,0.6627,0.1191,0
ID-000527,1,1,0,1,0.9722,0,0,0,1,1,0,0,1,0,1,0,0,0,1,0,1,0,0,1,0,0,0,1,2,0,1,0.255,0.3588,0
ID-000528,1,1,1,0,0.6528,0,1,0,0,2,0,0,1,0,1,0,0,1,0,1,0,0,0,1,0,0,0,1,0,0,0,0.5637,0.4118,0
ID-000529,0,1,1,1,0.5833,0,0,1,0,2,1,0,0,0,1,0,1,0,0,0,1,0,0,1,0,0,1,0,2,0,3,0.6403,0.4059,0
ID-000530,0,1,1,1,0.1667,1,1,0,0,1,0,1,0,1,0,0,0,0,1,0,0,1,0,0,1,0,0,1,2,0,3,0.5291,0.1002,0
ID-000531,1,0,1,0,0.2222,0,0,1,0,0,0,0,1,1,0,0,0,0,1,0,1,0,0,0,1,0,0,1,1,0,1,0.2591,0.0828,0
ID-000532,0,1,0,1,0.7778,0,0,0,1,2,1,0,0,1,0,0,1,0,0,0,1,0,0,0,1,0,1,0,0,1,0,0.9864,0.7695,0
ID-000533,0,1,1,0,0.2917,1,1,0,0,1,0,0,1,0,0,1,0,0,1,0,0,1,0,0,1,0,1,0,1,1,1,0.5754,0.1869,0
ID-000534,0,0,1,0,0.0,1,0,0,1,0,0,1,0,0,1,0,0,1,0,1,0,0,0,1,0,0,0,1,1,1,3,0.7143,0.0,0
ID-000535,1,1,1,1,0.875,0,1,0,0,1,1,0,0,1,0,0,0,1,0,0,1,0,0,0,1,0,0,1,2,0,1,0.3791,0.415,0
ID-000536,1,1,0,1,0.5417,0,0,1,0,0,1,0,0,1,0,0,1,0,0,1,0,0,0,1,0,0,1,0,1,1,3,0.9293,0.5096,0
ID-000537,1,0,1,0,0.625,1,1,0,0,2,0,1,0,0,0,1,1,0,0,0,1,0,1,0,0,1,0,0,1,0,2,0.0088,0.1002,0
ID-000538,0,0,0,0,0.75,1,0,1,0,1,0,0,1,1,0,0,0,1,0,1,0,0,0,0,1,0,1,0,0,1,2,0.8924,0.6822,0
ID-000539,0,0,1,1,0.0694,0,0,0,1,1,0,1,0,1,0,0,1,0,0,0,0,1,1,0,0,0,0,1,2,1,2,0.1336,0.0185,0
ID-000540,0,0,1,1,0.7083,1,0,1,0,2,1,0,0,0,0,1,0,1,0,0,0,1,0,1,0,0,1,0,2,0,3,0.502,0.4097,0
ID-000541,0,0,0,1,0.0139,1,0,0,1,0,0,1,0,0,1,0,1,0,0,0,1,0,1,0,0,0,0,1,0,0,1,0.4343,0.0072,0
ID-000542,1,0,1,1,0.8333,1,0,1,0,1,0,1,0,1,0,0,0,1,0,0,1,0,1,0,0,0,1,0,2,1,0,0.7066,0.6267,0
ID-000543,1,0,0,0,0.0833,0,0,1,0,0,1,0,0,0,0,1,0,1,0,1,0,0,0,1,0,1,0,0,1,0,2,0.3804,0.0396,0
ID-000544,1,0,1,1,0.7361,0,0,1,0,1,1,0,0,1,0,0,0,0,1,0,1,0,1,0,0,0,1,0,1,0,2,0.247,0.2666,0
ID-000545,1,0,0,0,0.5833,0,0,0,1,0,0,0,1,0,0,1,1,0,0,0,1,0,0,0,1,1,0,0,0,0,0,0.3044,0.2397,0
ID-000546,1,0,1,1,0.1806,0,0,1,0,2,0,0,1,0,0,1,1,0,0,1,0,0,0,0,1,1,0,0,0,1,0,0.1304,0.0476,0
ID-000547,0,1,0,0,0.2222,1,1,0,0,2,1,0,0,1,0,0,0,0,1,0,0,1,0,1,0,0,1,0,2,0,1,0.1917,0.0701,0
ID-000548,1,1,0,1,0.5139,1,1,0,0,0,1,0,0,0,0,1,1,0,0,1,0,0,0,0,1,1,0,0,0,1,0,0.0453,0.0983,0
ID-000549,1,1,0,0,0.2778,1,1,0,0,0,1,0,0,0,0,1,0,1,0,0,1,0,0,1,0,0,1,0,2,1,2,0.572,0.1772,0
ID-000550,0,0,0,1,0.0694,1,0,1,0,0,0,1,0,0,1,0,0,0,1,1,0,0,0,0,1,0,0,1,1,0,0,0.6397,0.0483,0
ID-000551,0,1,1,1,0.9722,0,0,1,0,0,1,0,0,0,1,0,1,0,0,0,1,0,0,0,1,0,0,1,2,1,3,0.264,0.3662,0
ID-000552,1,1,1,0,0.4444,0,0,1,0,0,0,0,1,1,0,0,0,1,0,1,0,0,0,1,0,0,0,1,2,0,2,0.8702,0.3959,0
ID-000553,1,1,1,1,0.25,1,0,0,1,1,0,0,1,0,1,0,0,0,1,1,0,0,0,1,0,1,0,0,0,1,3,0.9024,0.2295,0
ID-000554,1,1,0,1,0.3333,1,0,0,1,2,0,0,1,0,1,0,1,0,0,1,0,0,0,1,0,0,1,0,0,1,1,0.0694,0.0706,0
ID-000555,1,0,1,0,0.4306,1,0,1,0,2,1,0,0,0,0,1,1,0,0,0,1,0,1,0,0,1,0,0,1,1,1,0.7702,0.347,0
ID-000556,1,0,1,1,0.0972,0,0,1,0,0,1,0,0,0,1,0,0,1,0,0,1,0,0,1,0,0,1,0,1,0,1,0.5436,0.0597,0
ID-000557,0,0,0,1,0.625,1,0,1,0,2,1,0,0,1,0,0,0,1,0,0,0,1,1,0,0,0,1,0,1,1,0,0.6555,0.4429,0
ID-000558,1,1,1,0,0.2639,0,1,0,0,2,1,0,0,1,0,0,0,0,1,1,0,0,1,0,0,0,0,1,0,1,1,0.1781,0.0802,0
ID-000559,0,0,1,0,0.25,0,0,1,0,2,1,0,0,0,1,0,0,1,0,1,0,0,1,0,0,1,0,0,1,0,3,0.3203,0.1061,0
ID-000560,1,0,0,0,0.7222,0,0,0,1,0,1,0,0,0,0,1,0,0,1,0,1,0,1,0,0,0,1,0,2,0,1,0.6018,0.4789,0
ID-000561,1,1,0,1,0.1528,1,0,1,0,1,1,0,0,0,1,0,1,0,0,1,0,0,0,1,0,0,0,1,1,1,1,0.2352,0.0538,0
ID-000562,1,1,1,0,0.3889,0,0,1,0,0,0,1,0,0,0,1,0,0,1,0,1,0,1,0,0,0,0,1,0,1,1,0.0558,0.0778,0
ID-000563,1,1,1,1,0.6389,0,0,0,1,2,0,0,1,0,0,1,0,0,1,1,0,0,1,0,0,1,0,0,2,0,3,0.1412,0.1741,0
ID-000564,1,0,1,1,0.0139,0,1,0,0,0,1,0,0,0,0,1,0,0,1,1,0,0,0,0,1,0,0,1,1,1,3,0.2868,0.0055,0
ID-000565,0,0,1,0,0.2778,1,0,1,0,1,0,1,0,0,0,1,0,0,1,0,0,1,0,1,0,0,0,1,1,0,2,0.2718,0.1065,0
ID-000566,0,1,1,0,0.7083,1,0,1,0,2,1,0,0,0,0,1,1,0,0,0,1,0,0,1,0,1,0,0,0,1,0,0.8274,0.6053,0
ID-000567,0,0,1,1,0.375,1,1,0,0,2,0,0,1,0,0,1,0,1,0,0,0,1,1,0,0,0,1,0,0,0,0,0.5972,0.2472,0
ID-000568,0,1,1,0,0.5417,0,0,0,1,1,0,1,0,0,0,1,0,0,1,0,1,0,1,0,0,1,0,0,2,1,1,0.0084,0.0866,0
ID-000569,1,1,1,1,0.0417,0,0,1,0,0,0,1,0,0,0,1,0,1,0,0,1,0,0,0,1,0,0,1,0,1,2,0.5873,0.0271,0
ID-000570,0,1,1,0,0.7917,1,0,1,0,0,0,0,1,0,1,0,0,1,0,0,0,1,0,0,1,1,0,0,0,1,1,0.7855,0.6484,0
ID-000571,1,1,1,0,0.5417,0,0,1,0,1,0,1,0,0,1,0,1,0,0,0,0,1,1,0,0,1,0,0,0,1,1,0.5472,0.3341,0
ID-000572,0,1,1,1,0.8056,0,0,1,0,1,1,0,0,1,0,0,1,0,0,0,0,1,0,0,1,0,1,0,1,0,2,0.2579,0.2992,0
ID-000573,0,1,1,1,0.6528,1,0,0,1,0,0,1,0,0,1,0,0,1,0,1,0,0,1,0,0,0,1,0,2,0,0,0.0834,0.1459,0
ID-000574,1,1,0,0,0.3889,0,0,1,0,2,0,1,0,0,0,1,0,1,0,1,0,0,1,0,0,0,1,0,1,0,0,0.3882,0.1875,0
ID-000575,1,1,1,0,0.5556,0,0,1,0,0,0,1,0,1,0,0,0,1,0,0,0,1,0,1,0,1,0,0,2,1,3,0.3424,0.2462,0
ID-000576,0,1,1,1,0.0972,1,0,1,0,0,1,0,0,1,0,0,1,0,0,0,0,1,0,1,0,0,1,0,0,1,2,0.9367,0.0921,0
ID-000577,0,1,1,0,0.7083,1,0,1,0,2,1,0,0,1,0,0,1,0,0,0,1,0,0,1,0,1,0,0,1,0,3,0.0816,0.1573,0
ID-000578,0,1,0,1,0.9444,1,0,1,0,0,0,0,1,0,0,1,0,0,1,0,1,0,1,0,0,0,0,1,2,0,0,0.6889,0.6961,0
ID-000579,0,1,1,0,0.2639,0,0,0,1,0,0,1,0,1,0,0,0,1,0,0,0,1,1,0,0,0,0,1,2,1,0,0.8967,0.241,0
ID-000580,1,1,1,0,0.375,1,0,1,0,0,0,0,1,0,1,0,1,0,0,1,0,0,0,1,0,1,0,0,1,1,3,0.7458,0.2945,0
ID-000581,0,1,1,1,0.8056,0,1,0,0,1,0,1,0,0,0,1,0,0,1,0,1,0,0,0,1,1,0,0,1,0,3,0.4141,0.406,0
ID-000582,1,0,1,1,0.5,1,0,0,1,1,0,1,0,1,0,0,0,0,1,0,0,1,0,0,1,0,1,0,2,0,0,0.7022,0.3742,0
ID-000583,0,1,1,1,0.5139,0,0,1,0,1,1,0,0,1,0,0,0,0,1,0,0,1,0,0,1,1,0,0,0,0,1,0.8519,0.4498,0
ID-000584,0,1,0,1,0.8889,1,1,0,0,2,0,1,0,0,1,0,0,1,0,1,0,0,0,0,1,0,0,1,2,0,2,0.2836,0.3496,0
ID-000585,1,1,1,0,0.2917,1,0,0,1,1,0,1,0,0,0,1,1,0,0,0,0,1,0,1,0,1,0,0,1,1,3,0.9594,0.2819,0
ID-000586,1,1,0,1,0.4028,0,0,1,0,2,0,1,0,0,1,0,1,0,0,0,1,0,0,0,1,0,0,1,0,1,0,0.0995,0.0955,0
ID-000587,0,1,1,1,0.6667,1,1,0,0,2,0,0,1,0,1,0,0,0,1,1,0,0,1,0,0,0,0,1,0,0,0,0.0252,0.1161,0
ID-000588,1,0,0,1,0.25,1,0,1,0,1,1,0,0,0,1,0,0,1,0,0,1,0,1,0,0,1,0,0,0,0,0,0.6275,0.1712,0
ID-000589,0,0,1,0,0.8611,0,1,0,0,0,1,0,0,0,1,0,0,1,0,1,0,0,0,1,0,0,1,0,2,1,0,0.7955,0.7125,0
ID-000590,1,0,0,1,0.5972,1,0,0,1,2,0,0,1,0,1,0,0,0,1,0,0,1,0,1,0,0,1,0,1,1,1,0.9939,0.5946,0
ID-000591,1,1,0,0,0.0417,1,0,1,0,1,0,0,1,0,0,1,0,0,1,1,0,0,1,0,0,0,0,1,1,0,3,0.3275,0.0179,0
ID-000592,0,1,1,0,0.3333,1,0,1,0,0,1,0,0,1,0,0,1,0,0,1,0,0,0,0,1,0,0,1,1,0,0,0.2501,0.1216,0
ID-000593,0,0,0,1,0.6806,1,0,0,1,1,0,0,1,1,0,0,1,0,0,0,0,1,0,0,1,0,0,1,1,0,0,0.4293,0.3518,0
ID-000594,1,1,1,1,0.1944,1,0,0,1,1,1,0,0,0,1,0,1,0,0,0,1,0,0,1,0,1,0,0,2,1,2,0.1799,0.0594,0
ID-000595,1,0,0,0,0.375,1,0,0,1,2,0,1,0,0,0,1,1,0,0,0,0,1,0,0,1,0,0,1,0,0,3,0.4654,0.2053,0
ID-000596,1,1,0,1,0.5556,0,1,0,0,2,0,1,0,1,0,0,0,1,0,0,0,1,1,0,0,0,0,1,1,1,0,0.8135,0.4682,0
ID-000597,1,1,0,1,0.5,0,0,1,0,0,0,0,1,0,1,0,1,0,0,0,0,1,0,1,0,0,1,0,1,1,3,0.0177,0.0839,0
ID-000598,0,0,0,0,0.5278,1,1,0,0,1,0,0,1,1,0,0,1,0,0,0,0,1,0,1,0,1,0,0,2,1,0,0.2747,0.2036,0
ID-000599,1,1,0,1,0.3889,1,0,1,0,2,0,0,1,1,0,0,0,0,1,0,1,0,0,0,1,0,1,0,1,1,0,0.0477,0.0752,0
ID-000600,0,1,0,1,0.0833,1,0,0,1,1,0,1,0,0,1,0,1,0,0,0,1,0,0,0,1,1,0,0,2,0,0,0.9473,0.0797,0
ID-000601,0,1,0,0,0.9167,1,0,1,0,1,1,0,0,0,0,1,0,1,0,1,0,0,0,0,1,0,1,0,2,1,0,0.5277,0.5502,0
ID-000602,1,0,0,0,0.125,1,1,0,0,2,1,0,0,0,1,0,0,0,1,0,0,1,0,0,1,1,0,0,1,0,1,0.972,0.1221,0
ID-000603,0,1,0,1,0.8889,0,0,1,0,2,1,0,0,1,0,0,0,1,0,0,0,1,1,0,0,0,0,1,2,1,1,0.1056,0.2154,0
ID-000604,1,0,0,1,0.8194,0,0,1,0,1,0,0,1,0,0,1,1,0,0,1,0,0,1,0,0,0,1,0,2,1,2,0.8764,0.7342,0
ID-000605,0,1,1,0,0.7639,0,1,0,0,2,0,1,0,0,0,1,1,0,0,0,0,1,1,0,0,0,1,0,1,1,3,0.2121,0.2541,0
ID-000606,0,1,1,1,0.3056,1,0,1,0,2,0,1,0,0,1,0,0,1,0,0,0,1,1,0,0,0,1,0,0,1,2,0.5941,0.2006,0
ID-000607,0,1,0,1,0.3889,1,0,0,1,0,1,0,0,1,0,0,0,1,0,0,1,0,0,1,0,1,0,0,2,0,2,0.8828,0.3506,0
ID-000608,0,1,1,1,0.0,0,0,0,1,2,0,1,0,0,1,0,1,0,0,1,0,0,0,1,0,0,1,0,2,0,3,0.0941,0.0,0
ID-000609,1,0,1,0,0.5833,0,0,0,1,2,1,0,0,0,1,0,1,0,0,0,1,0,0,1,0,0,1,0,2,0,1,0.0207,0.0994,0
ID-000610,1,0,0,0,0.9306,0,1,0,0,0,1,0,0,0,0,1,1,0,0,0,0,1,1,0,0,1,0,0,1,0,0,0.5032,0.5392,0
ID-000611,0,0,0,1,0.625,1,1,0,0,2,0,0,1,0,1,0,1,0,0,1,0,0,0,1,0,0,1,0,2,0,2,0.3011,0.2551,0
ID-000612,0,0,0,0,0.3611,1,1,0,0,0,1,0,0,1,0,0,1,0,0,0,0,1,1,0,0,1,0,0,1,1,0,0.7445,0.2832,0
ID-000613,1,1,0,0,0.9167,0,0,1,0,2,1,0,0,0,0,1,0,1,0,1,0,0,0,0,1,0,1,0,2,0,1,0.7019,0.6857,0
ID-000614,0,0,0,1,0.5278,1,1,0,0,0,0,1,0,0,1,0,1,0,0,1,0,0,0,1,0,1,0,0,1,1,0,0.4868,0.2985,0
ID-000615,1,0,0,1,0.4444,1,1,0,0,0,0,1,0,1,0,0,0,1,0,0,1,0,1,0,0,1,0,0,0,0,3,0.1376,0.1198,0
ID-000616,0,1,0,1,0.7083,0,0,0,1,1,0,0,1,0,1,0,0,0,1,0,1,0,1,0,0,0,1,0,1,1,2,0.9671,0.6892,0
ID-000617,0,0,0,0,0.5417,1,0,1,0,0,1,0,0,0,0,1,1,0,0,0,0,1,0,0,1,0,0,1,1,0,2,0.0855,0.122,0
ID-000618,0,0,1,0,0.75,1,0,1,0,0,1,0,0,0,1,0,0,0,1,0,0,1,1,0,0,0,1,0,2,0,0,0.4666,0.4114,0
ID-000619,0,1,1,1,0.6944,1,1,0,0,0,0,1,0,1,0,0,0,0,1,0,1,0,1,0,0,0,0,1,1,0,0,0.1258,0.1802,0
ID-000620,1,0,1,0,0.2083,1,0,1,0,0,0,0,1,0,1,0,1,0,0,0,0,1,1,0,0,0,0,1,0,0,1,0.7406,0.1627,0
ID-000621,1,0,1,1,0.1944,1,1,0,0,2,0,0,1,1,0,0,1,0,0,0,1,0,0,1,0,1,0,0,1,0,1,0.067,0.0408,0
ID-000622,0,0,0,1,0.4167,1,0,1,0,2,0,0,1,0,0,1,0,1,0,0,1,0,0,0,1,0,0,1,2,1,3,0.8419,0.3611,0
ID-000623,0,1,0,0,0.8472,0,0,0,1,2,1,0,0,1,0,0,1,0,0,0,1,0,0,1,0,1,0,0,1,1,3,0.29,0.3378,0
ID-000624,0,0,0,1,0.0139,0,0,0,1,1,1,0,0,0,1,0,0,1,0,1,0,0,0,0,1,0,0,1,0,0,3,0.5806,0.009,0
ID-000625,0,1,0,1,0.9028,0,0,0,1,1,1,0,0,0,1,0,0,0,1,1,0,0,1,0,0,1,0,0,2,1,2,0.0627,0.1859,0
ID-000626,0,1,1,1,0.2222,1,0,0,1,2,0,1,0,0,1,0,0,0,1,0,1,0,1,0,0,0,0,1,1,0,1,0.6979,0.1655,0
ID-000627,0,1,1,1,0.4167,0,0,1,0,2,0,0,1,0,1,0,1,0,0,1,0,0,0,0,1,0,0,1,0,1,2,0.1053,0.1009,0
ID-000628,1,0,0,0,0.1806,0,0,0,1,1,0,1,0,0,1,0,0,0,1,0,1,0,1,0,0,0,0,1,0,1,0,0.6988,0.1346,0
ID-000629,1,1,0,1,0.1667,0,0,1,0,0,0,0,1,0,0,1,0,0,1,0,0,1,1,0,0,0,1,0,0,0,2,0.2035,0.0542,0
ID-000630,1,0,0,0,0.625,0,0,1,0,0,0,1,0,0,1,0,0,0,1,1,0,0,0,1,0,0,1,0,1,1,0,0.6186,0.4234,0
ID-000631,0,1,0,0,0.9583,1,0,1,0,1,0,1,0,0,0,1,0,0,1,0,1,0,0,0,1,0,0,1,2,0,3,0.3309,0.4153,0
ID-000632,0,1,1,1,0.0972,0,1,0,0,1,0,1,0,1,0,0,0,1,0,0,1,0,0,1,0,0,0,1,2,0,0,0.546,0.0599,0
ID-000633,1,1,1,0,0.4167,1,0,0,1,1,0,1,0,1,0,0,0,0,1,0,1,0,0,1,0,0,1,0,1,1,2,0.4936,0.2381,0
ID-000634,1,0,1,1,0.7639,1,0,0,1,0,1,0,0,0,0,1,0,0,1,0,0,1,0,1,0,0,0,1,1,1,3,0.4776,0.4261,0
ID-000635,0,0,1,0,0.6667,1,0,0,1,1,1,0,0,0,1,0,1,0,0,1,0,0,0,1,0,0,1,0,0,1,0,0.6955,0.4951,0
ID-000636,1,0,1,1,0.4028,1,0,1,0,2,1,0,0,0,1,0,1,0,0,0,1,0,1,0,0,1,0,0,2,1,2,0.4131,0.2027,0
ID-000637,1,0,1,0,0.2222,1,1,0,0,0,0,0,1,1,0,0,0,1,0,1,0,0,0,0,1,1,0,0,1,0,1,0.6062,0.1482,0
ID-000638,1,0,0,0,0.9306,0,1,0,0,2,0,1,0,0,1,0,0,0,1,0,1,0,1,0,0,0,0,1,2,1,0,0.8932,0.847,0
ID-000639,1,0,0,0,0.6528,1,0,1,0,1,0,1,0,1,0,0,1,0,0,0,0,1,1,0,0,1,0,0,0,1,2,0.725,0.5011,0
ID-000640,0,1,1,1,0.6806,1,1,0,0,2,0,0,1,1,0,0,0,0,1,0,1,0,0,0,1,1,0,0,0,0,0,0.4954,0.3899,0
ID-000641,1,0,0,0,0.5972,0,0,0,1,0,0,1,0,0,1,0,0,0,1,1,0,0,0,0,1,0,0,1,1,0,3,0.9229,0.5587,0
ID-000642,0,1,1,1,1.0,1,1,0,0,0,1,0,0,0,1,0,0,1,0,0,0,1,1,0,0,1,0,0,2,0,0,0.7691,0.8051,0
ID-000643,1,0,0,0,0.4861,0,0,1,0,1,1,0,0,0,1,0,1,0,0,0,1,0,1,0,0,0,1,0,1,0,1,0.3617,0.2234,0
ID-000644,0,1,1,0,0.7222,1,1,0,0,1,1,0,0,1,0,0,0,1,0,0,1,0,0,0,1,0,1,0,0,1,1,0.0585,0.1462,0
ID-000645,0,1,1,1,0.1944,1,0,0,1,1,1,0,0,0,1,0,0,0,1,1,0,0,0,0,1,0,0,1,0,1,2,0.6547,0.1377,0
ID-000646,1,0,1,0,0.1806,0,0,0,1,1,0,1,0,0,0,1,1,0,0,1,0,0,0,1,0,0,1,0,1,0,2,0.0774,0.0394,0
ID-000647,0,0,1,0,0.7222,1,1,0,0,2,0,0,1,0,1,0,0,1,0,0,0,1,0,1,0,1,0,0,2,0,1,0.8976,0.6601,0
ID-000648,1,1,1,1,0.6667,1,0,0,1,0,0,0,1,0,0,1,0,0,1,0,0,1,1,0,0,0,0,1,2,1,0,0.8308,0.5716,0
ID-000649,0,1,1,0,0.8333,1,1,0,0,2,1,0,0,0,1,0,1,0,0,1,0,0,0,0,1,0,1,0,2,1,3,0.6593,0.5933,0
ID-000650,1,1,0,1,0.7222,0,1,0,0,2,0,0,1,0,1,0,0,0,1,0,1,0,1,0,0,0,0,1,2,1,2,0.3619,0.332,0
ID-000651,0,1,1,0,0.5,1,0,1,0,1,0,1,0,0,1,0,0,1,0,1,0,0,1,0,0,0,0,1,2,0,0,0.3416,0.2212,0
ID-000652,1,0,1,1,0.2222,0,1,0,0,1,0,1,0,1,0,0,0,0,1,0,0,1,0,1,0,0,0,1,1,1,2,0.8697,0.1978,0
ID-000653,1,0,0,0,0.5972,0,0,0,1,1,0,0,1,1,0,0,1,0,0,1,0,0,0,0,1,0,1,0,2,1,0,0.5916,0.3909,0
ID-000654,0,1,0,0,0.2639,0,0,1,0,0,0,0,1,0,0,1,1,0,0,0,1,0,0,1,0,1,0,0,1,0,0,0.8958,0.2408,0
ID-000655,0,1,0,0,1.0,0,0,1,0,2,0,1,0,0,0,1,0,0,1,0,1,0,1,0,0,0,0,1,1,0,0,0.5178,0.5919,0
ID-000656,0,1,0,1,0.6111,1,1,0,0,1,0,0,1,0,1,0,0,1,0,0,0,1,1,0,0,0,1,0,0,1,1,0.2848,0.241,0
ID-000657,1,0,0,1,0.0417,0,0,1,0,1,0,0,1,1,0,0,0,0,1,1,0,0,0,0,1,0,1,0,1,0,0,0.5985,0.0275,0
ID-000658,0,0,1,0,0.2083,1,1,0,0,2,0,0,1,0,1,0,0,0,1,0,1,0,1,0,0,0,1,0,2,0,2,0.4444,0.1104,0
ID-000659,1,1,1,0,0.8056,1,0,0,1,0,1,0,0,0,1,0,0,0,1,0,0,1,0,0,1,0,1,0,2,1,1,0.6307,0.5539,0
ID-000660,1,0,0,0,0.2361,1,1,0,0,2,0,0,1,1,0,0,1,0,0,0,1,0,0,1,0,0,0,1,0,1,0,0.5864,0.1535,0
ID-000661,1,0,1,0,0.7639,0,0,0,1,1,0,0,1,0,0,1,0,1,0,0,0,1,1,0,0,1,0,0,2,1,2,0.0672,0.1603,0
ID-000662,0,1,0,0,0.4028,0,0,1,0,2,0,1,0,1,0,0,1,0,0,1,0,0,1,0,0,0,1,0,2,0,0,0.8752,0.3605,0
ID-000663,1,1,0,1,0.3056,0,1,0,0,0,1,0,0,0,0,1,0,1,0,0,1,0,1,0,0,1,0,0,2,1,3,0.4647,0.1671,0
ID-000664,0,1,0,0,0.0972,0,1,0,0,1,0,1,0,1,0,0,1,0,0,0,0,1,0,1,0,1,0,0,2,1,2,0.5624,0.0612,0
ID-000665,1,0,1,0,0.7917,1,0,0,1,0,0,1,0,0,0,1,0,1,0,1,0,0,0,1,0,0,0,1,1,0,0,0.4098,0.3961,0
ID-000666,1,0,0,1,0.0833,0,0,1,0,1,1,0,0,1,0,0,0,1,0,0,0,1,0,0,1,0,1,0,0,1,0,0.5187,0.0494,0
ID-000667,0,0,1,0,0.9306,0,0,1,0,2,0,0,1,0,0,1,0,1,0,0,1,0,1,0,0,0,0,1,0,0,3,0.1024,0.223,0
ID-000668,1,0,1,0,0.2222,1,0,1,0,0,0,0,1,0,0,1,0,1,0,0,1,0,0,0,1,0,0,1,1,1,2,0.8184,0.1882,0
ID-000669,0,1,0,1,0.5694,1,1,0,0,0,0,0,1,1,0,0,1,0,0,1,0,0,1,0,0,0,1,0,0,0,2,0.4252,0.2924,0
ID-000670,1,1,1,0,0.8472,0,1,0,0,0,0,0,1,0,1,0,1,0,0,0,1,0,0,0,1,0,1,0,1,1,3,0.2844,0.3338,0
ID-000671,0,1,1,1,0.6528,1,0,0,1,2,0,1,0,1,0,0,0,0,1,0,1,0,0,1,0,0,1,0,1,0,1,0.4768,0.3637,0
ID-000672,0,1,1,1,0.0972,0,0,0,1,0,0,0,1,1,0,0,0,1,0,1,0,0,0,0,1,0,1,0,2,0,3,0.7675,0.0781,0
ID-000673,0,1,1,1,0.5556,0,0,0,1,2,1,0,0,0,1,0,0,1,0,0,1,0,0,0,1,0,0,1,0,1,1,0.9597,0.537,0
ID-000674,0,1,1,0,0.7778,1,0,0,1,0,1,0,0,1,0,0,0,1,0,1,0,0,0,1,0,1,0,0,1,0,2,0.8699,0.6926,0
ID-000675,0,0,0,0,0.6528,0,1,0,0,2,1,0,0,0,0,1,0,0,1,0,1,0,0,1,0,0,0,1,2,0,0,0.5639,0.4119,0
ID-000676,1,0,0,1,0.5556,1,0,0,1,2,0,0,1,1,0,0,1,0,0,0,1,0,0,1,0,0,0,1,1,1,0,0.4163,0.281,0
ID-000677,0,0,1,0,0.6111,0,1,0,0,0,0,0,1,1,0,0,1,0,0,0,0,1,1,0,0,1,0,0,2,1,0,0.6364,0.4232,0
ID-000678,1,1,1,1,0.2639,0,1,0,0,0,0,0,1,0,0,1,1,0,0,0,0,1,0,0,1,0,0,1,1,1,1,0.1029,0.0634,0
ID-000679,1,0,1,1,0.0,0,0,1,0,1,0,1,0,0,1,0,0,1,0,0,0,1,1,0,0,1,0,0,2,0,2,0.7835,0.0,0
ID-000680,0,1,0,0,0.5278,0,1,0,0,0,1,0,0,0,0,1,0,1,0,0,0,1,0,1,0,0,1,0,2,0,1,0.5005,0.3046,0
ID-000681,0,0,0,0,0.7639,1,0,1,0,1,1,0,0,0,0,1,1,0,0,0,0,1,1,0,0,0,1,0,2,1,3,0.5606,0.4799,0
ID-000682,1,0,0,0,0.6528,1,0,1,0,0,1,0,0,1,0,0,0,1,0,1,0,0,1,0,0,0,0,1,0,0,0,0.179,0.1988,0
ID-000683,0,1,1,1,0.4861,0,0,0,1,0,1,0,0,1,0,0,0,1,0,1,0,0,0,0,1,0,0,1,2,1,0,0.6418,0.3389,0
ID-000684,1,0,1,1,0.6528,0,0,1,0,2,1,0,0,0,0,1,0,0,1,0,1,0,1,0,0,0,1,0,2,0,1,0.0287,0.1156,0
ID-000685,0,0,0,1,0.0278,0,1,0,0,0,0,0,1,0,1,0,0,1,0,0,1,0,0,0,1,0,1,0,2,0,0,0.3327,0.0121,0
ID-000686,1,1,1,1,0.3056,0,1,0,0,0,1,0,0,0,1,0,1,0,0,1,0,0,0,0,1,0,0,1,0,0,0,0.4434,0.1616,0
ID-000687,1,0,0,1,0.1944,1,0,1,0,2,0,0,1,1,0,0,1,0,0,0,1,0,0,0,1,0,1,0,1,1,1,0.9182,0.1811,0
ID-000688,1,1,1,0,0.5417,0,0,1,0,2,1,0,0,0,1,0,0,1,0,1,0,0,1,0,0,0,0,1,1,0,0,0.0532,0.1072,0
ID-000689,0,0,1,0,0.8611,1,0,0,1,0,0,1,0,0,0,1,1,0,0,1,0,0,0,0,1,0,0,1,1,1,2,0.3552,0.391,0
ID-000690,0,0,1,0,0.8889,1,1,0,0,1,0,1,0,0,1,0,0,0,1,0,0,1,0,0,1,0,1,0,1,1,3,0.5517,0.5517,0
ID-000691,1,1,1,0,0.5694,1,0,1,0,1,1,0,0,1,0,0,1,0,0,0,0,1,0,1,0,0,1,0,1,0,1,0.3723,0.2668,0
ID-000692,0,1,0,0,0.8194,0,0,1,0,1,0,0,1,1,0,0,0,0,1,1,0,0,1,0,0,0,0,1,1,0,0,0.5469,0.5052,0
ID-000693,1,1,0,0,0.4028,0,0,0,1,2,0,1,0,0,0,1,0,1,0,1,0,0,0,0,1,0,0,1,2,1,1,0.7633,0.3223,0
ID-000694,1,0,0,1,0.2222,0,1,0,0,1,0,1,0,1,0,0,0,1,0,0,0,1,0,1,0,0,1,0,0,0,2,0.6635,0.159,0
ID-000695,0,0,1,1,0.1389,0,0,1,0,1,0,1,0,1,0,0,0,1,0,1,0,0,0,0,1,0,0,1,1,1,3,0.1846,0.043,0
ID-000696,1,1,1,0,0.6667,1,1,0,0,1,1,0,0,0,0,1,0,0,1,1,0,0,0,0,1,1,0,0,2,1,2,0.8314,0.5719,0
ID-000697,1,0,1,1,0.8611,0,1,0,0,1,0,0,1,0,1,0,0,0,1,0,0,1,1,0,0,0,1,0,2,1,1,0.67,0.6209,0
ID-000698,0,0,0,0,0.875,1,1,0,0,2,1,0,0,1,0,0,1,0,0,0,0,1,1,0,0,0,1,0,1,0,1,0.188,0.2732,0
ID-000699,1,1,1,0,0.2778,1,0,0,1,1,0,1,0,0,1,0,1,0,0,0,1,0,0,0,1,0,0,1,1,0,0,0.3982,0.1362,0
ID-000700,0,0,0,0,0.8611,0,0,0,1,0,0,1,0,0,0,1,1,0,0,0,0,1,1,0,0,1,0,0,2,0,2,0.6539,0.6091,0
ID-000701,0,0,1,1,0.1944,0,0,0,1,0,1,0,0,0,1,0,0,0,1,0,0,1,0,0,1,1,0,0,1,1,3,0.7856,0.1593,0
ID-000702,0,1,1,0,0.5,0,1,0,0,1,0,0,1,1,0,0,0,1,0,0,0,1,1,0,0,0,1,0,1,0,3,0.0397,0.0932,0
ID-000703,1,0,0,1,0.0278,0,0,1,0,2,0,1,0,0,0,1,0,1,0,0,1,0,0,0,1,0,1,0,2,0,3,0.4468,0.0148,0
ID-000704,1,1,1,1,0.4861,0,1,0,0,2,0,1,0,0,0,1,0,0,1,0,0,1,0,1,0,1,0,0,2,1,2,0.3454,0.2167,0
ID-000705,0,0,0,1,0.5278,1,0,0,1,1,1,0,0,0,0,1,0,0,1,0,0,1,0,1,0,0,0,1,0,0,3,0.4225,0.2698,0
ID-000706,1,1,1,0,0.375,1,0,0,1,1,1,0,0,0,1,0,1,0,0,0,1,0,0,1,0,1,0,0,2,1,2,0.7608,0.2993,0
ID-000707,0,0,1,1,0.4722,1,0,0,1,1,0,1,0,0,1,0,0,0,1,1,0,0,0,0,1,0,0,1,2,0,3,0.4624,0.2573,0
ID-000708,1,1,0,0,0.5833,0,1,0,0,2,1,0,0,0,0,1,1,0,0,0,1,0,0,0,1,0,0,1,0,0,2,0.5416,0.357,0
ID-000709,1,1,0,1,0.7083,1,0,0,1,0,1,0,0,1,0,0,1,0,0,1,0,0,1,0,0,0,0,1,1,1,1,0.0322,0.1276,0
ID-000710,0,0,0,0,0.2917,1,1,0,0,0,0,1,0,1,0,0,0,0,1,0,1,0,0,1,0,1,0,0,0,1,0,0.6244,0.199,0
ID-000711,0,1,0,1,0.5139,0,0,0,1,1,1,0,0,1,0,0,0,0,1,0,1,0,0,0,1,0,0,1,2,0,3,0.1786,0.1563,0
ID-000712,0,1,0,1,0.3889,1,1,0,0,1,0,1,0,0,0,1,1,0,0,1,0,0,0,0,1,0,1,0,2,1,3,0.8593,0.3428,0
ID-000713,1,0,1,1,0.7361,0,0,1,0,1,0,0,1,0,1,0,0,1,0,0,0,1,0,0,1,1,0,0,2,1,2,0.9744,0.7207,0
ID-000714,0,0,1,0,0.0278,0,0,0,1,2,0,1,0,1,0,0,0,0,1,0,1,0,1,0,0,0,1,0,1,1,0,0.7431,0.0217,0
ID-000715,0,0,1,0,0.3611,1,0,0,1,1,0,1,0,0,1,0,1,0,0,0,0,1,0,1,0,0,1,0,2,1,3,0.5777,0.2321,0
ID-000716,1,1,0,1,0.9167,1,1,0,0,1,0,0,1,0,1,0,1,0,0,1,0,0,0,0,1,0,1,0,1,0,3,0.9957,0.9141,0
ID-000717,0,0,1,0,0.75,0,0,0,1,1,0,1,0,0,1,0,1,0,0,0,1,0,1,0,0,0,1,0,1,1,3,0.7875,0.6155,0
ID-000718,0,1,0,0,0.8611,0,0,0,1,1,0,0,1,1,0,0,0,0,1,0,1,0,0,1,0,0,1,0,2,0,0,0.7526,0.6812,0
ID-000719,0,1,1,0,0.3889,0,0,0,1,1,0,0,1,1,0,0,0,1,0,0,0,1,0,0,1,0,1,0,0,0,3,0.8804,0.3498,0
ID-000720,1,1,1,1,0.4444,0,1,0,0,0,0,0,1,0,0,1,0,0,1,1,0,0,1,0,0,0,0,1,0,0,1,0.6369,0.308,0
ID-000721,0,0,0,1,0.8889,0,1,0,0,2,0,0,1,0,1,0,1,0,0,0,1,0,1,0,0,0,1,0,0,1,2,0.3143,0.3727,0
ID-000722,0,0,1,1,0.2083,0,0,0,1,2,1,0,0,0,0,1,0,1,0,1,0,0,0,0,1,0,1,0,1,1,0,0.6501,0.1467,0
ID-000723,0,0,1,1,0.7917,0,0,1,0,2,0,0,1,1,0,0,0,0,1,1,0,0,0,1,0,0,0,1,0,1,1,0.5668,0.5015,0
ID-000724,1,1,0,1,0.9167,1,1,0,0,0,0,1,0,0,1,0,1,0,0,0,1,0,1,0,0,0,1,0,1,1,0,0.3028,0.3754,0
ID-000725,0,0,0,1,0.9583,0,0,0,1,2,0,0,1,0,0,1,0,0,1,1,0,0,0,1,0,1,0,0,1,0,3,0.5895,0.6255,0
ID-000726,0,1,0,1,0.3056,0,1,0,0,0,0,0,1,0,0,1,1,0,0,0,0,1,1,0,0,0,1,0,0,0,0,0.3286,0.1318,0
ID-000727,0,0,1,1,0.5556,0,0,0,1,1,0,1,0,1,0,0,1,0,0,0,0,1,0,0,1,0,0,1,0,1,0,0.8936,0.5059,0
ID-000728,0,1,1,0,0.4028,1,0,0,1,0,0,1,0,1,0,0,0,1,0,0,1,0,1,0,0,0,1,0,0,1,2,0.2132,0.1344,0
ID-000729,0,1,1,0,0.9167,0,1,0,0,1,0,1,0,1,0,0,1,0,0,0,0,1,1,0,0,0,0,1,1,0,2,0.9814,0.903,0
ID-000730,1,1,1,0,0.75,0,0,0,1,2,1,0,0,1,0,0,0,1,0,0,0,1,0,1,0,0,1,0,2,0,2,0.5634,0.4729,0
ID-000731,0,1,1,1,0.6528,0,1,0,0,2,0,1,0,0,1,0,0,1,0,1,0,0,0,0,1,1,0,0,2,0,0,0.0236,0.1128,0
ID-000732,0,0,0,0,0.6806,1,0,1,0,2,0,0,1,1,0,0,1,0,0,0,0,1,1,0,0,1,0,0,1,1,3,0.6879,0.501,0
ID-000733,0,0,1,0,0.2361,1,0,0,1,2,1,0,0,0,1,0,1,0,0,0,0,1,0,0,1,0,0,1,1,0,0,0.881,0.2125,0
ID-000734,0,1,0,1,0.2361,1,1,0,0,1,0,1,0,1,0,0,1,0,0,1,0,0,0,1,0,0,0,1,2,0,2,0.7722,0.1907,0
ID-000735,0,1,0,1,0.0278,1,0,0,1,1,0,1,0,0,0,1,1,0,0,0,1,0,0,0,1,1,0,0,2,0,2,0.1402,0.0075,0
ID-000736,1,0,1,1,0.5833,0,0,0,1,0,0,1,0,0,1,0,0,0,1,1,0,0,1,0,0,1,0,0,1,1,2,0.6345,0.403,0
ID-000737,0,1,1,0,0.125,0,0,1,0,0,1,0,0,0,1,0,0,1,0,0,1,0,1,0,0,1,0,0,0,0,1,0.1817,0.0384,0
ID-000738,1,1,1,1,0.5694,1,0,1,0,1,0,1,0,0,1,0,0,1,0,0,0,1,0,0,1,0,1,0,0,0,0,0.5325,0.3441,0
ID-000739,1,0,0,1,0.5694,0,1,0,0,2,0,1,0,1,0,0,0,1,0,0,1,0,1,0,0,0,1,0,1,1,3,0.8708,0.5075,0
ID-000740,0,0,1,0,0.3611,1,0,1,0,2,0,0,1,0,0,1,0,0,1,0,0,1,0,1,0,0,1,0,0,1,3,0.3804,0.1717,0
ID-000741,1,0,1,0,0.625,0,1,0,0,0,0,1,0,1,0,0,0,1,0,0,1,0,1,0,0,1,0,0,1,1,2,0.7498,0.4929,0
ID-000742,0,1,1,1,0.6389,0,1,0,0,2,1,0,0,0,0,1,0,0,1,1,0,0,0,1,0,0,1,0,0,1,0,0.9459,0.6101,0
ID-000743,0,0,1,1,0.2222,0,1,0,0,0,1,0,0,0,1,0,1,0,0,0,1,0,0,1,0,0,0,1,0,1,2,0.5187,0.1317,0
ID-000744,1,1,0,0,0.1944,0,0,0,1,1,0,1,0,0,1,0,1,0,0,0,1,0,1,0,0,0,1,0,2,1,3,0.7867,0.1594,0
ID-000745,1,0,1,1,0.0694,0,0,1,0,2,1,0,0,0,1,0,0,1,0,1,0,0,1,0,0,1,0,0,2,0,1,0.5396,0.0424,0
ID-000746,0,0,0,0,0.0,1,1,0,0,1,0,0,1,0,0,1,0,1,0,0,1,0,0,1,0,0,0,1,0,1,1,0.3114,0.0,0
ID-000747,0,0,1,1,0.1389,0,0,1,0,0,0,0,1,1,0,0,1,0,0,0,0,1,1,0,0,0,0,1,2,0,1,0.7433,0.1088,0
ID-000748,1,1,1,1,0.5694,1,0,1,0,2,0,0,1,0,1,0,0,1,0,0,1,0,1,0,0,1,0,0,0,0,3,0.422,0.2908,0
ID-000749,0,1,1,0,0.6111,0,0,0,1,1,0,1,0,0,0,1,1,0,0,0,0,1,0,0,1,1,0,0,1,1,2,0.1877,0.1906,0
ID-000750,0,0,0,0,0.5972,1,1,0,0,1,0,0,1,0,1,0,0,0,1,0,1,0,0,1,0,0,1,0,1,1,0,0.8071,0.5,0
ID-000751,0,1,0,0,0.9722,1,0,0,1,2,1,0,0,0,0,1,0,1,0,0,1,0,0,0,1,0,1,0,0,1,2,0.7128,0.7363,0
ID-000752,1,1,1,1,0.9306,0,0,1,0,2,0,0,1,0,1,0,0,0,1,0,0,1,0,0,1,0,1,0,2,1,3,0.601,0.6164,0
ID-000753,0,1,0,0,0.3472,0,1,0,0,1,0,1,0,0,0,1,1,0,0,0,1,0,0,1,0,1,0,0,2,0,1,0.2784,0.135,0
ID-000754,1,1,1,1,0.1111,0,0,1,0,0,1,0,0,1,0,0,0,0,1,0,1,0,0,1,0,1,0,0,0,1,2,0.0591,0.0225,0
ID-000755,1,0,0,1,0.2361,0,1,0,0,2,0,0,1,0,1,0,0,0,1,1,0,0,0,0,1,0,1,0,2,0,1,0.8928,0.2148,0
ID-000756,0,0,1,0,0.7778,0,0,1,0,1,1,0,0,0,1,0,0,0,1,1,0,0,1,0,0,0,0,1,0,0,2,0.2988,0.3159,0
ID-000757,0,0,0,0,0.3889,0,0,1,0,0,0,1,0,1,0,0,0,0,1,0,0,1,1,0,0,1,0,0,2,0,3,0.5229,0.2319,0
ID-000758,1,1,1,0,0.4444,1,0,0,1,1,0,0,1,1,0,0,0,1,0,0,0,1,1,0,0,0,0,1,2,0,3,0.9833,0.4385,0
ID-000759,1,0,1,1,0.0694,0,0,0,1,0,0,0,1,0,0,1,1,0,0,1,0,0,0,0,1,0,0,1,0,0,3,0.6018,0.0461,0
ID-000760,0,1,1,1,0.8056,1,0,1,0,0,1,0,0,0,1,0,1,0,0,1,0,0,0,1,0,0,0,1,1,0,2,0.5734,0.5148,0
ID-000761,0,1,1,0,0.6111,0,0,0,1,0,1,0,0,0,1,0,0,1,0,0,0,1,0,0,1,0,0,1,1,0,2,0.3524,0.276,0
ID-000762,0,1,1,0,0.3056,0,0,1,0,0,0,1,0,0,0,1,1,0,0,1,0,0,0,0,1,1,0,0,2,1,3,0.8449,0.2656,0
ID-000763,0,1,0,0,0.3472,1,0,1,0,1,0,1,0,0,1,0,0,1,0,0,0,1,1,0,0,0,0,1,2,0,1,0.2647,0.131,0
ID-000764,1,0,0,0,0.6944,1,0,0,1,1,0,0,1,1,0,0,1,0,0,0,1,0,1,0,0,0,1,0,2,0,0,0.6186,0.4704,0
ID-000765,1,0,1,0,0.5694,1,1,0,0,2,0,0,1,0,1,0,0,1,0,0,1,0,1,0,0,0,0,1,0,1,0,0.9996,0.5697,0
ID-000766,0,1,0,1,0.5139,0,0,1,0,0,0,0,1,1,0,0,0,0,1,0,0,1,1,0,0,0,0,1,1,0,2,0.2437,0.1847,0
ID-000767,1,1,0,1,0.7639,1,1,0,0,0,0,1,0,0,0,1,0,0,1,0,1,0,0,1,0,0,0,1,2,0,2,0.3702,0.3565,0
ID-000768,0,0,0,0,0.1806,1,1,0,0,0,1,0,0,1,0,0,0,0,1,1,0,0,0,1,0,0,1,0,0,0,0,0.8074,0.1512,0
ID-000769,1,1,1,0,0.6111,0,0,0,1,2,0,0,1,0,0,1,1,0,0,1,0,0,0,0,1,0,1,0,1,1,3,0.4766,0.3404,0
ID-000770,0,0,0,1,0.5417,0,0,1,0,0,0,1,0,0,0,1,1,0,0,0,0,1,0,1,0,0,1,0,2,1,3,0.5385,0.3301,0
ID-000771,1,0,1,0,0.2778,1,1,0,0,2,0,1,0,1,0,0,0,0,1,0,0,1,0,0,1,1,0,0,1,0,3,0.7327,0.215,0
ID-000772,0,1,1,0,0.2361,0,1,0,0,2,0,1,0,1,0,0,1,0,0,0,1,0,0,1,0,1,0,0,2,1,2,0.8475,0.2058,0
ID-000773,1,0,1,0,0.7917,1,0,1,0,2,0,0,1,0,1,0,0,1,0,1,0,0,1,0,0,1,0,0,0,0,0,0.7519,0.6258,0
ID-000774,1,0,0,1,0.3056,1,0,0,1,1,0,0,1,0,1,0,1,0,0,0,0,1,0,1,0,0,0,1,0,0,0,0.1885,0.0955,0
ID-000775,1,1,0,1,0.0556,0,0,0,1,2,0,0,1,0,0,1,0,1,0,0,1,0,1,0,0,0,1,0,2,1,2,0.9355,0.0526,0
ID-000776,0,1,1,1,0.8056,0,0,1,0,1,0,1,0,0,1,0,1,0,0,0,1,0,1,0,0,0,1,0,1,1,3,0.9288,0.7576,0
ID-000777,0,1,1,0,0.1667,0,0,1,0,1,0,1,0,1,0,0,0,0,1,1,0,0,1,0,0,1,0,0,1,1,3,0.848,0.1453,0
ID-000778,0,1,0,0,0.0417,0,0,0,1,0,0,1,0,0,0,1,0,1,0,0,1,0,0,1,0,1,0,0,2,1,2,0.4912,0.0237,0
ID-000779,0,1,1,0,0.0833,1,0,0,1,1,0,0,1,0,0,1,0,0,1,0,1,0,0,0,1,1,0,0,2,1,1,0.5344,0.0505,0
ID-000780,1,1,1,1,0.1667,0,0,1,0,0,0,0,1,0,0,1,0,1,0,0,1,0,1,0,0,0,1,0,2,1,2,0.4572,0.0901,0
ID-000781,0,0,0,1,0.0,0,1,0,0,2,0,1,0,0,1,0,0,0,1,0,1,0,0,0,1,0,0,1,1,0,2,0.9046,0.0,0
ID-000782,0,1,1,0,0.3611,0,1,0,0,1,0,1,0,1,0,0,1,0,0,0,0,1,0,1,0,0,0,1,2,0,0,0.9405,0.3432,0
ID-000783,1,0,1,1,0.7917,0,0,1,0,2,0,0,1,1,0,0,0,1,0,0,0,1,1,0,0,0,0,1,2,0,2,0.1288,0.2075,0
ID-000784,0,0,1,0,0.9444,1,0,1,0,0,1,0,0,0,1,0,0,1,0,0,0,1,0,1,0,1,0,0,1,1,0,0.2864,0.3737,0
ID-000785,1,0,1,0,0.4028,0,1,0,0,0,0,1,0,1,0,0,0,0,1,0,1,0,0,0,1,0,0,1,0,1,2,0.0379,0.0745,0
ID-000786,0,1,1,0,0.0694,0,0,1,0,0,0,1,0,1,0,0,1,0,0,0,1,0,1,0,0,0,0,1,0,1,1,0.5689,0.0441,0
ID-000787,1,1,1,1,0.3333,0,0,0,1,2,0,1,0,0,0,1,1,0,0,0,1,0,0,1,0,0,0,1,0,0,0,0.3359,0.1459,0
ID-000788,1,0,1,1,0.2917,1,1,0,0,2,0,0,1,0,1,0,1,0,0,0,0,1,0,1,0,0,1,0,2,1,0,0.7242,0.2237,0
ID-000789,0,1,0,0,0.0278,1,0,0,1,1,0,0,1,1,0,0,1,0,0,0,0,1,1,0,0,1,0,0,0,0,2,0.649,0.0195,0
ID-000790,1,1,0,1,0.3889,0,0,0,1,2,1,0,0,1,0,0,0,1,0,0,1,0,1,0,0,1,0,0,2,1,3,0.1443,0.107,0
ID-000791,0,1,0,0,0.2222,0,1,0,0,1,1,0,0,1,0,0,1,0,0,1,0,0,0,0,1,1,0,0,0,1,1,0.8403,0.1923,0
ID-000792,0,1,0,0,0.375,0,0,1,0,1,0,1,0,1,0,0,0,1,0,0,0,1,0,0,1,1,0,0,1,0,0,0.7127,0.284,0
ID-000793,1,1,0,1,0.3472,0,0,1,0,0,0,1,0,1,0,0,0,0,1,0,0,1,0,1,0,1,0,0,2,1,3,0.2172,0.117,0
ID-000794,1,0,0,0,0.3472,1,0,0,1,2,0,1,0,0,1,0,0,1,0,0,1,0,0,1,0,1,0,0,0,0,2,0.1506,0.0974,0
ID-000795,0,0,0,0,0.3472,0,1,0,0,1,0,0,1,0,1,0,1,0,0,1,0,0,0,1,0,0,0,1,0,1,1,0.7437,0.2721,0
ID-000796,0,0,0,0,0.7361,1,0,1,0,0,0,1,0,1,0,0,0,1,0,0,1,0,0,1,0,1,0,0,1,0,3,0.1183,0.1863,0
ID-000797,0,1,1,0,0.2917,1,1,0,0,0,0,0,1,1,0,0,1,0,0,0,1,0,1,0,0,0,1,0,0,1,2,0.7672,0.2343,0
ID-000798,1,1,0,1,0.6944,0,0,0,1,1,0,1,0,0,0,1,0,0,1,1,0,0,0,1,0,1,0,0,1,1,2,0.917,0.6461,0
ID-000799,0,0,1,1,0.9167,0,1,0,0,1,1,0,0,1,0,0,0,1,0,1,0,0,0,0,1,0,0,1,1,1,2,0.9045,0.8432,0
ID-000800,1,0,0,0,0.9722,1,1,0,0,1,1,0,0,0,1,0,0,0,1,0,0,1,1,0,0,0,0,1,1,0,2,0.0313,0.1744,0
ID-000801,0,1,1,0,0.9028,0,0,0,1,2,1,0,0,1,0,0,1,0,0,0,1,0,1,0,0,0,0,1,0,0,0,0.8538,0.7916,0
ID-000802,1,0,1,1,0.0278,0,0,1,0,2,0,0,1,0,1,0,0,1,0,0,1,0,0,1,0,0,0,1,0,0,0,0.8109,0.0233,0
ID-000803,0,1,1,1,0.2639,1,0,0,1,2,0,1,0,0,0,1,0,1,0,0,1,0,0,1,0,0,0,1,0,1,3,0.5829,0.1708,0
ID-000804,0,1,1,0,0.4028,1,0,0,1,1,0,0,1,0,0,1,0,1,0,1,0,0,1,0,0,0,0,1,2,1,3,0.2102,0.1333,0
ID-000805,1,1,1,1,0.3194,1,0,0,1,2,0,1,0,0,1,0,1,0,0,0,1,0,0,1,0,1,0,0,2,0,3,0.5077,0.1863,0
ID-000806,0,1,1,1,0.8889,0,1,0,0,2,0,1,0,0,1,0,0,1,0,1,0,0,1,0,0,0,0,1,0,0,0,0.6407,0.6188,0
ID-000807,1,1,0,1,0.7917,0,0,0,1,1,1,0,0,1,0,0,0,0,1,1,0,0,1,0,0,1,0,0,1,0,2,0.0119,0.1289,0
ID-000808,1,0,0,0,0.9583,0,1,0,0,1,1,0,0,1,0,0,1,0,0,1,0,0,0,1,0,0,1,0,2,0,3,0.9993,0.9586,0
ID-000809,0,0,0,0,0.0417,1,1,0,0,0,0,1,0,0,1,0,0,0,1,0,1,0,0,1,0,0,1,0,0,0,3,0.8736,0.0372,0
ID-000810,0,1,1,0,0.2639,0,0,1,0,2,1,0,0,0,0,1,0,0,1,1,0,0,1,0,0,1,0,0,0,0,0,0.2709,0.1009,0
ID-000811,0,1,0,1,0.625,1,0,0,1,1,0,1,0,1,0,0,1,0,0,0,1,0,1,0,0,0,0,1,0,0,2,0.9616,0.6052,0
ID-000812,0,1,0,1,0.75,0,0,0,1,1,0,1,0,0,1,0,1,0,0,1,0,0,1,0,0,0,1,0,0,0,1,0.6117,0.5036,0
ID-000813,0,1,0,0,0.5556,1,0,1,0,1,0,0,1,0,0,1,0,1,0,0,0,1,0,0,1,0,0,1,0,1,3,0.634,0.3836,0
ID-000814,1,1,1,0,1.0,1,0,0,1,1,1,0,0,0,0,1,0,0,1,1,0,0,0,1,0,1,0,0,1,1,2,0.4698,0.5512,0
ID-000815,0,0,1,1,0.25,0,1,0,0,0,1,0,0,0,0,1,0,1,0,1,0,0,1,0,0,1,0,0,1,1,1,0.3638,0.1153,0
ID-000816,1,1,1,0,0.2083,0,0,0,1,2,1,0,0,1,0,0,0,1,0,0,1,0,1,0,0,0,1,0,0,0,0,0.2956,0.0841,0
ID-000817,1,1,0,1,0.6528,0,1,0,0,2,1,0,0,1,0,0,1,0,0,0,1,0,0,0,1,0,0,1,1,0,1,0.4649,0.3571,0
ID-000818,1,1,0,0,0.2222,1,1,0,0,0,1,0,0,0,0,1,0,1,0,0,0,1,1,0,0,0,0,1,1,0,1,0.3228,0.0948,0
ID-000819,0,1,1,1,0.5694,1,1,0,0,2,0,1,0,0,1,0,0,1,0,0,1,0,0,0,1,0,1,0,2,1,0,0.6132,0.3831,0
ID-000820,0,1,1,0,0.6389,0,0,0,1,2,0,0,1,1,0,0,0,0,1,1,0,0,0,0,1,0,1,0,2,1,1,0.9725,0.6245,0
ID-000821,0,0,1,1,0.7917,1,0,1,0,0,0,0,1,0,1,0,1,0,0,0,1,0,0,1,0,0,1,0,0,1,1,0.159,0.2277,0
ID-000822,0,0,0,0,0.8889,1,0,0,1,0,0,0,1,1,0,0,0,0,1,0,1,0,0,1,0,0,1,0,2,1,1,0.3195,0.3767,0
ID-000823,1,1,1,0,0.4028,1,0,1,0,0,0,1,0,0,0,1,0,0,1,0,0,1,1,0,0,1,0,0,2,0,3,0.5828,0.2606,0
ID-000824,0,1,1,0,0.2778,0,1,0,0,2,0,0,1,1,0,0,1,0,0,0,1,0,1,0,0,0,0,1,2,0,1,0.835,0.2391,0
ID-000825,1,0,1,0,0.3194,1,0,0,1,1,1,0,0,1,0,0,0,1,0,0,0,1,0,0,1,0,1,0,2,0,1,0.1126,0.0793,0
ID-000826,1,1,1,0,0.9028,0,0,0,1,1,1,0,0,1,0,0,0,0,1,0,1,0,1,0,0,1,0,0,2,0,1,0.0237,0.1561,0
ID-000827,1,0,1,0,0.125,1,1,0,0,1,1,0,0,0,0,1,0,0,1,0,1,0,0,1,0,0,1,0,1,1,1,0.6165,0.0845,0
ID-000828,0,1,1,0,0.75,1,0,1,0,1,0,1,0,1,0,0,1,0,0,0,1,0,0,1,0,0,0,1,2,1,3,0.7419,0.5865,0
ID-000829,1,1,0,0,0.3056,1,0,0,1,0,1,0,0,0,1,0,0,0,1,0,0,1,0,1,0,0,1,0,0,0,3,0.0142,0.0504,0
ID-000830,0,1,1,1,0.0417,1,0,0,1,2,1,0,0,0,0,1,1,0,0,0,0,1,1,0,0,0,1,0,1,1,2,0.0371,0.0077,0
ID-000831,1,0,0,0,0.3333,1,0,0,1,0,0,1,0,1,0,0,1,0,0,0,1,0,0,0,1,1,0,0,1,0,1,0.2348,0.1173,0
ID-000832,1,1,0,0,0.6528,1,0,0,1,1,1,0,0,1,0,0,1,0,0,1,0,0,0,1,0,0,0,1,1,0,2,0.6587,0.4644,0
ID-000833,1,1,0,0,0.7639,0,0,0,1,0,0,1,0,0,1,0,1,0,0,0,0,1,0,0,1,0,1,0,2,0,1,0.0863,0.1726,0
ID-000834,0,0,0,1,0.2361,1,0,0,1,2,0,0,1,0,1,0,1,0,0,0,0,1,0,0,1,0,1,0,2,1,2,0.9774,0.2318,0
ID-000835,0,1,0,1,0.8611,0,0,0,1,1,0,0,1,0,1,0,0,1,0,0,0,1,0,0,1,1,0,0,0,1,0,0.1168,0.2169,0
ID-000836,1,1,1,0,0.8889,0,0,1,0,0,0,0,1,0,1,0,0,1,0,0,1,0,0,1,0,0,1,0,1,1,1,0.8,0.7389,0
ID-000837,1,1,0,1,0.3194,0,1,0,0,0,1,0,0,0,1,0,0,0,1,0,0,1,1,0,0,1,0,0,1,0,1,0.8278,0.2731,0
ID-000838,0,0,0,1,0.5278,0,1,0,0,1,0,1,0,1,0,0,0,0,1,1,0,0,1,0,0,0,0,1,0,0,2,0.4285,0.2724,0
ID-000839,0,0,0,0,0.8611,1,0,1,0,2,0,0,1,0,0,1,0,0,1,0,1,0,1,0,0,1,0,0,2,0,1,0.9948,0.858,0
ID-000840,0,0,0,1,0.8333,1,0,0,1,2,0,0,1,0,0,1,0,1,0,0,0,1,1,0,0,0,1,0,2,1,3,0.0342,0.1515,0
ID-000841,1,1,1,0,0.4861,1,1,0,0,1,0,1,0,0,1,0,1,0,0,0,0,1,1,0,0,1,0,0,0,1,0,0.6972,0.3617,0
ID-000842,0,0,0,1,0.3472,0,0,1,0,2,1,0,0,0,0,1,0,0,1,1,0,0,0,1,0,0,0,1,1,1,0,0.4821,0.195,0
ID-000843,1,1,0,0,0.2917,0,0,1,0,0,0,0,1,0,0,1,1,0,0,0,0,1,0,0,1,0,1,0,1,0,0,0.1391,0.079,0
ID-000844,1,0,1,0,0.4861,0,1,0,0,1,0,0,1,0,1,0,0,1,0,0,1,0,0,1,0,0,1,0,0,1,1,0.4363,0.2541,0
ID-000845,0,1,1,1,0.7917,0,0,1,0,0,0,1,0,0,1,0,0,1,0,0,1,0,1,0,0,0,1,0,2,0,0,0.66,0.5641,0
ID-000846,1,1,1,0,0.6528,1,1,0,0,2,1,0,0,0,1,0,0,1,0,0,0,1,1,0,0,1,0,0,1,1,0,0.0599,0.1329,0
ID-000847,1,0,1,1,0.3056,1,1,0,0,0,0,1,0,0,0,1,0,1,0,0,1,0,0,0,1,1,0,0,2,0,1,0.3879,0.1472,0
ID-000848,1,1,0,1,0.4583,1,0,0,1,0,1,0,0,1,0,0,1,0,0,0,0,1,0,1,0,0,0,1,0,0,3,0.4064,0.228,0
ID-000849,0,0,0,1,0.2778,0,0,1,0,0,0,1,0,0,0,1,0,1,0,0,0,1,0,1,0,1,0,0,1,0,2,0.2413,0.0993,0
ID-000850,0,1,0,0,0.8194,0,0,0,1,1,1,0,0,0,0,1,0,0,1,0,0,1,0,0,1,0,0,1,2,1,3,0.6503,0.5771,0
ID-000851,0,0,0,0,0.5972,0,1,0,0,0,0,0,1,0,1,0,1,0,0,1,0,0,0,1,0,0,0,1,0,0,2,0.0909,0.1373,0
ID-000852,0,1,0,0,0.3333,1,0,0,1,2,0,0,1,1,0,0,0,1,0,0,0,1,0,0,1,1,0,0,2,0,1,0.8258,0.2844,0
ID-000853,0,0,1,0,0.8194,1,0,0,1,1,1,0,0,0,1,0,1,0,0,1,0,0,0,0,1,1,0,0,2,0,2,0.5818,0.5295,0
ID-000854,1,1,0,1,0.25,1,0,1,0,1,1,0,0,1,0,0,0,0,1,0,0,1,1,0,0,0,0,1,2,0,1,0.2547,0.0922,0
ID-000855,0,0,0,0,0.4722,0,1,0,0,2,0,1,0,0,1,0,0,1,0,1,0,0,0,1,0,0,1,0,0,0,0,0.0509,0.0925,0
ID-000856,1,1,1,1,0.9722,1,0,1,0,2,1,0,0,0,0,1,0,0,1,1,0,0,1,0,0,1,0,0,0,1,1,0.5353,0.5899,0
ID-000857,1,0,1,0,0.4722,1,0,1,0,1,0,1,0,0,0,1,0,0,1,0,1,0,0,1,0,0,1,0,2,0,3,0.9281,0.4438,0
ID-000858,1,0,0,1,0.2083,1,0,1,0,1,0,1,0,0,1,0,0,1,0,0,0,1,1,0,0,1,0,0,2,0,3,0.0956,0.0487,0
ID-000859,0,1,0,1,0.375,0,0,0,1,1,0,1,0,0,0,1,1,0,0,0,1,0,0,0,1,1,0,0,1,0,2,0.2322,0.1311,0
ID-000860,0,0,0,1,0.0278,1,0,0,1,0,0,0,1,1,0,0,0,1,0,1,0,0,0,1,0,0,1,0,1,0,3,0.499,0.016,0
ID-000861,1,1,0,1,0.4861,1,0,0,1,0,0,1,0,1,0,0,0,0,1,0,1,0,1,0,0,0,0,1,1,0,3,0.2488,0.1768,0
ID-000862,0,0,0,0,0.0278,0,0,1,0,1,1,0,0,1,0,0,1,0,0,0,1,0,0,1,0,0,1,0,2,1,0,0.491,0.0158,0
ID-000863,1,0,1,1,0.6667,0,0,1,0,0,1,0,0,1,0,0,0,1,0,1,0,0,0,1,0,1,0,0,1,1,1,0.3646,0.308,0
ID-000864,1,0,1,1,0.7222,0,0,0,1,1,1,0,0,0,1,0,0,1,0,0,1,0,0,1,0,0,0,1,2,1,0,0.3116,0.3012,0
ID-000865,1,1,0,1,0.1667,1,0,0,1,2,0,1,0,0,1,0,1,0,0,0,1,0,1,0,0,0,0,1,0,1,3,0.269,0.0635,0
ID-000866,1,0,0,0,0.2361,0,0,1,0,1,0,1,0,0,0,1,0,1,0,0,0,1,0,1,0,0,1,0,2,1,0,0.167,0.0695,0
ID-000867,0,1,0,0,0.6667,0,0,0,1,0,0,0,1,0,0,1,1,0,0,1,0,0,0,0,1,1,0,0,0,0,1,0.1358,0.1787,0
ID-000868,0,1,1,0,0.0556,0,1,0,0,1,1,0,0,0,1,0,1,0,0,1,0,0,0,1,0,0,1,0,0,0,1,0.2069,0.0182,0
ID-000869,1,1,0,1,0.7917,1,0,1,0,2,1,0,0,1,0,0,1,0,0,1,0,0,1,0,0,0,0,1,1,0,1,0.8654,0.7019,0
ID-000870,1,0,1,0,0.8194,0,0,1,0,1,1,0,0,1,0,0,0,0,1,1,0,0,0,1,0,0,0,1,1,0,3,0.1303,0.2158,0
ID-000871,0,0,0,0,0.0694,1,1,0,0,0,0,1,0,0,1,0,0,1,0,0,1,0,0,0,1,0,0,1,2,0,0,0.9342,0.0656,0
ID-000872,0,0,0,0,0.0417,0,0,0,1,1,1,0,0,0,0,1,1,0,0,1,0,0,1,0,0,0,1,0,2,1,3,0.5096,0.0244,0
ID-000873,1,0,0,0,0.8611,0,0,0,1,0,0,0,1,1,0,0,0,1,0,0,1,0,0,1,0,0,1,0,2,0,2,0.4334,0.4481,0
ID-000874,1,0,1,0,0.6944,1,1,0,0,2,1,0,0,0,0,1,0,0,1,1,0,0,0,1,0,0,1,0,0,1,0,0.2202,0.2358,0
ID-000875,1,1,1,0,0.4583,1,0,1,0,0,1,0,0,1,0,0,0,0,1,0,0,1,1,0,0,1,0,0,1,0,2,0.7273,0.3527,0
ID-000876,0,0,1,1,0.9306,0,1,0,0,1,1,0,0,0,0,1,1,0,0,1,0,0,0,0,1,1,0,0,0,0,2,0.1555,0.2649,0
ID-000877,1,0,0,1,0.1806,1,0,0,1,0,0,0,1,1,0,0,1,0,0,0,0,1,1,0,0,1,0,0,2,0,2,0.8242,0.1538,0
ID-000878,1,1,1,0,0.1389,0,1,0,0,2,1,0,0,1,0,0,0,1,0,1,0,0,1,0,0,0,1,0,1,1,3,0.2425,0.0498,0
ID-000879,1,1,0,1,0.8611,0,0,1,0,0,0,1,0,1,0,0,0,1,0,0,0,1,1,0,0,0,0,1,1,1,0,0.928,0.8092,0
ID-000880,1,1,0,1,0.1389,1,0,1,0,2,1,0,0,0,1,0,0,1,0,0,1,0,1,0,0,1,0,0,2,0,0,0.0822,0.0309,0
ID-000881,1,0,1,1,0.0694,1,0,1,0,2,1,0,0,1,0,0,0,1,0,1,0,0,0,0,1,1,0,0,2,1,2,0.1651,0.0203,0
ID-000882,0,0,1,0,0.2361,1,0,0,1,1,0,1,0,1,0,0,1,0,0,0,0,1,0,1,0,0,0,1,1,0,2,0.0648,0.0491,0
ID-000883,0,1,1,0,0.9028,0,0,1,0,2,1,0,0,0,1,0,0,0,1,0,1,0,0,1,0,0,1,0,0,1,1,0.3064,0.3725,0
ID-000884,1,1,0,0,0.1806,1,0,0,1,1,1,0,0,1,0,0,0,1,0,0,0,1,0,0,1,0,0,1,2,0,1,0.9984,0.1805,0
ID-000885,0,0,0,1,0.8333,1,0,1,0,1,1,0,0,0,1,0,1,0,0,1,0,0,0,0,1,1,0,0,2,0,3,0.6563,0.5911,0
ID-000886,0,1,1,1,0.2361,1,1,0,0,1,0,1,0,1,0,0,1,0,0,0,1,0,0,1,0,0,1,0,0,0,2,0.8159,0.1995,0
ID-000887,1,1,0,0,0.3472,0,0,1,0,2,1,0,0,0,0,1,0,1,0,0,1,0,0,1,0,1,0,0,2,0,3,0.7209,0.2653,0
ID-000888,1,1,1,0,0.9306,0,0,0,1,1,0,1,0,1,0,0,1,0,0,0,1,0,1,0,0,0,0,1,2,1,3,0.9938,0.9265,0
ID-000889,1,1,1,0,0.7361,0,1,0,0,0,0,1,0,0,1,0,0,0,1,0,0,1,1,0,0,1,0,0,1,1,1,0.9292,0.6925,0
ID-000890,1,1,1,0,0.0694,1,0,1,0,1,0,0,1,0,0,1,1,0,0,0,1,0,0,0,1,0,0,1,2,0,0,0.2218,0.0237,0
ID-000891,0,0,1,0,0.875,0,0,1,0,0,0,0,1,0,1,0,0,1,0,0,0,1,1,0,0,0,1,0,1,1,3,0.9891,0.8677,0
ID-000892,0,0,0,0,0.0278,0,0,1,0,1,0,1,0,0,0,1,0,1,0,1,0,0,0,1,0,1,0,0,1,1,0,0.0994,0.0066,0
ID-000893,1,0,1,0,0.2639,1,0,1,0,1,1,0,0,0,1,0,0,0,1,0,0,1,1,0,0,0,0,1,0,0,2,0.8734,0.2358,0
ID-000894,1,1,1,0,0.1389,1,0,0,1,2,0,1,0,0,1,0,0,1,0,1,0,0,0,1,0,0,0,1,2,1,3,0.3563,0.0632,0
ID-000895,0,0,0,1,0.6111,1,0,1,0,0,0,0,1,1,0,0,0,0,1,0,0,1,0,0,1,0,1,0,2,1,3,0.0297,0.1088,0
ID-000896,0,0,1,1,0.9861,0,0,1,0,2,0,0,1,1,0,0,0,1,0,0,0,1,1,0,0,0,0,1,1,0,0,0.7709,0.7954,0
ID-000897,1,0,1,0,0.5556,0,0,0,1,0,0,0,1,1,0,0,0,1,0,0,0,1,0,1,0,0,0,1,1,1,2,0.8622,0.4911,0
ID-000898,1,0,0,1,0.9444,0,1,0,0,2,1,0,0,1,0,0,1,0,0,0,1,0,0,0,1,1,0,0,0,0,2,0.8223,0.803,0
ID-000899,0,1,1,1,0.5278,1,0,0,1,0,0,0,1,0,1,0,1,0,0,0,1,0,0,1,0,1,0,0,1,0,0,0.4069,0.2628,0
ID-000900,1,0,1,0,0.3194,0,0,0,1,0,0,1,0,0,0,1,0,0,1,0,0,1,0,0,1,0,0,1,1,0,0,0.5765,0.205,0
ID-000901,0,0,0,0,0.7083,1,0,1,0,2,0,1,0,0,0,1,0,1,0,0,1,0,1,0,0,0,1,0,1,0,3,0.7524,0.5602,0
ID-000902,1,0,0,1,0.9583,1,0,0,1,0,0,0,1,0,1,0,0,0,1,0,1,0,1,0,0,0,1,0,2,1,1,0.1068,0.2332,0
ID-000903,0,0,0,1,0.9028,1,1,0,0,2,0,0,1,0,0,1,1,0,0,0,1,0,0,0,1,1,0,0,1,1,3,0.2386,0.3206,0
ID-000904,1,0,0,0,0.7222,0,0,1,0,2,1,0,0,0,0,1,0,1,0,0,0,1,1,0,0,0,0,1,0,1,0,0.9109,0.6682,0
ID-000905,1,0,1,0,0.4306,1,0,1,0,1,0,1,0,0,0,1,0,1,0,0,0,1,0,1,0,0,0,1,0,1,3,0.1323,0.1141,0
ID-000906,1,0,0,0,0.1806,0,1,0,0,0,0,0,1,0,0,1,1,0,0,1,0,0,0,0,1,0,1,0,2,1,1,0.3414,0.0799,0
ID-000907,1,1,0,0,0.6806,0,0,1,0,1,0,1,0,1,0,0,1,0,0,0,1,0,0,1,0,0,1,0,2,0,2,0.3532,0.3078,0
ID-000908,1,1,0,1,0.3611,0,0,1,0,1,0,0,1,0,1,0,0,0,1,1,0,0,1,0,0,1,0,0,2,1,3,0.4134,0.1818,0
ID-000909,0,1,0,1,0.3472,0,0,1,0,1,0,1,0,0,1,0,0,1,0,0,0,1,1,0,0,1,0,0,0,1,0,0.6885,0.2558,0
ID-000910,1,1,0,0,0.4722,1,0,1,0,0,0,1,0,0,1,0,1,0,0,1,0,0,0,1,0,0,0,1,2,1,3,0.7213,0.361,0
ID-000911,0,1,0,1,0.9306,0,0,1,0,2,0,1,0,0,0,1,1,0,0,0,0,1,1,0,0,1,0,0,2,0,1,0.0033,0.1448,0
ID-000912,0,0,0,0,0.7083,1,0,1,0,1,0,1,0,1,0,0,1,0,0,1,0,0,0,1,0,0,0,1,1,0,1,0.6699,0.5106,0
ID-000913,1,0,1,1,0.7639,0,0,1,0,2,1,0,0,1,0,0,0,0,1,0,0,1,0,1,0,0,1,0,2,0,1,0.9577,0.7371,0
ID-000914,1,0,0,1,0.3889,0,0,1,0,1,0,0,1,0,0,1,1,0,0,0,1,0,0,1,0,1,0,0,0,1,0,0.7381,0.3029,0
ID-000915,1,0,0,0,0.4444,1,0,0,1,0,0,0,1,0,1,0,1,0,0,0,1,0,1,0,0,1,0,0,0,1,1,0.7912,0.3661,0
ID-000916,0,1,1,1,0.4861,1,0,0,1,0,0,1,0,0,0,1,1,0,0,0,1,0,0,1,0,0,1,0,0,1,1,0.0,0.0743,0
ID-000917,0,1,1,0,0.3472,1,0,0,1,2,0,1,0,0,1,0,0,0,1,0,0,1,0,1,0,1,0,0,2,0,3,0.8274,0.2967,0
ID-000918,1,1,0,1,0.2639,1,1,0,0,2,0,0,1,0,1,0,0,0,1,1,0,0,0,1,0,0,1,0,0,1,0,0.688,0.1943,0
ID-000919,1,1,0,0,0.2639,1,0,0,1,0,0,0,1,0,0,1,0,1,0,1,0,0,1,0,0,0,1,0,2,0,2,0.4151,0.1332,0
ID-000920,1,0,0,0,0.5556,0,0,0,1,1,0,1,0,0,0,1,0,1,0,0,0,1,0,1,0,0,1,0,0,1,3,0.2602,0.2075,0
ID-000921,1,0,1,1,0.6944,1,0,1,0,2,0,0,1,0,0,1,0,0,1,0,1,0,0,1,0,0,0,1,2,1,2,0.9095,0.6417,0
ID-000922,0,0,1,1,0.9306,0,1,0,0,2,0,1,0,0,1,0,0,0,1,0,0,1,0,1,0,0,0,1,0,0,0,0.5377,0.5665,0
ID-000923,0,1,1,0,0.75,0,0,1,0,2,0,1,0,0,1,0,0,0,1,0,0,1,0,1,0,0,0,1,0,1,2,0.721,0.5732,0
ID-000924,1,0,1,0,0.2917,1,1,0,0,0,0,0,1,1,0,0,0,1,0,0,0,1,0,0,1,0,0,1,0,1,2,0.7577,0.232,0
ID-000925,0,1,0,1,0.5556,1,0,0,1,2,0,0,1,0,0,1,0,0,1,0,0,1,1,0,0,1,0,0,1,1,1,0.379,0.2635,0
ID-000926,1,1,0,0,0.3056,1,0,0,1,1,1,0,0,0,1,0,0,1,0,0,0,1,0,1,0,0,1,0,2,0,1,0.8245,0.2603,0
ID-000927,0,1,1,0,0.6667,0,0,0,1,2,0,1,0,1,0,0,0,1,0,1,0,0,0,0,1,0,1,0,1,0,0,0.3454,0.2971,0
ID-000928,0,0,1,0,0.6389,1,1,0,0,2,0,1,0,1,0,0,0,0,1,0,0,1,0,0,1,1,0,0,2,0,0,0.3101,0.2656,0
ID-000929,0,0,1,0,0.9306,0,0,0,1,2,0,0,1,0,0,1,0,0,1,0,1,0,1,0,0,0,0,1,2,0,1,0.1848,0.288,0
ID-000930,1,0,0,1,0.9722,1,1,0,0,1,0,1,0,0,1,0,0,0,1,0,1,0,0,1,0,0,0,1,1,0,1,0.9486,0.9307,0
ID-000931,0,1,0,1,0.9167,1,0,1,0,1,0,0,1,0,1,0,1,0,0,0,0,1,0,0,1,0,0,1,1,1,0,0.5715,0.5843,0
ID-000932,0,0,0,0,0.5417,0,0,1,0,1,1,0,0,1,0,0,0,1,0,0,1,0,1,0,0,0,1,0,2,0,2,0.961,0.5242,0
ID-000933,1,0,0,0,0.9583,0,1,0,0,1,1,0,0,0,0,1,0,0,1,0,0,1,0,0,1,0,1,0,0,1,2,0.6833,0.7018,0
ID-000934,1,1,0,1,0.4167,0,0,0,1,0,0,1,0,0,0,1,0,0,1,1,0,0,0,1,0,1,0,0,2,1,2,0.5562,0.2602,0
ID-000935,0,0,0,0,0.4167,1,1,0,0,0,0,1,0,0,1,0,0,1,0,0,1,0,0,1,0,0,0,1,2,0,3,0.2046,0.1359,0
ID-000936,1,0,1,1,0.2083,0,0,1,0,2,1,0,0,0,0,1,1,0,0,0,1,0,0,1,0,1,0,0,0,1,0,0.5445,0.128,0
ID-000937,0,0,0,0,0.8889,1,0,1,0,2,0,1,0,0,1,0,0,1,0,0,0,1,0,1,0,1,0,0,1,1,1,0.4967,0.5103,0
ID-000938,0,1,0,0,0.9306,0,0,0,1,1,0,0,1,0,1,0,0,0,1,1,0,0,0,1,0,0,0,1,2,1,3,0.9245,0.8717,0
ID-000939,1,0,0,1,0.6528,1,0,0,1,0,0,0,1,1,0,0,0,1,0,0,0,1,1,0,0,0,1,0,0,0,3,0.6098,0.4373,0
ID-000940,0,0,1,1,0.5972,1,0,0,1,0,0,0,1,0,1,0,0,1,0,0,1,0,1,0,0,1,0,0,1,0,3,0.8383,0.5158,0
ID-000941,0,0,0,1,0.125,0,0,0,1,2,1,0,0,0,1,0,1,0,0,1,0,0,1,0,0,1,0,0,2,1,0,0.0921,0.0289,0
ID-000942,1,0,1,1,0.1944,1,1,0,0,1,1,0,0,0,0,1,0,1,0,0,1,0,1,0,0,0,1,0,2,0,0,0.7464,0.1528,0
ID-000943,1,0,0,0,0.5694,0,0,1,0,1,0,0,1,0,0,1,0,1,0,1,0,0,0,0,1,0,1,0,1,0,3,0.9405,0.5412,0
ID-000944,1,1,0,1,0.9861,1,0,1,0,1,0,0,1,0,1,0,0,0,1,1,0,0,0,1,0,1,0,0,1,1,3,0.6443,0.6895,0
ID-000945,0,0,1,1,0.9722,0,0,0,1,0,0,1,0,0,1,0,0,1,0,0,0,1,1,0,0,1,0,0,2,1,0,0.7368,0.7561,0
ID-000946,1,1,0,1,0.8889,1,0,0,1,1,1,0,0,0,0,1,0,1,0,1,0,0,0,0,1,0,0,1,2,0,3,0.3682,0.4134,0
ID-000947,0,0,0,1,0.5139,0,0,0,1,1,0,0,1,0,0,1,0,1,0,0,1,0,1,0,0,0,0,1,0,0,0,0.8304,0.4404,0
ID-000948,1,0,1,1,0.8889,1,0,1,0,1,0,1,0,1,0,0,1,0,0,0,0,1,0,0,1,0,1,0,1,1,3,0.8875,0.8048,0
ID-000949,0,0,0,1,0.2639,1,1,0,0,0,0,0,1,0,1,0,0,0,1,0,0,1,0,1,0,1,0,0,2,0,1,0.398,0.1294,0
ID-000950,1,1,1,0,0.9167,0,0,0,1,2,0,1,0,0,0,1,0,0,1,0,0,1,1,0,0,1,0,0,0,1,3,0.1384,0.2477,0
ID-000951,0,0,0,0,0.625,0,1,0,0,0,0,1,0,0,1,0,0,1,0,0,0,1,1,0,0,1,0,0,0,1,1,0.5446,0.3841,0
ID-000952,1,1,1,0,0.9306,0,0,0,1,2,0,1,0,0,0,1,1,0,0,0,0,1,1,0,0,0,0,1,0,1,1,0.3137,0.3897,0
ID-000953,0,1,0,1,0.8472,1,0,1,0,1,0,0,1,0,1,0,0,1,0,0,1,0,0,0,1,0,1,0,2,0,0,0.7524,0.6701,0
ID-000954,1,1,1,0,0.0833,1,0,0,1,1,0,1,0,1,0,0,1,0,0,0,1,0,0,0,1,0,0,1,0,0,3,0.9455,0.0796,0
ID-000955,0,1,1,0,0.25,0,1,0,0,0,1,0,0,1,0,0,0,1,0,0,1,0,0,0,1,1,0,0,0,0,3,0.0502,0.0488,0
ID-000956,1,1,0,0,0.2222,1,0,1,0,0,0,0,1,0,0,1,0,1,0,1,0,0,0,1,0,1,0,0,2,0,0,0.5964,0.1463,0
ID-000957,1,0,0,0,0.3333,1,0,1,0,1,1,0,0,0,1,0,1,0,0,0,0,1,0,1,0,1,0,0,0,1,1,0.1984,0.107,0
ID-000958,0,0,1,0,0.1806,1,0,0,1,0,1,0,0,0,1,0,1,0,0,1,0,0,0,0,1,0,0,1,1,0,0,0.0785,0.0396,0
ID-000959,0,1,0,1,0.3333,1,0,0,1,1,0,1,0,0,1,0,1,0,0,1,0,0,0,0,1,0,1,0,0,0,2,0.2183,0.1126,0
ID-000960,1,1,1,0,0.5,0,0,0,1,2,0,1,0,1,0,0,0,0,1,1,0,0,0,0,1,0,0,1,0,1,0,0.9951,0.4983,0
ID-000961,0,0,1,1,0.0139,0,0,0,1,1,0,1,0,0,0,1,0,0,1,1,0,0,0,0,1,1,0,0,2,0,1,0.8342,0.0119,0
ID-000962,1,0,1,0,0.75,0,0,1,0,1,0,1,0,0,0,1,1,0,0,0,0,1,0,1,0,1,0,0,2,0,3,0.8668,0.6659,0
ID-000963,0,1,1,0,0.2083,1,0,1,0,1,0,1,0,1,0,0,0,0,1,0,1,0,0,1,0,0,0,1,0,1,1,0.4536,0.112,0
ID-000964,0,1,1,0,0.6111,0,0,1,0,0,1,0,0,1,0,0,0,0,1,0,1,0,0,0,1,0,1,0,2,1,0,0.3279,0.2633,0
ID-000965,0,0,0,1,0.2361,0,0,0,1,0,0,0,1,1,0,0,0,0,1,0,1,0,0,1,0,0,1,0,0,0,0,0.3274,0.1016,0
ID-000966,0,1,1,0,0.4028,0,0,0,1,0,0,0,1,0,0,1,0,0,1,0,1,0,0,0,1,0,1,0,1,0,3,0.6624,0.2878,0
ID-000967,1,1,1,0,0.9583,1,0,1,0,0,1,0,0,1,0,0,1,0,0,1,0,0,0,1,0,0,0,1,2,1,0,0.5076,0.5589,0
ID-000968,1,1,0,0,0.7917,0,0,0,1,2,0,0,1,0,0,1,1,0,0,0,0,1,1,0,0,0,0,1,0,1,2,0.2749,0.3055,0
ID-000969,1,1,1,0,0.9167,1,0,0,1,0,0,1,0,1,0,0,0,1,0,0,0,1,1,0,0,0,1,0,2,0,3,0.5769,0.5885,0
ID-000970,0,0,1,1,0.6667,1,1,0,0,0,0,1,0,0,0,1,1,0,0,1,0,0,1,0,0,1,0,0,0,0,3,0.7278,0.5133,0
ID-000971,0,0,1,1,0.6944,0,1,0,0,2,0,1,0,0,0,1,0,0,1,0,1,0,1,0,0,1,0,0,0,0,0,0.1961,0.2216,0
ID-000972,0,0,0,0,0.5694,1,0,0,1,2,1,0,0,0,0,1,0,1,0,0,0,1,0,1,0,1,0,0,2,0,0,0.1866,0.1771,0
ID-000973,1,1,0,0,0.3889,1,0,0,1,1,0,0,1,1,0,0,1,0,0,0,0,1,1,0,0,0,1,0,2,0,3,0.8607,0.3433,0
ID-000974,1,1,1,1,0.5,1,1,0,0,0,1,0,0,0,1,0,0,1,0,0,1,0,0,0,1,0,0,1,1,1,2,0.825,0.4262,0
ID-000975,0,1,1,0,0.0556,0,1,0,0,2,1,0,0,1,0,0,0,1,0,0,1,0,0,1,0,0,0,1,0,0,1,0.0859,0.0125,0
ID-000976,1,0,0,0,0.7361,0,0,1,0,2,0,0,1,1,0,0,0,1,0,0,0,1,0,0,1,0,1,0,1,1,0,0.4759,0.4096,0
ID-000977,1,1,1,1,0.625,0,0,1,0,1,1,0,0,0,1,0,0,1,0,0,0,1,0,0,1,0,0,1,1,0,1,0.1773,0.1894,0
ID-000978,0,1,1,0,0.2361,0,1,0,0,0,1,0,0,1,0,0,1,0,0,0,1,0,0,1,0,1,0,0,2,0,2,0.9354,0.2234,0
ID-000979,0,1,0,0,0.4861,1,0,0,1,2,1,0,0,0,0,1,0,1,0,0,1,0,0,0,1,1,0,0,1,1,1,0.5414,0.2974,0
ID-000980,0,1,1,1,0.0,1,0,1,0,2,0,0,1,0,1,0,1,0,0,1,0,0,0,1,0,0,1,0,0,0,2,0.8827,0.0,0
ID-000981,0,0,1,0,0.8472,0,1,0,0,0,0,0,1,0,0,1,1,0,0,1,0,0,0,0,1,0,0,1,2,0,1,0.0337,0.1537,0
ID-000982,1,1,0,0,0.875,0,0,0,1,1,0,1,0,0,0,1,0,1,0,0,1,0,1,0,0,0,0,1,2,1,2,0.9633,0.8485,0
ID-000983,1,0,1,1,0.5,1,0,1,0,2,0,1,0,0,0,1,0,1,0,0,0,1,0,1,0,0,0,1,1,1,0,0.2092,0.1651,0
ID-000984,1,1,0,0,0.6667,1,0,1,0,0,0,0,1,1,0,0,1,0,0,0,1,0,0,0,1,0,1,0,1,0,0,0.7384,0.5193,0
ID-000985,0,1,0,0,0.8056,0,0,0,1,1,0,0,1,0,0,1,1,0,0,1,0,0,0,1,0,1,0,0,0,1,2,0.1769,0.2439,0
ID-000986,0,1,1,1,0.25,0,0,1,0,0,0,1,0,0,0,1,1,0,0,0,1,0,0,0,1,1,0,0,0,1,3,0.6187,0.1694,0
ID-000987,1,0,1,0,0.375,1,0,1,0,2,0,0,1,0,0,1,0,0,1,0,1,0,0,0,1,1,0,0,0,1,3,0.1983,0.1203,0
ID-000988,0,0,1,1,0.5694,1,1,0,0,0,1,0,0,0,0,1,0,1,0,0,0,1,0,0,1,0,1,0,1,0,2,0.6573,0.4044,0
ID-000989,0,1,1,1,0.7361,0,1,0,0,2,0,1,0,0,0,1,1,0,0,1,0,0,1,0,0,0,0,1,1,1,1,0.1221,0.1887,0
ID-000990,0,0,1,1,0.7917,0,0,1,0,2,0,1,0,1,0,0,0,1,0,0,0,1,0,0,1,1,0,0,2,0,0,0.6037,0.5263,0
ID-000991,0,0,1,1,0.375,1,0,1,0,0,0,1,0,0,1,0,1,0,0,1,0,0,0,0,1,0,0,1,0,1,1,0.4903,0.2132,0
ID-000992,0,1,0,0,0.0556,1,0,0,1,0,0,0,1,0,0,1,1,0,0,0,0,1,0,0,1,1,0,0,0,1,3,0.8836,0.0501,0
ID-000993,1,0,1,0,0.0972,0,0,1,0,1,0,0,1,0,1,0,0,0,1,0,0,1,1,0,0,0,1,0,1,1,2,0.7988,0.0807,0
ID-000994,1,0,1,1,0.2778,0,0,0,1,2,0,1,0,1,0,0,0,1,0,1,0,0,1,0,0,0,0,1,2,1,0,0.9543,0.2672,0
ID-000995,0,0,1,0,0.3472,1,0,0,1,2,0,1,0,1,0,0,0,1,0,0,0,1,0,1,0,0,0,1,0,1,1,0.9119,0.3216,0
ID-000996,0,1,0,1,0.2778,1,0,1,0,0,0,0,1,0,0,1,0,1,0,0,1,0,0,1,0,1,0,0,1,1,1,0.118,0.0702,0
ID-000997,1,1,1,0,0.3194,0,0,1,0,2,0,0,1,0,0,1,0,0,1,0,1,0,0,1,0,1,0,0,2,1,3,0.0418,0.0601,0
ID-000998,1,1,0,1,0.6667,1,1,0,0,2,0,1,0,0,1,0,1,0,0,0,1,0,0,0,1,0,0,1,1,1,2,0.3373,0.2926,0
ID-000999,1,0,0,0,0.0139,1,0,1,0,0,0,1,0,0,0,1,1,0,0,1,0,0,0,0,1,1,0,0,0,1,1,0.5765,0.0089,0
ID-001000,0,0,1,1,1.0,0,0,1,0,2,1,0,0,0,1,0,1,0,0,1,0,0,0,0,1,1,0,0,2,0,3,0.5963,0.6585,0
ID-001001,1,1,1,1,0.5417,1,0,1,0,1,0,1,0,1,0,0,0,1,0,1,0,0,0,0,1,0,1,0,1,1,3,0.7627,0.4331,0
ID-001002,1,1,1,0,0.4861,0,0,0,1,2,1,0,0,0,1,0,0,1,0,0,1,0,1,0,0,0,0,1,2,1,2,0.0602,0.0991,0
ID-001003,1,0,0,1,0.5556,1,0,1,0,2,0,1,0,0,0,1,1,0,0,1,0,0,1,0,0,0,0,1,2,0,2,0.2611,0.2079,0
ID-001004,1,1,0,0,0.75,0,1,0,0,1,0,1,0,0,1,0,1,0,0,1,0,0,0,1,0,0,1,0,1,0,3,0.8932,0.6827,0
ID-001005,1,0,1,1,0.0,1,0,0,1,1,0,0,1,0,1,0,0,1,0,1,0,0,1,0,0,1,0,0,0,0,1,0.1105,0.0,0
ID-001006,1,1,0,1,0.75,1,0,0,1,2,0,0,1,0,1,0,1,0,0,0,0,1,0,1,0,1,0,0,0,1,0,0.5164,0.443,0
ID-001007,0,0,0,1,0.7222,1,1,0,0,1,0,0,1,1,0,0,1,0,0,1,0,0,0,1,0,1,0,0,0,1,1,0.453,0.3878,0
ID-001008,0,1,0,0,0.0417,0,0,0,1,1,1,0,0,0,1,0,0,1,0,0,1,0,0,0,1,0,1,0,1,1,1,0.0173,0.007,0
ID-001009,0,1,0,0,0.7083,0,0,1,0,2,1,0,0,0,0,1,0,1,0,0,0,1,0,1,0,0,1,0,2,0,0,0.1565,0.2023,0
ID-001010,0,1,1,0,0.0556,0,0,0,1,0,0,1,0,0,1,0,0,1,0,0,1,0,1,0,0,0,0,1,1,0,0,0.0575,0.0112,0
ID-001011,0,0,1,0,0.4444,1,1,0,0,2,0,0,1,0,0,1,0,1,0,1,0,0,0,1,0,0,1,0,1,1,2,0.0373,0.082,0
ID-001012,0,0,1,1,0.875,0,0,0,1,1,0,0,1,0,1,0,1,0,0,1,0,0,0,0,1,0,0,1,2,0,0,0.9295,0.8234,0
ID-001013,1,0,0,0,0.7222,1,1,0,0,1,0,0,1,1,0,0,0,1,0,0,1,0,0,1,0,1,0,0,1,1,1,0.9083,0.6667,0
ID-001014,1,1,1,1,0.9028,0,0,1,0,1,0,0,1,0,1,0,0,1,0,0,1,0,1,0,0,0,1,0,2,0,1,0.6698,0.6507,0
ID-001015,1,0,0,1,0.1806,1,0,1,0,1,0,0,1,0,0,1,0,0,1,0,0,1,0,0,1,0,0,1,2,0,1,0.0889,0.0412,0
ID-001016,1,1,1,1,0.1944,0,1,0,0,1,0,0,1,0,1,0,0,1,0,0,1,0,1,0,0,1,0,0,2,1,3,0.0834,0.0435,0
ID-001017,1,0,1,0,0.8889,1,1,0,0,1,1,0,0,1,0,0,0,0,1,0,1,0,0,1,0,0,1,0,1,1,2,0.3738,0.4176,0
ID-001018,1,0,0,0,0.7083,1,0,0,1,0,1,0,0,0,0,1,0,0,1,0,1,0,1,0,0,0,0,1,1,0,0,0.0914,0.1631,0
ID-001019,1,1,1,0,0.4722,1,1,0,0,1,0,1,0,1,0,0,0,0,1,0,0,1,0,1,0,0,1,0,1,0,1,0.043,0.0894,0
ID-001020,0,1,1,0,0.5833,1,0,0,1,1,0,0,1,0,0,1,1,0,0,0,0,1,1,0,0,1,0,0,2,1,2,0.723,0.4468,0
ID-001021,0,0,1,0,0.75,1,0,1,0,0,1,0,0,0,1,0,1,0,0,0,1,0,0,1,0,1,0,0,2,1,3,0.0255,0.1308,0
ID-001022,1,1,0,1,0.4861,1,1,0,0,2,1,0,0,1,0,0,1,0,0,0,1,0,0,0,1,1,0,0,2,1,3,0.5427,0.298,0
ID-001023,0,0,1,1,0.0278,1,1,0,0,0,0,0,1,0,0,1,0,1,0,0,1,0,0,0,1,1,0,0,0,1,1,0.6233,0.0189,0
ID-001024,0,0,1,1,0.8333,0,1,0,0,0,0,0,1,0,1,0,1,0,0,1,0,0,0,0,1,0,1,0,0,0,2,0.7198,0.636,0
ID-001025,1,1,0,1,0.5278,1,0,0,1,1,1,0,0,0,1,0,0,0,1,1,0,0,1,0,0,0,1,0,1,0,0,0.4956,0.3025,0
ID-001026,1,0,0,0,0.9167,1,0,1,0,1,0,1,0,1,0,0,1,0,0,1,0,0,0,0,1,0,1,0,0,0,1,0.1267,0.2386,0
ID-001027,0,0,0,0,0.6944,0,0,0,1,1,0,0,1,1,0,0,0,0,1,0,1,0,1,0,0,1,0,0,2,0,2,0.6267,0.4752,0
ID-001028,1,0,0,0,0.0833,1,0,0,1,1,0,0,1,0,1,0,1,0,0,0,1,0,0,1,0,1,0,0,0,0,0,0.1105,0.0205,0
ID-001029,0,0,0,0,0.4028,1,1,0,0,0,0,0,1,0,1,0,0,1,0,0,0,1,0,0,1,1,0,0,1,0,0,0.8326,0.346,0
ID-001030,0,0,0,0,0.6667,1,0,1,0,1,1,0,0,1,0,0,0,0,1,1,0,0,0,0,1,0,0,1,2,0,3,0.4855,0.3764,0
ID-001031,0,1,1,1,0.875,0,1,0,0,1,1,0,0,1,0,0,1,0,0,1,0,0,0,0,1,0,1,0,2,0,2,0.4105,0.4383,0
ID-001032,1,1,1,1,0.5556,0,1,0,0,1,1,0,0,0,1,0,0,0,1,0,1,0,1,0,0,1,0,0,2,0,0,0.965,0.5395,0
ID-001033,0,0,1,1,0.1806,0,0,1,0,2,0,1,0,0,1,0,0,1,0,1,0,0,0,1,0,1,0,0,1,0,3,0.3965,0.0883,0
ID-001034,1,1,1,1,0.5417,1,0,1,0,1,0,0,1,0,1,0,0,1,0,1,0,0,0,0,1,1,0,0,2,0,0,0.4012,0.2671,0
ID-001035,1,0,0,0,0.0,0,0,0,1,1,0,0,1,0,1,0,0,1,0,0,1,0,0,1,0,0,0,1,2,0,3,0.7606,0.0,0
ID-001036,1,1,0,1,0.0139,0,0,1,0,2,0,0,1,0,1,0,0,1,0,0,1,0,0,1,0,0,0,1,1,1,3,0.9312,0.0131,0
ID-001037,0,0,0,0,0.5972,1,1,0,0,1,0,0,1,0,1,0,1,0,0,0,1,0,0,1,0,0,0,1,2,1,2,0.228,0.2067,0
ID-001038,0,0,1,0,0.4444,0,1,0,0,0,1,0,0,1,0,0,0,0,1,1,0,0,1,0,0,0,0,1,0,1,0,0.362,0.2044,0
ID-001039,0,1,0,1,0.1944,0,1,0,0,1,0,1,0,0,1,0,0,0,1,1,0,0,0,0,1,0,0,1,2,1,3,0.1398,0.0528,0
ID-001040,0,0,1,0,0.2917,0,0,0,1,2,0,0,1,0,0,1,0,1,0,0,1,0,0,0,1,1,0,0,0,1,2,0.0306,0.0521,0
ID-001041,0,0,0,1,0.5833,0,0,0,1,2,1,0,0,0,1,0,1,0,0,0,1,0,0,1,0,0,0,1,2,1,0,0.7149,0.4428,0
ID-001042,1,1,0,1,0.6944,0,1,0,0,1,0,0,1,1,0,0,1,0,0,1,0,0,1,0,0,0,1,0,2,1,2,0.4405,0.3655,0
ID-001043,0,0,1,0,0.1111,1,0,0,1,0,0,1,0,0,1,0,0,0,1,1,0,0,0,0,1,0,0,1,2,0,3,0.4751,0.0617,0
ID-001044,1,0,0,0,1.0,0,0,0,1,0,0,1,0,1,0,0,0,1,0,1,0,0,1,0,0,0,0,1,0,0,3,0.5794,0.6441,0
ID-001045,0,1,1,0,0.4028,1,0,1,0,0,0,0,1,0,1,0,0,0,1,1,0,0,0,1,0,0,0,1,0,1,0,0.0363,0.0739,0
ID-001046,0,0,0,1,0.2639,1,0,1,0,0,0,0,1,0,1,0,0,0,1,0,0,1,0,0,1,0,1,0,0,1,0,0.976,0.2587,0
ID-001047,1,0,1,1,0.0694,1,0,0,1,0,1,0,0,1,0,0,1,0,0,1,0,0,0,1,0,0,1,0,0,0,3,0.8163,0.0587,0
ID-001048,0,0,0,0,0.2083,1,1,0,0,2,0,0,1,0,1,0,0,0,1,1,0,0,1,0,0,0,0,1,0,1,0,0.0111,0.0338,0
ID-001049,1,0,0,0,0.8472,0,0,0,1,1,0,0,1,0,1,0,0,1,0,0,1,0,0,1,0,0,0,1,0,0,3,0.2764,0.328,0
ID-001050,0,1,0,0,0.3194,1,1,0,0,2,0,0,1,0,1,0,1,0,0,1,0,0,0,0,1,1,0,0,1,0,0,0.0034,0.0497,0
ID-001051,0,1,1,1,0.125,1,1,0,0,2,1,0,0,0,0,1,1,0,0,0,1,0,1,0,0,0,0,1,2,0,3,0.0129,0.0205,0
ID-001052,1,1,0,1,0.0694,0,0,0,1,2,1,0,0,0,0,1,0,0,1,0,0,1,0,0,1,0,0,1,1,1,3,0.5229,0.0414,0
ID-001053,0,0,0,0,0.8056,1,1,0,0,2,1,0,0,0,0,1,1,0,0,0,1,0,1,0,0,1,0,0,0,0,3,0.785,0.6594,0
ID-001054,1,0,1,0,0.0278,0,1,0,0,0,0,0,1,0,0,1,0,0,1,0,1,0,1,0,0,0,1,0,1,1,0,0.6933,0.0206,0
ID-001055,0,1,0,0,0.6528,1,1,0,0,1,1,0,0,1,0,0,0,0,1,0,1,0,0,0,1,0,0,1,0,0,2,0.9347,0.6172,0
ID-001056,1,0,0,1,0.6806,0,0,1,0,1,1,0,0,0,1,0,0,1,0,0,1,0,0,0,1,1,0,0,1,1,3,0.6022,0.4515,0
ID-001057,0,1,0,1,0.0833,1,0,0,1,1,0,0,1,1,0,0,1,0,0,1,0,0,0,1,0,1,0,0,1,1,0,0.8113,0.0701,0
ID-001058,0,0,1,1,0.25,1,0,0,1,1,0,1,0,0,0,1,1,0,0,1,0,0,1,0,0,0,1,0,1,1,1,0.1262,0.065,0
ID-001059,1,0,0,0,0.2361,1,0,1,0,2,1,0,0,0,0,1,0,0,1,0,0,1,0,1,0,0,1,0,2,0,3,0.2784,0.0918,0
ID-001060,1,1,0,1,0.4167,0,0,1,0,2,1,0,0,0,0,1,0,0,1,0,0,1,0,1,0,0,1,0,0,0,0,0.09,0.0955,0
ID-001061,1,0,0,1,0.3056,0,0,1,0,0,0,1,0,0,0,1,1,0,0,0,1,0,1,0,0,0,1,0,2,1,1,0.844,0.2654,0
ID-001062,0,1,1,1,0.0694,0,1,0,0,0,0,0,1,0,1,0,0,0,1,0,0,1,1,0,0,0,0,1,2,0,2,0.0327,0.0125,0
ID-001063,0,1,1,0,0.4028,0,0,1,0,0,1,0,0,1,0,0,1,0,0,0,1,0,1,0,0,0,0,1,0,1,3,0.8108,0.3385,0
ID-001064,1,0,1,1,0.3472,0,1,0,0,2,0,1,0,1,0,0,0,0,1,0,0,1,0,0,1,1,0,0,0,1,0,0.8049,0.2901,0
ID-001065,0,1,0,1,0.8194,0,0,1,0,1,0,0,1,0,1,0,1,0,0,1,0,0,0,0,1,1,0,0,0,0,3,0.8926,0.7455,0
ID-001066,0,1,1,0,0.3333,1,1,0,0,2,1,0,0,0,0,1,1,0,0,1,0,0,0,1,0,0,0,1,0,0,2,0.5884,0.2173,0
ID-001067,0,0,0,0,0.0833,0,0,0,1,1,1,0,0,0,1,0,1,0,0,1,0,0,0,1,0,0,1,0,2,1,0,0.4455,0.0442,0
ID-001068,0,0,1,0,0.0556,0,0,0,1,2,0,0,1,0,0,1,0,1,0,0,1,0,0,1,0,0,1,0,0,0,3,0.5409,0.034,0
ID-001069,1,1,0,0,0.1667,0,0,1,0,0,0,0,1,0,1,0,0,1,0,0,0,1,0,1,0,1,0,0,2,0,1,0.6011,0.1104,0
ID-001070,1,0,1,1,0.5556,1,0,1,0,1,1,0,0,0,0,1,1,0,0,0,1,0,0,1,0,0,1,0,1,1,0,0.8177,0.4702,0
ID-001071,1,1,0,0,0.5556,0,0,1,0,1,1,0,0,0,1,0,1,0,0,0,1,0,1,0,0,0,0,1,0,1,3,0.1109,0.1371,0
ID-001072,0,0,1,1,0.9722,1,0,1,0,1,1,0,0,0,0,1,0,0,1,0,1,0,1,0,0,0,0,1,0,1,0,0.0494,0.1893,0
ID-001073,1,0,0,1,0.0,0,0,1,0,2,0,0,1,1,0,0,0,0,1,0,0,1,0,1,0,0,1,0,2,0,1,0.2774,0.0,0
ID-001074,1,1,0,1,0.9583,1,1,0,0,1,0,1,0,0,1,0,0,1,0,1,0,0,1,0,0,0,0,1,2,1,0,0.3592,0.4384,0
ID-001075,1,0,0,0,0.6944,0,1,0,0,2,0,0,1,0,1,0,1,0,0,0,0,1,1,0,0,0,0,1,2,1,1,0.5713,0.4425,0
ID-001076,0,0,1,1,0.3333,0,1,0,0,1,1,0,0,0,1,0,1,0,0,1,0,0,0,1,0,0,1,0,0,0,0,0.5704,0.2122,0
ID-001077,0,1,1,0,0.125,1,1,0,0,2,1,0,0,0,0,1,1,0,0,0,1,0,0,0,1,0,1,0,2,1,1,0.4932,0.0714,0
ID-001078,1,0,1,1,0.3889,1,0,0,1,1,0,0,1,0,1,0,1,0,0,0,1,0,0,1,0,0,0,1,2,0,2,0.7894,0.3198,0
ID-001079,1,0,0,0,0.4306,0,0,1,0,2,0,0,1,0,1,0,1,0,0,0,0,1,1,0,0,1,0,0,1,0,2,0.0138,0.0708,0
ID-001080,0,1,1,0,1.0,1,0,1,0,2,1,0,0,0,0,1,0,1,0,0,1,0,0,0,1,0,1,0,1,0,2,0.8609,0.8828,0
ID-001081,0,0,1,1,0.9167,0,0,1,0,2,1,0,0,0,1,0,0,1,0,0,0,1,0,0,1,0,1,0,0,1,3,0.1865,0.285,0
ID-001082,1,0,0,1,0.2917,0,0,0,1,2,0,0,1,1,0,0,0,0,1,0,1,0,1,0,0,0,1,0,0,0,1,0.0989,0.069,0
ID-001083,1,1,0,0,0.9444,1,0,0,1,0,0,1,0,1,0,0,0,0,1,0,0,1,0,1,0,0,0,1,0,0,1,0.3714,0.4418,0
ID-001084,1,0,0,1,0.8472,0,0,1,0,0,1,0,0,1,0,0,1,0,0,0,1,0,0,0,1,0,1,0,2,1,1,0.5351,0.5139,0
ID-001085,1,1,1,1,0.8472,1,0,0,1,2,0,1,0,1,0,0,0,1,0,1,0,0,1,0,0,1,0,0,1,1,1,0.1624,0.2462,0
ID-001086,0,0,1,1,0.9306,1,0,1,0,2,0,0,1,0,1,0,0,1,0,1,0,0,0,0,1,0,0,1,0,1,1,0.7479,0.7324,0
ID-001087,1,0,1,0,0.2222,1,0,1,0,2,0,0,1,0,1,0,1,0,0,1,0,0,0,1,0,1,0,0,1,0,1,0.717,0.1691,0
ID-001088,0,0,0,0,0.0,0,1,0,0,1,0,0,1,0,1,0,0,0,1,0,0,1,0,1,0,0,1,0,0,1,1,0.6823,0.0,0
ID-001089,1,1,0,0,0.1528,1,0,1,0,0,0,0,1,0,0,1,0,1,0,0,1,0,0,1,0,1,0,0,0,0,0,0.4157,0.0772,0
ID-001090,1,0,1,0,0.6806,0,0,1,0,0,0,1,0,1,0,0,1,0,0,0,0,1,1,0,0,1,0,0,1,0,0,0.3919,0.3302,0
ID-001091,1,0,0,0,0.6806,0,0,1,0,1,0,0,1,1,0,0,1,0,0,1,0,0,0,0,1,0,1,0,1,0,3,0.2339,0.239,0
ID-001092,1,0,0,0,0.3472,1,1,0,0,0,0,0,1,1,0,0,0,1,0,1,0,0,0,1,0,0,1,0,0,0,1,0.685,0.2548,0
ID-001093,0,0,0,1,0.7639,0,0,0,1,2,0,0,1,1,0,0,0,0,1,0,0,1,0,0,1,1,0,0,1,1,0,0.8823,0.6883,0
ID-001094,1,1,1,0,0.9028,1,0,0,1,2,0,0,1,1,0,0,0,0,1,0,1,0,0,0,1,0,0,1,2,0,2,0.8504,0.789,0
ID-001095,1,0,0,0,0.3889,1,1,0,0,0,0,1,0,1,0,0,0,0,1,0,1,0,0,1,0,0,1,0,1,1,0,0.201,0.1257,0
ID-001096,0,1,0,1,0.4167,0,0,0,1,1,1,0,0,1,0,0,0,0,1,1,0,0,0,0,1,0,0,1,2,0,3,0.0774,0.091,0
ID-001097,0,1,1,0,0.5833,1,1,0,0,1,0,0,1,1,0,0,1,0,0,1,0,0,1,0,0,0,0,1,2,0,0,0.7962,0.483,0
ID-001098,1,0,0,0,0.7639,0,0,1,0,0,0,0,1,0,1,0,0,0,1,1,0,0,0,0,1,1,0,0,2,1,2,0.2086,0.2518,0
ID-001099,0,1,0,0,0.3194,0,1,0,0,2,0,1,0,0,1,0,0,1,0,1,0,0,1,0,0,0,1,0,0,0,0,0.7605,0.2548,0
ID-001100,0,0,0,1,0.4722,1,0,1,0,1,0,1,0,1,0,0,1,0,0,1,0,0,0,1,0,0,0,1,0,0,3,0.1816,0.1449,0
ID-001101,1,0,1,1,0.3889,0,0,0,1,1,0,1,0,0,1,0,0,1,0,0,1,0,1,0,0,0,0,1,2,0,0,0.6579,0.2764,0
ID-001102,0,1,1,0,0.9861,0,1,0,0,1,0,0,1,0,0,1,0,0,1,1,0,0,0,1,0,0,1,0,1,1,1,0.2809,0.3856,0
ID-001103,0,0,1,0,0.0417,0,1,0,0,2,0,0,1,1,0,0,1,0,0,0,0,1,1,0,0,1,0,0,0,1,3,0.6916,0.0308,0
ID-001104,1,1,1,0,0.0,1,0,1,0,1,1,0,0,0,0,1,0,0,1,0,0,1,0,1,0,0,1,0,0,1,3,0.1114,0.0,0
ID-001105,1,1,0,1,0.3056,1,1,0,0,2,0,0,1,1,0,0,0,1,0,0,0,1,0,0,1,0,1,0,0,0,0,0.7296,0.2358,0
ID-001106,1,0,1,0,0.875,0,1,0,0,0,0,1,0,0,0,1,1,0,0,0,1,0,0,0,1,0,1,0,2,1,3,0.9937,0.8711,0
ID-001107,0,0,1,1,0.4306,1,0,1,0,0,0,0,1,1,0,0,0,1,0,0,0,1,0,0,1,0,1,0,2,1,0,0.344,0.1914,0
ID-001108,1,1,1,1,0.5,1,1,0,0,1,0,1,0,0,0,1,1,0,0,0,1,0,1,0,0,1,0,0,0,1,3,0.3636,0.2306,0
ID-001109,0,0,1,1,0.0694,0,0,1,0,2,0,1,0,1,0,0,0,1,0,0,1,0,1,0,0,0,1,0,1,1,1,0.5116,0.0407,0
ID-001110,0,1,0,0,0.1528,0,0,1,0,1,1,0,0,1,0,0,0,1,0,0,1,0,0,1,0,0,1,0,2,1,1,0.9639,0.1482,0
ID-001111,1,1,0,1,0.2778,0,0,0,1,0,0,0,1,0,0,1,0,1,0,0,0,1,0,0,1,0,0,1,2,1,1,0.9198,0.2591,0
ID-001112,0,0,0,1,0.625,0,0,1,0,0,0,0,1,1,0,0,0,1,0,0,1,0,0,0,1,0,1,0,2,1,2,0.405,0.3102,0
ID-001113,1,0,1,0,0.6944,0,0,1,0,0,1,0,0,0,1,0,0,0,1,0,0,1,1,0,0,0,1,0,0,1,1,0.6838,0.5088,0
ID-001114,0,1,1,0,0.6806,0,1,0,0,2,1,0,0,0,0,1,1,0,0,1,0,0,0,1,0,1,0,0,1,0,0,0.1745,0.2047,0
ID-001115,0,0,0,0,0.3056,1,0,1,0,0,0,0,1,1,0,0,1,0,0,1,0,0,1,0,0,0,1,0,2,1,3,0.937,0.2895,0
ID-001116,0,1,1,1,0.375,0,0,1,0,2,0,1,0,1,0,0,0,1,0,1,0,0,0,1,0,0,0,1,0,1,3,0.591,0.2452,0
ID-001117,1,1,1,1,0.1667,1,0,0,1,1,0,0,1,1,0,0,1,0,0,0,0,1,0,0,1,0,0,1,1,0,0,0.1359,0.0447,0
ID-001118,1,0,0,0,1.0,0,0,1,0,2,0,0,1,0,1,0,0,1,0,1,0,0,0,0,1,1,0,0,2,1,3,0.9551,0.9628,0
ID-001119,0,1,0,1,0.5972,1,0,0,1,0,0,0,1,0,0,1,0,0,1,1,0,0,0,1,0,0,1,0,2,1,3,0.6956,0.4436,0
ID-001120,0,0,1,1,0.5833,1,0,1,0,2,0,1,0,0,0,1,0,1,0,1,0,0,0,1,0,1,0,0,1,0,2,0.3088,0.2419,0
ID-001121,0,1,1,1,0.5,1,0,1,0,1,0,0,1,1,0,0,1,0,0,1,0,0,1,0,0,0,0,1,2,0,3,0.5631,0.3152,0
ID-001122,0,1,1,0,0.7083,1,1,0,0,1,1,0,0,0,0,1,0,1,0,1,0,0,1,0,0,0,1,0,0,0,1,0.2977,0.287,0
ID-001123,1,0,0,0,0.625,0,0,0,1,2,1,0,0,1,0,0,0,1,0,0,1,0,0,0,1,0,0,1,2,0,1,0.3147,0.2623,0
ID-001124,1,0,0,0,1.0,1,0,1,0,1,1,0,0,0,1,0,0,1,0,0,0,1,0,1,0,1,0,0,1,1,3,0.696,0.743,0
ID-001125,0,1,0,0,0.5278,0,1,0,0,1,0,0,1,1,0,0,0,1,0,1,0,0,1,0,0,1,0,0,1,1,2,0.2348,0.1857,0
ID-001126,0,0,0,1,0.4444,1,0,0,1,1,1,0,0,0,0,1,1,0,0,1,0,0,0,1,0,0,0,1,1,0,2,0.7857,0.3641,0
ID-001127,1,0,1,1,0.0278,0,0,0,1,1,0,1,0,0,0,1,0,0,1,1,0,0,0,0,1,0,1,0,2,0,0,0.5259,0.0166,0
ID-001128,0,0,1,1,0.4306,1,1,0,0,2,1,0,0,1,0,0,1,0,0,0,0,1,1,0,0,0,1,0,1,0,2,0.1576,0.1233,0
ID-001129,1,0,1,1,0.5972,1,1,0,0,1,0,0,1,1,0,0,1,0,0,1,0,0,0,1,0,0,1,0,2,1,0,0.4726,0.3306,0
ID-001130,0,0,1,1,0.0417,1,0,0,1,1,1,0,0,1,0,0,1,0,0,0,0,1,0,0,1,0,0,1,1,1,2,0.1413,0.0114,0
ID-001131,1,1,1,1,0.5972,1,1,0,0,0,1,0,0,0,0,1,1,0,0,0,1,0,1,0,0,0,0,1,1,0,3,0.6281,0.4094,0
ID-001132,0,0,1,0,0.3889,1,0,1,0,1,0,1,0,0,0,1,0,0,1,0,1,0,0,1,0,0,1,0,0,0,3,0.0845,0.0873,0
ID-001133,1,0,0,1,0.5139,0,0,0,1,0,1,0,0,0,0,1,0,0,1,0,0,1,0,0,1,0,0,1,1,1,0,0.1831,0.1583,0
ID-001134,0,0,0,0,0.9722,1,0,1,0,0,0,1,0,0,0,1,0,0,1,1,0,0,1,0,0,1,0,0,0,0,2,0.7916,0.8013,0
ID-001135,0,0,1,1,0.3333,0,0,1,0,2,0,1,0,0,0,1,0,0,1,1,0,0,1,0,0,1,0,0,1,1,3,0.9937,0.3318,0
ID-001136,1,0,1,1,0.5972,1,0,0,1,2,0,1,0,0,1,0,0,1,0,0,1,0,1,0,0,1,0,0,2,1,1,0.7299,0.4609,0
ID-001137,1,0,0,0,0.3611,0,1,0,0,2,0,0,1,0,0,1,0,1,0,0,0,1,1,0,0,1,0,0,1,1,3,0.878,0.324,0
ID-001138,0,1,1,1,0.75,1,1,0,0,0,1,0,0,0,1,0,0,1,0,0,1,0,0,1,0,0,1,0,2,0,3,0.1419,0.2049,0
ID-001139,1,0,1,0,0.2917,0,0,1,0,0,0,0,1,0,1,0,0,1,0,1,0,0,0,0,1,0,1,0,0,1,2,0.235,0.1027,0
ID-001140,0,1,0,1,0.0833,0,0,0,1,0,0,0,1,1,0,0,1,0,0,1,0,0,1,0,0,0,1,0,2,1,2,0.8813,0.075,0
ID-001141,1,1,1,0,0.0833,1,1,0,0,0,0,1,0,0,1,0,0,1,0,1,0,0,0,0,1,0,1,0,2,0,3,0.3863,0.04,0
ID-001142,0,0,1,0,0.6944,1,0,0,1,2,1,0,0,0,0,1,0,1,0,0,1,0,0,1,0,0,1,0,0,1,0,0.7583,0.5527,0
ID-001143,1,0,0,0,0.2083,1,0,0,1,2,1,0,0,0,1,0,1,0,0,1,0,0,0,0,1,0,1,0,2,1,1,0.531,0.1256,0
ID-001144,0,1,1,0,0.625,1,1,0,0,2,0,1,0,0,1,0,0,1,0,1,0,0,1,0,0,0,0,1,1,1,1,0.1035,0.1504,0
ID-001145,0,1,1,1,0.9861,1,1,0,0,2,1,0,0,0,0,1,1,0,0,0,0,1,1,0,0,0,0,1,2,0,1,0.4544,0.5307,0
ID-001146,1,0,0,0,0.3333,0,1,0,0,2,1,0,0,0,0,1,0,0,1,1,0,0,0,0,1,0,0,1,2,0,0,0.7401,0.2602,0
ID-001147,1,1,0,0,0.4722,1,0,0,1,1,0,1,0,0,0,1,1,0,0,1,0,0,1,0,0,0,0,1,2,1,3,0.4646,0.2582,0
ID-001148,0,1,1,0,0.75,1,1,0,0,1,1,0,0,1,0,0,0,1,0,0,1,0,1,0,0,0,0,1,0,1,3,0.6348,0.5183,0
ID-001149,1,0,1,1,0.1389,0,0,0,1,0,0,1,0,0,1,0,0,0,1,1,0,0,0,1,0,0,1,0,1,0,1,0.886,0.1256,0
ID-001150,0,0,0,1,0.0694,0,0,0,1,0,0,1,0,0,0,1,1,0,0,0,1,0,0,0,1,0,0,1,1,1,0,0.1515,0.0195,0
ID-001151,0,0,0,1,0.7639,1,0,1,0,0,0,1,0,0,1,0,0,0,1,0,0,1,0,1,0,0,1,0,1,1,1,0.377,0.3609,0
ID-001152,1,0,1,1,0.1111,0,0,0,1,1,0,0,1,0,0,1,0,1,0,0,0,1,1,0,0,0,0,1,0,0,3,0.819,0.0942,0
ID-001153,1,0,1,0,0.9444,0,0,0,1,0,0,1,0,1,0,0,1,0,0,1,0,0,0,1,0,0,0,1,0,1,3,0.4995,0.5444,0
ID-001154,0,1,0,1,0.3056,0,0,0,1,1,0,0,1,1,0,0,0,0,1,1,0,0,1,0,0,1,0,0,2,0,0,0.5701,0.1944,0
ID-001155,1,0,1,0,0.7639,1,0,1,0,2,0,1,0,0,1,0,0,1,0,1,0,0,0,0,1,0,1,0,0,0,1,0.7243,0.5859,0
ID-001156,1,1,0,1,0.4444,1,1,0,0,0,1,0,0,0,1,0,1,0,0,0,0,1,0,0,1,0,0,1,2,0,0,0.532,0.2684,0
ID-001157,1,0,1,0,0.2778,0,1,0,0,2,0,0,1,0,0,1,0,0,1,0,1,0,0,0,1,0,1,0,0,1,2,0.5138,0.1635,0
ID-001158,1,1,1,1,0.3472,1,1,0,0,0,0,1,0,1,0,0,0,1,0,1,0,0,0,1,0,0,0,1,0,1,2,0.7481,0.2733,0
ID-001159,1,0,1,0,0.9722,0,0,0,1,0,1,0,0,0,1,0,1,0,0,1,0,0,0,1,0,0,1,0,0,1,3,0.6892,0.7168,0
ID-001160,1,1,1,0,0.3611,1,1,0,0,1,0,1,0,0,1,0,1,0,0,0,0,1,1,0,0,0,1,0,0,1,1,0.2145,0.1209,0
ID-001161,1,0,1,1,0.2639,1,1,0,0,2,1,0,0,0,0,1,0,0,1,0,0,1,0,1,0,0,0,1,1,0,0,0.6639,0.1889,0
ID-001162,0,0,1,0,0.7083,0,0,0,1,2,0,1,0,0,0,1,0,0,1,0,0,1,0,1,0,0,0,1,1,1,0,0.9529,0.6806,0
ID-001163,0,0,0,1,0.2222,0,0,0,1,1,0,0,1,0,0,1,0,0,1,0,1,0,0,0,1,0,0,1,1,0,3,0.4671,0.122,0
ID-001164,1,1,0,0,0.3056,0,0,0,1,1,0,1,0,0,0,1,1,0,0,0,0,1,0,1,0,0,1,0,1,0,1,0.7345,0.237,0
ID-001165,1,1,0,1,0.5417,0,0,0,1,1,0,0,1,0,0,1,0,1,0,1,0,0,0,0,1,1,0,0,0,1,3,0.6168,0.3661,0
ID-001166,0,1,0,1,0.4722,0,0,0,1,0,1,0,0,1,0,0,0,1,0,0,0,1,0,1,0,0,0,1,2,0,2,0.6275,0.3234,0
ID-001167,0,1,0,1,0.875,1,0,0,1,0,1,0,0,0,1,0,1,0,0,1,0,0,0,1,0,1,0,0,1,0,1,0.2549,0.3228,0
ID-001168,1,1,0,1,0.7083,0,1,0,0,1,0,1,0,0,0,1,0,1,0,0,0,1,0,0,1,0,0,1,1,1,2,0.7332,0.5487,0
ID-001169,1,0,0,1,0.2917,0,0,1,0,1,1,0,0,1,0,0,0,0,1,0,0,1,0,1,0,0,1,0,2,1,2,0.1182,0.0738,0
ID-001170,1,0,1,1,0.9444,1,1,0,0,1,1,0,0,0,0,1,0,0,1,0,0,1,0,1,0,0,0,1,2,0,2,0.8338,0.8121,0
ID-001171,1,0,1,0,0.1806,0,0,1,0,2,0,1,0,0,1,0,0,1,0,0,0,1,1,0,0,0,0,1,1,0,0,0.5534,0.1123,0
ID-001172,0,1,0,1,0.625,0,0,0,1,2,1,0,0,0,0,1,0,0,1,1,0,0,1,0,0,1,0,0,2,1,3,0.6451,0.4374,0
ID-001173,1,1,1,1,0.0278,1,0,0,1,2,1,0,0,1,0,0,0,0,1,0,1,0,0,1,0,0,1,0,1,0,2,0.6537,0.0196,0
ID-001174,1,1,0,0,0.4444,0,1,0,0,0,1,0,0,1,0,0,0,1,0,1,0,0,0,1,0,1,0,0,0,1,0,0.1314,0.1174,0
ID-001175,0,1,1,0,0.5694,0,0,1,0,2,0,1,0,0,1,0,0,0,1,0,1,0,1,0,0,0,1,0,0,0,3,0.9104,0.5266,0
ID-001176,0,1,0,0,0.0417,0,0,0,1,2,0,0,1,1,0,0,1,0,0,0,1,0,0,1,0,0,1,0,2,1,2,0.2586,0.0155,0
ID-001177,1,1,0,0,0.0,1,0,1,0,2,0,0,1,0,0,1,0,1,0,0,1,0,0,0,1,0,1,0,1,1,1,0.4891,0.0,0
ID-001178,0,0,1,0,0.1528,0,0,1,0,1,1,0,0,0,0,1,0,0,1,0,0,1,0,0,1,0,1,0,2,0,2,0.9307,0.1439,0
ID-001179,0,0,0,1,0.5694,0,0,1,0,1,0,1,0,0,0,1,1,0,0,1,0,0,1,0,0,0,0,1,0,0,0,0.5542,0.3546,0
ID-001180,1,1,0,1,0.0972,0,1,0,0,1,1,0,0,1,0,0,1,0,0,0,1,0,1,0,0,0,0,1,0,0,1,0.336,0.0426,0
ID-001181,0,0,0,1,0.5278,0,0,0,1,1,0,0,1,0,0,1,1,0,0,0,1,0,1,0,0,1,0,0,2,1,0,0.4384,0.2769,0
ID-001182,1,0,1,1,0.5833,1,1,0,0,2,0,1,0,0,0,1,0,1,0,0,1,0,0,0,1,0,0,1,2,1,3,0.2314,0.2036,0
ID-001183,1,0,0,1,0.0556,0,0,0,1,1,0,1,0,0,1,0,1,0,0,0,0,1,1,0,0,0,1,0,1,1,2,0.5131,0.0327,0
ID-001184,0,1,1,0,0.3194,1,1,0,0,0,0,1,0,0,1,0,0,0,1,0,0,1,0,1,0,1,0,0,1,0,1,0.1221,0.0819,0
ID-001185,1,1,0,0,0.5139,1,0,0,1,1,0,0,1,0,1,0,1,0,0,0,1,0,0,1,0,1,0,0,0,0,3,0.2792,0.2002,0
ID-001186,1,0,1,1,0.7639,1,0,0,1,0,0,0,1,1,0,0,1,0,0,0,1,0,0,0,1,0,1,0,2,1,2,0.262,0.2864,0
ID-001187,0,1,0,1,0.2778,0,1,0,0,1,0,0,1,0,0,1,0,0,1,1,0,0,0,0,1,0,0,1,2,0,2,0.0951,0.0648,0
ID-001188,0,1,0,0,0.7778,1,0,0,1,0,0,1,0,0,0,1,0,1,0,0,1,0,0,1,0,0,1,0,1,0,0,0.1707,0.2314,0
ID-001189,0,0,0,1,0.2361,0,0,0,1,0,1,0,0,1,0,0,1,0,0,0,1,0,1,0,0,0,1,0,1,0,1,0.2992,0.096,0
ID-001190,1,0,1,1,0.9167,1,0,1,0,0,0,0,1,1,0,0,1,0,0,0,0,1,0,1,0,0,1,0,2,1,3,0.9951,0.9136,0
ID-001191,0,0,1,1,0.9444,1,1,0,0,1,0,0,1,0,1,0,1,0,0,1,0,0,0,1,0,0,0,1,1,0,1,0.0797,0.2081,0
ID-001192,0,0,0,1,0.3889,0,0,1,0,2,0,0,1,1,0,0,0,1,0,0,0,1,0,0,1,0,1,0,0,1,0,0.8232,0.3309,0
ID-001193,1,1,0,1,0.0139,0,1,0,0,2,0,1,0,0,0,1,1,0,0,0,1,0,0,0,1,0,1,0,2,0,0,0.2486,0.005,0
ID-001194,0,0,1,0,0.8889,1,0,0,1,1,0,1,0,1,0,0,0,1,0,1,0,0,0,0,1,0,0,1,1,1,3,0.7173,0.6765,0
ID-001195,1,1,0,1,0.7083,1,1,0,0,2,0,0,1,0,1,0,0,0,1,0,1,0,0,0,1,1,0,0,2,0,3,0.1398,0.1922,0
ID-001196,0,0,1,0,0.1528,0,1,0,0,2,0,0,1,1,0,0,0,0,1,0,1,0,1,0,0,1,0,0,0,1,3,0.3667,0.0709,0
ID-001197,1,0,1,0,0.5139,0,0,1,0,1,0,1,0,0,1,0,0,0,1,0,0,1,1,0,0,0,0,1,1,0,0,0.2461,0.1858,0
ID-001198,1,1,0,0,0.5972,1,0,0,1,0,1,0,0,0,1,0,0,1,0,0,1,0,0,0,1,0,0,1,1,0,1,0.9143,0.5543,0
ID-001199,0,1,0,1,0.5833,0,0,1,0,2,0,1,0,0,0,1,0,0,1,0,0,1,0,1,0,0,1,0,1,1,0,0.5355,0.354,0
ID-001200,0,0,1,0,0.4583,0,0,0,1,1,1,0,0,0,1,0,0,0,1,0,0,1,0,1,0,0,0,1,1,1,0,0.1426,0.1255,0
ID-001201,0,1,0,1,0.7222,1,0,1,0,0,0,0,1,1,0,0,0,0,1,0,0,1,1,0,0,1,0,0,1,0,0,0.5752,0.4626,0
ID-001202,0,0,0,1,0.4167,0,1,0,0,2,0,1,0,0,0,1,1,0,0,0,0,1,0,0,1,0,1,0,0,0,2,0.8313,0.3574,0
ID-001203,1,1,1,0,0.0556,0,0,0,1,0,1,0,0,0,0,1,0,1,0,0,0,1,0,1,0,0,1,0,1,0,3,0.2031,0.0181,0
ID-001204,1,0,1,1,0.7917,0,0,1,0,0,0,0,1,1,0,0,0,1,0,0,1,0,0,0,1,0,1,0,1,1,2,0.0138,0.1302,0
ID-001205,0,0,1,1,0.4583,1,0,0,1,2,0,0,1,0,0,1,1,0,0,1,0,0,1,0,0,0,1,0,0,0,2,0.7876,0.3762,0
ID-001206,0,1,1,1,0.1111,1,1,0,0,1,0,1,0,0,0,1,0,0,1,0,1,0,0,1,0,0,0,1,1,0,0,0.0196,0.0188,0
ID-001207,0,0,0,1,0.25,0,1,0,0,0,1,0,0,0,1,0,0,1,0,0,1,0,1,0,0,0,1,0,1,0,1,0.1441,0.0688,0
ID-001208,1,0,0,1,0.3194,1,0,0,1,0,0,1,0,0,1,0,0,1,0,1,0,0,1,0,0,0,0,1,1,1,3,0.2896,0.1273,0
ID-001209,0,1,1,1,0.375,1,0,1,0,2,0,0,1,1,0,0,0,1,0,1,0,0,1,0,0,0,0,1,0,1,2,0.0502,0.0733,0
ID-001210,1,0,0,0,0.3472,0,0,0,1,1,0,1,0,0,1,0,0,1,0,1,0,0,0,1,0,0,1,0,1,1,0,0.4093,0.1736,0
ID-001211,1,0,0,1,0.8194,1,0,1,0,2,0,1,0,0,0,1,1,0,0,0,0,1,0,1,0,0,0,1,2,0,0,0.2162,0.2754,0
ID-001212,1,1,0,0,0.6806,0,0,1,0,1,0,1,0,0,0,1,0,1,0,0,0,1,0,1,0,1,0,0,0,0,2,0.4956,0.39,0
ID-001213,1,0,0,0,0.5417,1,0,1,0,1,0,1,0,0,1,0,0,0,1,1,0,0,0,1,0,0,1,0,1,1,1,0.2449,0.1952,0
ID-001214,1,1,0,0,0.4722,0,0,1,0,1,0,0,1,0,1,0,0,1,0,0,0,1,0,1,0,1,0,0,2,0,2,0.7554,0.3747,0
ID-001215,0,0,0,0,0.1667,1,0,0,1,2,1,0,0,1,0,0,0,0,1,1,0,0,0,0,1,0,0,1,1,1,3,0.2246,0.0572,0
ID-001216,1,1,1,1,0.0556,0,0,0,1,1,0,0,1,1,0,0,0,0,1,0,0,1,0,0,1,1,0,0,1,0,3,0.1313,0.0147,0
ID-001217,0,1,1,1,0.9028,0,1,0,0,1,1,0,0,0,1,0,0,0,1,0,0,1,0,1,0,1,0,0,2,1,0,0.6746,0.6544,0
ID-001218,1,0,0,0,0.0556,1,0,1,0,1,0,0,1,0,0,1,0,0,1,0,0,1,0,1,0,1,0,0,2,1,1,0.4907,0.0316,0
ID-001219,0,1,0,0,0.5694,1,0,0,1,2,0,1,0,0,1,0,0,0,1,0,0,1,1,0,0,1,0,0,1,0,1,0.9798,0.5602,0
ID-001220,1,0,1,0,0.25,1,0,1,0,1,1,0,0,0,1,0,0,1,0,0,1,0,0,1,0,0,1,0,0,1,3,0.7145,0.1897,0
ID-001221,0,1,1,1,0.4306,1,0,1,0,0,0,0,1,0,0,1,0,0,1,0,1,0,0,1,0,1,0,0,0,0,0,0.7934,0.3555,0
ID-001222,1,1,1,1,0.0278,1,0,0,1,1,0,1,0,1,0,0,0,0,1,0,0,1,0,0,1,0,0,1,2,0,0,0.5797,0.0179,0
ID-001223,0,1,1,0,0.6806,0,1,0,0,1,0,1,0,0,1,0,0,1,0,0,1,0,0,0,1,0,0,1,2,0,1,0.0088,0.1091,0
ID-001224,1,1,1,1,0.4306,1,1,0,0,2,0,0,1,0,0,1,0,0,1,0,0,1,1,0,0,0,0,1,1,0,1,0.4346,0.2245,0
ID-001225,0,0,1,0,0.5417,1,1,0,0,2,1,0,0,1,0,0,1,0,0,0,1,0,1,0,0,1,0,0,1,0,2,0.15,0.1517,0
ID-001226,1,0,1,1,0.4722,1,1,0,0,0,0,0,1,0,1,0,0,1,0,0,0,1,0,0,1,0,1,0,2,1,1,0.8634,0.4179,0
ID-001227,0,0,1,0,0.3889,1,0,1,0,0,1,0,0,0,0,1,0,1,0,1,0,0,1,0,0,0,0,1,1,1,3,0.5134,0.2287,0
ID-001228,1,1,0,1,0.4028,1,1,0,0,1,0,1,0,0,1,0,1,0,0,0,1,0,0,1,0,0,0,1,0,1,2,0.7898,0.3313,0
ID-001229,1,0,0,0,0.1806,1,1,0,0,0,1,0,0,0,1,0,0,1,0,0,1,0,1,0,0,0,0,1,0,1,0,0.5491,0.1117,0
ID-001230,1,0,1,1,0.4583,0,0,1,0,2,0,1,0,0,0,1,0,0,1,0,1,0,0,1,0,0,1,0,2,0,0,0.4265,0.2358,0
ID-001231,0,1,1,0,0.6111,0,1,0,0,1,0,1,0,0,0,1,1,0,0,1,0,0,1,0,0,0,0,1,0,0,1,0.0895,0.1398,0
ID-001232,1,1,0,1,0.25,1,0,0,1,2,1,0,0,0,1,0,0,1,0,1,0,0,1,0,0,0,0,1,2,1,2,0.9787,0.2457,0
ID-001233,0,1,1,0,0.8611,0,0,0,1,2,0,1,0,1,0,0,0,1,0,0,0,1,0,0,1,0,1,0,1,1,3,0.8455,0.749,0
ID-001234,0,1,0,0,0.7917,1,0,1,0,1,0,1,0,0,0,1,1,0,0,1,0,0,0,0,1,1,0,0,2,0,2,0.9871,0.7837,0
ID-001235,1,0,1,0,0.8333,1,0,1,0,1,0,1,0,0,0,1,1,0,0,0,0,1,0,0,1,1,0,0,1,1,1,0.4671,0.4575,0
ID-001236,1,1,1,0,0.4167,0,0,0,1,1,0,0,1,0,1,0,0,1,0,0,1,0,0,1,0,1,0,0,2,0,2,0.3132,0.1743,0
ID-001237,1,0,0,0,0.625,0,0,0,1,2,0,1,0,0,1,0,0,0,1,0,0,1,0,0,1,1,0,0,0,1,1,0.1635,0.1822,0
ID-001238,0,0,0,1,0.8194,0,0,0,1,0,1,0,0,0,0,1,0,0,1,0,1,0,0,0,1,0,1,0,2,0,3,0.2491,0.2983,0
ID-001239,0,0,0,1,0.9444,1,0,1,0,2,0,1,0,0,1,0,1,0,0,1,0,0,0,1,0,0,0,1,2,0,0,0.0231,0.1628,0
ID-001240,0,0,0,0,0.3194,1,0,1,0,1,0,1,0,0,1,0,0,0,1,0,0,1,0,0,1,0,0,1,1,1,0,0.2471,0.1157,0
ID-001241,1,0,0,1,0.3472,1,0,1,0,1,0,1,0,0,1,0,0,1,0,1,0,0,1,0,0,0,1,0,0,1,3,0.1631,0.1011,0
ID-001242,0,0,1,0,0.1667,1,1,0,0,0,0,0,1,0,0,1,0,1,0,0,0,1,0,0,1,1,0,0,0,0,3,0.5898,0.1088,0
ID-001243,1,0,1,1,0.9306,0,1,0,0,2,1,0,0,0,0,1,0,1,0,0,0,1,0,1,0,0,1,0,1,1,3,0.3287,0.4016,0
ID-001244,0,0,1,0,0.9167,1,1,0,0,2,1,0,0,0,1,0,0,0,1,0,0,1,0,0,1,0,1,0,2,0,1,0.7448,0.7191,0
ID-001245,0,1,0,0,0.2222,1,0,0,1,2,1,0,0,1,0,0,0,1,0,0,1,0,1,0,0,1,0,0,2,1,0,0.894,0.2024,0
ID-001246,0,1,0,1,0.3194,1,0,1,0,0,1,0,0,0,0,1,1,0,0,0,1,0,0,1,0,0,1,0,1,1,1,0.7984,0.2651,0
ID-001247,0,1,0,0,0.2083,0,1,0,0,0,1,0,0,0,1,0,1,0,0,1,0,0,0,0,1,0,0,1,1,1,3,0.3907,0.1009,0
ID-001248,0,0,1,0,0.2083,1,0,0,1,2,1,0,0,1,0,0,0,1,0,1,0,0,0,1,0,0,1,0,1,1,1,0.2459,0.0753,0
ID-001249,0,0,0,1,0.3472,1,0,0,1,0,0,1,0,0,0,1,0,1,0,1,0,0,0,0,1,1,0,0,2,1,1,0.364,0.1602,0
ID-001250,0,0,1,0,0.0417,1,0,1,0,2,0,1,0,1,0,0,0,1,0,1,0,0,1,0,0,0,0,1,1,0,2,0.0101,0.0067,0
ID-001251,0,0,0,1,0.7083,1,0,1,0,1,0,1,0,0,1,0,1,0,0,1,0,0,1,0,0,1,0,0,0,0,3,0.713,0.5365,0
ID-001252,0,1,1,1,0.2083,1,1,0,0,1,1,0,0,0,1,0,0,1,0,0,1,0,0,0,1,1,0,0,2,0,0,0.3201,0.0884,0
ID-001253,1,1,1,1,0.5972,0,0,1,0,2,1,0,0,1,0,0,1,0,0,0,0,1,1,0,0,1,0,0,1,0,3,0.3623,0.2747,0
ID-001254,1,0,0,1,0.25,1,0,0,1,1,0,1,0,1,0,0,1,0,0,1,0,0,0,0,1,1,0,0,2,1,3,0.0366,0.046,0
ID-001255,0,0,1,1,0.0972,0,1,0,0,2,1,0,0,0,0,1,1,0,0,0,0,1,1,0,0,0,0,1,0,0,0,0.2165,0.0327,0
ID-001256,0,1,1,0,0.2778,1,0,0,1,0,1,0,0,0,1,0,1,0,0,1,0,0,1,0,0,1,0,0,0,1,3,0.5627,0.175,0
ID-001257,1,0,0,1,0.6667,0,1,0,0,1,0,0,1,0,1,0,1,0,0,0,0,1,0,1,0,0,1,0,2,0,3,0.6833,0.4882,0
ID-001258,1,1,0,1,0.0833,1,0,1,0,0,1,0,0,1,0,0,0,1,0,1,0,0,0,1,0,1,0,0,0,1,3,0.4064,0.0415,0
ID-001259,0,1,0,0,0.3472,1,1,0,0,2,0,0,1,0,0,1,0,0,1,1,0,0,1,0,0,1,0,0,0,0,3,0.5778,0.2232,0
ID-001260,1,1,1,1,0.875,1,0,0,1,1,0,1,0,0,1,0,1,0,0,0,1,0,1,0,0,0,0,1,0,0,1,0.7108,0.6611,0
ID-001261,1,1,1,1,0.3194,1,1,0,0,1,0,0,1,1,0,0,1,0,0,0,0,1,0,1,0,1,0,0,0,0,1,0.0595,0.0649,0
ID-001262,0,0,0,0,0.0972,0,0,0,1,0,0,1,0,0,1,0,1,0,0,0,1,0,0,1,0,1,0,0,2,1,1,0.7795,0.0791,0
ID-001263,0,0,1,0,0.3056,1,0,0,1,1,1,0,0,1,0,0,0,1,0,0,1,0,1,0,0,0,0,1,0,1,3,0.1872,0.0952,0
ID-001264,1,0,0,1,0.8194,0,0,1,0,1,0,0,1,0,1,0,0,1,0,1,0,0,0,0,1,0,1,0,0,1,3,0.8837,0.7393,0
ID-001265,0,0,1,0,0.8056,1,0,0,1,1,1,0,0,1,0,0,0,1,0,0,0,1,0,1,0,0,0,1,0,1,3,0.1835,0.2484,0
ID-001266,0,1,1,1,0.5694,1,0,1,0,1,0,0,1,0,1,0,1,0,0,0,1,0,0,0,1,0,1,0,0,1,3,0.2601,0.2126,0
ID-001267,0,0,1,0,0.3889,0,1,0,0,1,0,0,1,1,0,0,0,1,0,1,0,0,0,1,0,0,0,1,2,0,2,0.3481,0.1742,0
ID-001268,0,0,0,1,0.3611,0,1,0,0,2,1,0,0,0,0,1,1,0,0,1,0,0,1,0,0,0,1,0,0,1,0,0.5882,0.2353,0
ID-001269,1,0,1,1,0.1806,1,1,0,0,1,0,1,0,0,0,1,0,1,0,1,0,0,1,0,0,0,0,1,2,1,1,0.5651,0.1141,0
ID-001270,1,0,1,1,0.3056,1,0,1,0,2,1,0,0,0,1,0,0,1,0,0,1,0,1,0,0,0,0,1,1,0,0,0.899,0.2796,0
ID-001271,0,1,0,1,0.1944,1,1,0,0,0,0,0,1,0,0,1,0,0,1,1,0,0,0,0,1,0,1,0,2,1,1,0.6183,0.1317,0
ID-001272,1,1,1,0,0.3333,1,0,1,0,0,0,1,0,1,0,0,0,0,1,0,0,1,0,0,1,0,0,1,2,1,0,0.8753,0.2984,0
ID-001273,0,0,1,1,0.2222,0,1,0,0,0,1,0,0,1,0,0,0,0,1,0,0,1,0,0,1,0,1,0,0,1,1,0.8318,0.1907,0
ID-001274,1,1,0,0,0.4306,0,1,0,0,2,0,1,0,0,1,0,1,0,0,0,1,0,0,0,1,1,0,0,2,1,1,0.9672,0.4189,0
ID-001275,1,0,1,0,0.7917,0,0,1,0,0,0,1,0,0,1,0,1,0,0,1,0,0,0,1,0,0,0,1,1,1,3,0.3419,0.3505,0
ID-001276,0,1,0,1,0.4861,1,0,0,1,2,0,0,1,1,0,0,0,1,0,1,0,0,0,1,0,0,1,0,0,1,2,0.4735,0.2695,0
ID-001277,1,0,1,1,0.5556,0,0,0,1,2,1,0,0,1,0,0,0,1,0,1,0,0,0,1,0,1,0,0,0,1,0,0.8748,0.497,0
ID-001278,1,1,0,0,0.1806,1,1,0,0,1,0,0,1,0,1,0,1,0,0,0,0,1,0,0,1,1,0,0,0,1,0,0.2995,0.0734,0
ID-001279,0,1,1,1,0.8889,1,1,0,0,0,1,0,0,1,0,0,0,1,0,1,0,0,1,0,0,0,0,1,1,1,1,0.5454,0.5469,0
ID-001280,0,1,1,0,0.4167,1,0,1,0,1,1,0,0,0,0,1,0,0,1,0,0,1,1,0,0,1,0,0,1,1,2,0.7577,0.3314,0
ID-001281,1,0,0,0,0.8889,0,0,1,0,1,0,1,0,0,1,0,0,0,1,0,0,1,1,0,0,1,0,0,1,1,1,0.7857,0.7281,0
ID-001282,0,1,1,0,0.6389,1,0,0,1,2,0,1,0,0,1,0,1,0,0,0,1,0,0,1,0,0,0,1,0,0,3,0.3051,0.2629,0
ID-001283,0,0,0,1,0.2917,0,0,1,0,0,0,1,0,0,1,0,0,1,0,0,1,0,0,1,0,1,0,0,0,0,1,0.757,0.2318,0
ID-001284,0,1,1,0,0.0139,1,0,1,0,1,1,0,0,0,1,0,1,0,0,1,0,0,0,1,0,0,0,1,1,0,1,0.7882,0.0114,0
ID-001285,1,0,1,1,0.3194,1,0,0,1,2,0,0,1,0,1,0,0,1,0,1,0,0,0,1,0,0,0,1,2,1,1,0.0667,0.0669,0
ID-001286,1,0,0,1,0.2778,1,1,0,0,2,0,0,1,0,1,0,1,0,0,1,0,0,0,0,1,0,1,0,1,0,2,0.2979,0.1126,0
ID-001287,0,0,0,0,0.7083,1,1,0,0,1,0,1,0,0,0,1,0,0,1,0,0,1,1,0,0,0,1,0,0,0,1,0.1108,0.1748,0
ID-001288,1,1,0,1,0.8194,1,0,0,1,2,0,1,0,0,1,0,1,0,0,0,1,0,0,1,0,0,0,1,2,0,2,0.1735,0.2457,0
ID-001289,1,0,0,0,0.1528,0,1,0,0,2,0,0,1,0,1,0,1,0,0,0,1,0,1,0,0,1,0,0,2,0,2,0.9652,0.1484,0
ID-001290,1,1,1,0,0.8472,0,0,1,0,0,0,1,0,1,0,0,1,0,0,0,1,0,1,0,0,1,0,0,1,1,3,0.9512,0.8129,0
ID-001291,0,0,1,0,0.0278,1,0,1,0,2,1,0,0,0,0,1,0,1,0,1,0,0,1,0,0,1,0,0,1,1,3,0.9982,0.0278,0
ID-001292,0,0,0,0,0.2917,0,0,0,1,2,0,1,0,1,0,0,1,0,0,0,0,1,1,0,0,0,0,1,0,0,1,0.219,0.0987,0
ID-001293,0,0,1,0,0.7361,0,0,1,0,0,0,1,0,0,1,0,0,0,1,1,0,0,0,1,0,0,0,1,1,0,3,0.5595,0.4617,0
ID-001294,0,0,0,1,0.4722,1,0,0,1,2,1,0,0,0,0,1,0,1,0,1,0,0,0,0,1,1,0,0,0,0,3,0.1744,0.142,0
ID-001295,0,1,0,1,0.7222,0,0,1,0,1,0,0,1,1,0,0,0,1,0,0,0,1,1,0,0,0,0,1,1,0,2,0.7371,0.5618,0
ID-001296,0,0,0,1,0.7361,0,0,0,1,1,0,0,1,0,1,0,0,0,1,1,0,0,0,0,1,0,0,1,2,1,0,0.8493,0.6426,0
ID-001297,1,0,1,0,0.2639,0,0,1,0,0,1,0,0,0,0,1,0,0,1,1,0,0,0,1,0,1,0,0,0,0,3,0.4528,0.1417,0
ID-001298,1,0,0,0,0.75,0,0,0,1,0,0,1,0,0,1,0,0,1,0,1,0,0,1,0,0,0,0,1,1,1,0,0.0332,0.1357,0
ID-001299,1,0,1,1,0.7083,0,1,0,0,1,0,0,1,0,0,1,1,0,0,0,1,0,0,0,1,0,1,0,2,0,3,0.471,0.3912,0
ID-001300,1,1,0,1,0.5833,0,0,1,0,1,0,0,1,0,1,0,0,0,1,0,0,1,0,0,1,0,0,1,2,0,3,0.218,0.197,0
ID-001301,0,0,0,1,0.0417,1,0,1,0,0,1,0,0,0,1,0,1,0,0,0,0,1,0,0,1,1,0,0,2,1,3,0.742,0.0326,0
ID-001302,1,0,1,0,0.7778,1,0,0,1,0,0,1,0,1,0,0,0,1,0,0,0,1,0,0,1,0,1,0,2,1,1,0.0296,0.1384,0
ID-001303,0,0,1,0,0.8611,1,1,0,0,0,0,1,0,0,0,1,1,0,0,1,0,0,0,0,1,1,0,0,0,0,2,0.1199,0.2191,0
ID-001304,1,0,1,0,0.2778,0,0,0,1,0,0,0,1,0,0,1,0,1,0,0,1,0,1,0,0,1,0,0,2,0,3,0.0301,0.0495,0
ID-001305,1,1,0,1,0.0417,1,1,0,0,1,0,0,1,0,0,1,0,1,0,1,0,0,0,1,0,0,0,1,2,0,1,0.9941,0.0415,0
ID-001306,1,1,1,0,0.0833,0,0,0,1,2,1,0,0,0,0,1,1,0,0,0,0,1,1,0,0,0,0,1,0,1,2,0.6975,0.062,0
ID-001307,1,0,0,0,0.9306,1,0,0,1,0,0,1,0,1,0,0,0,1,0,0,1,0,1,0,0,0,1,0,0,0,0,0.58,0.5999,0
ID-001308,0,0,1,1,0.2639,1,0,0,1,0,0,1,0,1,0,0,0,1,0,1,0,0,0,1,0,0,0,1,0,0,1,0.4123,0.1326,0
ID-001309,0,0,1,0,0.5139,1,0,0,1,0,0,0,1,0,0,1,1,0,0,0,0,1,0,1,0,0,0,1,2,0,2,0.833,0.4416,0
ID-001310,0,0,0,1,0.1528,1,1,0,0,1,1,0,0,0,1,0,0,1,0,0,0,1,0,1,0,0,0,1,0,1,1,0.0752,0.0331,0
ID-001311,1,1,1,0,0.2083,0,1,0,0,2,1,0,0,0,0,1,1,0,0,0,0,1,0,0,1,0,1,0,2,0,2,0.4563,0.1125,0
ID-001312,1,0,1,1,0.9167,0,0,0,1,0,0,1,0,1,0,0,0,1,0,0,0,1,1,0,0,0,1,0,1,1,0,0.6806,0.6691,0
ID-001313,1,0,1,0,0.2639,0,1,0,0,0,0,1,0,0,1,0,0,0,1,1,0,0,0,0,1,1,0,0,0,1,2,0.957,0.2545,0
ID-001314,0,0,0,0,0.4306,1,0,0,1,1,1,0,0,0,0,1,0,1,0,0,0,1,0,0,1,1,0,0,1,0,0,0.3754,0.2029,0
ID-001315,0,0,1,0,0.4306,0,1,0,0,2,0,0,1,1,0,0,1,0,0,0,0,1,1,0,0,1,0,0,0,1,1,0.8739,0.3849,0
ID-001316,0,1,0,1,0.4028,1,1,0,0,0,1,0,0,0,0,1,1,0,0,0,0,1,0,1,0,0,1,0,2,1,2,0.4279,0.2077,0
ID-001317,1,1,1,1,0.3194,0,1,0,0,1,0,1,0,1,0,0,0,0,1,0,0,1,1,0,0,0,1,0,0,0,3,0.6049,0.2127,0
ID-001318,1,0,0,0,0.2639,0,0,0,1,0,1,0,0,0,0,1,1,0,0,1,0,0,0,0,1,0,1,0,1,0,0,0.5881,0.1719,0
ID-001319,1,0,0,1,0.5278,1,1,0,0,2,0,0,1,0,0,1,0,0,1,0,1,0,0,0,1,0,1,0,0,1,3,0.1213,0.1349,0
ID-001320,0,1,1,0,0.0139,0,0,1,0,0,0,0,1,0,0,1,0,1,0,1,0,0,0,0,1,0,0,1,2,1,0,0.0292,0.0025,0
ID-001321,1,1,1,1,0.5,1,0,0,1,0,1,0,0,1,0,0,0,1,0,0,0,1,0,0,1,1,0,0,0,1,3,0.7312,0.3865,0
ID-001322,1,0,0,1,0.5694,0,0,0,1,0,0,0,1,0,1,0,0,1,0,0,0,1,0,1,0,0,1,0,1,1,0,0.8329,0.4893,0
ID-001323,0,0,0,0,1.0,1,0,0,1,0,0,1,0,0,0,1,1,0,0,1,0,0,0,0,1,0,1,0,0,1,3,0.9327,0.9438,0
ID-001324,0,1,0,1,0.6389,0,0,0,1,1,1,0,0,0,1,0,0,0,1,0,0,1,0,0,1,1,0,0,0,0,1,0.246,0.2309,0
ID-001325,1,1,1,1,0.5417,1,1,0,0,0,0,0,1,1,0,0,1,0,0,0,1,0,0,1,0,0,1,0,1,0,3,0.4908,0.3082,0
ID-001326,0,0,1,0,0.3472,1,0,0,1,0,0,1,0,0,1,0,0,1,0,0,0,1,1,0,0,0,0,1,2,1,1,0.6425,0.2422,0
ID-001327,1,0,0,1,0.9167,0,1,0,0,1,1,0,0,1,0,0,0,0,1,0,0,1,0,1,0,1,0,0,1,0,0,0.4843,0.5166,0
ID-001328,1,0,0,1,0.7778,1,0,0,1,1,1,0,0,1,0,0,0,1,0,0,0,1,0,1,0,1,0,0,2,1,2,0.7499,0.6135,0
ID-001329,1,1,1,0,0.1528,0,1,0,0,2,1,0,0,0,1,0,0,0,1,0,1,0,0,0,1,1,0,0,2,1,2,0.4833,0.086,0
ID-001330,1,1,0,0,0.6111,0,0,0,1,0,1,0,0,0,0,1,1,0,0,0,1,0,0,0,1,0,0,1,0,0,0,0.5447,0.3756,0
ID-001331,0,0,1,1,0.8611,0,1,0,0,1,0,1,0,0,0,1,1,0,0,0,1,0,0,1,0,0,0,1,2,1,1,0.8214,0.7314,0
ID-001332,1,1,0,1,0.1389,1,0,1,0,0,1,0,0,0,0,1,0,0,1,1,0,0,0,0,1,1,0,0,2,1,3,0.8044,0.116,0
ID-001333,0,0,0,1,0.9444,0,1,0,0,0,1,0,0,0,0,1,0,0,1,0,1,0,0,1,0,0,0,1,0,0,3,0.5406,0.5773,0
ID-001334,0,1,0,1,0.2222,1,1,0,0,1,0,1,0,0,0,1,0,0,1,0,0,1,0,0,1,1,0,0,0,1,0,0.2001,0.0717,0
ID-001335,0,0,1,1,0.2083,1,0,0,1,2,1,0,0,1,0,0,0,1,0,0,1,0,1,0,0,0,0,1,1,0,0,0.5996,0.1378,0
ID-001336,1,0,1,0,0.5972,1,1,0,0,1,0,0,1,0,0,1,0,1,0,0,1,0,0,1,0,1,0,0,0,0,0,0.1629,0.1738,0
ID-001337,0,1,0,1,0.8333,1,0,0,1,2,0,1,0,1,0,0,0,1,0,1,0,0,1,0,0,0,0,1,0,0,1,0.4774,0.4647,0
ID-001338,0,1,1,0,0.4722,1,0,1,0,1,0,0,1,0,0,1,1,0,0,0,1,0,1,0,0,0,1,0,0,1,3,0.4212,0.2408,0
ID-001339,1,1,0,0,0.125,1,0,1,0,1,0,0,1,1,0,0,0,1,0,1,0,0,0,1,0,1,0,0,0,1,3,0.74,0.0975,0
ID-001340,0,0,1,1,0.6944,0,1,0,0,2,0,0,1,0,0,1,0,0,1,0,1,0,0,1,0,0,1,0,2,1,0,0.2387,0.2467,0
ID-001341,1,0,0,1,0.2917,1,0,0,1,1,1,0,0,0,1,0,0,0,1,0,1,0,1,0,0,1,0,0,2,0,2,0.0586,0.0591,0
ID-001342,1,1,1,1,0.4028,0,0,1,0,2,1,0,0,1,0,0,1,0,0,1,0,0,0,0,1,1,0,0,1,0,1,0.8577,0.3545,0
ID-001343,0,1,0,1,0.0694,1,0,1,0,0,0,1,0,0,0,1,0,0,1,0,1,0,0,0,1,0,0,1,2,0,2,0.319,0.0294,0
ID-001344,0,1,0,0,0.6111,1,0,1,0,0,0,0,1,1,0,0,0,1,0,0,1,0,1,0,0,0,0,1,1,1,2,0.5295,0.3678,0
ID-001345,0,0,0,1,0.7222,0,0,0,1,1,0,1,0,1,0,0,0,1,0,1,0,0,1,0,0,0,0,1,0,0,3,0.3799,0.343,0
ID-001346,1,1,0,1,0.0278,1,1,0,0,2,0,0,1,0,1,0,0,1,0,1,0,0,0,1,0,0,0,1,2,1,3,0.131,0.0073,0
ID-001347,1,1,0,1,0.875,0,0,1,0,2,1,0,0,1,0,0,0,1,0,0,1,0,0,1,0,0,0,1,1,0,3,0.8091,0.7341,0
ID-001348,0,1,1,1,1.0,0,0,0,1,1,0,0,1,0,1,0,1,0,0,0,0,1,1,0,0,0,1,0,2,1,3,0.2653,0.3778,0
ID-001349,0,0,0,0,0.7639,0,0,1,0,0,0,1,0,0,1,0,1,0,0,0,0,1,0,0,1,1,0,0,1,0,3,0.9646,0.7416,0
ID-001350,0,0,1,1,0.9722,0,1,0,0,0,0,1,0,0,0,1,1,0,0,0,1,0,0,1,0,0,0,1,0,1,1,0.955,0.9359,0
ID-001351,1,0,1,1,0.0417,0,0,1,0,0,0,1,0,0,1,0,0,0,1,1,0,0,1,0,0,1,0,0,0,1,1,0.6036,0.0277,0
ID-001352,0,1,0,1,0.5694,0,0,1,0,1,1,0,0,0,1,0,0,0,1,0,0,1,0,1,0,0,1,0,2,0,1,0.2401,0.2029,0
ID-001353,1,0,0,1,0.0694,1,1,0,0,0,0,1,0,0,1,0,0,1,0,0,0,1,1,0,0,1,0,0,0,1,2,0.1366,0.0187,0
ID-001354,1,0,0,0,0.875,0,0,1,0,1,1,0,0,0,0,1,1,0,0,0,1,0,1,0,0,0,1,0,1,0,3,0.6599,0.6234,0
ID-001355,1,0,1,1,1.0,1,0,0,1,1,1,0,0,0,1,0,0,1,0,0,0,1,0,1,0,0,1,0,1,1,1,0.6898,0.7378,0
ID-001356,1,0,0,1,0.875,0,1,0,0,1,0,0,1,1,0,0,0,1,0,1,0,0,0,1,0,0,1,0,2,0,0,0.4494,0.4672,0
ID-001357,0,0,0,1,0.4167,0,0,1,0,0,0,1,0,0,0,1,1,0,0,0,0,1,1,0,0,0,0,1,0,1,3,0.3785,0.1974,0
ID-001358,0,1,0,1,0.4722,0,1,0,0,1,0,1,0,1,0,0,0,0,1,0,1,0,1,0,0,0,1,0,0,1,1,0.0184,0.0795,0
ID-001359,0,1,0,0,0.7083,1,1,0,0,0,1,0,0,1,0,0,1,0,0,0,0,1,1,0,0,0,0,1,2,1,0,0.1909,0.2229,0
ID-001360,0,1,1,0,0.9167,0,0,1,0,0,0,0,1,0,0,1,1,0,0,1,0,0,0,1,0,1,0,0,2,1,1,0.9255,0.8595,0
ID-001361,1,0,1,1,0.7361,0,1,0,0,2,0,1,0,0,1,0,0,1,0,0,0,1,0,0,1,0,0,1,2,1,0,0.7752,0.5964,0
ID-001362,0,0,0,1,0.5833,1,0,0,1,2,0,1,0,0,0,1,1,0,0,1,0,0,0,0,1,0,0,1,0,1,1,0.616,0.3939,0
ID-001363,0,1,1,1,0.9306,0,1,0,0,0,1,0,0,0,0,1,0,0,1,0,0,1,1,0,0,0,1,0,2,1,1,0.7033,0.6972,0
ID-001364,0,0,0,0,0.3611,1,1,0,0,0,0,1,0,1,0,0,0,0,1,0,1,0,0,0,1,0,1,0,2,0,2,0.4503,0.1931,0
ID-001365,0,1,1,0,0.7083,0,0,0,1,1,0,0,1,1,0,0,0,0,1,1,0,0,0,1,0,0,0,1,2,1,0,0.3059,0.292,0
ID-001366,1,0,1,1,0.7778,0,0,1,0,1,1,0,0,0,1,0,0,1,0,0,1,0,1,0,0,1,0,0,1,0,3,0.1541,0.2205,0
ID-001367,0,1,0,0,0.8889,0,1,0,0,1,0,1,0,0,1,0,1,0,0,1,0,0,1,0,0,1,0,0,0,1,0,0.4064,0.4422,0
ID-001368,0,0,0,1,0.6806,0,0,1,0,1,1,0,0,1,0,0,1,0,0,1,0,0,0,1,0,0,1,0,0,0,2,0.5239,0.4063,0
ID-001369,0,1,1,1,0.4583,1,0,1,0,0,1,0,0,0,0,1,1,0,0,0,1,0,0,0,1,0,1,0,1,0,0,0.0686,0.0967,0
ID-001370,0,0,1,0,0.1111,0,0,1,0,2,0,0,1,0,0,1,1,0,0,0,1,0,0,1,0,0,1,0,2,0,0,0.4526,0.0596,0
ID-001371,1,1,1,1,0.9583,0,0,0,1,0,0,1,0,0,0,1,1,0,0,0,0,1,0,1,0,0,0,1,1,0,3,0.6116,0.6435,0
ID-001372,1,1,1,1,0.2361,0,1,0,0,0,1,0,0,0,0,1,0,1,0,1,0,0,1,0,0,0,1,0,1,1,2,0.8409,0.2044,0
ID-001373,1,1,0,1,0.6667,0,0,0,1,2,1,0,0,0,0,1,0,0,1,0,0,1,0,1,0,0,1,0,2,0,0,0.7519,0.527,0
ID-001374,1,0,1,1,0.2917,0,0,0,1,0,0,1,0,1,0,0,0,0,1,1,0,0,0,0,1,0,1,0,1,1,2,0.7173,0.222,0
ID-001375,0,1,0,0,0.2639,0,1,0,0,1,0,0,1,1,0,0,0,1,0,0,0,1,1,0,0,0,1,0,2,0,2,0.0408,0.0495,0
ID-001376,1,1,0,0,0.9167,1,0,0,1,1,0,1,0,0,1,0,0,0,1,0,1,0,0,1,0,1,0,0,0,0,3,0.7217,0.7011,0
ID-001377,0,1,1,1,0.4861,0,0,1,0,0,0,1,0,1,0,0,1,0,0,0,1,0,0,0,1,0,1,0,2,1,2,0.1656,0.1426,0
ID-001378,1,1,1,0,0.1528,1,1,0,0,1,1,0,0,0,0,1,1,0,0,1,0,0,0,0,1,0,0,1,2,1,3,0.9819,0.1506,0
ID-001379,1,0,0,1,0.2639,0,0,0,1,0,0,0,1,0,1,0,0,1,0,0,1,0,0,1,0,1,0,0,2,1,0,0.2356,0.093,0
ID-001380,0,0,0,0,0.75,0,0,0,1,1,0,0,1,1,0,0,0,1,0,0,0,1,1,0,0,1,0,0,1,0,2,0.3164,0.3158,0
ID-001381,1,1,1,0,0.3472,1,1,0,0,0,0,1,0,1,0,0,1,0,0,0,0,1,0,1,0,0,0,1,2,0,2,0.5934,0.2278,0
ID-001382,0,0,0,1,0.9028,0,0,0,1,0,1,0,0,1,0,0,0,1,0,0,0,1,0,1,0,0,1,0,0,0,3,0.9878,0.8942,0
ID-001383,1,0,1,1,0.1389,0,0,0,1,2,0,0,1,0,0,1,0,1,0,0,1,0,0,0,1,0,0,1,2,0,0,0.1508,0.039,0
ID-001384,1,1,1,0,0.9028,0,0,0,1,0,0,1,0,0,1,0,0,1,0,1,0,0,0,0,1,0,1,0,0,0,1,0.7671,0.7253,0
ID-001385,1,0,0,0,0.9861,0,0,0,1,1,0,1,0,0,1,0,0,0,1,1,0,0,0,1,0,1,0,0,1,0,3,0.1439,0.271,0
ID-001386,1,0,0,0,0.9028,0,0,1,0,1,1,0,0,0,1,0,0,0,1,0,1,0,0,1,0,0,0,1,0,1,2,0.6143,0.6082,0
ID-001387,0,1,1,0,0.5833,1,0,0,1,2,0,0,1,1,0,0,0,0,1,0,0,1,0,0,1,0,0,1,0,0,2,0.3403,0.2575,0
ID-001388,1,0,1,0,0.4583,1,1,0,0,1,0,1,0,0,0,1,0,0,1,0,1,0,0,1,0,0,1,0,2,0,0,0.0446,0.0874,0
ID-001389,1,1,0,1,0.3472,1,0,0,1,0,1,0,0,1,0,0,0,0,1,1,0,0,0,0,1,0,1,0,0,1,2,0.4006,0.171,0
ID-001390,0,1,0,0,0.4722,1,0,1,0,1,0,0,1,1,0,0,1,0,0,0,1,0,0,1,0,1,0,0,0,1,2,0.3572,0.2152,0
ID-001391,1,0,0,0,0.8472,0,1,0,0,0,0,1,0,0,0,1,0,0,1,0,0,1,0,1,0,0,0,1,1,1,0,0.2186,0.2865,0
ID-001392,1,0,1,1,0.9028,0,0,0,1,1,0,0,1,0,0,1,1,0,0,0,0,1,0,1,0,0,1,0,0,1,2,0.3935,0.4392,0
ID-001393,0,0,0,0,0.1528,1,0,0,1,1,1,0,0,0,1,0,1,0,0,0,1,0,1,0,0,1,0,0,1,0,2,0.3759,0.072,0
ID-001394,0,1,1,0,0.6806,0,0,0,1,0,0,1,0,1,0,0,0,1,0,1,0,0,0,1,0,1,0,0,0,1,1,0.1767,0.2059,0
ID-001395,1,1,1,1,0.125,0,1,0,0,0,1,0,0,1,0,0,0,0,1,0,1,0,0,0,1,0,0,1,1,1,3,0.5137,0.0735,0
ID-001396,1,0,0,0,0.7917,1,0,1,0,2,0,1,0,1,0,0,0,0,1,1,0,0,0,0,1,0,1,0,2,0,1,0.2878,0.3142,0
ID-001397,0,1,0,1,0.1944,0,1,0,0,1,1,0,0,0,1,0,0,1,0,0,1,0,1,0,0,0,0,1,1,1,2,0.5579,0.1217,0
ID-001398,1,0,1,1,0.3056,0,0,0,1,0,0,0,1,0,1,0,0,1,0,0,1,0,0,0,1,1,0,0,1,1,3,0.8114,0.257,0
ID-001399,1,1,0,1,0.8611,0,0,1,0,0,1,0,0,1,0,0,1,0,0,0,1,0,1,0,0,1,0,0,0,1,1,0.3581,0.3931,0
ID-001400,0,1,0,0,0.4306,0,1,0,0,2,1,0,0,0,1,0,0,1,0,0,0,1,1,0,0,0,1,0,1,1,3,0.777,0.3495,0
ID-001401,0,1,0,0,0.375,1,0,0,1,2,1,0,0,0,0,1,1,0,0,1,0,0,1,0,0,0,1,0,1,1,0,0.0664,0.0784,0
ID-001402,0,0,1,0,0.375,0,0,1,0,0,0,0,1,0,1,0,1,0,0,1,0,0,0,0,1,1,0,0,2,0,3,0.9275,0.3523,0
ID-001403,1,0,0,0,0.25,1,0,1,0,2,1,0,0,1,0,0,1,0,0,1,0,0,0,0,1,0,0,1,2,1,2,0.1806,0.0765,0
ID-001404,1,1,1,1,0.8472,0,0,0,1,0,1,0,0,0,0,1,0,0,1,1,0,0,0,0,1,1,0,0,0,1,1,0.2924,0.3395,0
ID-001405,0,0,0,0,0.0139,0,1,0,0,2,0,0,1,0,1,0,0,1,0,0,0,1,0,0,1,1,0,0,2,1,0,0.2895,0.0055,0
ID-001406,1,0,0,1,0.1667,1,1,0,0,2,0,1,0,1,0,0,0,1,0,1,0,0,1,0,0,0,0,1,1,1,0,0.7232,0.1277,0
ID-001407,0,0,1,0,0.0139,0,1,0,0,1,0,1,0,1,0,0,1,0,0,0,1,0,1,0,0,0,0,1,2,1,1,0.4859,0.0078,0
ID-001408,1,0,0,0,0.75,1,0,0,1,0,0,1,0,0,1,0,1,0,0,0,1,0,0,1,0,0,1,0,0,1,1,0.8221,0.6375,0
ID-001409,0,0,0,1,0.8889,1,1,0,0,0,0,1,0,0,1,0,1,0,0,0,1,0,0,1,0,1,0,0,1,0,0,0.4317,0.4613,0
ID-001410,1,0,1,0,0.1806,0,0,1,0,2,0,0,1,0,0,1,0,1,0,0,1,0,0,1,0,0,1,0,1,1,0,0.315,0.0758,0
ID-001411,1,0,1,1,0.5556,0,1,0,0,2,0,0,1,0,1,0,0,1,0,0,0,1,0,0,1,0,0,1,0,1,0,0.2321,0.1942,0
ID-001412,1,0,1,1,0.3611,1,1,0,0,2,0,0,1,1,0,0,0,1,0,0,1,0,0,1,0,0,1,0,2,0,2,0.256,0.1336,0
ID-001413,1,1,1,0,0.7222,0,1,0,0,0,1,0,0,1,0,0,0,1,0,0,1,0,1,0,0,0,0,1,2,0,3,0.6794,0.5265,0
ID-001414,0,0,0,0,0.3333,0,0,0,1,2,1,0,0,0,0,1,0,0,1,0,0,1,0,0,1,0,0,1,1,1,3,0.2676,0.1266,0
ID-001415,1,1,1,0,0.4028,0,1,0,0,1,0,0,1,0,1,0,1,0,0,1,0,0,1,0,0,0,1,0,1,1,0,0.3562,0.1832,0
ID-001416,0,1,1,1,0.7361,0,0,0,1,0,1,0,0,0,1,0,1,0,0,1,0,0,1,0,0,1,0,0,1,0,1,0.4165,0.3725,0
ID-001417,0,0,0,1,0.5972,1,1,0,0,2,0,0,1,1,0,0,1,0,0,0,0,1,0,1,0,1,0,0,0,0,3,0.2084,0.1968,0
ID-001418,0,0,1,0,0.1389,0,0,1,0,0,1,0,0,1,0,0,0,0,1,1,0,0,0,0,1,0,0,1,1,1,0,0.1566,0.0397,0
ID-001419,1,1,0,1,0.7222,1,1,0,0,2,1,0,0,0,1,0,0,0,1,0,0,1,0,1,0,0,1,0,1,1,3,0.7849,0.5911,0
ID-001420,1,1,1,0,0.1528,1,1,0,0,0,0,1,0,0,1,0,0,1,0,1,0,0,0,0,1,0,0,1,1,0,0,0.0291,0.0271,0
ID-001421,0,0,1,1,0.9861,1,1,0,0,1,0,1,0,0,0,1,1,0,0,1,0,0,1,0,0,0,1,0,1,0,1,0.8964,0.9003,0
ID-001422,0,1,1,1,0.2917,1,1,0,0,2,0,0,1,0,0,1,0,0,1,0,0,1,1,0,0,0,1,0,0,0,2,0.3886,0.1407,0
ID-001423,1,0,0,0,0.8889,0,0,0,1,1,0,1,0,0,0,1,1,0,0,1,0,0,0,0,1,0,1,0,1,1,1,0.8467,0.774,0
ID-001424,1,1,1,1,0.5833,0,0,0,1,2,0,1,0,1,0,0,0,0,1,0,1,0,0,0,1,0,0,1,1,1,0,0.2207,0.1983,0
ID-001425,0,0,0,0,0.3333,0,0,0,1,2,0,0,1,1,0,0,0,0,1,0,1,0,1,0,0,0,1,0,2,0,0,0.2264,0.1149,0
ID-001426,0,0,1,1,0.0972,0,0,0,1,2,0,1,0,1,0,0,0,1,0,1,0,0,0,0,1,0,0,1,2,1,0,0.9552,0.0936,0
ID-001427,1,0,1,0,0.0833,0,0,1,0,1,0,0,1,0,1,0,0,0,1,0,1,0,0,0,1,0,0,1,0,1,2,0.8486,0.0727,0
ID-001428,1,1,0,0,0.25,0,0,1,0,2,0,1,0,1,0,0,0,1,0,0,1,0,1,0,0,0,1,0,2,0,0,0.1219,0.064,0
ID-001429,1,0,0,1,0.8611,1,1,0,0,1,0,1,0,0,0,1,0,1,0,1,0,0,0,1,0,0,1,0,0,1,2,0.8375,0.7431,0
ID-001430,0,0,1,1,0.0278,0,0,1,0,2,0,1,0,0,0,1,1,0,0,0,0,1,1,0,0,1,0,0,0,0,0,0.9966,0.0277,0
ID-001431,0,1,0,0,0.375,0,0,1,0,0,0,1,0,0,1,0,0,0,1,0,1,0,0,1,0,0,0,1,1,0,0,0.97,0.3658,0
ID-001432,0,0,1,1,0.6667,1,1,0,0,1,0,1,0,0,1,0,0,0,1,0,1,0,0,1,0,1,0,0,0,0,0,0.122,0.1709,0
ID-001433,1,1,1,0,0.7222,0,1,0,0,1,0,1,0,1,0,0,0,1,0,0,0,1,1,0,0,0,0,1,1,1,0,0.5969,0.4759,0
ID-001434,1,1,0,0,0.2361,0,1,0,0,0,1,0,0,0,0,1,0,0,1,0,0,1,0,1,0,0,1,0,0,0,0,0.6331,0.1628,0
ID-001435,0,0,0,0,0.5972,0,0,1,0,2,1,0,0,0,0,1,0,0,1,0,1,0,1,0,0,0,1,0,1,0,1,0.4327,0.3104,0
ID-001436,0,0,0,1,0.6389,1,0,1,0,1,0,0,1,1,0,0,0,1,0,0,1,0,0,1,0,1,0,0,2,0,1,0.4051,0.3171,0
ID-001437,0,0,1,1,0.4583,0,1,0,0,0,0,0,1,0,1,0,0,0,1,1,0,0,0,1,0,1,0,0,0,1,0,0.0404,0.0857,0
ID-001438,1,0,0,1,0.8333,1,0,1,0,2,0,0,1,0,1,0,0,1,0,0,1,0,0,0,1,0,1,0,1,1,2,0.4076,0.4154,0
ID-001439,1,1,0,1,0.8333,1,1,0,0,2,0,1,0,0,0,1,0,0,1,1,0,0,1,0,0,0,0,1,0,1,2,0.3267,0.3582,0
ID-001440,0,0,0,1,0.1806,0,1,0,0,2,0,1,0,0,0,1,0,0,1,0,0,1,0,1,0,0,1,0,1,0,0,0.7046,0.1355,0
ID-001441,1,1,1,1,0.6389,1,0,0,1,2,0,1,0,0,1,0,1,0,0,0,1,0,0,0,1,1,0,0,2,0,1,0.9567,0.616,0
ID-001442,1,0,0,0,0.5278,0,0,0,1,1,1,0,0,1,0,0,0,0,1,0,0,1,0,1,0,0,0,1,0,1,0,0.0771,0.1152,0
ID-001443,1,0,0,1,0.9028,0,1,0,0,0,0,0,1,0,0,1,0,1,0,0,0,1,0,1,0,1,0,0,2,1,1,0.6742,0.6541,0
ID-001444,0,1,1,0,0.1667,1,1,0,0,1,0,0,1,1,0,0,1,0,0,1,0,0,1,0,0,0,0,1,2,0,0,0.2219,0.0568,0
ID-001445,1,1,0,1,0.9583,0,1,0,0,2,0,0,1,0,0,1,0,0,1,1,0,0,0,1,0,1,0,0,0,1,3,0.7597,0.7639,0
ID-001446,0,1,0,0,0.5833,1,0,1,0,1,1,0,0,0,1,0,1,0,0,1,0,0,0,1,0,0,1,0,1,1,2,0.4204,0.2971,0
ID-001447,1,1,1,0,0.9722,0,0,0,1,0,0,1,0,0,0,1,0,0,1,1,0,0,1,0,0,1,0,0,1,0,3,0.0585,0.1968,0
ID-001448,1,1,1,1,0.3194,1,1,0,0,2,0,1,0,1,0,0,0,0,1,0,1,0,0,1,0,1,0,0,0,0,1,0.3231,0.1363,0
ID-001449,1,1,1,0,0.5417,0,1,0,0,1,1,0,0,0,0,1,0,1,0,1,0,0,0,1,0,1,0,0,2,0,0,0.1105,0.1335,0
ID-001450,1,0,1,1,0.2778,1,0,0,1,1,0,0,1,0,0,1,1,0,0,1,0,0,0,1,0,0,1,0,0,0,1,0.2776,0.1078,0
ID-001451,1,0,0,0,0.9306,1,0,0,1,0,0,0,1,0,1,0,1,0,0,0,1,0,0,1,0,1,0,0,1,1,1,0.3869,0.4475,0
ID-001452,0,0,1,0,0.2222,1,0,0,1,2,1,0,0,1,0,0,0,0,1,0,1,0,1,0,0,0,1,0,1,1,1,0.0263,0.0389,0
ID-001453,1,0,1,1,0.625,0,0,0,1,1,0,1,0,0,1,0,0,1,0,0,1,0,1,0,0,0,1,0,2,1,0,0.7516,0.4939,0
ID-001454,1,1,0,1,0.4167,1,0,1,0,2,0,0,1,0,1,0,0,1,0,0,0,1,0,0,1,0,0,1,1,0,0,0.6431,0.2909,0
ID-001455,0,1,0,1,0.6667,0,1,0,0,0,1,0,0,0,1,0,0,0,1,1,0,0,0,0,1,0,0,1,0,1,0,0.1461,0.1845,0
ID-001456,1,0,1,1,0.5,0,0,0,1,0,1,0,0,1,0,0,0,0,1,0,1,0,1,0,0,1,0,0,1,0,3,0.794,0.4131,0
ID-001457,1,1,0,1,0.5,1,0,1,0,0,1,0,0,1,0,0,1,0,0,1,0,0,0,0,1,1,0,0,1,1,2,0.8381,0.4318,0
ID-001458,0,0,1,1,0.3056,1,0,0,1,2,0,0,1,0,0,1,1,0,0,1,0,0,0,0,1,0,1,0,1,1,0,0.6589,0.2174,0
ID-001459,1,1,0,0,0.2639,1,1,0,0,0,1,0,0,0,0,1,1,0,0,0,1,0,1,0,0,0,1,0,0,1,1,0.1319,0.0698,0
ID-001460,1,0,1,0,0.8611,0,0,0,1,0,1,0,0,1,0,0,0,1,0,1,0,0,0,1,0,0,1,0,1,1,2,0.123,0.2214,0
ID-001461,1,1,0,1,0.3333,1,0,1,0,0,0,0,1,0,1,0,0,1,0,0,1,0,1,0,0,1,0,0,1,0,3,0.0215,0.057,0
ID-001462,0,0,0,1,0.3611,0,1,0,0,1,0,0,1,0,1,0,1,0,0,0,1,0,0,0,1,0,1,0,0,1,0,0.1267,0.094,0
ID-001463,0,1,1,0,0.4861,0,1,0,0,2,1,0,0,1,0,0,0,1,0,1,0,0,0,1,0,0,1,0,1,1,2,0.6674,0.3494,0
ID-001464,1,1,0,0,0.5556,0,1,0,0,0,1,0,0,1,0,0,1,0,0,0,0,1,1,0,0,0,0,1,1,0,1,0.9433,0.5293,0
ID-001465,0,1,1,1,0.2917,0,1,0,0,0,0,1,0,1,0,0,0,1,0,1,0,0,0,0,1,0,1,0,2,0,2,0.2787,0.1135,0
ID-001466,1,0,1,0,0.6806,1,1,0,0,1,0,0,1,1,0,0,0,1,0,0,0,1,0,1,0,0,0,1,1,1,3,0.5339,0.4121,0
ID-001467,1,0,1,1,0.375,0,1,0,0,0,1,0,0,0,1,0,0,1,0,0,1,0,0,1,0,1,0,0,1,0,0,0.2574,0.1391,0
ID-001468,0,0,0,1,0.5,0,0,0,1,0,0,1,0,1,0,0,0,1,0,0,1,0,0,1,0,0,0,1,2,1,0,0.9109,0.4626,0
ID-001469,1,0,1,0,0.5139,1,0,0,1,2,0,0,1,0,0,1,0,0,1,1,0,0,1,0,0,0,1,0,2,0,3,0.4528,0.2759,0
ID-001470,0,0,0,1,0.7083,1,0,0,1,1,0,1,0,0,1,0,0,1,0,0,1,0,0,1,0,0,1,0,0,1,2,0.766,0.5684,0
ID-001471,0,0,1,1,0.8889,0,1,0,0,0,0,0,1,1,0,0,0,1,0,0,0,1,0,1,0,0,0,1,2,0,3,0.9183,0.828,0
ID-001472,0,1,0,0,0.1389,1,0,1,0,0,1,0,0,1,0,0,1,0,0,0,0,1,0,0,1,0,1,0,0,1,1,0.6974,0.1034,0
ID-001473,1,0,0,1,0.4583,1,0,1,0,2,1,0,0,1,0,0,1,0,0,0,1,0,1,0,0,1,0,0,2,1,0,0.6217,0.3117,0
ID-001474,1,1,0,1,0.375,1,1,0,0,2,1,0,0,0,1,0,0,1,0,1,0,0,1,0,0,1,0,0,2,0,0,0.9519,0.36,0
ID-001475,1,1,1,0,0.375,0,1,0,0,1,1,0,0,0,0,1,0,1,0,0,1,0,0,1,0,0,0,1,2,1,0,0.8338,0.3224,0
ID-001476,0,1,1,0,0.7083,0,0,0,1,1,0,1,0,0,1,0,0,0,1,0,1,0,0,1,0,1,0,0,2,1,3,0.5164,0.4184,0
ID-001477,1,1,1,0,0.9306,1,0,1,0,1,0,0,1,1,0,0,1,0,0,0,0,1,1,0,0,0,1,0,0,0,3,0.694,0.6899,0
ID-001478,1,0,1,0,0.7778,1,1,0,0,2,0,0,1,1,0,0,0,1,0,1,0,0,0,0,1,0,1,0,1,1,2,0.3562,0.3538,0
ID-001479,0,1,0,0,0.625,1,0,0,1,1,0,1,0,1,0,0,0,1,0,0,1,0,0,0,1,0,0,1,2,1,2,0.6437,0.4367,0
ID-001480,1,1,0,0,0.2778,1,0,1,0,0,1,0,0,0,0,1,1,0,0,1,0,0,1,0,0,0,0,1,1,1,0,0.3879,0.1338,0
ID-001481,0,0,1,0,0.3472,1,1,0,0,1,1,0,0,0,0,1,0,0,1,0,0,1,0,1,0,1,0,0,1,1,2,0.0064,0.0549,0
ID-001482,0,1,0,1,0.0972,1,0,1,0,0,1,0,0,0,1,0,0,1,0,0,0,1,0,0,1,1,0,0,0,1,3,0.1645,0.0284,0
ID-001483,1,1,0,0,0.3889,0,0,0,1,2,0,1,0,0,0,1,1,0,0,0,1,0,1,0,0,0,1,0,2,0,3,0.5557,0.2427,0
ID-001484,1,1,1,1,0.3472,1,0,1,0,2,0,0,1,1,0,0,0,1,0,0,1,0,1,0,0,0,0,1,1,0,1,0.001,0.0533,0
ID-001485,0,1,1,0,0.0833,1,0,0,1,0,0,0,1,0,0,1,1,0,0,0,1,0,1,0,0,1,0,0,2,0,2,0.3488,0.0374,0
ID-001486,0,0,0,1,0.7083,1,1,0,0,1,0,1,0,0,1,0,0,0,1,0,0,1,1,0,0,0,1,0,0,0,1,0.4026,0.3501,0
ID-001487,0,0,1,1,0.6667,1,0,0,1,2,1,0,0,0,1,0,0,0,1,0,0,1,0,1,0,1,0,0,0,0,2,0.6823,0.4876,0
ID-001488,1,1,0,1,0.8472,1,1,0,0,2,0,0,1,0,0,1,0,1,0,0,1,0,0,1,0,1,0,0,2,1,3,0.6719,0.6122,0
ID-001489,0,1,1,0,0.0139,0,1,0,0,0,1,0,0,0,0,1,0,1,0,0,1,0,1,0,0,1,0,0,2,1,2,0.0306,0.0025,0
ID-001490,1,1,0,0,0.8611,1,1,0,0,1,0,1,0,0,0,1,0,0,1,1,0,0,0,0,1,1,0,0,1,1,1,0.8946,0.7848,0
ID-001491,0,0,0,0,0.0278,0,0,1,0,0,0,1,0,1,0,0,1,0,0,0,0,1,1,0,0,1,0,0,2,1,3,0.8768,0.0249,0
ID-001492,1,0,1,0,0.2222,1,0,1,0,1,0,0,1,0,0,1,1,0,0,0,1,0,1,0,0,0,1,0,2,1,2,0.2901,0.0886,0
ID-001493,1,1,1,1,0.4861,1,0,1,0,1,1,0,0,0,0,1,0,1,0,1,0,0,0,0,1,0,0,1,0,1,0,0.2085,0.1602,0
ID-001494,1,0,1,0,0.0972,1,0,0,1,2,1,0,0,0,0,1,0,1,0,0,1,0,0,0,1,0,0,1,0,0,2,0.0568,0.0195,0
ID-001495,1,0,1,1,0.1111,0,0,0,1,2,0,0,1,1,0,0,1,0,0,1,0,0,0,1,0,0,1,0,1,0,1,0.3351,0.0486,0
ID-001496,1,0,1,0,0.9444,1,1,0,0,0,1,0,0,1,0,0,0,0,1,1,0,0,1,0,0,0,1,0,1,1,0,0.9164,0.8783,0
ID-001497,1,0,1,0,0.1528,0,0,1,0,0,1,0,0,0,0,1,0,0,1,1,0,0,0,1,0,0,1,0,2,1,2,0.0362,0.028,0
ID-001498,0,1,0,1,0.2361,1,1,0,0,1,1,0,0,1,0,0,0,0,1,0,1,0,0,0,1,1,0,0,1,0,1,0.6674,0.1697,0
ID-001499,0,0,0,0,0.9306,1,0,1,0,0,0,0,1,1,0,0,0,0,1,0,1,0,1,0,0,1,0,0,0,1,1,0.5428,0.5705,0
ID-001500,1,0,0,0,0.75,1,1,0,0,1,0,1,0,0,1,0,0,0,1,0,0,1,0,0,1,0,0,1,2,1,3,0.4323,0.3896,0
ID-001501,0,0,1,0,0.5139,0,0,0,1,1,1,0,0,1,0,0,0,1,0,1,0,0,1,0,0,0,0,1,1,0,2,0.5809,0.3317,0
ID-001502,0,0,0,1,0.0417,1,0,0,1,1,0,1,0,1,0,0,0,1,0,1,0,0,1,0,0,1,0,0,2,1,0,0.5491,0.0258,0
ID-001503,0,1,0,1,0.2361,0,0,1,0,0,0,1,0,1,0,0,0,0,1,1,0,0,0,1,0,0,1,0,2,0,0,0.5903,0.1543,0
ID-001504,0,0,0,0,0.0,0,0,0,1,1,0,1,0,0,0,1,0,1,0,0,0,1,0,1,0,0,1,0,2,1,0,0.7185,0.0,0
ID-001505,0,0,1,0,0.2083,1,1,0,0,1,0,1,0,0,0,1,0,1,0,1,0,0,0,0,1,0,0,1,2,0,1,0.1016,0.0498,0
ID-001506,0,0,1,1,0.3194,0,0,1,0,2,0,1,0,1,0,0,0,0,1,0,1,0,0,1,0,0,1,0,1,1,3,0.162,0.0927,0
ID-001507,0,1,1,0,0.75,0,0,1,0,0,1,0,0,1,0,0,0,0,1,0,1,0,0,0,1,1,0,0,1,0,2,0.1388,0.2029,0
ID-001508,0,0,0,0,0.7222,1,1,0,0,0,1,0,0,1,0,0,1,0,0,0,1,0,1,0,0,1,0,0,2,1,2,0.6784,0.5259,0
ID-001509,0,1,1,0,0.6667,1,1,0,0,0,0,0,1,0,1,0,0,0,1,1,0,0,0,0,1,0,0,1,1,1,3,0.6554,0.4724,0
ID-001510,0,1,1,1,0.875,1,0,0,1,1,1,0,0,1,0,0,0,0,1,1,0,0,0,1,0,0,0,1,2,0,1,0.2158,0.2938,0
ID-001511,1,1,0,1,0.2778,0,0,0,1,0,1,0,0,0,0,1,0,1,0,1,0,0,0,1,0,0,0,1,1,0,0,0.7732,0.2246,0
ID-001512,1,1,0,0,0.6389,1,0,0,1,2,0,1,0,1,0,0,0,1,0,1,0,0,0,1,0,0,0,1,0,1,3,0.9947,0.6366,0
ID-001513,1,1,0,0,0.7917,1,0,1,0,0,0,1,0,0,1,0,1,0,0,0,1,0,1,0,0,0,0,1,1,1,2,0.2273,0.2735,0
ID-001514,1,1,0,1,0.0556,1,0,0,1,2,1,0,0,0,1,0,1,0,0,0,1,0,0,1,0,0,1,0,1,0,1,0.6767,0.0404,0
ID-001515,0,0,1,1,0.3889,1,0,1,0,2,0,0,1,1,0,0,0,0,1,0,1,0,1,0,0,0,1,0,1,0,1,0.7507,0.307,0
ID-001516,0,1,1,0,0.8056,1,0,0,1,2,0,0,1,1,0,0,1,0,0,0,1,0,0,0,1,0,1,0,2,0,2,0.8172,0.6814,0
ID-001517,0,0,1,1,0.5139,0,0,1,0,2,1,0,0,0,0,1,1,0,0,1,0,0,1,0,0,1,0,0,2,1,3,0.3422,0.2276,0
ID-001518,0,0,1,0,0.0556,0,0,1,0,2,1,0,0,1,0,0,1,0,0,0,1,0,0,1,0,0,1,0,2,0,3,0.924,0.052,0
ID-001519,1,1,0,1,0.6528,1,1,0,0,2,0,0,1,1,0,0,0,0,1,0,1,0,0,0,1,0,0,1,1,0,1,0.9635,0.6331,0
ID-001520,0,0,1,0,0.0139,1,0,1,0,2,0,0,1,0,0,1,1,0,0,0,1,0,1,0,0,0,0,1,1,1,2,0.5893,0.0091,0
ID-001521,1,0,0,0,0.5833,1,0,0,1,2,0,1,0,0,1,0,1,0,0,0,1,0,0,0,1,0,0,1,2,1,2,0.0324,0.1052,0
ID-001522,0,0,1,1,0.8889,0,0,0,1,2,1,0,0,1,0,0,1,0,0,0,1,0,0,0,1,0,1,0,2,1,1,0.3442,0.3953,0
ID-001523,0,1,0,0,0.1806,0,0,1,0,0,0,0,1,0,1,0,0,1,0,0,0,1,1,0,0,1,0,0,2,1,2,0.2463,0.0653,0
ID-001524,1,1,1,0,0.4583,0,0,1,0,2,0,1,0,0,0,1,0,0,1,0,1,0,0,0,1,0,0,1,1,0,0,0.1941,0.1455,0
ID-001525,1,1,1,0,0.1806,0,0,1,0,1,0,1,0,0,1,0,0,0,1,0,1,0,1,0,0,0,1,0,2,1,0,0.3207,0.0767,0
ID-001526,1,0,1,1,0.8889,0,0,0,1,2,1,0,0,1,0,0,0,1,0,0,0,1,1,0,0,1,0,0,1,1,0,0.4892,0.5046,0
ID-001527,0,1,1,0,0.625,0,1,0,0,0,0,0,1,0,0,1,0,0,1,0,1,0,1,0,0,0,1,0,0,0,2,0.1368,0.168,0
ID-001528,1,0,1,0,0.5556,1,0,0,1,1,0,0,1,0,0,1,0,1,0,0,1,0,0,0,1,1,0,0,2,0,0,0.051,0.1089,0
ID-001529,0,1,1,1,0.2917,1,1,0,0,2,0,0,1,0,0,1,0,1,0,1,0,0,1,0,0,0,0,1,2,0,2,0.5945,0.1916,0
ID-001530,1,0,0,1,0.5278,1,0,1,0,2,0,0,1,0,0,1,0,1,0,1,0,0,0,1,0,0,1,0,0,0,0,0.6255,0.3606,0
ID-001531,1,1,1,1,0.4306,1,0,1,0,2,0,0,1,0,0,1,0,0,1,0,1,0,1,0,0,0,1,0,0,1,1,0.2446,0.1551,0
ID-001532,1,1,1,0,0.125,1,0,1,0,0,0,0,1,0,0,1,0,0,1,0,0,1,0,1,0,0,0,1,2,0,1,0.8817,0.1126,0
ID-001533,0,1,0,0,0.6667,1,0,1,0,2,0,1,0,1,0,0,0,1,0,0,1,0,1,0,0,0,0,1,2,1,0,0.6003,0.4412,0
ID-001534,0,0,0,0,0.8333,1,0,0,1,0,0,0,1,0,0,1,1,0,0,0,1,0,0,1,0,0,1,0,1,1,2,0.9135,0.7729,0
ID-001535,1,1,0,0,0.1389,0,1,0,0,1,0,0,1,1,0,0,0,1,0,0,0,1,1,0,0,1,0,0,1,0,0,0.7648,0.1113,0
ID-001536,1,1,0,1,0.3194,0,0,1,0,1,0,1,0,0,0,1,1,0,0,1,0,0,0,1,0,0,1,0,2,0,3,0.4535,0.1717,0
ID-001537,0,1,0,1,0.7778,0,0,1,0,2,0,0,1,0,0,1,1,0,0,0,0,1,1,0,0,0,1,0,0,1,1,0.544,0.4776,0
ID-001538,0,1,0,0,0.5,1,1,0,0,1,0,1,0,0,0,1,0,1,0,0,1,0,1,0,0,0,0,1,0,1,3,0.6673,0.3593,0
ID-001539,1,0,0,1,0.7361,0,0,0,1,2,0,1,0,0,0,1,1,0,0,0,0,1,0,0,1,1,0,0,0,0,2,0.7792,0.5989,0
ID-001540,0,1,0,0,0.8472,1,0,1,0,1,0,0,1,0,0,1,0,1,0,0,1,0,0,1,0,1,0,0,2,1,3,0.0271,0.1489,0
ID-001541,1,1,1,1,0.4028,1,0,0,1,0,0,1,0,1,0,0,0,1,0,1,0,0,1,0,0,0,0,1,0,0,0,0.4016,0.1987,0
ID-001542,1,0,1,0,0.0694,1,0,1,0,0,0,1,0,1,0,0,1,0,0,0,1,0,0,0,1,0,1,0,0,1,0,0.908,0.0641,0
ID-001543,0,0,0,0,0.7917,0,0,0,1,0,0,0,1,0,0,1,0,0,1,0,0,1,1,0,0,0,0,1,1,0,3,0.6966,0.5886,0
ID-001544,1,0,0,1,0.0972,1,1,0,0,0,1,0,0,1,0,0,1,0,0,1,0,0,0,0,1,0,0,1,0,1,0,0.3157,0.0409,0
ID-001545,0,1,1,1,0.7639,0,0,1,0,2,0,1,0,0,0,1,1,0,0,1,0,0,1,0,0,1,0,0,0,0,0,0.0769,0.1665,0
ID-001546,1,1,1,1,0.7361,1,0,0,1,0,0,0,1,0,0,1,0,0,1,0,0,1,0,0,1,0,1,0,1,1,0,0.5968,0.485,0
ID-001547,1,1,1,0,0.1944,0,1,0,0,2,0,0,1,0,0,1,0,1,0,0,1,0,1,0,0,0,1,0,2,1,3,0.7637,0.1556,0
ID-001548,0,1,0,1,0.2083,1,1,0,0,0,0,0,1,0,1,0,0,1,0,1,0,0,0,0,1,0,1,0,2,0,2,0.8024,0.1736,0
ID-001549,1,1,0,1,0.6528,1,0,1,0,1,1,0,0,0,0,1,0,1,0,0,0,1,0,0,1,0,1,0,0,0,2,0.516,0.3854,0
ID-001550,1,1,1,0,0.1806,0,1,0,0,2,0,1,0,0,0,1,0,1,0,0,0,1,0,1,0,1,0,0,0,1,3,0.4379,0.0946,0
ID-001551,0,0,1,0,0.4028,0,0,1,0,2,1,0,0,1,0,0,0,1,0,0,1,0,0,0,1,0,1,0,0,0,3,0.5715,0.2567,0
ID-001552,1,1,0,0,0.9167,0,0,1,0,0,1,0,0,0,0,1,0,1,0,0,0,1,0,0,1,0,0,1,2,1,0,0.6616,0.6544,0
ID-001553,1,1,1,0,0.8056,0,0,0,1,2,0,1,0,0,1,0,0,1,0,0,0,1,1,0,0,0,1,0,1,0,0,0.4835,0.4534,0
ID-001554,1,1,1,1,0.8472,0,0,1,0,0,0,1,0,0,0,1,0,1,0,0,0,1,1,0,0,0,1,0,2,1,0,0.6925,0.627,0
ID-001555,1,1,0,0,0.7222,1,0,1,0,0,0,1,0,0,0,1,1,0,0,1,0,0,1,0,0,0,1,0,1,0,1,0.6738,0.523,0
ID-001556,0,0,0,0,0.0417,0,1,0,0,0,0,1,0,0,1,0,0,0,1,0,0,1,0,0,1,1,0,0,2,1,2,0.1572,0.0119,0
ID-001557,0,0,0,0,0.7361,0,0,1,0,0,0,0,1,0,0,1,0,0,1,0,1,0,0,1,0,1,0,0,0,0,2,0.9899,0.7304,0
ID-001558,1,0,1,0,0.2361,1,0,0,1,2,0,1,0,0,0,1,0,1,0,1,0,0,1,0,0,1,0,0,2,0,1,0.3001,0.0962,0
ID-001559,1,1,0,0,0.3056,0,0,0,1,0,1,0,0,0,0,1,0,1,0,0,1,0,0,0,1,1,0,0,0,1,3,0.0351,0.0558,0
ID-001560,1,0,1,1,0.1528,0,0,1,0,1,0,0,1,0,0,1,0,1,0,1,0,0,0,1,0,1,0,0,1,1,1,0.5688,0.097,0
ID-001561,0,0,1,0,0.4722,1,1,0,0,1,0,1,0,0,0,1,0,0,1,1,0,0,1,0,0,0,0,1,1,1,3,0.4101,0.2364,0
ID-001562,1,0,0,1,0.6389,0,1,0,0,2,1,0,0,1,0,0,0,1,0,1,0,0,0,1,0,0,0,1,1,1,2,0.812,0.5376,0
ID-001563,1,0,0,0,0.4722,0,1,0,0,2,1,0,0,0,0,1,0,1,0,1,0,0,1,0,0,1,0,0,0,0,3,0.8793,0.4243,0
ID-001564,1,0,0,0,0.2083,1,0,0,1,0,1,0,0,0,1,0,1,0,0,1,0,0,0,0,1,0,0,1,2,0,3,0.8027,0.1737,0
ID-001565,0,1,1,0,0.9167,1,1,0,0,0,0,0,1,0,1,0,1,0,0,0,0,1,0,1,0,0,1,0,1,0,0,0.9631,0.8887,0
ID-001566,0,1,1,0,0.1389,0,1,0,0,1,1,0,0,1,0,0,0,0,1,1,0,0,0,1,0,0,0,1,1,1,3,0.0262,0.0243,0
ID-001567,0,1,1,1,0.0278,0,0,0,1,2,1,0,0,0,0,1,0,0,1,1,0,0,0,0,1,0,0,1,1,1,2,0.6863,0.0204,0
ID-001568,0,1,0,1,0.5694,0,1,0,0,1,0,1,0,0,1,0,0,0,1,0,0,1,1,0,0,0,1,0,2,0,0,0.7596,0.4538,0
ID-001569,1,1,0,1,0.8333,0,0,1,0,2,1,0,0,0,1,0,0,0,1,0,1,0,0,0,1,1,0,0,2,0,3,0.8315,0.715,0
ID-001570,0,0,0,1,0.3056,0,0,0,1,2,0,0,1,1,0,0,0,0,1,0,1,0,0,0,1,1,0,0,0,0,2,0.7557,0.2425,0
ID-001571,1,0,1,0,0.3889,0,0,0,1,1,0,1,0,0,0,1,0,0,1,0,1,0,0,1,0,1,0,0,2,0,1,0.0188,0.0656,0
ID-001572,0,0,1,0,0.8611,0,1,0,0,2,0,1,0,0,1,0,0,0,1,1,0,0,0,1,0,1,0,0,1,0,1,0.4597,0.4673,0
ID-001573,0,0,1,1,0.4583,1,0,0,1,2,0,1,0,0,1,0,1,0,0,1,0,0,0,0,1,1,0,0,0,0,0,0.403,0.2267,0
ID-001574,0,1,0,0,0.7917,0,1,0,0,1,0,1,0,0,0,1,1,0,0,0,1,0,1,0,0,0,1,0,1,0,2,0.883,0.7138,0
ID-001575,0,1,0,0,0.0694,0,0,0,1,1,0,0,1,1,0,0,0,0,1,0,1,0,1,0,0,0,0,1,2,0,1,0.5095,0.0406,0
ID-001576,0,1,1,1,0.625,0,1,0,0,1,1,0,0,0,0,1,1,0,0,1,0,0,0,1,0,1,0,0,0,1,3,0.8486,0.5453,0
ID-001577,0,1,1,0,0.7361,1,0,1,0,1,1,0,0,0,1,0,0,0,1,0,1,0,0,1,0,0,0,1,2,1,0,0.4672,0.4041,0
ID-001578,1,1,0,0,0.0694,0,0,0,1,0,0,1,0,0,1,0,0,0,1,1,0,0,0,0,1,1,0,0,1,1,2,0.5711,0.0442,0
ID-001579,1,0,1,0,0.75,0,0,1,0,0,0,0,1,0,0,1,0,1,0,0,1,0,1,0,0,1,0,0,0,1,0,0.3655,0.3471,0
ID-001580,0,1,1,1,0.0972,0,1,0,0,2,0,1,0,0,0,1,0,1,0,0,0,1,1,0,0,0,0,1,0,0,2,0.7357,0.0755,0
ID-001581,0,1,0,0,0.7083,1,0,0,1,0,0,0,1,1,0,0,0,0,1,1,0,0,0,0,1,0,1,0,1,0,3,0.4264,0.3644,0
ID-001582,0,0,1,0,0.7083,1,1,0,0,1,1,0,0,0,0,1,0,0,1,1,0,0,0,1,0,0,0,1,2,1,2,0.6713,0.5115,0
ID-001583,1,0,1,0,0.2917,0,1,0,0,2,1,0,0,1,0,0,1,0,0,0,0,1,0,1,0,0,0,1,2,0,1,0.7015,0.2181,0
ID-001584,1,0,1,0,0.2639,0,0,1,0,1,1,0,0,1,0,0,1,0,0,0,1,0,0,1,0,0,0,1,2,1,2,0.067,0.0553,0
ID-001585,1,1,0,0,0.8056,0,0,1,0,2,0,1,0,1,0,0,0,0,1,1,0,0,1,0,0,0,1,0,0,1,1,0.7333,0.6241,0
ID-001586,0,0,0,0,0.8889,0,1,0,0,1,1,0,0,0,1,0,0,1,0,0,1,0,0,1,0,1,0,0,0,1,0,0.4809,0.4984,0
ID-001587,0,1,0,1,0.25,0,0,1,0,0,0,0,1,0,0,1,1,0,0,0,0,1,0,1,0,0,0,1,0,0,2,0.3553,0.1135,0
ID-001588,1,1,1,1,0.5972,0,1,0,0,1,0,0,1,0,1,0,1,0,0,1,0,0,1,0,0,0,0,1,0,1,1,0.877,0.5354,0
ID-001589,1,0,1,1,0.1667,1,1,0,0,1,0,1,0,1,0,0,0,1,0,0,0,1,0,0,1,0,1,0,1,1,0,0.5877,0.1085,0
ID-001590,1,0,1,1,0.6528,1,0,0,1,1,0,1,0,1,0,0,0,1,0,1,0,0,0,1,0,0,1,0,1,0,0,0.5743,0.4176,0
ID-001591,0,1,1,1,0.3472,1,1,0,0,2,0,1,0,0,1,0,0,1,0,1,0,0,1,0,0,0,1,0,1,0,0,0.2495,0.1265,0
ID-001592,0,1,0,0,0.1667,0,1,0,0,1,0,0,1,0,0,1,1,0,0,0,1,0,0,0,1,1,0,0,1,0,0,0.8939,0.1518,0
ID-001593,1,0,0,0,0.9861,0,0,1,0,2,1,0,0,1,0,0,0,0,1,0,1,0,0,0,1,0,0,1,0,1,3,0.7421,0.7713,0
ID-001594,0,0,1,1,0.1806,1,0,1,0,0,1,0,0,0,1,0,0,0,1,0,1,0,1,0,0,0,0,1,0,0,1,0.9179,0.1681,0
ID-001595,0,1,0,1,0.2639,0,0,0,1,0,1,0,0,0,1,0,0,1,0,0,0,1,0,1,0,0,0,1,1,0,0,0.6871,0.1941,0
ID-001596,1,1,0,1,0.0,1,0,0,1,0,1,0,0,0,1,0,0,0,1,0,1,0,0,1,0,0,1,0,0,1,3,0.011,0.0,0
ID-001597,1,1,1,0,0.4722,1,0,1,0,0,1,0,0,0,1,0,1,0,0,1,0,0,0,1,0,0,0,1,0,0,0,0.559,0.296,0
ID-001598,0,0,0,1,0.25,0,0,0,1,2,0,1,0,0,1,0,1,0,0,0,1,0,1,0,0,1,0,0,1,0,2,0.9137,0.2319,0
ID-001599,0,0,1,0,0.7917,1,0,0,1,0,0,0,1,0,0,1,0,0,1,1,0,0,1,0,0,1,0,0,2,0,1,0.9548,0.762,0
ID-001600,0,1,1,1,0.0556,0,0,0,1,0,0,0,1,1,0,0,0,0,1,1,0,0,1,0,0,1,0,0,2,1,0,0.0937,0.0129,0
ID-001601,0,0,1,1,0.3611,1,0,1,0,0,0,1,0,0,0,1,1,0,0,0,1,0,1,0,0,1,0,0,2,0,3,0.3894,0.1744,0
ID-001602,1,0,1,0,0.1389,1,0,0,1,0,1,0,0,0,0,1,0,0,1,1,0,0,0,0,1,0,1,0,2,1,2,0.7538,0.11,0
ID-001603,1,1,0,1,0.5417,0,0,1,0,1,1,0,0,0,1,0,0,0,1,0,1,0,0,0,1,1,0,0,0,0,3,0.0733,0.1164,0
ID-001604,0,0,1,0,0.375,0,0,1,0,0,1,0,0,0,0,1,0,0,1,1,0,0,0,0,1,0,0,1,2,0,2,0.6397,0.2607,0
ID-001605,1,1,1,1,0.6667,1,0,0,1,0,0,1,0,0,1,0,0,0,1,0,1,0,0,1,0,0,1,0,1,1,0,0.6889,0.4913,0
ID-001606,0,1,0,0,0.7639,0,0,0,1,1,0,0,1,0,1,0,0,0,1,1,0,0,1,0,0,1,0,0,2,1,3,0.8985,0.6988,0
ID-001607,0,1,1,1,0.4722,1,1,0,0,0,0,1,0,0,1,0,1,0,0,1,0,0,1,0,0,0,0,1,2,0,1,0.7342,0.3662,0
ID-001608,0,1,1,1,0.8889,0,0,0,1,1,0,0,1,0,1,0,1,0,0,1,0,0,1,0,0,0,1,0,2,1,3,0.7001,0.6636,0
ID-001609,0,1,0,1,0.75,0,0,0,1,1,1,0,0,0,1,0,0,0,1,1,0,0,1,0,0,0,0,1,2,0,1,0.2572,0.2782,0
ID-001610,1,1,1,1,0.0139,1,1,0,0,2,0,1,0,0,1,0,0,0,1,1,0,0,0,0,1,1,0,0,2,1,1,0.9137,0.0129,0
ID-001611,1,1,1,0,0.4861,0,1,0,0,0,0,1,0,0,0,1,0,0,1,0,0,1,1,0,0,1,0,0,2,1,0,0.1445,0.1339,0
ID-001612,1,0,0,1,0.8889,1,1,0,0,2,1,0,0,0,0,1,0,1,0,1,0,0,0,0,1,1,0,0,1,0,0,0.971,0.8678,0
ID-001613,1,1,1,1,0.6111,0,0,1,0,0,1,0,0,1,0,0,1,0,0,0,0,1,1,0,0,0,0,1,2,1,3,0.3263,0.2625,0
ID-001614,1,1,0,1,0.2361,1,0,0,1,0,0,1,0,0,0,1,0,0,1,1,0,0,1,0,0,1,0,0,2,1,2,0.048,0.0457,0
ID-001615,0,1,1,1,0.0694,1,0,0,1,1,1,0,0,1,0,0,1,0,0,0,0,1,0,1,0,0,1,0,0,0,1,0.1707,0.0207,0
ID-001616,0,1,0,0,0.7361,0,0,0,1,1,0,1,0,1,0,0,0,0,1,0,0,1,0,1,0,1,0,0,1,1,0,0.2598,0.2746,0
ID-001617,0,0,1,0,0.8889,0,0,1,0,1,0,0,1,0,1,0,1,0,0,0,1,0,0,0,1,0,1,0,1,0,1,0.0646,0.1845,0
ID-001618,0,1,0,0,0.9167,0,1,0,0,1,1,0,0,1,0,0,0,0,1,0,1,0,1,0,0,0,1,0,1,0,2,0.7594,0.7304,0
ID-001619,0,0,0,0,0.4583,0,0,1,0,1,1,0,0,0,0,1,0,1,0,0,1,0,0,0,1,0,1,0,2,0,0,0.6487,0.3222,0
ID-001620,1,1,1,0,0.8611,1,1,0,0,0,1,0,0,1,0,0,0,1,0,0,1,0,0,0,1,0,1,0,0,1,2,0.4049,0.4273,0
ID-001621,0,1,1,1,0.4444,0,0,0,1,0,1,0,0,0,1,0,0,1,0,1,0,0,1,0,0,1,0,0,2,0,3,0.4623,0.2422,0
ID-001622,0,1,1,0,0.4444,0,0,0,1,1,1,0,0,0,1,0,0,0,1,0,0,1,1,0,0,0,1,0,0,1,2,0.1038,0.107,0
ID-001623,0,1,0,0,0.6528,0,0,0,1,2,0,0,1,1,0,0,1,0,0,0,1,0,0,1,0,0,0,1,1,1,1,0.3495,0.2932,0
ID-001624,0,1,1,0,0.7222,1,1,0,0,2,1,0,0,1,0,0,0,0,1,1,0,0,0,0,1,0,0,1,0,0,3,0.1676,0.213,0
ID-001625,1,1,1,0,0.8611,0,0,0,1,1,0,1,0,0,0,1,0,0,1,0,1,0,1,0,0,1,0,0,1,0,0,0.7205,0.6577,0
ID-001626,0,0,1,1,0.2083,0,1,0,0,0,0,0,1,0,1,0,0,0,1,0,1,0,0,1,0,1,0,0,2,1,3,0.4615,0.1134,0
ID-001627,1,1,0,1,0.8056,0,1,0,0,0,0,1,0,1,0,0,0,0,1,0,1,0,0,1,0,0,0,1,1,1,3,0.5729,0.5144,0
ID-001628,1,1,0,1,0.7778,0,0,0,1,1,0,0,1,0,0,1,0,0,1,1,0,0,0,1,0,1,0,0,0,0,1,0.4018,0.3839,0
ID-001629,1,0,1,0,0.2361,1,0,1,0,0,0,1,0,0,1,0,1,0,0,0,1,0,0,1,0,0,0,1,1,0,1,0.5341,0.143,0
ID-001630,1,1,0,1,0.875,0,1,0,0,0,0,0,1,0,0,1,1,0,0,1,0,0,0,1,0,0,0,1,1,1,1,0.6354,0.6052,0
ID-001631,1,1,0,0,0.0139,1,1,0,0,2,0,0,1,0,1,0,1,0,0,0,1,0,0,0,1,1,0,0,0,0,2,0.6643,0.0099,0
ID-001632,0,1,1,1,0.1111,1,0,0,1,2,0,1,0,0,1,0,0,1,0,1,0,0,0,0,1,0,0,1,0,0,1,0.1414,0.0303,0
ID-001633,0,0,0,0,0.6667,0,1,0,0,1,1,0,0,0,0,1,0,0,1,1,0,0,1,0,0,1,0,0,2,1,1,0.0825,0.1485,0
ID-001634,0,0,1,1,0.6528,0,0,1,0,2,1,0,0,1,0,0,0,1,0,0,0,1,0,1,0,0,0,1,1,1,0,0.6865,0.4798,0
ID-001635,1,0,0,0,0.3611,0,0,1,0,0,1,0,0,1,0,0,0,1,0,1,0,0,1,0,0,0,0,1,0,1,0,0.5527,0.2244,0
ID-001636,1,0,0,0,0.125,1,0,1,0,2,0,1,0,1,0,0,0,1,0,0,0,1,0,1,0,1,0,0,0,1,0,0.261,0.0468,0
ID-001637,0,1,0,1,0.9028,1,1,0,0,0,0,0,1,1,0,0,1,0,0,0,1,0,0,0,1,0,1,0,1,0,1,0.4817,0.5068,0
ID-001638,0,0,0,1,0.6528,1,1,0,0,2,0,1,0,1,0,0,0,0,1,0,0,1,0,0,1,1,0,0,2,1,2,0.0025,0.1011,0
ID-001639,1,0,1,1,0.1806,0,1,0,0,0,1,0,0,1,0,0,1,0,0,0,0,1,1,0,0,1,0,0,1,1,0,0.5011,0.1043,0
ID-001640,1,0,0,0,0.7083,1,0,0,1,0,0,0,1,1,0,0,0,0,1,0,1,0,0,1,0,1,0,0,0,0,0,0.0369,0.1304,0
ID-001641,1,1,1,1,0.7917,0,0,0,1,2,0,0,1,1,0,0,1,0,0,0,1,0,1,0,0,1,0,0,0,1,2,0.6828,0.5794,0
ID-001642,0,0,0,1,0.4306,0,0,1,0,2,0,1,0,0,1,0,1,0,0,0,0,1,0,0,1,0,1,0,2,0,2,0.0669,0.0902,0
ID-001643,1,0,0,1,0.4861,0,0,1,0,0,0,0,1,0,0,1,0,1,0,0,1,0,1,0,0,1,0,0,1,1,2,0.5145,0.2864,0
ID-001644,0,1,1,0,0.1389,1,0,1,0,2,0,0,1,0,1,0,1,0,0,0,1,0,0,1,0,0,1,0,2,1,1,0.48,0.0778,0
ID-001645,0,0,1,0,0.1528,0,0,1,0,1,1,0,0,0,1,0,1,0,0,0,0,1,0,1,0,0,1,0,0,0,3,0.5715,0.0974,0
ID-001646,0,0,1,0,0.8889,0,0,1,0,1,0,1,0,1,0,0,1,0,0,0,0,1,0,1,0,0,0,1,2,0,1,0.4519,0.4765,0
ID-001647,1,1,0,0,0.4167,0,0,0,1,1,0,1,0,0,1,0,1,0,0,1,0,0,0,1,0,1,0,0,1,0,1,0.4482,0.222,0
ID-001648,1,0,1,1,0.1389,1,1,0,0,0,1,0,0,0,0,1,0,0,1,0,0,1,1,0,0,1,0,0,1,0,2,0.6392,0.0965,0
ID-001649,0,0,0,0,0.1944,1,0,1,0,0,0,1,0,1,0,0,1,0,0,0,1,0,1,0,0,1,0,0,0,0,0,0.7796,0.1583,0
ID-001650,0,1,0,0,0.8056,1,0,1,0,2,0,1,0,1,0,0,0,0,1,1,0,0,1,0,0,1,0,0,1,0,2,0.5945,0.5292,0
ID-001651,0,0,1,0,0.6111,1,1,0,0,0,1,0,0,1,0,0,0,0,1,0,1,0,0,1,0,0,0,1,0,0,3,0.4183,0.3102,0
ID-001652,1,1,0,1,0.9306,0,0,1,0,2,0,0,1,0,1,0,1,0,0,0,0,1,1,0,0,0,1,0,2,0,3,0.8585,0.8196,0
ID-001653,1,0,0,1,0.8056,0,0,1,0,1,1,0,0,0,0,1,0,1,0,0,0,1,1,0,0,0,1,0,2,1,0,0.439,0.423,0
ID-001654,1,0,0,1,0.7778,1,0,0,1,2,1,0,0,0,0,1,0,0,1,0,1,0,1,0,0,0,1,0,0,1,1,0.7594,0.6198,0
ID-001655,1,1,0,0,0.4167,1,1,0,0,0,0,1,0,1,0,0,0,0,1,1,0,0,0,0,1,0,1,0,2,1,3,0.0518,0.082,0
ID-001656,0,1,0,1,0.6111,0,0,1,0,2,0,0,1,1,0,0,0,1,0,1,0,0,0,0,1,0,1,0,0,0,2,0.6545,0.4326,0
ID-001657,0,1,0,0,0.4444,1,0,1,0,2,0,0,1,0,0,1,0,0,1,0,1,0,1,0,0,0,1,0,1,0,2,0.5312,0.2681,0
ID-001658,1,1,0,0,0.25,1,1,0,0,1,0,1,0,1,0,0,0,0,1,1,0,0,0,0,1,0,0,1,2,0,3,0.5295,0.1504,0
ID-001659,1,0,1,1,0.0417,1,1,0,0,2,0,1,0,0,0,1,0,0,1,1,0,0,0,0,1,1,0,0,1,1,1,0.6788,0.0304,0
ID-001660,0,0,0,1,0.9583,1,1,0,0,2,1,0,0,0,0,1,1,0,0,1,0,0,0,1,0,0,0,1,0,0,3,0.8112,0.8057,0
ID-001661,1,0,1,1,0.5417,0,0,1,0,2,1,0,0,0,1,0,0,0,1,0,1,0,0,1,0,0,0,1,1,0,2,0.3004,0.2207,0
ID-001662,1,0,1,0,0.1389,0,1,0,0,1,1,0,0,0,1,0,1,0,0,1,0,0,0,0,1,1,0,0,2,1,0,0.15,0.0389,0
ID-001663,0,0,0,0,0.0972,1,0,1,0,1,0,1,0,1,0,0,0,0,1,0,0,1,0,0,1,1,0,0,1,0,1,0.8686,0.0865,0
ID-001664,1,1,0,0,0.0833,1,0,1,0,2,0,0,1,1,0,0,0,0,1,1,0,0,0,1,0,0,1,0,2,1,3,0.2298,0.029,0
ID-001665,1,0,0,0,0.9444,0,0,0,1,2,0,1,0,0,1,0,1,0,0,1,0,0,0,1,0,1,0,0,2,0,0,0.7073,0.7108,0
ID-001666,1,1,0,0,0.8056,1,0,1,0,0,0,1,0,1,0,0,0,1,0,0,0,1,0,1,0,0,1,0,0,1,2,0.0069,0.1278,0
ID-001667,0,0,0,1,0.2222,0,0,0,1,1,0,0,1,0,1,0,0,0,1,0,1,0,1,0,0,0,0,1,2,0,2,0.2383,0.0789,0
ID-001668,0,0,0,1,0.2083,1,1,0,0,1,1,0,0,1,0,0,0,0,1,0,1,0,1,0,0,0,1,0,1,0,1,0.0772,0.0455,0
ID-001669,1,0,1,1,0.7222,0,0,0,1,0,1,0,0,0,0,1,1,0,0,0,1,0,0,0,1,1,0,0,2,0,3,0.1584,0.2074,0
ID-001670,1,1,1,0,0.2917,0,0,0,1,1,0,0,1,1,0,0,0,1,0,0,0,1,1,0,0,1,0,0,1,1,2,0.8821,0.2627,0
ID-001671,1,0,1,1,0.7083,1,1,0,0,0,0,0,1,0,1,0,0,0,1,1,0,0,0,1,0,1,0,0,1,0,0,0.7528,0.5605,0
ID-001672,1,0,0,0,0.0417,0,0,1,0,1,1,0,0,0,1,0,1,0,0,0,1,0,1,0,0,1,0,0,2,1,1,0.7211,0.0318,0
ID-001673,1,0,0,1,0.6389,1,0,0,1,2,0,0,1,1,0,0,0,0,1,0,1,0,0,1,0,0,0,1,1,1,3,0.2617,0.2394,0
ID-001674,0,0,1,0,0.4167,0,0,1,0,1,1,0,0,1,0,0,1,0,0,0,0,1,0,1,0,0,1,0,2,1,2,0.1086,0.102,0
ID-001675,1,1,0,0,0.2222,0,0,1,0,2,0,0,1,0,0,1,0,0,1,0,1,0,0,0,1,1,0,0,2,0,3,0.9186,0.2071,0
ID-001676,1,1,1,1,0.8472,1,0,1,0,1,0,1,0,0,0,1,1,0,0,1,0,0,0,0,1,0,1,0,1,0,0,0.7876,0.6954,0
ID-001677,1,0,1,0,0.0694,0,1,0,0,1,0,1,0,0,0,1,1,0,0,1,0,0,0,1,0,1,0,0,2,0,1,0.7198,0.053,0
ID-001678,1,1,1,1,0.5694,1,1,0,0,0,1,0,0,0,0,1,0,1,0,0,0,1,0,0,1,0,0,1,0,0,3,0.3181,0.2406,0
ID-001679,1,0,0,1,0.6389,0,0,0,1,2,1,0,0,1,0,0,0,1,0,0,0,1,0,0,1,0,0,1,0,0,1,0.8115,0.5373,0
ID-001680,0,1,1,1,0.9028,1,0,1,0,2,0,1,0,1,0,0,0,1,0,1,0,0,1,0,0,0,1,0,2,1,0,0.4688,0.4969,0
ID-001681,1,0,1,0,0.3194,0,1,0,0,2,0,0,1,0,0,1,0,0,1,1,0,0,0,1,0,0,0,1,1,1,0,0.986,0.3159,0
ID-001682,1,1,1,1,0.4167,1,0,1,0,1,0,1,0,0,1,0,1,0,0,0,0,1,0,1,0,1,0,0,1,0,3,0.2302,0.145,0
ID-001683,0,0,0,1,0.0833,1,0,0,1,0,0,0,1,1,0,0,1,0,0,1,0,0,1,0,0,0,1,0,0,1,2,0.8041,0.0696,0
ID-001684,1,0,0,1,0.6528,1,0,1,0,0,1,0,0,0,1,0,1,0,0,0,0,1,0,0,1,0,1,0,2,0,2,0.8561,0.5736,0
ID-001685,1,1,0,0,0.1111,0,1,0,0,2,1,0,0,1,0,0,0,1,0,0,1,0,0,0,1,0,0,1,2,1,2,0.6166,0.0751,0
ID-001686,0,0,0,1,0.7222,1,0,0,1,0,0,0,1,0,0,1,1,0,0,0,0,1,1,0,0,0,1,0,1,1,0,0.246,0.261,0
ID-001687,0,0,0,1,0.0,1,1,0,0,0,0,0,1,0,0,1,1,0,0,0,0,1,1,0,0,0,0,1,2,0,3,0.4582,0.0,0
ID-001688,1,1,1,1,0.8056,1,0,1,0,2,0,1,0,1,0,0,1,0,0,0,0,1,0,1,0,0,1,0,2,1,1,0.8775,0.7225,0
ID-001689,1,0,1,0,0.8611,0,0,0,1,2,1,0,0,0,1,0,0,0,1,0,0,1,0,1,0,1,0,0,2,0,2,0.8312,0.7386,0
ID-001690,0,0,0,1,0.1528,0,1,0,0,1,0,0,1,0,0,1,0,1,0,1,0,0,1,0,0,0,1,0,2,1,0,0.5275,0.0917,0
ID-001691,1,0,1,0,0.8472,0,0,1,0,0,0,1,0,1,0,0,0,1,0,1,0,0,1,0,0,1,0,0,0,0,1,0.9494,0.8116,0
ID-001692,0,1,0,1,0.0417,0,1,0,0,1,0,0,1,0,0,1,0,1,0,1,0,0,1,0,0,0,1,0,1,0,3,0.9596,0.0403,0
ID-001693,0,1,0,0,0.4583,1,0,0,1,1,1,0,0,0,1,0,0,1,0,1,0,0,1,0,0,1,0,0,1,1,2,0.5644,0.2894,0
ID-001694,0,0,1,1,0.6389,0,0,1,0,0,0,1,0,0,1,0,0,0,1,0,1,0,0,1,0,1,0,0,2,0,3,0.8211,0.5425,0
ID-001695,0,1,0,1,0.5833,1,0,0,1,2,0,1,0,1,0,0,1,0,0,0,0,1,0,0,1,1,0,0,0,1,3,0.7585,0.4644,0
ID-001696,1,0,1,1,0.1806,0,0,0,1,2,0,1,0,1,0,0,1,0,0,1,0,0,1,0,0,0,1,0,2,1,2,0.3712,0.0844,0
ID-001697,1,0,0,0,0.5139,0,0,1,0,0,0,0,1,1,0,0,0,1,0,1,0,0,1,0,0,0,1,0,1,1,0,0.59,0.3356,0
ID-001698,1,0,1,1,0.3472,1,0,0,1,2,1,0,0,0,1,0,1,0,0,0,1,0,0,0,1,1,0,0,2,1,0,0.7984,0.2882,0
ID-001699,1,1,0,0,0.8611,0,1,0,0,1,0,1,0,0,0,1,0,0,1,1,0,0,0,0,1,0,1,0,1,1,3,0.6917,0.6367,0
ID-001700,0,1,1,1,0.2778,1,0,1,0,2,0,1,0,0,1,0,0,1,0,1,0,0,0,1,0,1,0,0,1,0,3,0.1452,0.0767,0
ID-001701,0,0,0,1,0.1806,1,0,0,1,2,1,0,0,0,1,0,1,0,0,1,0,0,1,0,0,0,1,0,2,1,1,0.1845,0.0558,0
ID-001702,0,1,0,1,0.375,0,0,1,0,1,0,1,0,1,0,0,0,1,0,1,0,0,1,0,0,0,0,1,1,0,2,0.5792,0.2415,0
ID-001703,0,0,0,0,0.5278,1,0,0,1,2,0,1,0,1,0,0,0,1,0,1,0,0,0,1,0,1,0,0,1,1,1,0.1552,0.1501,0
ID-001704,1,0,0,0,0.125,1,1,0,0,2,0,0,1,0,1,0,0,0,1,0,0,1,1,0,0,0,1,0,1,1,0,0.8378,0.1079,0
ID-001705,1,0,1,1,0.4583,0,1,0,0,0,0,0,1,0,0,1,0,1,0,1,0,0,0,0,1,1,0,0,1,1,2,0.4542,0.2466,0
ID-001706,1,1,1,1,0.1111,1,0,0,1,2,0,1,0,0,0,1,0,0,1,0,1,0,1,0,0,0,1,0,1,1,1,0.969,0.1083,0
ID-001707,1,1,0,0,0.2778,1,0,0,1,1,1,0,0,0,1,0,0,0,1,0,0,1,1,0,0,0,1,0,1,0,0,0.3149,0.1166,0
ID-001708,1,0,1,1,0.5139,1,1,0,0,1,1,0,0,1,0,0,1,0,0,1,0,0,0,1,0,0,1,0,1,0,3,0.6607,0.3665,0
ID-001709,0,0,1,1,0.4722,0,1,0,0,1,0,0,1,0,0,1,0,0,1,0,0,1,0,0,1,1,0,0,0,1,1,0.7907,0.3888,0
ID-001710,0,0,1,0,0.1806,0,0,1,0,2,1,0,0,0,1,0,0,1,0,0,1,0,1,0,0,1,0,0,1,1,0,0.7081,0.136,0
ID-001711,0,0,1,1,0.9861,1,0,1,0,0,0,0,1,1,0,0,0,0,1,1,0,0,1,0,0,1,0,0,0,1,2,0.0454,0.1886,0
ID-001712,0,0,1,0,0.3889,0,1,0,0,0,1,0,0,1,0,0,0,0,1,1,0,0,0,0,1,1,0,0,2,0,2,0.3962,0.1901,0
ID-001713,1,1,1,1,0.9167,1,1,0,0,1,0,1,0,0,1,0,1,0,0,1,0,0,0,1,0,0,0,1,1,0,2,0.0692,0.1939,0
ID-001714,1,1,1,1,0.3472,1,1,0,0,2,0,0,1,0,0,1,1,0,0,0,1,0,0,1,0,1,0,0,2,1,1,0.809,0.2913,0
ID-001715,0,1,0,0,0.1528,0,0,1,0,2,0,1,0,0,0,1,0,0,1,0,0,1,1,0,0,0,0,1,2,0,2,0.268,0.0581,0
ID-001716,1,1,1,1,0.6528,1,1,0,0,2,0,1,0,0,1,0,1,0,0,0,0,1,0,0,1,0,0,1,2,1,3,0.9403,0.6203,0
ID-001717,0,0,0,0,0.7083,1,0,1,0,1,0,1,0,0,0,1,1,0,0,1,0,0,0,0,1,0,1,0,1,0,1,0.9801,0.697,0
ID-001718,0,1,0,1,0.3472,1,1,0,0,0,1,0,0,0,0,1,1,0,0,0,0,1,0,1,0,1,0,0,2,1,1,0.7929,0.2865,0
ID-001719,0,1,0,1,0.4861,0,0,1,0,1,1,0,0,0,0,1,0,0,1,0,1,0,1,0,0,0,1,0,1,0,1,0.5766,0.312,0
ID-001720,1,1,1,0,0.2083,1,1,0,0,1,1,0,0,1,0,0,1,0,0,0,1,0,0,0,1,0,0,1,2,0,0,0.881,0.1875,0
ID-001721,0,1,0,1,0.1806,1,0,0,1,0,0,1,0,1,0,0,0,0,1,0,1,0,1,0,0,0,0,1,0,0,3,0.9389,0.1714,0
ID-001722,1,1,1,1,0.2639,0,0,1,0,2,0,1,0,0,0,1,0,1,0,0,1,0,0,0,1,0,0,1,0,1,2,0.3621,0.1214,0
ID-001723,0,0,0,0,0.75,1,0,1,0,2,0,1,0,0,1,0,0,1,0,0,0,1,0,0,1,0,0,1,2,1,1,0.0737,0.1615,0
ID-001724,0,0,0,0,0.9306,1,0,1,0,0,0,1,0,0,1,0,0,1,0,1,0,0,0,0,1,1,0,0,2,1,3,0.8539,0.816,0
ID-001725,0,1,0,0,0.8194,1,0,0,1,2,0,1,0,0,1,0,0,0,1,0,0,1,0,1,0,0,1,0,0,0,1,0.9489,0.7846,0
ID-001726,0,0,0,0,0.1389,1,0,0,1,0,0,0,1,0,0,1,0,1,0,0,1,0,0,1,0,0,1,0,1,0,0,0.5264,0.0832,0
ID-001727,1,1,1,0,0.7639,0,1,0,0,1,0,1,0,0,1,0,0,1,0,0,1,0,0,0,1,0,0,1,0,1,1,0.6077,0.5104,0
ID-001728,1,1,0,1,0.5972,1,1,0,0,0,0,1,0,1,0,0,0,0,1,1,0,0,0,0,1,0,0,1,2,0,1,0.1398,0.1621,0
ID-001729,0,1,0,0,0.3194,0,0,1,0,0,0,0,1,1,0,0,0,0,1,0,0,1,0,0,1,1,0,0,2,1,0,0.313,0.1336,0
ID-001730,1,0,0,0,0.125,1,0,0,1,0,0,0,1,0,1,0,1,0,0,0,0,1,1,0,0,1,0,0,0,0,2,0.3091,0.0519,0
ID-001731,1,1,1,0,0.6111,0,0,0,1,2,0,1,0,1,0,0,0,0,1,0,1,0,0,0,1,0,1,0,0,0,3,0.5939,0.4012,0
ID-001732,1,1,0,1,0.4167,1,0,1,0,2,1,0,0,0,0,1,1,0,0,0,1,0,0,0,1,0,1,0,0,0,2,0.468,0.229,0
ID-001733,1,1,1,0,1.0,0,0,0,1,1,1,0,0,0,1,0,0,0,1,0,0,1,0,1,0,1,0,0,2,0,2,0.9516,0.9598,0
ID-001734,1,1,0,1,0.1389,1,0,0,1,0,1,0,0,0,1,0,1,0,0,1,0,0,0,0,1,1,0,0,1,1,0,0.0734,0.0299,0
ID-001735,1,0,1,1,0.2778,1,0,0,1,2,1,0,0,1,0,0,0,1,0,0,1,0,0,0,1,0,0,1,2,1,1,0.3648,0.1284,0
ID-001736,0,0,1,1,0.4444,1,1,0,0,0,0,0,1,0,0,1,0,0,1,0,1,0,0,1,0,0,1,0,2,0,1,0.9944,0.4427,0
ID-001737,0,1,1,1,0.75,1,1,0,0,2,0,1,0,0,1,0,0,0,1,1,0,0,0,1,0,0,0,1,1,1,3,0.9818,0.7391,0
ID-001738,1,1,0,1,0.4444,0,1,0,0,2,0,1,0,0,0,1,0,0,1,0,0,1,1,0,0,1,0,0,1,1,0,0.8297,0.3807,0
ID-001739,1,0,0,0,0.0278,1,0,1,0,1,0,1,0,0,1,0,0,0,1,0,1,0,0,1,0,0,1,0,1,1,3,0.9572,0.0268,0
ID-001740,1,0,1,1,0.2361,0,0,0,1,2,0,0,1,1,0,0,0,1,0,1,0,0,1,0,0,0,1,0,2,1,3,0.1289,0.0619,0
ID-001741,1,1,0,1,0.25,1,1,0,0,1,0,0,1,1,0,0,0,0,1,1,0,0,0,0,1,0,0,1,1,1,1,0.8496,0.2183,0
ID-001742,0,1,1,1,0.3611,0,0,1,0,1,1,0,0,1,0,0,0,0,1,1,0,0,0,1,0,0,1,0,2,0,2,0.8583,0.318,0
ID-001743,1,1,0,0,0.5833,1,0,0,1,1,0,0,1,0,1,0,0,0,1,0,1,0,0,0,1,0,1,0,1,1,0,0.5524,0.3624,0
ID-001744,0,1,1,1,0.625,1,1,0,0,2,0,0,1,1,0,0,1,0,0,0,1,0,0,0,1,0,1,0,2,1,1,0.006,0.0987,0
ID-001745,1,1,0,0,0.9722,1,1,0,0,1,0,0,1,0,1,0,0,0,1,0,0,1,1,0,0,1,0,0,1,1,2,0.9356,0.9199,0
ID-001746,1,0,1,0,0.3472,1,1,0,0,1,0,0,1,0,0,1,1,0,0,0,1,0,1,0,0,1,0,0,2,1,3,0.5959,0.2285,0
ID-001747,0,0,1,1,0.0694,0,1,0,0,0,0,0,1,0,1,0,0,0,1,0,0,1,1,0,0,0,1,0,2,0,0,0.221,0.0236,0
ID-001748,1,1,0,0,0.5417,0,0,0,1,2,0,1,0,1,0,0,0,0,1,1,0,0,0,0,1,1,0,0,1,0,3,0.8269,0.4626,0
ID-001749,1,0,1,0,0.875,1,0,1,0,0,1,0,0,1,0,0,1,0,0,1,0,0,0,1,0,1,0,0,1,0,0,0.5997,0.5787,0
ID-001750,0,1,1,1,0.1528,0,0,0,1,2,0,1,0,0,1,0,0,1,0,0,1,0,1,0,0,0,0,1,2,0,0,0.9975,0.1526,0
ID-001751,0,1,1,1,0.0,1,0,1,0,0,1,0,0,1,0,0,1,0,0,0,1,0,0,0,1,0,1,0,2,1,3,0.9156,0.0,0
ID-001752,0,1,1,1,0.2222,1,0,0,1,0,1,0,0,0,0,1,0,0,1,0,0,1,0,0,1,1,0,0,0,0,3,0.4665,0.1219,0
ID-001753,0,0,0,0,0.9028,1,0,1,0,0,0,0,1,0,1,0,0,0,1,0,1,0,1,0,0,0,1,0,1,0,2,0.6521,0.6372,0
ID-001754,0,1,0,1,0.4861,1,1,0,0,1,0,0,1,0,1,0,0,0,1,1,0,0,0,1,0,1,0,0,2,0,2,0.3126,0.2031,0
ID-001755,0,0,0,1,0.4028,0,0,1,0,1,0,0,1,0,0,1,0,0,1,0,1,0,0,0,1,0,0,1,1,1,3,0.2977,0.1632,0
ID-001756,0,0,0,0,0.75,0,0,0,1,0,0,1,0,1,0,0,1,0,0,0,0,1,1,0,0,0,1,0,1,1,3,0.3639,0.3461,0
ID-001757,1,1,0,0,0.3611,1,0,0,1,0,0,1,0,1,0,0,0,0,1,0,1,0,0,0,1,0,0,1,0,0,1,0.0567,0.0725,0
ID-001758,1,1,0,1,0.6806,1,0,1,0,1,0,0,1,0,0,1,0,0,1,1,0,0,0,1,0,0,0,1,1,1,1,0.584,0.441,0
ID-001759,1,1,0,1,0.3889,1,1,0,0,2,1,0,0,0,0,1,0,0,1,0,0,1,1,0,0,0,1,0,1,0,1,0.0869,0.0881,0
ID-001760,1,0,1,0,0.4583,0,1,0,0,2,1,0,0,1,0,0,0,0,1,1,0,0,0,1,0,0,0,1,0,0,2,0.5943,0.301,0
ID-001761,1,0,1,1,0.6528,0,0,1,0,1,1,0,0,0,1,0,0,1,0,1,0,0,1,0,0,1,0,0,1,0,3,0.3447,0.2906,0
ID-001762,1,0,1,0,0.6944,1,1,0,0,1,0,1,0,1,0,0,0,0,1,1,0,0,0,1,0,0,1,0,0,1,1,0.1111,0.1715,0
ID-001763,0,1,1,1,0.0417,0,1,0,0,1,1,0,0,1,0,0,0,0,1,1,0,0,0,1,0,0,1,0,1,1,2,0.3647,0.0193,0
ID-001764,0,0,1,1,0.75,0,1,0,0,2,0,0,1,0,0,1,0,0,1,0,1,0,1,0,0,0,0,1,1,1,0,0.0065,0.1187,0
ID-001765,1,1,0,1,0.9167,0,0,0,1,2,0,1,0,0,0,1,0,1,0,0,1,0,0,1,0,0,0,1,1,0,2,0.1779,0.2783,0
ID-001766,1,1,0,1,0.0278,1,1,0,0,0,0,1,0,0,1,0,0,1,0,0,1,0,0,1,0,0,0,1,0,0,2,0.4004,0.0137,0
ID-001767,1,0,0,1,0.0556,1,0,0,1,0,0,1,0,0,0,1,0,1,0,0,0,1,0,1,0,0,0,1,2,1,1,0.4571,0.03,0
ID-001768,1,0,0,1,0.6667,1,1,0,0,2,0,1,0,0,1,0,1,0,0,0,1,0,0,1,0,0,0,1,0,1,1,0.7833,0.5447,0
ID-001769,0,0,0,0,0.8194,0,1,0,0,0,0,0,1,0,0,1,1,0,0,0,1,0,0,0,1,0,1,0,0,0,1,0.4445,0.4341,0
ID-001770,1,0,1,0,0.2639,1,1,0,0,1,1,0,0,0,0,1,1,0,0,1,0,0,0,0,1,0,0,1,1,1,2,0.1587,0.0758,0
ID-001771,0,0,0,0,0.8611,0,0,1,0,0,0,0,1,1,0,0,1,0,0,0,1,0,1,0,0,1,0,0,0,0,3,0.4084,0.4298,0
ID-001772,0,0,0,1,0.4444,0,1,0,0,1,1,0,0,1,0,0,1,0,0,0,1,0,1,0,0,0,1,0,0,0,1,0.4693,0.2448,0
ID-001773,1,0,1,0,0.9583,1,0,0,1,0,1,0,0,1,0,0,0,1,0,1,0,0,0,1,0,0,1,0,1,1,3,0.3063,0.3953,0
ID-001774,1,1,0,0,0.125,1,0,1,0,2,0,0,1,0,0,1,1,0,0,1,0,0,1,0,0,1,0,0,2,0,0,0.6456,0.0875,0
ID-001775,1,0,0,1,0.25,0,0,1,0,1,0,0,1,0,0,1,1,0,0,0,1,0,1,0,0,0,1,0,0,1,2,0.4662,0.137,0
ID-001776,1,1,1,0,0.9861,0,0,1,0,1,0,1,0,0,1,0,1,0,0,1,0,0,0,0,1,0,1,0,2,1,3,0.0196,0.1671,0
ID-001777,0,1,0,0,0.5,0,0,0,1,2,0,0,1,1,0,0,1,0,0,0,1,0,0,0,1,0,1,0,1,1,0,0.0581,0.101,0
ID-001778,1,0,0,1,0.0556,1,1,0,0,0,0,0,1,1,0,0,0,1,0,0,0,1,0,1,0,0,1,0,1,1,1,0.9266,0.0521,0
ID-001779,1,0,1,1,0.6111,1,0,1,0,0,0,1,0,0,0,1,1,0,0,1,0,0,0,0,1,0,0,1,1,0,3,0.6652,0.4381,0
ID-001780,0,1,0,0,0.5833,0,0,1,0,1,0,1,0,1,0,0,0,0,1,0,0,1,0,0,1,0,0,1,2,0,1,0.6401,0.4058,0
ID-001781,1,1,1,0,0.0972,0,0,1,0,0,1,0,0,0,1,0,0,1,0,0,1,0,1,0,0,0,0,1,0,0,3,0.2813,0.038,0
ID-001782,0,1,1,0,0.6944,1,0,0,1,1,1,0,0,1,0,0,0,1,0,1,0,0,1,0,0,0,0,1,2,1,2,0.7417,0.5429,0
ID-001783,1,1,0,1,0.9167,1,0,1,0,1,0,0,1,1,0,0,0,1,0,1,0,0,0,0,1,0,1,0,2,0,3,0.2983,0.3719,0
ID-001784,0,0,1,0,0.4444,0,0,1,0,1,0,1,0,1,0,0,0,0,1,0,0,1,0,1,0,0,1,0,0,1,0,0.2655,0.168,0
ID-001785,1,1,0,0,0.9167,0,0,0,1,2,0,1,0,0,1,0,0,1,0,1,0,0,0,0,1,1,0,0,0,1,0,0.3719,0.4292,0
ID-001786,0,0,1,1,0.8056,1,0,0,1,1,1,0,0,0,1,0,1,0,0,0,0,1,1,0,0,0,0,1,0,1,2,0.7233,0.6172,0
ID-001787,0,0,1,1,0.5833,0,1,0,0,0,1,0,0,0,0,1,0,0,1,0,0,1,1,0,0,1,0,0,1,0,0,0.2965,0.2358,0
ID-001788,0,0,0,0,0.5139,0,0,1,0,2,1,0,0,1,0,0,0,1,0,1,0,0,0,1,0,1,0,0,1,1,2,0.1745,0.1545,0
ID-001789,1,1,0,0,0.6111,0,0,0,1,0,0,0,1,1,0,0,1,0,0,1,0,0,1,0,0,1,0,0,1,0,3,0.8007,0.5084,0
ID-001790,1,0,1,1,0.5139,0,0,1,0,0,1,0,0,0,0,1,1,0,0,0,1,0,0,0,1,1,0,0,1,1,1,0.9667,0.4998,0
ID-001791,1,0,1,0,0.4444,0,1,0,0,1,0,0,1,0,1,0,1,0,0,0,0,1,0,0,1,1,0,0,1,1,0,0.3769,0.21,0
ID-001792,1,0,1,1,0.6389,0,0,1,0,0,1,0,0,1,0,0,0,0,1,1,0,0,0,0,1,0,1,0,1,1,0,0.4096,0.3196,0
ID-001793,0,1,1,1,0.6667,1,0,1,0,1,0,0,1,0,1,0,0,0,1,0,0,1,1,0,0,0,1,0,2,0,1,0.035,0.1216,0
ID-001794,0,1,1,1,0.5,1,0,1,0,0,0,1,0,0,1,0,0,0,1,0,0,1,0,1,0,1,0,0,2,1,3,0.2983,0.2029,0
ID-001795,0,1,1,0,0.9583,0,1,0,0,0,0,0,1,1,0,0,0,0,1,1,0,0,1,0,0,0,1,0,1,0,2,0.7584,0.7628,0
ID-001796,1,0,0,1,0.5139,1,0,1,0,0,0,0,1,0,0,1,0,0,1,1,0,0,1,0,0,0,0,1,0,0,2,0.0798,0.1133,0
ID-001797,0,0,1,0,0.6806,0,0,1,0,1,0,1,0,0,1,0,0,1,0,0,1,0,0,0,1,0,1,0,2,1,3,0.5894,0.4441,0
ID-001798,1,0,1,1,0.1528,1,1,0,0,1,0,0,1,1,0,0,1,0,0,0,1,0,1,0,0,0,0,1,1,0,1,0.7928,0.1261,0
ID-001799,0,0,0,1,0.75,0,0,0,1,1,0,1,0,0,0,1,0,1,0,0,1,0,0,1,0,0,0,1,1,0,1,0.9449,0.7156,0
ID-001800,1,1,1,1,0.4722,1,1,0,0,0,0,0,1,1,0,0,0,0,1,0,0,1,1,0,0,1,0,0,0,0,3,0.4376,0.2474,0
ID-001801,0,1,1,1,0.3056,0,1,0,0,2,1,0,0,0,0,1,1,0,0,0,0,1,0,0,1,1,0,0,0,1,1,0.1929,0.0967,0
ID-001802,1,0,0,0,0.8194,1,1,0,0,0,0,1,0,1,0,0,0,1,0,0,0,1,0,1,0,1,0,0,1,0,2,0.2206,0.2785,0
ID-001803,1,1,0,1,0.7222,0,0,1,0,2,1,0,0,1,0,0,0,0,1,0,0,1,0,1,0,1,0,0,2,0,2,0.5213,0.4296,0
ID-001804,0,1,0,1,0.7083,0,1,0,0,0,0,0,1,1,0,0,0,0,1,0,0,1,1,0,0,1,0,0,2,1,1,0.8696,0.6306,0
ID-001805,1,0,0,0,0.3194,0,0,0,1,1,0,0,1,1,0,0,0,1,0,0,1,0,0,0,1,1,0,0,0,1,2,0.7118,0.2416,0
ID-001806,0,0,0,0,0.5556,1,1,0,0,1,0,1,0,0,0,1,0,0,1,0,0,1,1,0,0,0,1,0,0,1,1,0.5828,0.3595,0
ID-001807,1,0,1,0,0.0833,1,1,0,0,2,0,0,1,0,1,0,0,1,0,1,0,0,1,0,0,0,0,1,2,1,2,0.2254,0.0287,0
ID-001808,1,0,0,1,0.9722,1,1,0,0,1,0,1,0,1,0,0,1,0,0,1,0,0,0,1,0,0,1,0,2,0,3,0.7752,0.7877,0
ID-001809,0,1,0,0,0.2917,0,1,0,0,0,0,0,1,0,0,1,1,0,0,1,0,0,1,0,0,1,0,0,2,0,2,0.5116,0.1711,0
ID-001810,1,1,1,1,0.6528,0,0,1,0,1,0,0,1,1,0,0,1,0,0,0,1,0,0,0,1,0,1,0,2,0,1,0.0253,0.1137,0
ID-001811,0,0,1,0,0.5556,1,0,1,0,1,0,0,1,1,0,0,0,1,0,0,1,0,0,0,1,0,0,1,2,1,0,0.1309,0.1466,0
ID-001812,0,1,0,1,0.5278,1,0,1,0,2,0,0,1,0,1,0,1,0,0,0,0,1,1,0,0,0,0,1,1,0,1,0.8323,0.4532,0
ID-001813,1,1,1,1,0.0417,0,0,0,1,2,0,1,0,0,0,1,0,1,0,0,1,0,0,0,1,1,0,0,1,1,1,0.513,0.0245,0
ID-001814,0,0,0,1,0.3472,1,0,0,1,2,0,0,1,0,1,0,1,0,0,0,0,1,0,0,1,0,1,0,1,0,2,0.9989,0.3472,0
ID-001815,0,1,1,1,1.0,1,0,1,0,1,1,0,0,1,0,0,0,1,0,0,1,0,0,0,1,0,0,1,0,1,1,0.061,0.2045,0
ID-001816,1,1,0,0,0.5278,1,0,1,0,2,0,0,1,0,0,1,0,0,1,1,0,0,0,0,1,0,1,0,1,0,3,0.7411,0.4124,0
ID-001817,1,0,1,1,0.1528,1,0,1,0,0,0,1,0,0,0,1,0,0,1,0,1,0,0,0,1,0,1,0,0,1,0,0.1856,0.0474,0
ID-001818,1,0,1,1,0.5139,0,0,0,1,1,1,0,0,1,0,0,0,1,0,0,1,0,0,1,0,0,0,1,0,1,1,0.5922,0.3366,0
ID-001819,0,0,1,0,0.1111,1,0,1,0,1,0,0,1,1,0,0,1,0,0,0,1,0,1,0,0,0,0,1,2,1,3,0.6708,0.0802,0
ID-001820,1,0,0,0,0.1389,1,1,0,0,2,0,1,0,0,1,0,0,0,1,0,1,0,0,1,0,0,1,0,0,0,2,0.0112,0.0225,0
ID-001821,1,1,0,0,0.6528,0,0,1,0,0,1,0,0,1,0,0,1,0,0,0,0,1,0,1,0,1,0,0,2,0,1,0.4299,0.3377,0
ID-001822,1,0,0,1,0.3889,1,0,0,1,1,0,0,1,0,0,1,0,0,1,0,1,0,0,1,0,0,0,1,2,1,2,0.0751,0.0842,0
ID-001823,1,1,1,1,0.7778,0,1,0,0,1,0,1,0,0,1,0,1,0,0,0,0,1,0,0,1,1,0,0,1,0,3,0.9768,0.7631,0
ID-001824,1,0,0,1,0.4306,1,1,0,0,2,0,0,1,0,0,1,1,0,0,0,0,1,0,1,0,0,1,0,2,0,0,0.8615,0.3803,0
ID-001825,1,0,1,1,0.4861,0,0,1,0,2,1,0,0,1,0,0,0,0,1,1,0,0,1,0,0,1,0,0,2,1,1,0.6561,0.3447,0
ID-001826,1,1,1,1,0.4306,0,0,0,1,0,0,1,0,0,0,1,1,0,0,0,0,1,1,0,0,0,0,1,1,0,2,0.4681,0.2367,0
ID-001827,0,0,1,0,0.1944,1,0,1,0,1,1,0,0,0,0,1,0,0,1,0,1,0,0,0,1,0,0,1,1,1,3,0.2116,0.0646,0
ID-001828,1,0,1,0,1.0,1,1,0,0,1,1,0,0,1,0,0,0,0,1,1,0,0,1,0,0,1,0,0,1,0,3,0.8414,0.8663,0
ID-001829,1,0,1,0,0.4722,1,0,1,0,1,1,0,0,1,0,0,0,1,0,0,0,1,1,0,0,1,0,0,1,1,0,0.0982,0.1115,0
ID-001830,1,0,0,0,0.4583,1,1,0,0,1,0,1,0,0,0,1,0,1,0,0,0,1,1,0,0,0,0,1,0,0,0,0.3584,0.2093,0
ID-001831,1,1,0,1,0.125,1,1,0,0,2,0,1,0,0,0,1,0,0,1,0,1,0,1,0,0,0,0,1,2,1,2,0.4141,0.063,0
ID-001832,0,1,0,1,0.5972,0,0,0,1,2,1,0,0,0,0,1,1,0,0,0,1,0,1,0,0,1,0,0,0,0,0,0.3398,0.2633,0
ID-001833,0,1,0,0,0.3472,0,0,0,1,1,1,0,0,0,1,0,0,1,0,0,1,0,0,1,0,0,1,0,0,0,1,0.2901,0.1385,0
ID-001834,1,1,0,0,0.2639,1,0,0,1,2,0,0,1,0,0,1,1,0,0,0,0,1,0,1,0,1,0,0,2,1,2,0.4965,0.1514,0
ID-001835,0,0,1,0,0.0972,1,0,0,1,0,0,0,1,0,1,0,1,0,0,0,0,1,1,0,0,0,1,0,2,1,0,0.9425,0.0926,0
ID-001836,0,0,1,0,0.3333,0,0,0,1,1,0,1,0,0,0,1,1,0,0,1,0,0,0,1,0,0,1,0,2,0,1,0.4119,0.1674,0
ID-001837,0,0,0,1,0.8611,0,1,0,0,1,0,0,1,0,0,1,1,0,0,1,0,0,0,0,1,1,0,0,1,1,0,0.9282,0.8094,0
ID-001838,0,1,1,0,0.8333,0,0,1,0,0,0,1,0,0,1,0,0,1,0,1,0,0,0,0,1,0,0,1,0,0,1,0.8428,0.7229,0
ID-001839,0,1,1,1,0.4722,0,0,0,1,2,1,0,0,0,0,1,0,1,0,0,0,1,0,1,0,0,1,0,1,0,3,0.306,0.1947,0
ID-001840,1,0,1,0,0.1528,1,1,0,0,0,0,1,0,0,1,0,0,0,1,0,0,1,0,0,1,1,0,0,2,0,3,0.687,0.1124,0
ID-001841,1,0,0,0,0.7083,0,0,1,0,0,1,0,0,0,1,0,0,0,1,0,0,1,0,0,1,0,1,0,1,0,1,0.9522,0.6802,0
ID-001842,1,1,0,0,0.9583,0,0,0,1,0,0,1,0,0,0,1,0,1,0,0,1,0,0,1,0,1,0,0,1,0,2,0.202,0.3106,0
ID-001843,1,1,1,1,0.8056,0,0,1,0,0,0,0,1,0,0,1,1,0,0,0,1,0,0,0,1,0,1,0,1,1,0,0.9508,0.7726,0
ID-001844,0,1,0,0,0.7361,1,0,1,0,0,0,0,1,0,1,0,0,1,0,0,0,1,1,0,0,1,0,0,1,1,2,0.1192,0.1869,0
ID-001845,0,0,1,0,0.8611,0,1,0,0,0,0,0,1,0,0,1,1,0,0,1,0,0,0,1,0,0,1,0,1,1,1,0.2129,0.287,0
ID-001846,1,0,1,1,0.5972,1,0,1,0,1,1,0,0,0,0,1,0,0,1,0,1,0,0,0,1,1,0,0,2,0,3,0.2423,0.214,0
ID-001847,1,0,0,0,0.0278,1,1,0,0,1,1,0,0,0,0,1,0,0,1,0,1,0,0,1,0,0,0,1,0,1,1,0.1483,0.0077,0
ID-001848,1,1,1,1,0.8333,0,0,0,1,2,0,0,1,0,0,1,0,0,1,0,0,1,1,0,0,0,0,1,2,0,1,0.0095,0.134,0
ID-001849,1,0,0,0,0.2917,1,0,0,1,0,0,0,1,1,0,0,1,0,0,0,0,1,1,0,0,0,0,1,1,0,1,0.0365,0.0536,0
ID-001850,0,1,0,0,0.7222,0,1,0,0,2,1,0,0,1,0,0,1,0,0,1,0,0,0,0,1,1,0,0,0,1,0,0.3476,0.3232,0
ID-001851,0,1,1,1,0.7917,1,1,0,0,1,0,1,0,0,1,0,0,1,0,0,1,0,1,0,0,0,1,0,1,1,0,0.9981,0.7911,0
ID-001852,0,1,1,0,0.375,0,0,1,0,2,0,1,0,0,0,1,0,0,1,0,1,0,1,0,0,1,0,0,0,0,1,0.1249,0.097,0
ID-001853,1,0,0,0,0.5833,0,0,0,1,1,1,0,0,0,1,0,0,1,0,1,0,0,0,0,1,0,0,1,0,0,0,0.0864,0.1319,0
ID-001854,1,1,0,1,0.0972,1,0,1,0,1,1,0,0,0,1,0,0,1,0,1,0,0,0,1,0,0,1,0,2,0,3,0.7202,0.0742,0
ID-001855,1,1,1,1,0.2778,0,0,0,1,2,0,1,0,1,0,0,0,0,1,0,1,0,0,1,0,0,1,0,0,1,3,0.7734,0.2246,0
ID-001856,0,0,1,0,0.0833,1,0,1,0,0,1,0,0,0,1,0,1,0,0,0,1,0,0,1,0,0,1,0,0,1,1,0.0068,0.0132,0
ID-001857,1,0,0,0,0.9444,1,1,0,0,1,0,1,0,1,0,0,0,1,0,0,0,1,0,0,1,0,0,1,2,0,0,0.2809,0.3693,0
ID-001858,0,0,0,0,0.8472,0,0,0,1,1,1,0,0,1,0,0,0,0,1,0,0,1,0,1,0,0,1,0,1,0,1,0.9497,0.8118,0
ID-001859,0,0,0,1,0.8194,1,0,0,1,1,0,1,0,0,0,1,0,0,1,1,0,0,0,0,1,0,0,1,1,1,2,0.6208,0.5566,0
ID-001860,1,0,0,0,0.2222,1,0,0,1,2,0,1,0,0,0,1,1,0,0,0,1,0,0,1,0,0,1,0,0,0,3,0.5263,0.1331,0
ID-001861,1,0,0,1,0.6111,0,1,0,0,1,0,0,1,0,0,1,0,0,1,1,0,0,0,0,1,0,0,1,0,0,3,0.798,0.507,0
ID-001862,0,0,0,0,0.3889,1,0,1,0,0,0,0,1,1,0,0,0,0,1,0,0,1,0,1,0,0,0,1,0,1,2,0.9907,0.3862,0
ID-001863,0,0,1,1,0.3194,0,1,0,0,0,1,0,0,0,1,0,0,0,1,1,0,0,1,0,0,0,1,0,2,0,1,0.3104,0.1329,0
ID-001864,0,0,1,0,0.4444,0,0,0,1,1,1,0,0,1,0,0,1,0,0,0,0,1,0,0,1,1,0,0,0,1,3,0.6152,0.2998,0
ID-001865,1,0,1,1,0.0972,1,0,0,1,1,0,1,0,1,0,0,0,0,1,1,0,0,0,1,0,0,0,1,2,1,2,0.5136,0.0572,0
ID-001866,1,0,1,0,0.6806,0,1,0,0,0,0,1,0,0,0,1,0,1,0,1,0,0,0,0,1,1,0,0,0,1,0,0.6569,0.4831,0
ID-001867,0,1,1,0,0.0556,1,0,0,1,2,1,0,0,1,0,0,1,0,0,1,0,0,0,0,1,0,0,1,2,1,3,0.6033,0.0369,0
ID-001868,0,0,0,0,0.9028,1,0,0,1,0,0,1,0,0,0,1,0,1,0,1,0,0,0,1,0,1,0,0,1,0,0,0.3574,0.4116,0
ID-001869,1,1,0,0,0.0139,0,1,0,0,1,0,1,0,0,0,1,0,1,0,0,0,1,1,0,0,0,0,1,0,0,1,0.2856,0.0055,0
ID-001870,0,1,0,0,0.8889,1,0,0,1,2,1,0,0,0,0,1,1,0,0,0,0,1,1,0,0,1,0,0,0,1,3,0.9436,0.8471,0
ID-001871,1,1,0,1,0.4861,1,1,0,0,2,0,0,1,1,0,0,0,1,0,0,1,0,0,1,0,0,1,0,2,0,2,0.2455,0.1755,0
ID-001872,1,1,1,0,0.6944,1,1,0,0,1,0,0,1,1,0,0,0,0,1,1,0,0,0,1,0,0,1,0,0,1,2,0.8023,0.5786,0
ID-001873,0,0,1,1,0.6806,1,1,0,0,1,1,0,0,0,0,1,1,0,0,1,0,0,1,0,0,0,1,0,1,1,1,0.0321,0.1225,0
ID-001874,0,1,1,1,0.8472,0,0,1,0,2,0,1,0,0,1,0,1,0,0,0,1,0,0,1,0,0,0,1,2,0,2,0.4024,0.4186,0
ID-001875,1,0,1,0,0.6111,1,1,0,0,0,0,0,1,0,1,0,0,1,0,0,1,0,1,0,0,0,1,0,2,0,3,0.5513,0.3791,0
ID-001876,0,1,1,1,0.0,1,0,0,1,1,1,0,0,0,1,0,0,0,1,0,1,0,0,1,0,0,1,0,0,1,2,0.1003,0.0,0
ID-001877,1,1,1,0,0.625,1,0,0,1,1,0,0,1,0,0,1,0,0,1,0,1,0,0,1,0,1,0,0,2,0,0,0.8564,0.5494,0
ID-001878,1,1,0,1,0.625,0,0,0,1,1,0,1,0,1,0,0,0,1,0,0,0,1,0,1,0,0,0,1,1,1,1,0.336,0.2736,0
ID-001879,0,0,0,1,0.2778,0,0,1,0,2,0,0,1,0,1,0,0,1,0,0,1,0,0,1,0,0,1,0,1,0,1,0.7513,0.2194,0
ID-001880,0,0,1,1,0.2361,0,0,0,1,2,1,0,0,1,0,0,1,0,0,0,0,1,0,0,1,1,0,0,1,1,3,0.042,0.0445,0
ID-001881,1,0,1,0,0.4444,1,0,0,1,2,0,0,1,0,1,0,0,1,0,1,0,0,0,0,1,1,0,0,0,0,2,0.541,0.2718,0
ID-001882,1,1,1,1,0.8611,1,0,1,0,0,0,0,1,0,1,0,0,0,1,0,0,1,0,0,1,0,1,0,2,1,1,0.6739,0.6237,0
ID-001883,0,0,1,0,0.0972,1,0,1,0,2,1,0,0,0,0,1,1,0,0,0,0,1,1,0,0,0,0,1,2,1,0,0.1821,0.0299,0
ID-001884,0,0,0,0,0.6806,1,1,0,0,2,0,1,0,0,1,0,0,1,0,0,1,0,0,1,0,1,0,0,0,1,3,0.6334,0.4695,0
ID-001885,1,1,0,0,0.4861,1,0,0,1,0,0,1,0,0,0,1,0,0,1,1,0,0,0,1,0,1,0,0,0,1,2,0.7761,0.3942,0
ID-001886,0,0,0,1,0.75,0,0,0,1,2,1,0,0,0,1,0,0,0,1,1,0,0,1,0,0,1,0,0,1,0,1,0.564,0.4733,0
ID-001887,1,1,0,1,0.9583,0,0,1,0,1,0,1,0,0,0,1,0,0,1,0,0,1,0,1,0,1,0,0,2,0,3,0.9148,0.8899,0
ID-001888,1,1,0,0,0.7778,0,0,0,1,2,0,0,1,1,0,0,0,1,0,0,1,0,0,1,0,1,0,0,1,0,1,0.9079,0.7177,0
ID-001889,0,1,0,0,0.9306,1,0,1,0,0,1,0,0,0,1,0,0,0,1,1,0,0,1,0,0,0,1,0,0,0,3,0.9806,0.916,0
ID-001890,0,0,1,0,0.2361,1,1,0,0,1,0,0,1,0,0,1,0,0,1,0,0,1,1,0,0,1,0,0,2,1,0,0.7688,0.19,0
ID-001891,0,1,0,1,0.6944,1,0,1,0,1,1,0,0,0,1,0,0,1,0,0,1,0,0,0,1,0,1,0,1,1,2,0.3696,0.3238,0
ID-001892,0,1,1,1,0.3056,0,0,0,1,0,0,0,1,1,0,0,0,0,1,1,0,0,0,1,0,1,0,0,0,1,2,0.9612,0.2958,0
ID-001893,0,0,0,1,0.0972,1,0,1,0,0,0,1,0,0,0,1,1,0,0,1,0,0,1,0,0,0,1,0,1,1,2,0.3395,0.0428,0
ID-001894,1,0,1,1,0.2639,0,1,0,0,0,0,1,0,0,0,1,0,1,0,1,0,0,0,0,1,0,0,1,0,0,0,0.2422,0.0945,0
ID-001895,1,1,1,0,0.9444,0,0,0,1,0,0,1,0,0,0,1,1,0,0,0,1,0,0,1,0,0,1,0,0,0,1,0.9264,0.8863,0
ID-001896,1,0,1,1,0.4028,0,0,1,0,1,0,1,0,1,0,0,1,0,0,1,0,0,0,0,1,0,0,1,1,1,2,0.0926,0.0932,0
ID-001897,0,1,1,0,0.6389,1,0,0,1,1,0,0,1,0,0,1,0,0,1,0,1,0,0,1,0,0,0,1,1,1,2,0.504,0.3707,0
ID-001898,0,0,0,1,0.5417,1,1,0,0,0,0,0,1,0,0,1,0,1,0,0,0,1,0,1,0,1,0,0,0,1,2,0.2954,0.2184,0
ID-001899,1,1,1,1,0.5972,0,1,0,0,1,1,0,0,1,0,0,1,0,0,1,0,0,0,0,1,0,1,0,2,1,3,0.3655,0.2764,0
ID-001900,0,0,1,1,0.5278,0,1,0,0,2,0,1,0,0,0,1,0,1,0,0,0,1,1,0,0,0,0,1,1,1,0,0.321,0.2243,0
ID-001901,0,0,1,1,0.6528,0,1,0,0,0,0,1,0,1,0,0,1,0,0,0,1,0,0,1,0,0,0,1,0,1,3,0.7772,0.53,0
ID-001902,1,1,0,0,0.1389,0,1,0,0,1,0,1,0,0,1,0,0,1,0,0,0,1,0,0,1,1,0,0,0,1,2,0.2774,0.0539,0
ID-001903,0,1,1,0,0.4028,0,0,1,0,2,0,1,0,0,1,0,0,0,1,0,1,0,0,0,1,1,0,0,0,0,2,0.2271,0.1391,0
ID-001904,0,1,1,1,0.875,0,0,0,1,1,0,1,0,0,0,1,0,1,0,0,1,0,1,0,0,0,0,1,2,1,3,0.3643,0.404,0
ID-001905,1,0,0,0,0.4444,1,0,1,0,2,0,1,0,0,1,0,0,1,0,0,1,0,0,1,0,0,0,1,1,0,0,0.2174,0.1498,0
ID-001906,1,1,1,0,0.7778,0,1,0,0,1,1,0,0,0,0,1,1,0,0,1,0,0,0,1,0,1,0,0,0,1,3,0.0137,0.1279,0
ID-001907,0,1,1,1,0.6806,0,1,0,0,0,0,1,0,0,1,0,0,0,1,0,1,0,0,1,0,0,1,0,2,1,0,0.4111,0.3413,0
ID-001908,1,1,0,0,0.375,1,1,0,0,1,0,0,1,0,1,0,0,0,1,0,1,0,0,1,0,0,1,0,1,0,3,0.8589,0.3304,0
ID-001909,0,1,0,1,1.0,0,0,0,1,1,0,1,0,0,1,0,0,1,0,0,1,0,1,0,0,0,0,1,1,1,2,0.166,0.2936,0
ID-001910,1,0,0,0,0.9167,0,0,1,0,2,1,0,0,0,1,0,0,1,0,0,1,0,1,0,0,0,0,1,0,0,0,0.8115,0.7709,0
ID-001911,1,1,0,1,0.8333,1,0,0,1,1,0,0,1,1,0,0,0,0,1,1,0,0,1,0,0,0,0,1,2,0,2,0.7572,0.6625,0
ID-001912,1,0,1,0,0.2917,1,0,0,1,1,1,0,0,0,0,1,1,0,0,0,1,0,1,0,0,1,0,0,1,0,3,0.0732,0.0627,0
ID-001913,0,1,1,1,0.8333,0,0,1,0,1,1,0,0,0,0,1,0,1,0,0,0,1,1,0,0,0,1,0,2,1,2,0.4881,0.4723,0
ID-001914,1,0,1,1,0.3056,0,1,0,0,2,1,0,0,0,1,0,0,1,0,0,1,0,0,1,0,0,1,0,0,1,2,0.4324,0.1587,0
ID-001915,0,0,1,0,0.5417,0,1,0,0,0,0,1,0,0,1,0,1,0,0,0,0,1,0,0,1,0,1,0,0,1,3,0.5258,0.3243,0
ID-001916,0,1,1,0,0.1667,1,1,0,0,1,0,1,0,0,0,1,0,0,1,0,1,0,1,0,0,1,0,0,2,0,3,0.8003,0.1386,0
ID-001917,1,1,1,1,0.4028,1,0,1,0,1,0,1,0,1,0,0,1,0,0,0,1,0,0,0,1,0,1,0,0,0,3,0.3871,0.1938,0
ID-001918,0,1,0,1,1.0,0,1,0,0,0,1,0,0,0,0,1,0,1,0,0,1,0,1,0,0,1,0,0,0,1,0,0.566,0.6328,0
ID-001919,0,1,1,1,0.5833,0,0,1,0,0,1,0,0,0,0,1,1,0,0,1,0,0,0,0,1,0,0,1,2,0,0,0.3083,0.2416,0
ID-001920,0,0,0,0,0.0556,0,0,0,1,1,0,1,0,0,0,1,0,1,0,1,0,0,1,0,0,1,0,0,1,1,1,0.9281,0.0522,0
ID-001921,0,1,0,0,0.6667,0,0,0,1,1,0,0,1,1,0,0,0,0,1,0,0,1,1,0,0,1,0,0,2,0,2,0.2008,0.2154,0
ID-001922,1,1,0,0,0.7778,0,0,0,1,2,0,0,1,0,0,1,0,1,0,1,0,0,0,1,0,1,0,0,0,0,3,0.7447,0.6101,0
ID-001923,0,1,0,1,0.2917,0,1,0,0,2,0,1,0,1,0,0,1,0,0,1,0,0,0,0,1,0,1,0,1,1,2,0.6006,0.1931,0
ID-001924,0,1,1,1,0.4028,1,0,1,0,1,0,0,1,1,0,0,1,0,0,0,0,1,0,0,1,0,1,0,2,0,0,0.5322,0.2433,0
ID-001925,0,0,0,1,0.8333,0,0,1,0,2,0,0,1,1,0,0,0,1,0,1,0,0,0,1,0,0,1,0,2,1,3,0.2214,0.2838,0
ID-001926,0,1,1,1,0.6389,0,1,0,0,1,1,0,0,0,0,1,1,0,0,1,0,0,0,0,1,1,0,0,1,1,1,0.5166,0.3775,0
ID-001927,0,0,0,0,0.375,1,1,0,0,0,0,1,0,0,1,0,0,0,1,0,0,1,1,0,0,0,1,0,0,1,0,0.851,0.3279,0
ID-001928,0,0,0,1,0.3056,0,1,0,0,0,1,0,0,0,0,1,1,0,0,1,0,0,0,0,1,0,0,1,1,1,1,0.6284,0.2095,0
ID-001929,1,1,0,1,0.4167,0,1,0,0,0,1,0,0,1,0,0,0,0,1,1,0,0,0,0,1,0,0,1,0,0,0,0.8632,0.3687,0
ID-001930,1,1,1,1,0.6111,0,0,1,0,0,1,0,0,0,0,1,1,0,0,1,0,0,1,0,0,1,0,0,0,0,0,0.6688,0.44,0
ID-001931,1,0,1,0,0.9583,1,0,1,0,0,0,1,0,0,1,0,0,1,0,1,0,0,1,0,0,1,0,0,1,0,0,0.6803,0.6993,0
ID-001932,0,1,1,0,0.3611,1,1,0,0,0,0,1,0,0,1,0,0,0,1,1,0,0,0,0,1,1,0,0,0,1,3,0.9094,0.3337,0
ID-001933,0,0,0,0,0.4722,0,0,0,1,2,0,1,0,0,1,0,1,0,0,0,0,1,1,0,0,1,0,0,0,0,2,0.0407,0.0885,0
ID-001934,0,1,1,0,0.5,1,0,0,1,2,0,0,1,0,1,0,0,1,0,0,1,0,1,0,0,0,0,1,2,1,3,0.6902,0.3691,0
ID-001935,0,1,0,0,0.4444,0,1,0,0,2,0,0,1,0,0,1,0,0,1,0,0,1,1,0,0,0,0,1,2,1,0,0.2457,0.1605,0
ID-001936,1,1,0,0,0.3472,1,0,0,1,1,0,1,0,1,0,0,0,0,1,0,0,1,0,1,0,0,1,0,2,0,1,0.996,0.3463,0
ID-001937,1,1,0,1,0.3611,1,0,1,0,0,0,1,0,0,1,0,1,0,0,1,0,0,1,0,0,1,0,0,0,1,0,0.8336,0.3104,0
ID-001938,0,1,1,1,0.7778,0,0,1,0,2,0,1,0,0,1,0,0,1,0,0,0,1,0,0,1,1,0,0,0,1,2,0.5973,0.5128,0
ID-001939,1,0,1,0,0.0,1,0,1,0,1,0,0,1,0,1,0,0,0,1,0,1,0,0,0,1,0,1,0,0,0,2,0.0219,0.0,0
ID-001940,0,1,0,0,0.9306,1,0,0,1,0,0,0,1,0,1,0,1,0,0,0,0,1,1,0,0,0,0,1,2,0,1,0.2879,0.3694,0
ID-001941,1,0,0,1,0.9306,1,0,0,1,2,1,0,0,1,0,0,0,1,0,0,0,1,1,0,0,0,1,0,2,0,1,0.83,0.7972,0
ID-001942,0,0,0,0,0.6389,1,0,1,0,2,0,0,1,0,1,0,0,0,1,1,0,0,0,0,1,0,0,1,2,0,2,0.3651,0.2954,0
ID-001943,1,1,1,0,0.4583,0,0,0,1,0,0,1,0,0,0,1,1,0,0,0,0,1,0,1,0,0,0,1,2,1,2,0.7418,0.3584,0
ID-001944,1,1,1,0,0.5,0,0,0,1,1,1,0,0,1,0,0,0,0,1,0,0,1,0,1,0,1,0,0,1,1,0,0.4072,0.2491,0
ID-001945,1,1,0,0,0.8889,0,1,0,0,1,0,0,1,1,0,0,1,0,0,1,0,0,1,0,0,0,0,1,0,0,2,0.7567,0.7063,0
ID-001946,1,1,1,0,0.2083,0,0,0,1,2,0,1,0,1,0,0,0,1,0,0,0,1,1,0,0,1,0,0,1,0,2,0.1261,0.0541,0
ID-001947,0,0,0,0,1.0,1,0,1,0,0,0,0,1,1,0,0,1,0,0,0,0,1,1,0,0,0,1,0,0,0,2,0.6881,0.7363,0
ID-001948,1,1,0,0,0.3889,0,0,0,1,0,0,1,0,1,0,0,1,0,0,0,1,0,0,1,0,0,1,0,1,1,3,0.3435,0.1727,0
ID-001949,0,1,1,1,0.6944,0,0,1,0,1,0,0,1,0,1,0,0,1,0,1,0,0,1,0,0,1,0,0,1,1,2,0.3604,0.3184,0
ID-001950,0,1,1,1,0.625,0,0,0,1,0,0,1,0,0,1,0,1,0,0,0,0,1,1,0,0,0,0,1,1,0,0,0.3556,0.284,0
ID-001951,1,1,1,1,0.9861,0,0,0,1,2,1,0,0,0,1,0,0,1,0,1,0,0,0,1,0,1,0,0,1,0,2,0.8205,0.8369,0
ID-001952,0,0,1,0,0.2778,0,0,1,0,0,0,0,1,0,1,0,0,1,0,0,0,1,0,0,1,1,0,0,0,0,0,0.0934,0.0644,0
ID-001953,1,0,1,1,0.1528,0,0,1,0,2,0,1,0,0,1,0,1,0,0,1,0,0,0,1,0,0,1,0,2,1,1,0.0333,0.0277,0
ID-001954,0,0,1,1,0.375,1,0,0,1,0,0,0,1,1,0,0,0,0,1,0,1,0,0,0,1,0,1,0,2,1,2,0.9406,0.3564,0
ID-001955,1,1,0,0,0.5,0,0,1,0,0,1,0,0,0,1,0,0,0,1,0,1,0,0,0,1,0,1,0,1,1,1,0.9528,0.4804,0
ID-001956,0,1,0,0,0.5139,1,0,0,1,1,1,0,0,1,0,0,0,1,0,1,0,0,1,0,0,0,0,1,2,1,1,0.1863,0.1597,0
ID-001957,1,1,0,1,0.875,0,1,0,0,1,1,0,0,0,0,1,0,0,1,0,1,0,1,0,0,1,0,0,2,0,0,0.5994,0.5785,0
ID-001958,1,1,1,1,0.5417,0,1,0,0,1,1,0,0,1,0,0,0,0,1,0,1,0,0,1,0,0,0,1,1,1,1,0.9325,0.5111,0
ID-001959,1,1,0,0,0.6667,0,1,0,0,0,0,0,1,0,1,0,0,1,0,0,0,1,0,0,1,0,1,0,0,1,1,0.7923,0.5498,0
ID-001960,1,0,1,1,0.2361,0,0,1,0,2,1,0,0,0,0,1,0,0,1,1,0,0,0,1,0,1,0,0,2,1,1,0.2663,0.0894,0
ID-001961,0,1,1,1,0.9028,0,1,0,0,1,0,0,1,1,0,0,0,0,1,1,0,0,0,0,1,1,0,0,2,0,2,0.4137,0.4547,0
ID-001962,1,0,0,0,0.8056,1,0,0,1,2,1,0,0,0,0,1,0,0,1,1,0,0,0,0,1,1,0,0,1,0,2,0.5025,0.4663,0
ID-001963,1,1,1,0,0.375,0,0,1,0,1,1,0,0,1,0,0,0,1,0,1,0,0,1,0,0,0,1,0,0,1,2,0.9683,0.3652,0
ID-001964,0,1,0,0,0.2639,1,1,0,0,2,0,1,0,0,1,0,1,0,0,0,1,0,0,0,1,0,0,1,0,0,0,0.0877,0.06,0
ID-001965,1,0,0,0,0.5972,1,0,0,1,2,0,0,1,1,0,0,0,1,0,0,1,0,0,1,0,0,0,1,2,0,3,0.4088,0.2983,0
ID-001966,0,0,0,1,0.7222,1,0,1,0,0,0,1,0,0,1,0,1,0,0,0,1,0,0,0,1,0,0,1,2,1,3,0.7103,0.5454,0
ID-001967,1,1,0,0,0.0694,0,0,0,1,1,1,0,0,0,0,1,0,0,1,0,1,0,1,0,0,0,1,0,1,1,1,0.0381,0.0129,0
ID-001968,1,1,1,0,0.6111,1,0,1,0,1,0,1,0,0,0,1,1,0,0,1,0,0,0,0,1,0,0,1,2,0,0,0.6165,0.4129,0
ID-001969,1,0,1,0,0.3889,0,1,0,0,1,0,1,0,1,0,0,0,1,0,1,0,0,1,0,0,0,1,0,0,1,2,0.04,0.0726,0
ID-001970,0,0,1,1,0.4306,0,1,0,0,1,1,0,0,1,0,0,0,1,0,0,1,0,0,1,0,0,1,0,1,1,3,0.0826,0.096,0
ID-001971,1,1,0,0,0.625,0,1,0,0,2,1,0,0,1,0,0,0,1,0,0,1,0,0,0,1,0,1,0,1,0,0,0.3398,0.2756,0
ID-001972,1,0,0,0,0.25,0,0,1,0,1,0,0,1,0,1,0,1,0,0,1,0,0,0,1,0,0,1,0,0,1,0,0.4547,0.1346,0
ID-001973,1,0,1,0,0.6806,1,0,0,1,2,0,0,1,0,1,0,0,1,0,0,0,1,1,0,0,1,0,0,2,0,2,0.4536,0.3658,0
ID-001974,0,0,0,0,0.1389,1,0,1,0,2,0,0,1,0,0,1,0,1,0,0,1,0,0,1,0,1,0,0,0,0,2,0.8711,0.1238,0
ID-001975,0,0,1,1,0.7222,1,1,0,0,2,0,0,1,0,1,0,1,0,0,0,0,1,1,0,0,0,0,1,2,1,2,0.75,0.5697,0
ID-001976,0,1,0,1,0.1667,1,1,0,0,2,0,1,0,0,1,0,1,0,0,1,0,0,0,0,1,1,0,0,2,0,1,0.0498,0.0325,0
ID-001977,0,0,0,0,0.8194,1,1,0,0,1,0,1,0,0,0,1,0,0,1,0,1,0,0,1,0,1,0,0,0,0,3,0.7007,0.6122,0
ID-001978,1,0,1,0,0.0972,1,1,0,0,0,0,0,1,1,0,0,1,0,0,0,0,1,0,1,0,1,0,0,1,0,2,0.1112,0.024,0
ID-001979,1,0,1,1,0.0556,1,0,0,1,1,0,0,1,1,0,0,0,0,1,0,1,0,1,0,0,0,0,1,2,1,1,0.3546,0.0252,0
ID-001980,0,1,0,1,0.125,0,0,0,1,1,0,1,0,1,0,0,1,0,0,0,0,1,0,0,1,0,0,1,1,0,1,0.4881,0.0708,0
ID-001981,0,1,1,0,0.5833,0,1,0,0,2,0,0,1,1,0,0,1,0,0,0,1,0,0,1,0,1,0,0,2,0,3,0.571,0.3716,0
ID-001982,0,0,1,0,0.25,1,0,1,0,0,0,0,1,1,0,0,0,0,1,0,1,0,0,1,0,0,0,1,1,1,0,0.6527,0.1766,0
ID-001983,1,1,1,1,0.0417,0,0,0,1,2,0,0,1,0,1,0,0,0,1,1,0,0,0,1,0,0,1,0,0,1,3,0.9901,0.0414,0
ID-001984,0,1,0,0,0.7083,0,0,1,0,2,1,0,0,0,0,1,0,0,1,1,0,0,0,1,0,0,0,1,1,1,0,0.6669,0.5088,0
ID-001985,0,1,0,1,0.1806,0,1,0,0,2,0,0,1,1,0,0,0,0,1,1,0,0,1,0,0,0,0,1,2,1,1,0.5633,0.1138,0
ID-001986,1,0,0,0,0.2639,1,0,0,1,0,0,0,1,0,0,1,1,0,0,1,0,0,0,0,1,0,0,1,2,1,2,0.0368,0.0486,0
ID-001987,0,1,0,0,0.0694,0,0,1,0,1,0,0,1,0,1,0,0,0,1,0,1,0,0,0,1,0,1,0,1,0,2,0.0486,0.0135,0
ID-001988,0,1,1,0,0.9028,0,0,0,1,0,1,0,0,0,1,0,0,0,1,0,1,0,1,0,0,1,0,0,2,0,0,0.4493,0.4819,0
ID-001989,1,0,1,0,0.3056,0,1,0,0,0,0,0,1,0,1,0,0,1,0,1,0,0,1,0,0,0,1,0,2,1,3,0.3507,0.1376,0
ID-001990,1,0,1,1,0.3333,0,0,0,1,2,0,1,0,1,0,0,0,0,1,1,0,0,0,0,1,0,1,0,2,0,2,0.2108,0.1105,0
ID-001991,1,1,1,1,0.4028,1,0,0,1,0,1,0,0,0,0,1,1,0,0,1,0,0,1,0,0,0,0,1,0,1,1,0.2354,0.1419,0
ID-001992,1,1,0,1,0.9861,0,0,1,0,0,0,1,0,0,1,0,0,1,0,0,0,1,0,1,0,0,1,0,1,0,3,0.1575,0.2824,0
ID-001993,1,1,0,0,0.5833,1,1,0,0,1,1,0,0,0,0,1,0,0,1,1,0,0,0,0,1,1,0,0,2,1,3,0.9059,0.5373,0
ID-001994,0,0,0,0,0.5278,1,1,0,0,2,0,0,1,0,0,1,0,1,0,0,1,0,0,0,1,1,0,0,1,0,0,0.2038,0.1718,0
ID-001995,1,1,1,1,0.25,0,0,0,1,0,1,0,0,1,0,0,0,0,1,1,0,0,1,0,0,0,1,0,2,0,1,0.9001,0.229,0
ID-001996,0,1,1,0,0.3472,0,0,1,0,1,0,0,1,1,0,0,0,1,0,0,0,1,0,0,1,1,0,0,1,1,0,0.5767,0.2229,0
ID-001997,0,1,0,1,0.1111,0,1,0,0,0,0,1,0,0,1,0,0,1,0,0,1,0,0,0,1,0,1,0,2,0,0,0.0155,0.0184,0
ID-001998,1,1,0,0,0.375,1,0,0,1,1,0,0,1,0,0,1,0,1,0,0,1,0,0,1,0,1,0,0,2,0,0,0.9596,0.3625,0
ID-001999,1,0,0,0,0.3333,1,1,0,0,2,1,0,0,1,0,0,1,0,0,1,0,0,1,0,0,0,1,0,0,1,0,0.2996,0.1356,0
ID-002000,0,0,1,1,0.4028,0,0,1,0,1,0,1,0,1,0,0,0,1,0,0,0,1,1,0,0,0,1,0,1,0,3,0.3417,0.1783,0
ID-002001,0,1,0,1,0.0972,1,1,0,0,2,0,1,0,0,0,1,0,0,1,0,1,0,0,1,0,1,0,0,2,0,0,0.9185,0.0906,0
ID-002002,0,0,1,1,0.6944,1,0,1,0,1,0,0,1,0,1,0,1,0,0,1,0,0,1,0,0,0,1,0,1,1,2,0.1899,0.2179,0
ID-002003,0,1,1,1,0.7639,1,0,0,1,2,1,0,0,1,0,0,1,0,0,0,0,1,0,1,0,0,1,0,2,0,0,0.2531,0.2807,0
ID-002004,0,0,0,1,0.5833,0,0,0,1,1,0,0,1,0,1,0,0,0,1,0,1,0,0,0,1,1,0,0,0,0,1,0.905,0.5368,0
ID-002005,1,0,0,1,0.2917,0,0,0,1,2,1,0,0,0,1,0,1,0,0,0,1,0,0,1,0,0,1,0,2,0,3,0.0855,0.0657,0
ID-002006,1,1,0,1,0.3333,1,0,1,0,2,0,0,1,0,1,0,0,1,0,1,0,0,1,0,0,0,1,0,0,1,2,0.5806,0.215,0
ID-002007,0,1,0,0,0.5417,1,0,0,1,0,0,1,0,1,0,0,0,1,0,0,0,1,0,1,0,0,1,0,2,0,3,0.4358,0.283,0
ID-002008,0,1,0,1,0.5694,0,0,1,0,2,0,0,1,0,1,0,0,0,1,0,0,1,0,1,0,0,1,0,0,1,0,0.9496,0.5456,0
ID-002009,1,1,0,1,0.9167,1,1,0,0,2,0,0,1,1,0,0,0,0,1,0,1,0,0,0,1,0,1,0,0,0,3,0.3146,0.3846,0
ID-002010,1,0,1,1,0.3056,1,1,0,0,2,1,0,0,0,1,0,0,1,0,0,0,1,1,0,0,1,0,0,0,0,3,0.9429,0.291,0
ID-002011,1,1,0,0,0.6806,0,1,0,0,2,0,0,1,0,0,1,1,0,0,1,0,0,0,1,0,0,1,0,0,0,2,0.0295,0.121,0
ID-002012,1,0,1,1,0.3056,1,1,0,0,2,0,1,0,0,0,1,0,0,1,0,0,1,0,0,1,1,0,0,0,0,3,0.7936,0.2523,0
ID-002013,0,1,1,0,0.2361,1,0,0,1,2,1,0,0,1,0,0,0,0,1,0,0,1,0,0,1,0,1,0,2,0,1,0.3447,0.1051,0
ID-002014,1,0,0,1,0.3889,1,1,0,0,0,0,0,1,1,0,0,0,0,1,0,1,0,1,0,0,0,0,1,0,0,1,0.5557,0.2427,0
ID-002015,1,0,0,1,0.4028,1,0,1,0,0,1,0,0,0,0,1,0,0,1,0,0,1,0,1,0,0,0,1,0,1,2,0.3523,0.1819,0
ID-002016,1,1,1,0,0.4306,1,1,0,0,1,1,0,0,0,1,0,0,0,1,0,0,1,0,0,1,1,0,0,2,0,3,0.3125,0.1799,0
ID-002017,0,1,1,1,0.3472,1,0,0,1,2,1,0,0,0,0,1,1,0,0,0,1,0,0,0,1,1,0,0,2,0,2,0.7823,0.2834,0
ID-002018,0,1,0,1,0.4861,1,0,1,0,0,0,1,0,0,0,1,1,0,0,0,0,1,0,1,0,1,0,0,1,1,3,0.7484,0.3828,0
ID-002019,1,0,0,0,0.3611,0,1,0,0,2,0,0,1,0,1,0,1,0,0,0,1,0,1,0,0,1,0,0,2,1,2,0.6595,0.2571,0
ID-002020,0,0,1,1,0.0417,0,0,1,0,1,0,0,1,1,0,0,0,0,1,1,0,0,0,1,0,0,0,1,0,1,1,0.2518,0.0153,0
ID-002021,0,0,1,0,0.9583,0,0,0,1,1,0,0,1,0,0,1,0,0,1,1,0,0,0,1,0,0,1,0,0,1,3,0.1119,0.2374,0
ID-002022,0,0,1,1,0.5556,0,0,0,1,2,0,1,0,0,1,0,0,1,0,0,0,1,0,0,1,1,0,0,0,1,0,0.9482,0.5316,0
ID-002023,0,0,1,1,0.7639,1,0,0,1,2,0,1,0,0,0,1,1,0,0,1,0,0,0,0,1,1,0,0,2,1,0,0.7321,0.591,0
ID-002024,0,0,0,1,0.0694,1,1,0,0,2,0,1,0,0,0,1,1,0,0,1,0,0,0,1,0,1,0,0,2,0,3,0.1289,0.0182,0
ID-002025,0,0,1,1,0.3333,1,1,0,0,2,0,0,1,1,0,0,0,0,1,1,0,0,1,0,0,0,1,0,2,1,2,0.1837,0.1028,0
ID-002026,0,0,1,1,0.5417,0,1,0,0,2,0,1,0,0,1,0,0,0,1,1,0,0,0,1,0,0,1,0,0,1,2,0.1296,0.1423,0
ID-002027,0,0,1,0,0.6389,1,0,0,1,0,0,1,0,0,0,1,0,1,0,0,0,1,1,0,0,1,0,0,2,0,1,0.334,0.2786,0
ID-002028,1,1,0,0,0.1389,0,1,0,0,0,1,0,0,1,0,0,0,1,0,0,1,0,0,0,1,1,0,0,1,1,1,0.4891,0.0788,0
ID-002029,1,1,1,1,0.375,0,0,0,1,1,0,1,0,0,1,0,1,0,0,1,0,0,0,1,0,0,0,1,1,0,2,0.6066,0.2502,0
ID-002030,1,1,1,0,0.8889,1,0,0,1,0,0,0,1,0,1,0,1,0,0,0,0,1,0,0,1,1,0,0,1,1,1,0.4099,0.4448,0
ID-002031,0,1,1,1,0.1806,0,0,1,0,0,1,0,0,0,0,1,0,1,0,0,1,0,1,0,0,1,0,0,1,1,1,0.3478,0.0808,0
ID-002032,0,1,1,0,0.3194,1,0,0,1,1,1,0,0,1,0,0,0,1,0,0,1,0,0,1,0,0,0,1,1,1,2,0.4481,0.1702,0
ID-002033,1,0,0,0,0.3472,0,0,0,1,1,0,1,0,0,0,1,1,0,0,1,0,0,1,0,0,0,1,0,1,0,3,0.4586,0.1881,0
ID-002034,1,0,1,1,0.8194,1,1,0,0,2,0,0,1,0,0,1,0,1,0,1,0,0,0,1,0,0,0,1,1,0,0,0.6986,0.6107,0
ID-002035,1,1,0,0,0.2083,1,1,0,0,2,0,1,0,0,0,1,1,0,0,0,0,1,1,0,0,1,0,0,1,1,3,0.7824,0.1701,0
ID-002036,0,0,0,0,0.4444,0,0,1,0,0,1,0,0,0,0,1,0,0,1,1,0,0,1,0,0,0,1,0,0,1,0,0.9512,0.4264,0
ID-002037,1,0,1,0,0.8889,0,0,1,0,0,1,0,0,0,0,1,1,0,0,0,1,0,0,1,0,1,0,0,0,1,2,0.4632,0.485,0
ID-002038,0,1,1,1,0.6667,1,1,0,0,2,0,0,1,0,1,0,1,0,0,1,0,0,0,0,1,0,0,1,2,1,2,0.6595,0.4747,0
ID-002039,0,0,0,1,0.7083,1,0,0,1,2,0,1,0,0,1,0,0,0,1,1,0,0,1,0,0,0,1,0,0,1,0,0.8417,0.6138,0
ID-002040,0,0,1,1,0.4583,0,1,0,0,0,0,1,0,1,0,0,0,1,0,0,1,0,0,1,0,1,0,0,0,0,2,0.9225,0.4286,0
ID-002041,0,1,0,1,0.3472,0,0,1,0,1,0,1,0,1,0,0,0,1,0,0,0,1,0,0,1,0,1,0,0,1,0,0.7289,0.2677,0
ID-002042,1,0,1,1,0.5972,0,0,1,0,1,0,1,0,0,1,0,0,0,1,1,0,0,0,0,1,0,0,1,0,1,0,0.2578,0.2218,0
ID-002043,0,1,1,0,0.6389,0,0,0,1,2,0,0,1,1,0,0,0,1,0,0,0,1,1,0,0,0,0,1,0,0,3,0.8713,0.5697,0
ID-002044,0,1,0,1,0.2083,0,0,0,1,2,0,0,1,1,0,0,1,0,0,1,0,0,0,1,0,1,0,0,1,1,3,0.1236,0.0537,0
ID-002045,0,0,1,0,0.9306,0,0,1,0,2,0,1,0,0,1,0,0,1,0,1,0,0,0,0,1,1,0,0,2,1,2,0.1272,0.2426,0
ID-002046,0,0,1,0,0.9028,1,1,0,0,1,0,1,0,1,0,0,0,0,1,0,0,1,0,0,1,0,1,0,2,0,1,0.0559,0.1807,0
ID-002047,0,0,0,1,0.6389,0,0,0,1,0,1,0,0,1,0,0,1,0,0,1,0,0,1,0,0,1,0,0,1,0,2,0.2592,0.238,0
ID-002048,1,0,0,1,0.4306,0,0,0,1,0,0,0,1,0,1,0,1,0,0,1,0,0,0,0,1,1,0,0,0,0,2,0.0338,0.0781,0
ID-002049,1,1,0,0,0.6389,1,0,0,1,2,0,1,0,0,1,0,0,1,0,1,0,0,0,1,0,1,0,0,0,0,2,0.8024,0.5324,0
ID-002050,1,0,0,1,0.625,1,0,1,0,0,0,0,1,1,0,0,1,0,0,0,1,0,1,0,0,0,0,1,0,0,1,0.7312,0.4831,0
ID-002051,1,1,0,1,0.6389,1,0,0,1,1,0,1,0,0,1,0,0,1,0,1,0,0,0,1,0,0,0,1,0,0,1,0.6685,0.4598,0
ID-002052,0,0,0,0,0.9028,1,0,0,1,2,1,0,0,0,1,0,1,0,0,0,0,1,1,0,0,0,0,1,1,0,2,0.9346,0.8535,0
ID-002053,0,1,0,1,0.5417,1,1,0,0,0,0,1,0,0,0,1,0,1,0,1,0,0,0,0,1,1,0,0,2,1,3,0.6046,0.3605,0
ID-002054,1,1,1,1,0.1806,1,0,0,1,2,1,0,0,0,0,1,0,1,0,1,0,0,1,0,0,0,1,0,1,0,2,0.5292,0.1086,0
ID-002055,1,1,0,0,0.0417,0,0,1,0,2,0,1,0,0,0,1,1,0,0,0,1,0,0,0,1,0,1,0,0,1,2,0.7665,0.0335,0
ID-002056,1,0,1,0,0.0,0,0,0,1,0,1,0,0,0,0,1,1,0,0,0,1,0,0,0,1,0,0,1,0,0,3,0.9379,0.0,0
ID-002057,1,0,0,0,0.8611,1,0,1,0,0,1,0,0,0,1,0,0,0,1,0,1,0,0,0,1,1,0,0,2,1,3,0.4815,0.4832,0
ID-002058,1,0,1,1,0.3194,0,0,1,0,1,1,0,0,0,1,0,0,1,0,1,0,0,0,1,0,0,0,1,2,0,3,0.0797,0.0704,0
ID-002059,0,0,0,1,1.0,0,1,0,0,1,0,1,0,0,1,0,0,1,0,1,0,0,0,1,0,0,1,0,2,1,0,0.6666,0.7181,0
ID-002060,0,0,0,1,0.9861,1,1,0,0,1,0,1,0,0,1,0,0,1,0,0,0,1,1,0,0,0,1,0,1,1,2,0.4532,0.5297,0
ID-002061,1,1,0,1,0.9167,1,1,0,0,0,0,0,1,0,1,0,0,1,0,0,0,1,0,1,0,1,0,0,0,1,0,0.3399,0.4043,0
ID-002062,1,0,0,0,0.9861,1,0,1,0,0,0,0,1,0,0,1,1,0,0,0,0,1,1,0,0,0,1,0,0,1,1,0.6553,0.6987,0
ID-002063,0,1,1,0,0.125,0,1,0,0,0,0,1,0,0,1,0,0,1,0,0,1,0,0,1,0,0,0,1,2,1,3,0.813,0.1053,0
ID-002064,1,1,0,1,0.0,1,0,0,1,1,0,1,0,0,1,0,0,1,0,0,1,0,1,0,0,0,0,1,2,0,3,0.8862,0.0,0
ID-002065,0,1,0,1,0.6111,0,0,0,1,2,1,0,0,1,0,0,0,1,0,1,0,0,0,0,1,1,0,0,0,1,3,0.5158,0.3607,0
ID-002066,1,1,1,0,0.7222,0,0,1,0,0,0,1,0,1,0,0,0,0,1,0,1,0,0,1,0,1,0,0,0,0,2,0.6221,0.4914,0
ID-002067,0,0,1,0,0.0694,0,1,0,0,0,0,1,0,1,0,0,0,0,1,0,1,0,0,0,1,1,0,0,0,0,3,0.6821,0.0508,0
ID-002068,0,1,0,0,0.7917,0,0,0,1,2,0,1,0,0,1,0,1,0,0,0,0,1,1,0,0,1,0,0,2,1,3,0.2564,0.2931,0
ID-002069,1,1,0,1,0.5139,0,1,0,0,2,0,1,0,0,1,0,1,0,0,0,0,1,0,1,0,0,1,0,1,0,2,0.9498,0.4924,0
ID-002070,0,0,0,1,0.9167,0,1,0,0,2,1,0,0,0,1,0,1,0,0,0,0,1,0,0,1,0,1,0,1,0,0,0.9985,0.9163,0
ID-002071,1,1,1,1,0.9028,1,0,0,1,0,0,1,0,1,0,0,0,1,0,1,0,0,1,0,0,0,1,0,0,0,3,0.8382,0.7796,0
ID-002072,1,0,1,1,0.8472,0,1,0,0,0,0,0,1,0,0,1,1,0,0,0,0,1,0,1,0,1,0,0,0,1,2,0.9904,0.841,0
ID-002073,1,0,1,0,0.3194,0,0,0,1,2,1,0,0,0,0,1,0,0,1,0,1,0,0,0,1,0,1,0,0,1,2,0.3404,0.141,0
ID-002074,0,1,1,1,0.125,0,1,0,0,0,0,0,1,1,0,0,0,0,1,0,0,1,0,0,1,1,0,0,2,0,0,0.8213,0.1062,0
ID-002075,1,1,0,0,0.875,1,1,0,0,2,0,1,0,1,0,0,0,1,0,0,1,0,1,0,0,0,0,1,2,1,3,0.8014,0.7284,0
ID-002076,0,1,1,0,0.5417,1,0,0,1,0,1,0,0,1,0,0,0,1,0,0,1,0,1,0,0,1,0,0,2,0,2,0.8919,0.4925,0
ID-002077,0,1,0,1,0.0,1,1,0,0,0,0,0,1,1,0,0,1,0,0,0,1,0,1,0,0,0,1,0,1,0,1,0.7392,0.0,0
ID-002078,0,0,0,1,0.1111,0,0,0,1,0,0,1,0,0,1,0,0,0,1,0,1,0,0,1,0,0,1,0,2,1,1,0.2507,0.0406,0
ID-002079,1,1,1,1,0.2083,1,0,0,1,0,0,1,0,1,0,0,0,0,1,1,0,0,0,0,1,1,0,0,1,0,3,0.314,0.0873,0
ID-002080,0,0,0,0,0.8472,0,0,1,0,1,1,0,0,1,0,0,0,0,1,0,0,1,0,1,0,0,0,1,0,1,3,0.071,0.1805,0
ID-002081,0,1,0,0,0.5417,0,0,0,1,1,1,0,0,1,0,0,1,0,0,1,0,0,1,0,0,0,1,0,2,0,1,0.3706,0.253,0
ID-002082,0,0,0,0,0.0139,0,1,0,0,2,0,1,0,1,0,0,1,0,0,0,1,0,1,0,0,0,0,1,2,0,1,0.5002,0.008,0
ID-002083,0,1,0,0,0.9861,1,0,1,0,2,1,0,0,0,1,0,0,0,1,0,0,1,0,0,1,1,0,0,2,1,3,0.5014,0.5699,0
ID-002084,1,1,0,1,0.2917,1,1,0,0,1,0,1,0,1,0,0,1,0,0,1,0,0,0,1,0,0,0,1,0,1,1,0.595,0.1917,0
ID-002085,1,0,1,1,0.1528,1,0,1,0,2,0,1,0,0,0,1,1,0,0,0,0,1,0,1,0,1,0,0,1,0,2,0.2569,0.0566,0
ID-002086,1,1,0,1,0.5972,0,0,1,0,1,0,1,0,1,0,0,0,1,0,1,0,0,0,0,1,1,0,0,1,0,3,0.5232,0.3562,0
ID-002087,0,0,0,1,0.9167,1,1,0,0,1,1,0,0,1,0,0,0,0,1,1,0,0,0,1,0,0,0,1,0,0,3,0.2111,0.3041,0
ID-002088,1,1,0,1,0.4444,1,0,0,1,0,0,0,1,0,0,1,0,1,0,0,0,1,1,0,0,0,1,0,1,0,2,0.0682,0.0936,0
ID-002089,1,1,0,1,0.8333,0,0,0,1,1,0,1,0,1,0,0,0,0,1,1,0,0,0,1,0,1,0,0,1,1,0,0.4209,0.4248,0
ID-002090,0,0,1,0,0.0,1,0,1,0,2,0,0,1,0,0,1,1,0,0,0,1,0,0,1,0,0,1,0,0,0,0,0.131,0.0,0
ID-002091,0,0,0,0,0.0694,0,0,0,1,2,0,1,0,0,1,0,0,1,0,1,0,0,1,0,0,1,0,0,1,1,1,0.634,0.0479,0
ID-002092,1,1,1,1,0.375,0,0,1,0,1,0,1,0,0,0,1,0,0,1,0,1,0,1,0,0,0,1,0,0,1,3,0.9856,0.3707,0
ID-002093,0,0,0,1,0.5556,1,0,1,0,1,0,0,1,1,0,0,0,1,0,1,0,0,0,1,0,1,0,0,1,0,0,0.3134,0.2325,0
ID-002094,1,0,0,1,0.375,1,1,0,0,1,0,1,0,1,0,0,0,1,0,0,1,0,0,1,0,0,0,1,0,0,3,0.7376,0.2919,0
ID-002095,0,0,1,0,0.1667,0,0,0,1,0,0,1,0,1,0,0,1,0,0,1,0,0,1,0,0,1,0,0,1,0,0,0.6694,0.1201,0
ID-002096,1,1,0,0,0.7778,1,1,0,0,1,0,1,0,0,1,0,1,0,0,1,0,0,1,0,0,0,1,0,1,1,1,0.1272,0.2028,0
ID-002097,1,0,1,0,0.2222,1,0,0,1,2,0,1,0,1,0,0,0,1,0,0,0,1,0,1,0,0,0,1,0,0,1,0.6073,0.1484,0
ID-002098,0,0,0,0,0.8333,0,0,1,0,2,0,0,1,0,0,1,0,1,0,0,1,0,0,0,1,0,0,1,0,1,3,0.6188,0.5646,0
ID-002099,0,1,1,0,0.1944,0,1,0,0,0,0,1,0,1,0,0,0,1,0,0,1,0,0,0,1,0,1,0,1,1,1,0.6888,0.1433,0
ID-002100,0,0,1,1,0.0556,0,1,0,0,2,1,0,0,1,0,0,0,1,0,1,0,0,1,0,0,1,0,0,1,1,1,0.8334,0.0478,0
ID-002101,1,1,1,1,1.0,1,0,0,1,2,1,0,0,0,0,1,0,1,0,0,1,0,1,0,0,1,0,0,2,1,2,0.8085,0.8385,0
ID-002102,0,1,0,1,0.2778,1,0,0,1,2,0,1,0,0,0,1,1,0,0,0,1,0,0,1,0,0,1,0,0,1,0,0.4618,0.1512,0
ID-002103,0,1,0,0,0.75,0,1,0,0,1,1,0,0,0,0,1,1,0,0,0,1,0,1,0,0,0,1,0,2,0,3,0.2117,0.2492,0
ID-002104,0,0,1,1,0.0417,0,1,0,0,1,0,0,1,0,0,1,1,0,0,0,0,1,1,0,0,0,1,0,1,0,3,0.2413,0.0149,0
ID-002105,0,0,0,1,0.3472,0,0,1,0,0,1,0,0,1,0,0,0,0,1,0,0,1,1,0,0,1,0,0,2,0,3,0.3329,0.1511,0
ID-002106,1,0,0,0,0.5694,1,0,1,0,0,1,0,0,0,0,1,1,0,0,0,0,1,1,0,0,0,0,1,0,1,0,0.7892,0.4681,0
ID-002107,1,1,1,0,1.0,0,1,0,0,1,0,0,1,0,0,1,1,0,0,0,0,1,0,1,0,1,0,0,2,1,1,0.1597,0.2883,0
ID-002108,1,1,1,0,0.8611,0,0,1,0,2,0,1,0,0,0,1,1,0,0,0,1,0,0,0,1,0,1,0,0,0,1,0.3965,0.4211,0
ID-002109,1,0,0,1,0.3056,0,0,0,1,2,0,0,1,0,1,0,0,1,0,0,0,1,0,0,1,1,0,0,0,1,2,0.5904,0.1997,0
ID-002110,0,0,0,0,1.0,0,0,1,0,0,0,1,0,0,0,1,1,0,0,0,0,1,0,1,0,0,0,1,2,0,3,0.3941,0.487,0
ID-002111,1,1,1,0,0.7083,0,1,0,0,1,1,0,0,1,0,0,0,0,1,1,0,0,0,0,1,0,0,1,0,0,0,0.4579,0.3833,0
ID-002112,0,0,0,1,1.0,0,1,0,0,0,0,1,0,1,0,0,0,0,1,1,0,0,0,1,0,0,0,1,1,1,3,0.6339,0.6904,0
ID-002113,1,0,0,0,0.6667,1,1,0,0,2,0,0,1,1,0,0,0,0,1,1,0,0,0,0,1,0,0,1,2,1,3,0.5657,0.4217,0
ID-002114,1,0,1,0,0.0972,0,1,0,0,1,1,0,0,0,1,0,0,1,0,1,0,0,0,1,0,1,0,0,2,0,0,0.7278,0.0749,0
ID-002115,0,0,0,0,0.9583,1,1,0,0,1,0,0,1,1,0,0,0,1,0,0,1,0,0,0,1,0,0,1,2,0,0,0.0481,0.1855,0
ID-002116,0,1,1,1,0.9167,0,1,0,0,2,0,0,1,0,0,1,0,1,0,0,0,1,0,0,1,0,1,0,0,1,0,0.9573,0.8842,0
ID-002117,0,1,0,1,0.2083,1,0,0,1,2,1,0,0,1,0,0,0,0,1,0,1,0,0,0,1,0,0,1,2,1,0,0.395,0.1016,0
ID-002118,1,1,1,1,0.2778,0,0,1,0,2,0,1,0,0,0,1,0,1,0,0,1,0,0,0,1,0,1,0,1,1,1,0.1598,0.0801,0
ID-002119,0,0,1,0,0.125,1,0,0,1,0,0,1,0,0,1,0,0,1,0,1,0,0,0,1,0,0,1,0,0,1,3,0.9284,0.1175,0
ID-002120,1,1,1,1,0.8472,1,0,0,1,1,1,0,0,0,0,1,1,0,0,1,0,0,0,0,1,0,0,1,2,1,0,0.1873,0.264,0
ID-002121,1,1,0,0,0.0,1,0,1,0,1,1,0,0,0,0,1,0,1,0,1,0,0,0,1,0,0,0,1,1,1,2,0.6904,0.0,0
ID-002122,0,1,1,1,0.125,0,0,0,1,2,0,0,1,0,0,1,0,0,1,1,0,0,0,1,0,0,1,0,1,1,1,0.3126,0.0522,0
ID-002123,1,0,1,0,0.0556,1,0,1,0,2,0,1,0,0,1,0,1,0,0,0,0,1,0,0,1,0,1,0,0,0,1,0.844,0.0483,0
ID-002124,1,0,0,1,0.3056,0,1,0,0,2,1,0,0,0,1,0,0,0,1,0,1,0,0,1,0,0,1,0,0,1,0,0.2653,0.1154,0
ID-002125,0,0,1,1,0.7639,0,1,0,0,0,0,1,0,0,1,0,0,0,1,0,1,0,1,0,0,1,0,0,2,1,0,0.4673,0.4195,0
ID-002126,0,0,1,1,0.7639,0,0,1,0,1,0,1,0,0,0,1,1,0,0,1,0,0,0,1,0,1,0,0,1,1,0,0.9874,0.7564,0
ID-002127,0,0,0,0,0.2917,1,0,0,1,2,1,0,0,0,0,1,0,1,0,1,0,0,0,1,0,0,1,0,2,0,0,0.1711,0.0869,0
ID-002128,0,1,1,0,0.0972,0,0,1,0,0,1,0,0,1,0,0,1,0,0,1,0,0,0,1,0,0,1,0,1,0,3,0.6648,0.0697,0
ID-002129,1,0,1,0,0.7917,0,1,0,0,0,1,0,0,0,1,0,1,0,0,0,0,1,0,1,0,1,0,0,1,1,0,0.6101,0.5306,0
ID-002130,0,1,1,1,0.875,1,0,0,1,2,0,1,0,0,0,1,0,0,1,0,1,0,0,1,0,0,1,0,1,1,0,0.903,0.8037,0
ID-002131,1,1,1,0,0.2778,1,0,1,0,0,0,0,1,0,1,0,1,0,0,0,1,0,0,1,0,1,0,0,0,0,2,0.0631,0.0573,0
ID-002132,0,1,1,1,0.1111,0,0,1,0,0,1,0,0,1,0,0,0,0,1,1,0,0,1,0,0,0,0,1,1,0,1,0.066,0.0232,0
ID-002133,0,0,0,1,0.1528,0,0,0,1,1,0,0,1,0,0,1,0,1,0,0,1,0,0,0,1,0,0,1,2,1,0,0.1634,0.0445,0
ID-002134,0,1,0,0,0.2083,0,1,0,0,1,1,0,0,0,1,0,0,0,1,1,0,0,0,1,0,1,0,0,2,0,0,0.0997,0.0495,0
ID-002135,1,1,0,0,0.1667,0,0,1,0,1,1,0,0,0,1,0,0,1,0,0,1,0,0,0,1,0,1,0,2,1,2,0.4839,0.0939,0
ID-002136,1,1,0,1,0.6111,0,0,1,0,0,0,1,0,0,1,0,0,0,1,1,0,0,0,0,1,0,0,1,2,1,2,0.9575,0.5896,0
ID-002137,1,1,0,1,0.9306,0,0,1,0,0,0,0,1,0,1,0,0,1,0,0,0,1,0,0,1,1,0,0,2,0,0,0.5641,0.5873,0
ID-002138,1,1,0,1,0.2778,0,1,0,0,1,0,0,1,1,0,0,1,0,0,0,1,0,0,0,1,1,0,0,0,1,2,0.7001,0.2074,0
ID-002139,1,0,0,0,0.6944,0,0,1,0,2,1,0,0,0,1,0,1,0,0,0,1,0,0,1,0,1,0,0,0,0,1,0.7962,0.575,0
ID-002140,1,0,0,1,0.0972,1,1,0,0,0,0,1,0,0,1,0,1,0,0,1,0,0,0,0,1,0,1,0,1,0,1,0.8523,0.0851,0
ID-002141,0,0,1,1,0.7361,0,1,0,0,2,1,0,0,1,0,0,1,0,0,1,0,0,1,0,0,0,0,1,0,0,1,0.2118,0.2447,0
ID-002142,1,0,1,0,0.4722,0,1,0,0,0,1,0,0,1,0,0,0,0,1,1,0,0,1,0,0,0,0,1,1,1,0,0.8715,0.4211,0
ID-002143,0,1,1,1,0.9722,0,0,1,0,2,0,0,1,0,1,0,0,1,0,1,0,0,1,0,0,1,0,0,2,1,2,0.5316,0.5868,0
ID-002144,0,0,0,0,0.6806,1,1,0,0,2,0,0,1,0,0,1,0,0,1,0,0,1,1,0,0,1,0,0,2,1,2,0.2883,0.2704,0
ID-002145,0,0,0,0,0.4167,1,0,0,1,2,1,0,0,1,0,0,0,0,1,0,1,0,0,0,1,0,1,0,0,0,3,0.8543,0.3655,0
ID-002146,1,0,1,1,0.9861,1,1,0,0,1,1,0,0,0,1,0,0,0,1,1,0,0,0,0,1,0,0,1,2,0,1,0.1715,0.294,0
ID-002147,1,1,0,1,0.5417,0,1,0,0,0,0,0,1,0,0,1,1,0,0,0,1,0,0,0,1,0,1,0,1,0,1,0.2056,0.1772,0
ID-002148,1,0,0,1,0.7917,0,1,0,0,2,1,0,0,0,1,0,1,0,0,1,0,0,0,1,0,1,0,0,2,1,0,0.9133,0.7341,0
ID-002149,1,0,1,0,0.1806,1,0,1,0,1,0,1,0,0,1,0,1,0,0,0,1,0,0,0,1,0,0,1,2,0,1,0.9006,0.1655,0
ID-002150,0,0,0,0,0.2361,1,1,0,0,2,1,0,0,0,0,1,1,0,0,1,0,0,0,0,1,0,0,1,2,0,2,0.1127,0.0586,0
ID-002151,1,1,1,0,0.2778,0,0,1,0,1,1,0,0,0,1,0,0,0,1,1,0,0,0,1,0,1,0,0,0,1,3,0.0323,0.0501,0
ID-002152,0,0,0,0,0.1111,0,1,0,0,0,1,0,0,0,0,1,1,0,0,0,1,0,1,0,0,0,0,1,2,1,1,0.7185,0.0847,0
ID-002153,0,0,0,0,0.0417,0,0,1,0,1,1,0,0,0,0,1,0,0,1,0,1,0,0,1,0,1,0,0,2,1,2,0.34,0.0184,0
ID-002154,0,0,1,1,0.9444,0,1,0,0,0,0,1,0,0,1,0,0,0,1,1,0,0,0,0,1,0,0,1,1,0,3,0.1033,0.2271,0
ID-002155,0,1,0,0,0.0139,1,1,0,0,1,0,1,0,0,1,0,0,1,0,0,1,0,0,1,0,0,0,1,1,1,3,0.8548,0.0122,0
ID-002156,0,0,1,1,0.2917,0,1,0,0,0,1,0,0,0,1,0,0,0,1,1,0,0,0,0,1,0,0,1,0,0,3,0.6634,0.2087,0
ID-002157,0,0,0,0,0.6528,0,0,1,0,1,0,0,1,1,0,0,0,0,1,1,0,0,1,0,0,1,0,0,0,0,2,0.2404,0.2328,0
ID-002158,0,0,0,1,0.9861,1,0,1,0,1,0,0,1,0,0,1,1,0,0,1,0,0,1,0,0,0,0,1,2,1,0,0.8125,0.8302,0
ID-002159,1,1,1,0,0.8611,0,1,0,0,2,0,1,0,0,0,1,1,0,0,1,0,0,1,0,0,0,0,1,2,1,1,0.8055,0.7198,0
ID-002160,0,1,1,0,0.0972,1,0,1,0,0,1,0,0,0,1,0,1,0,0,0,0,1,0,0,1,0,1,0,0,0,1,0.82,0.0825,0
ID-002161,0,0,0,1,0.7361,1,0,0,1,0,1,0,0,1,0,0,0,0,1,0,1,0,1,0,0,0,1,0,2,0,3,0.5643,0.4647,0
ID-002162,1,0,0,1,0.125,0,0,1,0,2,1,0,0,0,1,0,0,1,0,1,0,0,1,0,0,0,1,0,0,0,3,0.3123,0.0522,0
ID-002163,0,1,1,1,0.3333,1,1,0,0,2,0,0,1,0,0,1,0,1,0,1,0,0,0,1,0,1,0,0,0,1,1,0.4488,0.1778,0
ID-002164,0,1,1,0,0.4028,1,1,0,0,0,1,0,0,0,1,0,0,0,1,0,1,0,0,0,1,0,1,0,2,1,0,0.0611,0.0824,0
ID-002165,1,0,1,1,0.3889,1,1,0,0,1,0,0,1,0,0,1,1,0,0,1,0,0,1,0,0,1,0,0,1,1,3,0.4712,0.2148,0
ID-002166,0,1,0,0,0.5972,0,0,0,1,2,0,1,0,1,0,0,0,0,1,0,1,0,0,0,1,1,0,0,2,0,1,0.7653,0.4789,0
ID-002167,1,0,1,0,0.625,1,0,0,1,1,1,0,0,0,1,0,0,1,0,0,1,0,0,0,1,0,0,1,2,1,1,0.7716,0.5045,0
ID-002168,1,0,0,1,0.4306,0,0,0,1,0,1,0,0,1,0,0,0,0,1,0,1,0,1,0,0,0,1,0,0,0,2,0.1886,0.1346,0
ID-002169,0,0,0,0,0.0278,0,0,0,1,2,1,0,0,0,0,1,0,1,0,0,0,1,1,0,0,1,0,0,2,0,3,0.4322,0.0144,0
ID-002170,0,1,1,0,0.2778,1,1,0,0,0,0,0,1,1,0,0,0,1,0,0,1,0,0,1,0,0,0,1,1,1,3,0.1073,0.0677,0
ID-002171,1,1,1,1,1.0,1,0,1,0,0,1,0,0,0,0,1,0,0,1,0,1,0,1,0,0,1,0,0,0,1,2,0.3272,0.4303,0
ID-002172,1,1,0,1,0.9583,0,0,0,1,0,1,0,0,0,0,1,0,0,1,0,1,0,0,0,1,0,0,1,2,0,2,0.1807,0.2932,0
ID-002173,0,1,0,0,0.6944,1,0,1,0,0,0,1,0,0,1,0,1,0,0,0,1,0,1,0,0,0,1,0,1,1,3,0.6569,0.493,0
ID-002174,0,0,1,0,0.875,0,0,0,1,0,1,0,0,0,1,0,0,1,0,0,0,1,1,0,0,1,0,0,1,1,1,0.5384,0.5332,0
ID-002175,0,0,1,1,0.75,1,0,0,1,1,0,0,1,0,1,0,1,0,0,1,0,0,0,0,1,0,1,0,2,0,1,0.4901,0.4263,0
ID-002176,1,0,0,1,0.4722,1,0,0,1,1,0,1,0,0,0,1,1,0,0,0,0,1,0,0,1,0,1,0,2,1,3,0.7012,0.353,0
ID-002177,1,1,0,0,0.4722,1,0,0,1,0,0,0,1,0,0,1,0,1,0,0,1,0,0,0,1,1,0,0,1,0,0,0.3501,0.2124,0
ID-002178,0,0,0,0,0.625,0,0,1,0,0,1,0,0,1,0,0,1,0,0,0,0,1,1,0,0,0,1,0,1,0,2,0.6802,0.456,0
ID-002179,1,1,0,0,0.0694,1,1,0,0,0,1,0,0,1,0,0,0,1,0,0,0,1,1,0,0,0,1,0,0,1,1,0.5658,0.0439,0
ID-002180,1,1,0,1,0.5833,1,1,0,0,1,0,0,1,1,0,0,0,1,0,0,0,1,0,1,0,0,1,0,0,0,3,0.4153,0.2946,0
ID-002181,0,1,0,0,0.5417,0,0,0,1,2,0,1,0,0,0,1,1,0,0,0,1,0,0,1,0,1,0,0,0,0,0,0.5581,0.3391,0
ID-002182,1,0,0,1,0.4583,0,1,0,0,2,0,1,0,0,1,0,0,1,0,0,1,0,1,0,0,1,0,0,1,1,0,0.7087,0.3455,0
ID-002183,1,1,1,0,0.8611,1,0,0,1,1,0,0,1,1,0,0,0,1,0,1,0,0,0,1,0,1,0,0,0,1,1,0.3905,0.4167,0
ID-002184,0,0,0,0,0.0139,0,1,0,0,1,0,0,1,0,0,1,1,0,0,0,1,0,0,0,1,0,0,1,1,1,0,0.4132,0.007,0
ID-002185,1,0,1,0,0.5278,1,0,1,0,2,0,1,0,1,0,0,0,0,1,0,1,0,0,0,1,1,0,0,1,0,1,0.8801,0.4745,0
ID-002186,0,1,1,1,0.5694,1,0,1,0,2,0,0,1,0,1,0,0,0,1,1,0,0,0,0,1,0,0,1,2,0,3,0.1272,0.1484,0
ID-002187,1,0,1,1,0.2361,1,0,0,1,2,1,0,0,1,0,0,0,0,1,0,1,0,0,1,0,0,0,1,1,0,3,0.6614,0.1685,0
ID-002188,0,1,1,1,0.6944,1,0,1,0,1,1,0,0,0,0,1,0,0,1,1,0,0,1,0,0,0,1,0,0,1,3,0.2285,0.2407,0
ID-002189,0,0,1,0,0.0833,0,0,1,0,1,0,0,1,0,0,1,0,1,0,0,0,1,0,0,1,0,1,0,2,1,1,0.7172,0.0634,0
ID-002190,0,1,0,0,0.4444,1,0,0,1,0,1,0,0,0,1,0,0,0,1,0,1,0,0,1,0,1,0,0,1,0,0,0.7397,0.3467,0
ID-002191,0,1,1,0,0.8056,0,0,0,1,0,0,1,0,0,0,1,1,0,0,0,1,0,0,0,1,0,0,1,2,1,1,0.7898,0.6627,0
ID-002192,1,1,0,0,0.0,0,1,0,0,1,0,0,1,0,1,0,0,1,0,1,0,0,0,0,1,0,1,0,1,0,3,0.9071,0.0,0
ID-002193,1,0,0,1,0.7222,0,0,0,1,1,0,0,1,0,0,1,0,0,1,0,1,0,0,1,0,0,0,1,1,0,2,0.8393,0.6244,0
ID-002194,0,1,0,0,0.3333,0,1,0,0,2,0,0,1,0,1,0,0,0,1,0,0,1,1,0,0,1,0,0,2,0,0,0.671,0.2406,0
ID-002195,1,1,0,0,0.0556,0,0,0,1,2,0,1,0,0,1,0,0,0,1,0,0,1,0,0,1,0,0,1,1,1,3,0.7071,0.0418,0
ID-002196,0,0,1,0,0.0139,1,1,0,0,1,0,1,0,0,0,1,1,0,0,0,0,1,0,1,0,1,0,0,0,0,0,0.9239,0.013,0
ID-002197,1,0,1,1,0.7778,1,0,1,0,2,0,0,1,0,0,1,1,0,0,1,0,0,1,0,0,1,0,0,0,0,1,0.1357,0.2084,0
ID-002198,0,1,1,0,0.0278,0,1,0,0,1,0,1,0,1,0,0,0,0,1,0,1,0,0,0,1,0,0,1,2,1,2,0.1993,0.0089,0
ID-002199,0,0,0,0,0.7083,0,0,1,0,1,1,0,0,1,0,0,1,0,0,0,1,0,0,0,1,0,1,0,0,0,2,0.6595,0.5044,0
ID-002200,0,1,0,0,0.0,1,0,0,1,0,0,1,0,1,0,0,0,0,1,0,0,1,1,0,0,0,0,1,0,1,1,0.5904,0.0,0
ID-002201,1,1,0,1,0.5833,0,1,0,0,1,0,0,1,0,1,0,0,0,1,0,1,0,0,0,1,1,0,0,2,1,2,0.2123,0.1941,0
ID-002202,0,0,0,0,0.0139,1,0,1,0,2,0,1,0,0,0,1,0,0,1,0,1,0,0,1,0,1,0,0,0,0,2,0.8496,0.0121,0
ID-002203,1,1,0,0,0.6944,1,1,0,0,0,0,1,0,0,0,1,0,0,1,0,1,0,0,0,1,0,0,1,1,1,1,0.441,0.3658,0
ID-002204,0,1,1,1,0.1806,1,0,1,0,2,0,1,0,1,0,0,1,0,0,0,1,0,0,0,1,0,0,1,2,0,1,0.5745,0.1156,0
ID-002205,1,0,0,0,0.625,1,0,0,1,1,0,1,0,0,0,1,0,0,1,1,0,0,0,1,0,0,1,0,1,0,0,0.6304,0.4296,0
ID-002206,0,1,0,0,0.4028,0,0,1,0,0,1,0,0,0,1,0,0,0,1,0,0,1,0,0,1,1,0,0,0,1,2,0.7604,0.3213,0
ID-002207,0,0,0,0,0.0278,0,0,0,1,0,0,0,1,0,1,0,0,1,0,0,0,1,0,1,0,0,0,1,0,0,1,0.6478,0.0195,0
ID-002208,1,1,1,1,0.2778,0,1,0,0,2,0,0,1,0,1,0,0,1,0,1,0,0,0,1,0,1,0,0,1,1,2,0.6907,0.2052,0
ID-002209,1,0,0,0,0.2083,1,1,0,0,1,1,0,0,1,0,0,1,0,0,1,0,0,0,1,0,0,0,1,0,1,0,0.2225,0.0711,0
ID-002210,0,1,0,0,0.4028,1,1,0,0,0,0,0,1,0,1,0,0,1,0,0,0,1,0,1,0,0,1,0,1,1,3,0.059,0.0817,0
ID-002211,1,1,0,1,0.7778,0,1,0,0,1,1,0,0,0,1,0,0,1,0,1,0,0,1,0,0,0,0,1,1,0,2,0.4888,0.4413,0
ID-002212,0,0,0,0,0.6389,1,1,0,0,1,0,0,1,1,0,0,1,0,0,0,0,1,0,0,1,0,0,1,0,0,1,0.0946,0.1489,0
ID-002213,1,0,0,1,0.7361,1,0,1,0,1,0,0,1,1,0,0,1,0,0,0,1,0,0,1,0,0,0,1,1,1,2,0.6548,0.5212,0
ID-002214,0,0,0,1,0.8056,0,0,0,1,2,0,0,1,0,0,1,0,1,0,0,0,1,0,0,1,0,1,0,0,1,2,0.4278,0.4154,0
ID-002215,0,1,0,1,0.7639,1,0,0,1,1,0,0,1,0,0,1,1,0,0,1,0,0,0,1,0,0,0,1,0,1,1,0.3236,0.3263,0
ID-002216,0,0,0,0,0.4306,0,0,1,0,1,0,1,0,1,0,0,1,0,0,0,0,1,1,0,0,0,0,1,2,1,3,0.3007,0.1756,0
ID-002217,1,0,0,1,0.3333,0,0,1,0,1,0,1,0,0,0,1,0,0,1,0,0,1,0,0,1,1,0,0,0,0,3,0.5355,0.2023,0
ID-002218,1,0,0,1,0.4444,1,0,0,1,0,1,0,0,0,0,1,1,0,0,1,0,0,0,0,1,1,0,0,2,1,3,0.4814,0.2494,0
ID-002219,1,0,1,1,0.9306,0,0,1,0,0,0,1,0,0,0,1,0,1,0,0,1,0,0,0,1,0,0,1,0,0,1,0.0959,0.2179,0
ID-002220,1,1,0,0,0.6111,0,1,0,0,2,0,0,1,0,0,1,0,1,0,1,0,0,0,0,1,0,0,1,0,1,2,0.2407,0.2181,0
ID-002221,0,0,1,1,0.0,1,0,0,1,2,1,0,0,1,0,0,0,1,0,1,0,0,0,0,1,1,0,0,2,1,2,0.0511,0.0,0
ID-002222,0,1,0,1,0.7917,0,0,0,1,0,0,0,1,1,0,0,0,0,1,0,1,0,0,1,0,0,1,0,0,0,0,0.5797,0.5101,0
ID-002223,0,1,0,0,0.9306,1,1,0,0,1,1,0,0,0,1,0,0,0,1,0,0,1,0,0,1,0,0,1,0,1,0,0.4178,0.4719,0
ID-002224,1,1,0,0,0.2917,1,1,0,0,2,0,1,0,1,0,0,0,1,0,0,1,0,0,1,0,0,0,1,1,0,0,0.8512,0.2551,0
ID-002225,1,0,1,1,0.1806,0,1,0,0,0,0,1,0,0,0,1,1,0,0,0,0,1,1,0,0,1,0,0,2,1,0,0.4691,0.0994,0
ID-002226,1,0,1,1,0.7639,1,0,0,1,0,0,1,0,1,0,0,1,0,0,0,1,0,1,0,0,1,0,0,0,1,2,0.8071,0.6396,0
ID-002227,0,0,0,0,0.6389,0,0,1,0,2,0,0,1,1,0,0,0,1,0,0,1,0,0,0,1,0,1,0,2,0,3,0.8373,0.5513,0
ID-002228,0,0,1,1,0.1389,0,0,1,0,1,1,0,0,0,0,1,0,1,0,0,0,1,0,1,0,1,0,0,1,0,1,0.0363,0.0255,0
ID-002229,0,0,0,0,0.9028,1,0,1,0,1,1,0,0,0,0,1,1,0,0,0,0,1,0,0,1,1,0,0,1,0,1,0.8294,0.773,0
ID-002230,1,0,0,1,0.25,1,0,0,1,0,0,1,0,1,0,0,1,0,0,0,0,1,1,0,0,0,1,0,1,1,0,0.9094,0.231,0
ID-002231,0,0,1,1,0.0139,1,1,0,0,0,0,0,1,0,1,0,1,0,0,1,0,0,1,0,0,0,1,0,1,0,1,0.6871,0.0102,0
ID-002232,0,0,0,0,0.3889,0,1,0,0,1,0,0,1,0,1,0,0,1,0,0,0,1,0,0,1,0,0,1,0,0,1,0.6572,0.2762,0
ID-002233,1,1,1,1,0.2778,0,0,1,0,2,1,0,0,1,0,0,0,0,1,0,1,0,0,1,0,0,1,0,1,0,1,0.0057,0.0438,0
ID-002234,1,1,1,1,0.5833,0,0,0,1,0,0,1,0,0,1,0,0,0,1,1,0,0,0,1,0,0,1,0,0,1,2,0.9651,0.5666,0
ID-002235,0,1,1,1,0.0694,1,0,0,1,1,1,0,0,0,1,0,0,0,1,0,1,0,1,0,0,0,0,1,1,0,2,0.742,0.0543,0
ID-002236,1,1,1,1,0.3611,1,0,1,0,0,1,0,0,0,0,1,1,0,0,0,1,0,1,0,0,0,0,1,1,1,1,0.5962,0.2377,0
ID-002237,0,0,0,0,0.0694,1,1,0,0,0,0,1,0,1,0,0,0,1,0,0,0,1,0,1,0,0,1,0,1,0,1,0.5154,0.041,0
ID-002238,0,1,0,0,0.1806,1,0,0,1,2,0,0,1,0,1,0,1,0,0,0,1,0,1,0,0,1,0,0,2,1,0,0.0593,0.0367,0
ID-002239,0,1,0,0,0.3472,1,1,0,0,1,1,0,0,0,0,1,1,0,0,1,0,0,1,0,0,0,1,0,1,1,1,0.7101,0.2622,0
ID-002240,0,1,0,1,0.6944,1,0,1,0,0,0,1,0,0,0,1,0,1,0,0,1,0,1,0,0,0,0,1,2,1,1,0.3784,0.329,0
ID-002241,0,0,0,1,0.625,1,1,0,0,2,1,0,0,0,1,0,0,1,0,1,0,0,0,0,1,0,0,1,1,0,3,0.8404,0.5409,0
ID-002242,0,1,1,1,0.6528,1,1,0,0,2,1,0,0,1,0,0,0,0,1,0,1,0,1,0,0,1,0,0,0,0,0,0.1323,0.173,0
ID-002243,0,0,1,1,0.4306,1,0,1,0,0,1,0,0,0,1,0,0,0,1,1,0,0,0,1,0,0,0,1,2,0,0,0.3383,0.1893,0
ID-002244,1,0,0,1,0.9167,0,0,0,1,2,0,1,0,0,1,0,1,0,0,0,0,1,0,0,1,1,0,0,2,0,3,0.6536,0.6482,0
ID-002245,0,1,1,0,0.5833,1,0,0,1,1,1,0,0,0,0,1,0,1,0,0,0,1,1,0,0,1,0,0,1,0,3,0.2723,0.2238,0
ID-002246,1,0,0,1,0.7917,0,1,0,0,2,1,0,0,0,0,1,0,0,1,0,0,1,0,1,0,0,1,0,2,1,2,0.233,0.2774,0
ID-002247,0,1,0,1,0.1944,1,1,0,0,0,0,1,0,0,1,0,0,0,1,0,0,1,0,0,1,0,0,1,1,0,0,0.7059,0.1461,0
ID-002248,1,1,0,0,0.75,1,0,1,0,1,0,1,0,1,0,0,0,1,0,0,1,0,0,1,0,1,0,0,2,0,3,0.9531,0.7208,0
ID-002249,1,0,0,0,0.9861,0,0,0,1,2,0,0,1,0,1,0,0,0,1,0,1,0,0,0,1,0,1,0,0,0,2,0.9174,0.9178,0
ID-002250,1,1,1,0,0.2917,1,0,0,1,0,1,0,0,0,0,1,0,0,1,1,0,0,1,0,0,0,1,0,1,1,0,0.2583,0.1084,0
ID-002251,1,0,0,0,0.4861,0,1,0,0,2,1,0,0,0,1,0,1,0,0,0,0,1,1,0,0,1,0,0,2,1,2,0.2145,0.1627,0
ID-002252,0,0,0,0,0.5417,0,0,1,0,2,0,1,0,0,1,0,0,1,0,0,0,1,1,0,0,1,0,0,0,0,3,0.0022,0.0838,0
ID-002253,1,0,0,0,0.2778,1,1,0,0,2,0,0,1,1,0,0,1,0,0,0,0,1,0,0,1,1,0,0,2,1,2,0.5844,0.1801,0
ID-002254,0,0,0,0,0.1944,0,1,0,0,1,0,0,1,1,0,0,0,0,1,1,0,0,0,0,1,0,0,1,2,1,3,0.7971,0.1612,0
ID-002255,0,0,1,0,0.1111,1,1,0,0,0,1,0,0,1,0,0,0,1,0,0,0,1,1,0,0,0,1,0,2,0,0,0.9105,0.1028,0
ID-002256,1,1,1,1,0.1806,0,1,0,0,2,0,1,0,1,0,0,0,1,0,0,1,0,0,1,0,1,0,0,2,0,3,0.4755,0.1004,0
ID-002257,1,1,1,1,0.8194,0,0,0,1,0,0,0,1,0,0,1,1,0,0,0,1,0,1,0,0,1,0,0,0,0,0,0.3521,0.3699,0
ID-002258,1,1,1,1,0.7222,0,0,1,0,0,0,0,1,0,0,1,0,1,0,1,0,0,0,0,1,1,0,0,1,0,1,0.8735,0.6453,0
ID-002259,1,1,0,1,0.2917,1,1,0,0,0,0,1,0,0,0,1,0,1,0,1,0,0,0,0,1,1,0,0,1,0,3,0.8484,0.2544,0
ID-002260,0,1,0,1,0.2222,1,0,0,1,2,1,0,0,0,0,1,0,1,0,1,0,0,0,0,1,0,1,0,1,0,0,0.3355,0.0972,0
ID-002261,0,0,0,1,0.3194,1,0,1,0,2,0,0,1,0,1,0,0,0,1,1,0,0,1,0,0,1,0,0,1,0,2,0.3929,0.1553,0
ID-002262,1,1,1,1,0.5,0,0,0,1,1,0,1,0,1,0,0,0,1,0,0,0,1,0,1,0,0,0,1,2,0,0,0.6561,0.3546,0
ID-002263,1,0,1,0,0.8194,0,0,1,0,2,0,1,0,0,1,0,1,0,0,1,0,0,0,0,1,0,0,1,2,0,2,0.5502,0.5075,0
ID-002264,0,0,0,1,0.625,1,1,0,0,2,0,0,1,1,0,0,0,0,1,1,0,0,1,0,0,0,1,0,1,1,2,0.3322,0.2716,0
ID-002265,0,1,1,1,0.0556,1,1,0,0,0,0,0,1,0,0,1,0,0,1,0,0,1,0,0,1,1,0,0,2,1,2,0.5622,0.035,0
ID-002266,0,0,0,0,0.9861,1,0,1,0,1,0,0,1,0,1,0,1,0,0,0,0,1,1,0,0,0,1,0,1,1,3,0.3971,0.4828,0
ID-002267,1,1,0,0,0.7917,1,0,1,0,2,1,0,0,0,1,0,1,0,0,1,0,0,1,0,0,0,0,1,2,1,0,0.6949,0.5875,0
ID-002268,1,1,0,1,0.875,0,1,0,0,0,1,0,0,0,1,0,1,0,0,0,1,0,0,0,1,1,0,0,1,1,1,0.4231,0.4477,0
ID-002269,0,1,1,1,0.25,1,0,1,0,1,0,0,1,0,0,1,0,1,0,0,1,0,0,0,1,0,0,1,1,1,2,0.1274,0.0652,0
ID-002270,0,0,0,0,0.0694,1,0,1,0,1,0,0,1,0,1,0,1,0,0,0,0,1,0,1,0,0,1,0,2,1,0,0.7745,0.0562,0
ID-002271,1,1,1,1,0.5694,0,0,1,0,2,0,1,0,1,0,0,0,0,1,0,1,0,1,0,0,0,1,0,2,1,0,0.5151,0.3357,0
ID-002272,1,1,0,1,0.5972,1,0,1,0,2,0,1,0,0,1,0,1,0,0,0,0,1,1,0,0,0,0,1,1,0,0,0.3767,0.282,0
ID-002273,0,1,0,0,0.2361,0,0,1,0,0,0,1,0,0,1,0,0,0,1,0,0,1,0,0,1,0,0,1,1,1,3,0.961,0.2285,0
ID-002274,0,1,0,1,0.2778,1,1,0,0,2,0,0,1,0,1,0,0,1,0,0,1,0,0,1,0,0,1,0,2,0,3,0.0515,0.0546,0
ID-002275,0,0,0,0,0.6528,0,1,0,0,0,0,0,1,0,1,0,0,1,0,0,1,0,1,0,0,0,0,1,2,0,0,0.4173,0.3308,0
ID-002276,0,1,1,0,0.5278,0,1,0,0,2,0,0,1,1,0,0,0,1,0,0,0,1,0,0,1,0,0,1,1,1,1,0.2351,0.1859,0
ID-002277,1,1,0,0,0.2222,0,0,1,0,2,1,0,0,0,1,0,0,1,0,0,0,1,0,0,1,1,0,0,1,0,2,0.8472,0.1936,0
ID-002278,1,1,1,1,0.5694,0,0,1,0,0,0,1,0,1,0,0,1,0,0,0,0,1,1,0,0,0,1,0,2,0,2,0.5442,0.3498,0
ID-002279,1,0,0,0,1.0,0,1,0,0,0,0,1,0,0,1,0,1,0,0,0,0,1,0,0,1,1,0,0,0,0,3,0.5458,0.6156,0
ID-002280,1,0,1,0,0.2778,0,0,1,0,1,0,1,0,0,0,1,0,1,0,0,0,1,0,0,1,0,0,1,2,0,2,0.1388,0.0751,0
ID-002281,1,0,1,1,0.8333,1,1,0,0,1,0,1,0,0,0,1,0,1,0,1,0,0,0,1,0,0,0,1,1,0,0,0.8352,0.7175,0
ID-002282,0,1,0,1,0.2361,0,0,0,1,2,1,0,0,0,1,0,0,0,1,1,0,0,0,0,1,0,1,0,2,1,0,0.749,0.1861,0
ID-002283,1,1,0,0,0.375,1,1,0,0,1,0,0,1,1,0,0,0,0,1,1,0,0,1,0,0,1,0,0,2,1,0,0.1863,0.1165,0
ID-002284,0,0,1,0,0.1667,1,0,0,1,1,0,0,1,0,1,0,1,0,0,0,1,0,0,1,0,0,0,1,2,0,3,0.0794,0.0367,0
ID-002285,1,0,0,1,0.8333,1,1,0,0,2,0,0,1,0,1,0,0,0,1,0,1,0,0,1,0,1,0,0,0,0,3,0.7859,0.6828,0
ID-002286,0,1,0,0,0.8472,0,0,1,0,2,0,1,0,0,0,1,0,0,1,0,0,1,1,0,0,0,1,0,0,1,2,0.451,0.4535,0
ID-002287,1,1,1,1,0.9306,0,0,0,1,0,1,0,0,0,0,1,0,0,1,1,0,0,0,1,0,0,1,0,2,0,3,0.309,0.386,0
ID-002288,1,1,0,0,0.5833,0,0,1,0,1,0,0,1,0,0,1,0,0,1,0,1,0,0,0,1,0,0,1,0,0,1,0.9004,0.5345,0
ID-002289,0,1,0,1,0.2222,0,0,0,1,0,0,0,1,0,0,1,1,0,0,0,0,1,1,0,0,1,0,0,2,0,3,0.6453,0.1556,0
ID-002290,0,0,0,1,0.9306,1,0,0,1,1,0,0,1,0,0,1,1,0,0,0,0,1,1,0,0,0,0,1,0,1,0,0.6646,0.6667,0
ID-002291,1,1,1,1,0.9861,0,1,0,0,2,1,0,0,1,0,0,0,0,1,1,0,0,0,1,0,1,0,0,2,1,3,0.3353,0.4311,0
ID-002292,0,1,1,0,0.625,1,0,1,0,2,0,1,0,0,0,1,0,0,1,0,0,1,0,1,0,0,1,0,0,1,2,0.2921,0.2503,0
ID-002293,0,0,0,1,0.3056,0,0,1,0,1,1,0,0,1,0,0,0,0,1,1,0,0,0,1,0,1,0,0,2,1,3,0.5047,0.1775,0
ID-002294,1,0,1,0,0.7778,0,0,0,1,0,1,0,0,0,1,0,1,0,0,0,1,0,0,0,1,0,1,0,1,0,3,0.0981,0.1836,0
ID-002295,0,0,1,0,0.75,1,1,0,0,2,0,0,1,1,0,0,0,1,0,0,0,1,1,0,0,0,1,0,0,1,2,0.3496,0.337,0
ID-002296,1,1,0,0,0.3611,0,0,0,1,1,1,0,0,1,0,0,0,1,0,1,0,0,0,0,1,0,1,0,1,0,3,0.759,0.2876,0
ID-002297,1,1,0,1,0.5694,0,0,1,0,1,1,0,0,0,1,0,0,0,1,0,0,1,0,0,1,0,1,0,2,1,3,0.048,0.1102,0
ID-002298,1,1,0,0,0.1389,0,0,0,1,1,0,0,1,1,0,0,0,0,1,1,0,0,1,0,0,0,1,0,2,1,3,0.9406,0.132,0
ID-002299,1,1,0,0,0.2083,1,0,0,1,2,0,1,0,0,1,0,1,0,0,0,1,0,1,0,0,0,0,1,1,1,2,0.7508,0.1645,0
ID-002300,0,1,1,0,0.5694,1,1,0,0,0,0,1,0,0,0,1,0,1,0,0,0,1,1,0,0,0,1,0,2,1,2,0.5321,0.3439,0
ID-002301,0,0,1,0,0.8194,1,1,0,0,0,0,0,1,0,0,1,0,0,1,0,1,0,0,0,1,1,0,0,2,1,0,0.8413,0.7098,0
ID-002302,0,1,0,0,0.6944,0,0,1,0,0,0,1,0,0,0,1,1,0,0,0,1,0,0,0,1,0,0,1,1,0,3,0.1761,0.2098,0
ID-002303,0,0,0,1,0.375,1,0,1,0,1,0,0,1,0,1,0,1,0,0,1,0,0,0,1,0,1,0,0,2,0,0,0.999,0.375,0
ID-002304,1,0,0,1,0.5278,0,0,0,1,0,0,0,1,0,0,1,0,1,0,0,0,1,1,0,0,1,0,0,0,0,1,0.8395,0.4564,0
ID-002305,0,1,0,1,0.5556,0,1,0,0,1,0,0,1,0,0,1,0,0,1,0,0,1,0,1,0,1,0,0,0,1,3,0.5808,0.3585,0
ID-002306,1,1,1,1,0.1667,1,0,0,1,2,0,1,0,0,0,1,0,1,0,0,1,0,0,1,0,1,0,0,2,1,3,0.3257,0.0715,0
ID-002307,1,1,0,1,0.4583,0,1,0,0,1,0,1,0,0,0,1,0,1,0,0,0,1,0,0,1,0,1,0,2,0,1,0.4207,0.2336,0
ID-002308,0,0,0,0,0.6528,0,1,0,0,0,0,0,1,0,1,0,0,1,0,0,1,0,0,0,1,1,0,0,1,1,2,0.063,0.1346,0
ID-002309,0,0,1,1,0.9861,1,0,0,1,0,0,1,0,0,0,1,0,1,0,0,1,0,1,0,0,0,1,0,2,0,3,0.4902,0.5606,0
ID-002310,0,1,0,0,0.1806,1,1,0,0,0,0,0,1,1,0,0,0,0,1,1,0,0,1,0,0,1,0,0,1,0,2,0.3746,0.0849,0
ID-002311,1,0,1,1,0.0556,0,0,0,1,0,0,1,0,0,0,1,0,0,1,0,1,0,0,0,1,1,0,0,1,0,2,0.4549,0.0299,0
ID-002312,0,0,1,0,0.6111,1,0,1,0,2,0,0,1,0,0,1,0,0,1,0,0,1,1,0,0,1,0,0,2,0,2,0.7503,0.4822,0
ID-002313,1,1,0,0,0.4444,1,1,0,0,0,1,0,0,1,0,0,1,0,0,0,1,0,0,1,0,0,1,0,1,0,3,0.4995,0.2562,0
ID-002314,1,0,0,1,0.4861,1,0,0,1,1,0,1,0,0,0,1,0,1,0,0,0,1,0,1,0,1,0,0,0,1,1,0.7439,0.381,0
ID-002315,0,0,0,0,0.8611,1,1,0,0,2,0,1,0,0,0,1,1,0,0,0,1,0,1,0,0,0,0,1,0,0,3,0.2902,0.3435,0
ID-002316,0,1,1,1,0.2222,0,1,0,0,0,1,0,0,1,0,0,0,1,0,1,0,0,1,0,0,0,1,0,2,0,0,0.7516,0.1756,0
ID-002317,0,0,0,0,0.9861,0,0,1,0,0,1,0,0,0,0,1,0,0,1,0,0,1,1,0,0,0,0,1,1,0,2,0.093,0.2285,0
ID-002318,0,1,0,0,0.6389,1,1,0,0,2,0,0,1,1,0,0,0,1,0,1,0,0,1,0,0,1,0,0,1,0,3,0.4527,0.3429,0
ID-002319,1,0,1,0,0.4861,0,1,0,0,1,1,0,0,0,1,0,0,0,1,0,1,0,0,0,1,0,0,1,2,0,2,0.237,0.172,0
ID-002320,1,0,1,1,0.6528,1,0,1,0,1,0,0,1,0,1,0,1,0,0,1,0,0,1,0,0,0,0,1,0,0,1,0.4928,0.3726,0
ID-002321,1,1,1,1,0.6667,0,1,0,0,2,1,0,0,1,0,0,0,1,0,0,0,1,0,0,1,1,0,0,0,1,1,0.3221,0.284,0
ID-002322,1,1,0,1,0.4028,1,1,0,0,2,0,0,1,1,0,0,0,0,1,1,0,0,1,0,0,0,0,1,2,1,3,0.247,0.1459,0
ID-002323,1,1,1,0,0.2778,0,0,0,1,1,0,0,1,1,0,0,0,0,1,0,0,1,0,0,1,0,1,0,2,0,1,0.5039,0.1611,0
ID-002324,1,1,0,1,0.8194,1,1,0,0,1,1,0,0,0,1,0,0,0,1,1,0,0,0,0,1,0,0,1,1,0,2,0.8521,0.7173,0
ID-002325,0,1,0,1,0.0139,0,0,0,1,2,0,0,1,1,0,0,0,1,0,0,0,1,0,0,1,0,0,1,0,1,0,0.7911,0.0114,0
ID-002326,1,1,0,1,0.7778,0,0,0,1,2,1,0,0,1,0,0,1,0,0,0,1,0,0,1,0,1,0,0,2,0,0,0.6123,0.5227,0
ID-002327,0,1,0,1,0.6111,0,0,1,0,1,0,0,1,1,0,0,0,0,1,0,1,0,0,0,1,0,0,1,2,0,0,0.4254,0.3139,0
ID-002328,0,1,0,1,0.8889,1,1,0,0,2,0,0,1,1,0,0,1,0,0,0,0,1,0,0,1,1,0,0,0,0,1,0.6714,0.6419,0
ID-002329,1,1,1,1,0.6528,1,1,0,0,0,1,0,0,1,0,0,0,1,0,0,1,0,0,1,0,0,0,1,0,0,3,0.0331,0.1181,0
ID-002330,1,0,0,0,0.9722,1,1,0,0,0,0,0,1,0,1,0,0,1,0,1,0,0,0,0,1,0,0,1,0,0,0,0.2423,0.3483,0
ID-002331,1,1,1,1,0.3889,0,0,0,1,2,0,1,0,1,0,0,0,0,1,1,0,0,0,0,1,0,0,1,0,0,0,0.4731,0.2155,0
ID-002332,0,1,0,0,0.75,1,1,0,0,1,1,0,0,1,0,0,1,0,0,0,0,1,1,0,0,1,0,0,0,0,2,0.443,0.3964,0
ID-002333,0,1,1,0,0.1667,1,1,0,0,2,0,1,0,1,0,0,0,0,1,0,0,1,0,0,1,0,0,1,2,1,0,0.811,0.1401,0
ID-002334,0,0,1,0,0.9583,0,0,0,1,1,1,0,0,1,0,0,0,0,1,0,1,0,0,1,0,0,0,1,0,1,2,0.9121,0.8877,0
ID-002335,0,0,0,0,0.1944,1,0,1,0,1,1,0,0,0,1,0,0,0,1,0,0,1,0,1,0,1,0,0,2,1,0,0.0163,0.0324,0
ID-002336,0,0,1,0,0.5972,1,0,0,1,1,1,0,0,0,0,1,0,0,1,1,0,0,0,1,0,0,1,0,0,0,2,0.6353,0.413,0
ID-002337,1,0,0,1,0.9722,0,0,0,1,0,0,0,1,0,1,0,0,0,1,1,0,0,1,0,0,0,0,1,1,1,2,0.3009,0.3966,0
ID-002338,1,0,0,1,0.7639,1,1,0,0,1,1,0,0,0,1,0,0,1,0,1,0,0,1,0,0,1,0,0,2,1,3,0.6492,0.5373,0
ID-002339,0,0,0,1,0.0556,0,1,0,0,0,0,0,1,0,0,1,0,0,1,0,0,1,1,0,0,1,0,0,2,1,0,0.5241,0.0332,0
ID-002340,1,0,0,0,0.0694,0,0,0,1,2,1,0,0,0,1,0,1,0,0,0,1,0,0,0,1,0,0,1,1,1,3,0.7297,0.0536,0
ID-002341,0,0,1,0,0.0833,1,0,0,1,0,0,1,0,1,0,0,1,0,0,0,0,1,0,0,1,0,1,0,0,1,1,0.5647,0.0526,0
ID-002342,1,0,0,1,0.9583,1,1,0,0,1,1,0,0,1,0,0,1,0,0,1,0,0,0,1,0,1,0,0,1,1,0,0.2941,0.3854,0
ID-002343,1,0,0,0,0.2639,0,1,0,0,2,0,1,0,0,0,1,1,0,0,1,0,0,0,0,1,0,0,1,2,0,3,0.8663,0.2342,0
ID-002344,0,0,0,1,0.4861,1,0,1,0,1,1,0,0,0,1,0,1,0,0,0,1,0,1,0,0,0,1,0,1,1,2,0.3639,0.2243,0
ID-002345,0,0,0,0,0.4444,1,1,0,0,2,1,0,0,1,0,0,1,0,0,1,0,0,0,0,1,0,0,1,2,1,3,0.4478,0.2367,0
ID-002346,1,0,1,0,0.5,1,1,0,0,0,0,0,1,1,0,0,1,0,0,0,1,0,0,1,0,0,0,1,0,1,3,0.7285,0.3853,0
ID-002347,1,1,1,0,0.4306,0,0,1,0,0,1,0,0,1,0,0,0,0,1,0,0,1,0,1,0,1,0,0,1,0,2,0.5943,0.2828,0
ID-002348,1,0,0,1,0.0,0,0,1,0,1,1,0,0,1,0,0,1,0,0,0,1,0,0,0,1,0,1,0,0,0,1,0.7969,0.0,0
ID-002349,1,1,0,1,0.1528,1,0,0,1,0,1,0,0,1,0,0,0,1,0,0,0,1,1,0,0,0,1,0,1,0,0,0.2078,0.0503,0
ID-002350,1,1,1,1,0.6528,0,0,1,0,1,0,1,0,0,1,0,1,0,0,0,1,0,0,1,0,1,0,0,0,1,1,0.402,0.3223,0
ID-002351,1,0,0,0,0.8611,1,1,0,0,2,0,1,0,0,1,0,1,0,0,0,1,0,1,0,0,1,0,0,2,0,3,0.5296,0.5183,0
ID-002352,1,1,0,0,0.5139,0,1,0,0,0,0,0,1,0,1,0,0,0,1,1,0,0,1,0,0,0,0,1,2,1,0,0.4344,0.2678,0
ID-002353,0,0,0,0,0.3472,0,0,0,1,0,0,1,0,0,0,1,1,0,0,0,1,0,1,0,0,0,0,1,1,0,1,0.4171,0.1759,0
ID-002354,1,0,1,0,0.3194,0,0,0,1,2,1,0,0,0,1,0,1,0,0,0,1,0,0,1,0,0,0,1,2,1,1,0.0316,0.0574,0
ID-002355,1,0,1,0,0.3472,0,1,0,0,0,0,1,0,0,1,0,0,1,0,1,0,0,0,1,0,0,0,1,0,1,1,0.1017,0.083,0
ID-002356,0,0,1,1,0.8889,0,1,0,0,0,0,1,0,0,0,1,1,0,0,0,0,1,0,1,0,1,0,0,1,1,2,0.5286,0.5343,0
ID-002357,1,0,0,0,0.1528,1,0,0,1,1,0,1,0,0,1,0,0,0,1,1,0,0,1,0,0,0,1,0,1,0,0,0.8605,0.1348,0
ID-002358,1,0,0,0,0.25,1,0,1,0,1,0,1,0,0,0,1,0,0,1,0,0,1,0,1,0,1,0,0,2,1,1,0.4104,0.1252,0
ID-002359,1,0,0,1,0.5972,1,1,0,0,1,0,0,1,0,0,1,1,0,0,0,0,1,0,1,0,1,0,0,0,1,0,0.043,0.113,0
ID-002360,0,0,0,0,1.0,0,1,0,0,2,0,0,1,0,1,0,1,0,0,0,0,1,0,1,0,1,0,0,2,1,0,0.999,1.0,0
ID-002361,0,0,1,0,0.5139,1,1,0,0,2,0,0,1,0,1,0,0,1,0,0,0,1,0,1,0,0,0,1,0,1,0,0.0419,0.0968,0
ID-002362,0,0,0,1,0.5972,0,0,1,0,0,0,1,0,0,0,1,1,0,0,1,0,0,1,0,0,0,0,1,1,0,1,0.8457,0.5196,0
ID-002363,1,1,1,1,0.1111,1,0,1,0,2,0,0,1,1,0,0,0,0,1,0,0,1,0,1,0,1,0,0,1,1,0,0.231,0.0387,0
ID-002364,1,1,0,0,0.5139,0,0,1,0,0,0,1,0,0,0,1,0,0,1,1,0,0,1,0,0,1,0,0,2,0,3,0.5928,0.3369,0
ID-002365,1,1,0,1,0.9583,0,1,0,0,0,0,0,1,0,1,0,1,0,0,1,0,0,1,0,0,0,0,1,2,0,0,0.052,0.1887,0
ID-002366,1,1,0,1,0.4861,1,0,0,1,1,0,0,1,1,0,0,0,1,0,0,0,1,0,0,1,0,1,0,2,1,0,0.8317,0.4172,0
ID-002367,1,0,0,1,0.7778,0,0,1,0,2,0,1,0,0,1,0,1,0,0,0,0,1,1,0,0,0,0,1,1,0,0,0.7896,0.6397,0
ID-002368,1,0,1,1,0.1944,0,0,1,0,2,1,0,0,0,1,0,0,1,0,1,0,0,0,1,0,0,0,1,2,1,0,0.0487,0.0377,0
ID-002369,0,1,1,1,0.6806,1,1,0,0,2,1,0,0,0,1,0,0,0,1,0,1,0,0,1,0,0,1,0,0,1,3,0.7433,0.533,0
ID-002370,0,1,0,0,0.1389,1,1,0,0,2,0,0,1,0,0,1,0,0,1,0,0,1,1,0,0,0,1,0,2,1,0,0.6912,0.1026,0
ID-002371,0,1,0,1,0.0,0,0,1,0,1,0,1,0,1,0,0,0,0,1,1,0,0,0,1,0,1,0,0,1,1,2,0.8417,0.0,0
ID-002372,1,0,1,0,0.3194,0,0,1,0,2,1,0,0,1,0,0,1,0,0,0,0,1,1,0,0,0,1,0,0,0,1,0.2637,0.1202,0
ID-002373,0,1,1,0,0.3333,1,1,0,0,1,0,1,0,1,0,0,1,0,0,0,1,0,0,1,0,0,1,0,2,0,3,0.3663,0.1545,0
ID-002374,0,1,1,0,0.6111,1,0,1,0,1,0,1,0,1,0,0,0,1,0,0,1,0,0,1,0,1,0,0,0,0,0,0.1631,0.1779,0
ID-002375,0,1,0,0,0.2778,0,0,1,0,2,0,0,1,0,1,0,1,0,0,0,1,0,0,0,1,1,0,0,2,0,0,0.2928,0.1114,0
ID-002376,0,1,0,1,0.0,0,1,0,0,0,0,1,0,0,1,0,1,0,0,0,1,0,0,1,0,0,0,1,0,0,3,0.6825,0.0,0
ID-002377,1,0,1,1,0.1528,1,1,0,0,2,0,0,1,0,1,0,0,1,0,0,0,1,0,0,1,0,0,1,2,1,3,0.4615,0.0831,0
ID-002378,0,1,0,0,0.2778,0,1,0,0,2,0,1,0,0,1,0,0,0,1,0,1,0,0,0,1,0,0,1,2,0,2,0.0295,0.0494,0
ID-002379,0,0,0,1,0.2222,1,1,0,0,1,0,1,0,1,0,0,0,0,1,0,1,0,1,0,0,0,0,1,2,1,0,0.7812,0.1812,0
ID-002380,0,1,0,1,0.4444,0,0,0,1,2,0,1,0,0,1,0,0,1,0,0,0,1,1,0,0,1,0,0,0,1,0,0.8787,0.3991,0
ID-002381,1,0,0,1,0.75,0,0,0,1,2,0,1,0,1,0,0,0,0,1,1,0,0,1,0,0,1,0,0,0,1,3,0.9208,0.7002,0
ID-002382,1,0,0,0,0.5,0,0,1,0,1,0,1,0,1,0,0,0,0,1,1,0,0,0,1,0,0,1,0,2,1,3,0.4247,0.2565,0
ID-002383,0,1,1,1,0.1806,1,1,0,0,0,0,0,1,0,0,1,0,1,0,0,0,1,1,0,0,0,0,1,1,0,3,0.9315,0.1702,0
ID-002384,1,0,0,1,0.6667,0,0,0,1,1,0,0,1,1,0,0,1,0,0,1,0,0,1,0,0,0,1,0,0,0,1,0.0534,0.1321,0
ID-002385,0,0,0,0,0.6528,1,0,1,0,0,1,0,0,0,0,1,1,0,0,0,1,0,1,0,0,0,1,0,0,0,2,0.9859,0.6455,0
ID-002386,1,1,1,1,0.0833,1,0,0,1,1,0,0,1,1,0,0,0,0,1,0,0,1,0,0,1,1,0,0,1,1,2,0.2541,0.0307,0
ID-002387,0,0,0,0,0.2917,1,0,0,1,2,0,0,1,1,0,0,1,0,0,0,0,1,0,1,0,1,0,0,1,1,3,0.5648,0.1843,0
ID-002388,1,1,1,0,0.3611,1,0,1,0,0,1,0,0,1,0,0,0,1,0,0,0,1,0,0,1,0,0,1,2,0,1,0.7411,0.2821,0
ID-002389,1,0,0,1,0.8611,1,0,1,0,2,0,0,1,0,1,0,1,0,0,0,0,1,1,0,0,0,0,1,0,1,1,0.5129,0.5061,0
ID-002390,0,1,0,0,0.3611,1,1,0,0,2,0,0,1,0,0,1,0,1,0,0,0,1,1,0,0,1,0,0,0,0,1,0.2414,0.1291,0
ID-002391,0,0,1,0,0.8056,1,1,0,0,0,0,0,1,1,0,0,0,1,0,0,1,0,0,1,0,1,0,0,2,0,1,0.6994,0.6009,0
ID-002392,1,1,1,1,0.8611,0,0,1,0,2,1,0,0,0,0,1,0,1,0,1,0,0,1,0,0,0,1,0,1,0,0,0.8631,0.7618,0
ID-002393,0,0,0,1,0.5,1,0,0,1,1,1,0,0,0,0,1,0,0,1,0,0,1,0,0,1,1,0,0,1,1,3,0.1434,0.1372,0
ID-002394,1,1,0,0,0.5139,1,0,1,0,0,0,0,1,0,0,1,0,1,0,1,0,0,0,0,1,0,1,0,0,1,0,0.6715,0.3712,0
ID-002395,1,0,1,1,0.4167,1,0,1,0,1,1,0,0,0,1,0,1,0,0,0,0,1,0,1,0,0,1,0,1,0,2,0.3206,0.1769,0
ID-002396,1,0,1,1,0.9306,1,0,1,0,2,0,1,0,0,1,0,0,0,1,1,0,0,0,1,0,0,0,1,1,0,0,0.8324,0.7991,0
ID-002397,1,0,0,1,0.5278,0,0,0,1,1,0,0,1,0,1,0,1,0,0,0,0,1,0,1,0,0,1,0,0,1,3,0.2072,0.1734,0
ID-002398,1,0,1,0,0.9722,1,1,0,0,2,0,0,1,0,1,0,0,1,0,1,0,0,0,0,1,1,0,0,1,1,0,0.1858,0.3017,0
ID-002399,0,0,1,1,0.3472,1,0,1,0,1,0,1,0,0,0,1,1,0,0,0,0,1,1,0,0,1,0,0,0,0,2,0.4443,0.1839,0
ID-002400,0,0,1,0,0.5556,1,1,0,0,1,0,0,1,0,0,1,0,0,1,0,1,0,0,1,0,1,0,0,2,1,0,0.3086,0.2303,0
ID-002401,1,0,0,1,0.9028,1,0,0,1,0,1,0,0,1,0,0,1,0,0,0,0,1,0,0,1,0,1,0,1,0,2,0.0273,0.1588,0
ID-002402,0,1,1,0,0.3889,1,0,1,0,0,0,1,0,1,0,0,0,1,0,1,0,0,1,0,0,1,0,0,2,0,0,0.4645,0.2126,0
ID-002403,1,0,1,0,0.7083,1,0,1,0,0,1,0,0,1,0,0,0,0,1,0,1,0,0,1,0,0,0,1,0,0,1,0.2132,0.2363,0
ID-002404,1,0,0,0,0.1944,1,1,0,0,2,0,1,0,1,0,0,0,0,1,0,0,1,0,0,1,0,1,0,0,0,0,0.8412,0.1684,0
ID-002405,1,1,0,1,0.9444,1,1,0,0,2,0,1,0,1,0,0,0,1,0,1,0,0,1,0,0,0,0,1,1,1,2,0.5808,0.6095,0
ID-002406,1,0,0,0,0.7639,1,1,0,0,1,0,1,0,0,0,1,0,0,1,0,0,1,0,1,0,1,0,0,2,1,3,0.559,0.4788,0
ID-002407,1,1,1,1,0.7778,0,1,0,0,0,0,0,1,0,0,1,0,1,0,0,1,0,1,0,0,0,0,1,2,0,0,0.6244,0.5307,0
ID-002408,0,1,0,0,0.9444,0,1,0,0,0,1,0,0,0,0,1,0,0,1,0,0,1,0,0,1,0,1,0,2,0,2,0.0986,0.2233,0
ID-002409,0,1,1,0,0.5139,1,1,0,0,0,0,0,1,1,0,0,1,0,0,1,0,0,1,0,0,0,1,0,2,1,0,0.9963,0.5127,0
ID-002410,0,0,1,1,0.1944,1,0,1,0,1,0,0,1,0,1,0,1,0,0,0,1,0,1,0,0,0,0,1,2,1,3,0.7294,0.15,0
ID-002411,0,1,0,0,0.8472,0,0,0,1,1,0,1,0,0,1,0,0,1,0,0,1,0,1,0,0,0,1,0,0,0,3,0.019,0.1431,0
ID-002412,0,1,1,0,0.4444,0,1,0,0,2,1,0,0,1,0,0,0,1,0,1,0,0,0,0,1,0,0,1,2,1,2,0.8495,0.3881,0
ID-002413,0,0,1,1,0.6944,1,0,0,1,1,0,0,1,1,0,0,0,0,1,0,1,0,0,1,0,0,0,1,0,1,0,0.425,0.3564,0
ID-002414,0,0,1,0,0.6806,0,0,0,1,2,1,0,0,0,1,0,0,1,0,1,0,0,0,1,0,1,0,0,0,0,2,0.3529,0.3077,0
ID-002415,0,1,0,1,0.125,1,0,0,1,2,0,0,1,0,1,0,0,1,0,0,0,1,0,1,0,0,1,0,2,0,3,0.6321,0.0861,0
ID-002416,0,0,0,0,0.8333,0,1,0,0,1,0,0,1,1,0,0,1,0,0,1,0,0,0,0,1,0,0,1,2,1,2,0.0578,0.1682,0
ID-002417,1,0,1,1,0.5417,1,1,0,0,0,0,1,0,1,0,0,0,0,1,0,0,1,0,0,1,1,0,0,1,1,3,0.0839,0.1213,0
ID-002418,0,1,0,1,0.5694,1,0,0,1,0,1,0,0,1,0,0,1,0,0,0,0,1,1,0,0,1,0,0,0,1,2,0.9793,0.5599,0
ID-002419,0,0,0,1,0.9861,0,1,0,0,0,0,0,1,0,0,1,1,0,0,1,0,0,1,0,0,0,0,1,1,1,3,0.7416,0.7709,0
ID-002420,1,1,1,1,0.9306,0,0,1,0,1,0,1,0,0,0,1,0,0,1,1,0,0,1,0,0,1,0,0,1,0,3,0.0452,0.1779,0
ID-002421,1,0,1,1,0.75,0,0,1,0,1,1,0,0,0,1,0,1,0,0,0,0,1,0,0,1,0,0,1,2,1,0,0.6943,0.5562,0
ID-002422,1,1,0,0,0.7917,0,0,0,1,2,0,1,0,0,0,1,1,0,0,0,0,1,1,0,0,0,0,1,0,0,3,0.4352,0.4132,0
ID-002423,0,1,0,1,0.0694,0,0,1,0,1,1,0,0,1,0,0,0,1,0,0,1,0,1,0,0,0,0,1,0,1,2,0.6617,0.0496,0
ID-002424,0,0,0,0,0.6528,0,0,1,0,1,1,0,0,0,0,1,0,1,0,1,0,0,1,0,0,1,0,0,2,0,2,0.9629,0.6328,0
ID-002425,0,1,0,1,0.5972,1,1,0,0,0,1,0,0,0,1,0,0,1,0,0,0,1,1,0,0,0,1,0,2,0,1,0.7327,0.4624,0
ID-002426,0,0,1,0,0.0139,0,0,0,1,1,0,0,1,0,0,1,0,0,1,1,0,0,0,1,0,0,0,1,2,0,1,0.6859,0.0102,0
ID-002427,0,1,1,1,0.75,0,1,0,0,0,1,0,0,1,0,0,0,0,1,0,1,0,0,0,1,0,0,1,1,1,2,0.817,0.6343,0
ID-002428,0,0,0,0,0.0694,1,1,0,0,1,1,0,0,0,0,1,0,0,1,1,0,0,0,1,0,1,0,0,1,1,3,0.0565,0.0139,0
ID-002429,1,1,1,0,0.5,0,0,1,0,0,1,0,0,0,1,0,1,0,0,0,0,1,0,1,0,1,0,0,0,1,3,0.5644,0.3157,0
ID-002430,1,1,1,1,0.125,1,1,0,0,0,0,1,0,0,1,0,0,0,1,0,1,0,0,1,0,0,1,0,2,0,0,0.3487,0.0561,0
ID-002431,0,0,1,0,0.25,1,1,0,0,0,1,0,0,0,1,0,0,0,1,0,1,0,0,1,0,0,0,1,1,0,0,0.2085,0.0824,0
ID-002432,0,1,0,1,0.2083,1,0,1,0,2,0,0,1,0,1,0,0,0,1,1,0,0,0,0,1,0,1,0,1,0,2,0.645,0.1458,0
ID-002433,1,0,1,1,0.6111,1,1,0,0,0,1,0,0,1,0,0,0,0,1,1,0,0,0,0,1,0,0,1,1,1,1,0.0958,0.143,0
ID-002434,1,1,0,0,0.5139,1,0,0,1,0,1,0,0,1,0,0,0,1,0,1,0,0,0,0,1,1,0,0,0,0,2,0.8272,0.439,0
ID-002435,1,1,0,1,0.0833,1,1,0,0,0,0,1,0,0,1,0,1,0,0,0,1,0,1,0,0,0,1,0,1,0,1,0.7352,0.0647,0
ID-002436,1,1,0,1,0.2778,0,0,1,0,1,0,0,1,0,0,1,1,0,0,0,0,1,1,0,0,0,0,1,0,0,0,0.4245,0.1424,0
ID-002437,0,0,0,0,0.2917,0,1,0,0,0,1,0,0,0,0,1,0,1,0,0,1,0,1,0,0,0,1,0,1,0,1,0.8552,0.2561,0
ID-002438,0,1,1,0,0.6667,1,0,0,1,1,1,0,0,0,1,0,0,1,0,0,0,1,0,0,1,0,1,0,0,1,2,0.8664,0.5917,0
ID-002439,1,1,1,1,0.0278,1,0,0,1,1,0,1,0,0,0,1,0,1,0,1,0,0,0,1,0,0,1,0,1,0,3,0.2639,0.0105,0
ID-002440,0,0,0,0,0.9306,1,0,1,0,0,0,1,0,1,0,0,0,1,0,0,1,0,0,0,1,0,1,0,0,1,2,0.9234,0.8709,0
ID-002441,1,0,1,0,0.9028,1,0,0,1,2,0,0,1,0,0,1,0,0,1,0,1,0,0,0,1,0,0,1,1,0,1,0.3021,0.3692,0
ID-002442,0,0,0,1,0.1528,1,0,1,0,2,0,0,1,0,0,1,1,0,0,0,1,0,1,0,0,0,1,0,0,0,0,0.9054,0.1406,0
ID-002443,1,1,1,0,0.1389,1,0,1,0,0,0,0,1,0,1,0,0,1,0,0,0,1,0,0,1,1,0,0,0,1,3,0.8417,0.1204,0
ID-002444,0,1,0,1,0.125,1,0,0,1,1,0,1,0,1,0,0,0,1,0,1,0,0,0,0,1,0,0,1,0,0,3,0.2087,0.0412,0
ID-002445,1,0,0,0,0.1389,1,0,1,0,1,0,0,1,0,1,0,0,1,0,0,0,1,0,1,0,0,0,1,1,0,0,0.064,0.0288,0
ID-002446,1,1,0,0,0.2639,0,1,0,0,2,1,0,0,1,0,0,0,0,1,1,0,0,1,0,0,0,1,0,1,0,2,0.4819,0.1482,0
ID-002447,0,1,0,1,0.0139,0,0,0,1,1,0,0,1,0,0,1,0,0,1,0,0,1,1,0,0,0,1,0,2,0,2,0.8376,0.012,0
ID-002448,1,1,0,1,0.4583,1,1,0,0,0,0,0,1,0,1,0,1,0,0,0,1,0,1,0,0,0,0,1,0,1,3,0.88,0.4121,0
ID-002449,1,1,0,0,0.5833,0,0,1,0,1,1,0,0,0,0,1,1,0,0,0,1,0,1,0,0,1,0,0,2,1,2,0.3541,0.2643,0
ID-002450,1,0,0,1,0.25,1,1,0,0,2,0,1,0,1,0,0,0,0,1,0,0,1,0,0,1,1,0,0,0,0,2,0.7488,0.197,0
ID-002451,1,1,1,0,0.7778,1,0,1,0,1,1,0,0,0,0,1,0,0,1,0,1,0,1,0,0,0,0,1,0,1,3,0.0429,0.1471,0
ID-002452,0,1,0,1,0.9444,1,0,0,1,0,0,0,1,1,0,0,1,0,0,1,0,0,0,0,1,0,1,0,2,1,2,0.0777,0.2065,0
ID-002453,1,1,1,1,0.4444,0,1,0,0,2,0,1,0,0,0,1,1,0,0,1,0,0,0,1,0,0,0,1,2,1,0,0.1214,0.1137,0
ID-002454,1,1,0,0,0.7917,0,1,0,0,2,0,0,1,0,0,1,1,0,0,1,0,0,1,0,0,0,1,0,1,0,3,0.9128,0.7338,0
ID-002455,1,0,1,0,0.2222,1,1,0,0,2,0,1,0,0,0,1,0,0,1,0,1,0,0,1,0,1,0,0,0,0,1,0.6882,0.1637,0
ID-002456,1,1,0,0,0.6389,1,0,0,1,0,0,0,1,0,1,0,0,1,0,0,0,1,0,1,0,1,0,0,2,0,2,0.6223,0.4348,0
ID-002457,1,0,1,1,0.8194,0,1,0,0,2,0,1,0,0,0,1,0,1,0,1,0,0,0,1,0,0,0,1,0,1,1,0.6282,0.5618,0
ID-002458,1,1,1,1,0.625,0,0,0,1,2,1,0,0,0,1,0,0,1,0,1,0,0,1,0,0,0,0,1,1,1,2,0.4909,0.3557,0
ID-002459,1,1,0,1,0.2083,0,1,0,0,0,1,0,0,0,0,1,0,1,0,1,0,0,0,1,0,0,1,0,1,1,3,0.3914,0.101,0
ID-002460,1,0,1,0,0.9028,0,1,0,0,2,0,0,1,0,1,0,1,0,0,0,0,1,1,0,0,0,1,0,2,0,3,0.4882,0.5117,0
ID-002461,0,0,1,0,0.3611,1,0,1,0,2,0,0,1,0,1,0,1,0,0,1,0,0,1,0,0,0,0,1,1,0,1,0.8225,0.3071,0
ID-002462,1,1,0,1,1.0,1,0,0,1,1,0,0,1,0,0,1,1,0,0,0,1,0,0,0,1,0,0,1,2,0,0,0.2314,0.349,0
ID-002463,1,1,0,1,0.6806,0,1,0,0,1,0,0,1,0,1,0,0,0,1,1,0,0,0,0,1,0,0,1,0,1,2,0.2759,0.2632,0
ID-002464,1,0,0,0,0.8333,0,1,0,0,2,0,1,0,0,1,0,0,0,1,0,1,0,1,0,0,0,0,1,0,1,2,0.0147,0.1377,0
ID-002465,1,1,1,0,0.8611,0,0,1,0,1,0,1,0,0,0,1,0,1,0,0,0,1,1,0,0,0,1,0,1,1,2,0.3284,0.3714,0
ID-002466,1,1,1,0,0.5556,0,0,1,0,2,0,1,0,1,0,0,0,1,0,1,0,0,1,0,0,0,1,0,0,0,3,0.2237,0.1903,0
ID-002467,1,0,0,1,0.6111,1,1,0,0,0,0,1,0,1,0,0,0,1,0,0,1,0,0,1,0,0,0,1,0,0,2,0.0134,0.1003,0
ID-002468,0,0,0,0,0.0694,1,0,1,0,2,1,0,0,1,0,0,0,0,1,0,0,1,0,1,0,1,0,0,2,0,3,0.9777,0.0682,0
ID-002469,1,0,1,0,0.3889,1,0,1,0,0,0,1,0,1,0,0,0,1,0,1,0,0,1,0,0,0,1,0,1,1,3,0.511,0.2279,0
ID-002470,1,0,0,1,0.1389,0,0,0,1,2,0,1,0,0,0,1,1,0,0,0,0,1,0,1,0,0,0,1,0,0,3,0.1486,0.0387,0
ID-002471,1,1,0,1,0.5,1,0,0,1,1,0,0,1,1,0,0,0,0,1,0,0,1,1,0,0,1,0,0,1,1,2,0.8698,0.4452,0
ID-002472,1,1,0,1,0.0556,1,0,0,1,1,0,0,1,0,0,1,0,0,1,1,0,0,1,0,0,0,1,0,0,1,1,0.7542,0.044,0
ID-002473,1,0,1,1,0.3472,1,0,0,1,0,1,0,0,0,1,0,0,1,0,1,0,0,0,1,0,0,0,1,2,1,3,0.0077,0.0553,0
ID-002474,0,0,0,0,0.0278,0,0,0,1,1,1,0,0,0,1,0,1,0,0,0,0,1,0,1,0,1,0,0,0,1,3,0.2585,0.0103,0
ID-002475,0,1,1,0,0.5556,1,1,0,0,2,1,0,0,0,1,0,0,0,1,0,1,0,0,0,1,0,0,1,0,1,1,0.4766,0.3094,0
ID-002476,1,1,0,0,0.0694,1,0,0,1,0,1,0,0,1,0,0,0,1,0,0,0,1,0,0,1,1,0,0,0,1,0,0.5643,0.0438,0
ID-002477,0,0,0,0,1.0,1,0,0,1,0,0,0,1,0,1,0,1,0,0,0,0,1,0,0,1,1,0,0,0,1,3,0.5071,0.5828,0
ID-002478,1,0,0,1,0.7083,0,0,0,1,2,1,0,0,0,1,0,0,0,1,0,0,1,1,0,0,1,0,0,1,1,3,0.8537,0.621,0
ID-002479,1,0,0,1,0.9583,0,0,0,1,1,0,1,0,0,1,0,0,1,0,0,1,0,0,0,1,0,1,0,2,1,2,0.7763,0.7774,0
ID-002480,0,1,0,0,0.9861,1,1,0,0,0,0,1,0,0,1,0,1,0,0,1,0,0,1,0,0,0,0,1,1,0,1,0.725,0.757,0
ID-002481,1,0,0,0,0.6806,0,1,0,0,2,1,0,0,0,0,1,0,0,1,0,0,1,1,0,0,0,0,1,2,0,1,0.0598,0.1385,0
ID-002482,1,0,0,1,0.0417,0,0,0,1,2,1,0,0,0,1,0,0,1,0,1,0,0,0,0,1,0,0,1,2,0,0,0.5313,0.0251,0
ID-002483,0,1,1,1,0.5,0,0,1,0,0,0,1,0,1,0,0,0,1,0,0,1,0,1,0,0,0,0,1,1,0,1,0.9932,0.4975,0
ID-002484,0,0,1,1,0.4722,0,0,0,1,2,1,0,0,0,1,0,0,0,1,0,1,0,1,0,0,0,0,1,2,0,3,0.4805,0.2646,0
ID-002485,1,1,0,0,0.7639,0,0,1,0,2,1,0,0,1,0,0,1,0,0,1,0,0,1,0,0,1,0,0,0,1,3,0.1348,0.2041,0
ID-002486,0,0,0,0,0.9028,0,0,1,0,1,1,0,0,0,0,1,1,0,0,1,0,0,1,0,0,0,1,0,2,1,0,0.6623,0.645,0
ID-002487,0,1,0,1,0.8194,0,0,0,1,2,0,1,0,1,0,0,1,0,0,0,1,0,0,1,0,0,0,1,0,0,1,0.1619,0.2377,0
ID-002488,1,0,1,1,0.9861,0,0,1,0,2,1,0,0,0,0,1,1,0,0,1,0,0,0,0,1,0,0,1,2,0,1,0.4072,0.4912,0
ID-002489,1,0,1,0,1.0,0,1,0,0,1,1,0,0,0,0,1,0,0,1,0,1,0,0,0,1,1,0,0,0,0,0,0.4123,0.5025,0
ID-002490,0,0,0,1,0.5417,0,0,1,0,0,1,0,0,0,1,0,0,1,0,0,0,1,0,1,0,0,1,0,1,0,2,0.8325,0.4652,0
ID-002491,0,0,0,1,0.6806,1,0,1,0,2,0,0,1,0,1,0,1,0,0,1,0,0,1,0,0,0,0,1,2,0,2,0.6368,0.4715,0
ID-002492,1,0,1,1,0.5972,0,0,0,1,1,1,0,0,0,1,0,0,0,1,0,0,1,1,0,0,0,0,1,1,1,0,0.943,0.5689,0
ID-002493,0,1,1,1,0.5556,0,0,1,0,2,0,1,0,1,0,0,1,0,0,1,0,0,1,0,0,0,0,1,0,1,3,0.1809,0.1701,0
ID-002494,0,0,1,0,0.0972,1,0,1,0,0,1,0,0,0,1,0,0,0,1,0,1,0,1,0,0,0,1,0,0,0,2,0.6273,0.0666,0
ID-002495,0,1,1,0,0.3056,0,0,0,1,1,1,0,0,0,1,0,1,0,0,0,0,1,0,0,1,1,0,0,0,0,1,0.1476,0.0849,0
ID-002496,0,0,1,0,0.5,1,0,1,0,0,1,0,0,0,0,1,0,0,1,1,0,0,0,1,0,0,0,1,2,0,2,0.4991,0.288,0
ID-002497,0,1,1,1,0.625,0,0,0,1,2,0,0,1,1,0,0,1,0,0,0,1,0,0,0,1,0,0,1,0,1,0,0.5996,0.4133,0
ID-002498,1,0,1,1,0.1667,0,1,0,0,0,1,0,0,1,0,0,0,0,1,1,0,0,0,1,0,0,1,0,2,1,2,0.3994,0.0819,0
ID-002499,0,1,1,0,0.6111,0,1,0,0,2,1,0,0,0,0,1,0,0,1,1,0,0,0,0,1,1,0,0,2,0,1,0.6792,0.4454,0
ID-002500,1,0,0,0,0.9028,1,0,1,0,2,0,0,1,0,0,1,1,0,0,0,0,1,1,0,0,1,0,0,0,1,1,0.2111,0.2995,0
ID-002501,1,0,1,0,0.1111,0,0,0,1,1,0,0,1,1,0,0,0,1,0,0,1,0,1,0,0,0,0,1,2,1,0,0.3793,0.0527,0
ID-002502,1,1,0,1,0.5972,0,0,0,1,1,1,0,0,1,0,0,0,1,0,0,0,1,0,1,0,0,1,0,1,1,2,0.6434,0.4171,0
ID-002503,1,0,0,1,0.4861,1,0,0,1,2,0,0,1,1,0,0,0,0,1,0,0,1,1,0,0,0,1,0,1,0,2,0.0558,0.0973,0
ID-002504,1,0,1,1,0.5694,1,0,0,1,2,0,1,0,0,1,0,1,0,0,1,0,0,0,0,1,0,1,0,0,1,2,0.6195,0.3862,0
ID-002505,1,1,0,1,0.4444,0,0,1,0,1,0,1,0,1,0,0,0,1,0,0,0,1,1,0,0,0,0,1,2,1,3,0.2626,0.1669,0
ID-002506,0,1,1,0,0.2222,1,0,1,0,1,1,0,0,1,0,0,0,1,0,0,1,0,1,0,0,0,0,1,2,1,2,0.3848,0.1065,0
ID-002507,1,1,0,0,0.8611,0,0,1,0,0,0,0,1,0,1,0,0,0,1,0,0,1,0,0,1,1,0,0,0,0,0,0.04,0.1608,0
ID-002508,1,0,0,0,0.9167,1,0,0,1,2,1,0,0,0,1,0,0,0,1,0,0,1,0,1,0,0,1,0,1,0,0,0.3005,0.3736,0
ID-002509,1,1,0,0,0.5556,0,0,1,0,1,0,0,1,1,0,0,0,0,1,0,1,0,0,1,0,0,1,0,0,0,1,0.6034,0.3692,0
ID-002510,0,1,0,0,0.125,1,0,0,1,1,0,0,1,0,1,0,1,0,0,1,0,0,1,0,0,0,0,1,0,1,0,0.7931,0.1032,0
ID-002511,1,1,0,0,0.0278,0,0,0,1,0,1,0,0,0,1,0,0,1,0,1,0,0,0,1,0,0,0,1,0,0,1,0.8019,0.0231,0
ID-002512,0,0,1,1,0.9028,0,0,1,0,1,1,0,0,0,0,1,0,1,0,0,1,0,0,0,1,0,0,1,1,1,3,0.8977,0.8252,0
ID-002513,1,0,0,0,0.5,0,0,1,0,2,0,1,0,0,0,1,1,0,0,0,1,0,0,0,1,1,0,0,0,0,1,0.6756,0.3629,0
ID-002514,1,0,0,0,0.0417,0,0,0,1,0,1,0,0,0,1,0,0,0,1,0,0,1,0,0,1,1,0,0,2,0,2,0.4445,0.0221,0
ID-002515,1,1,1,1,0.6806,0,1,0,0,0,0,1,0,1,0,0,1,0,0,0,1,0,0,0,1,0,0,1,1,0,0,0.1758,0.2054,0
ID-002516,1,1,1,1,0.7778,1,0,1,0,2,0,0,1,0,0,1,1,0,0,1,0,0,0,1,0,0,1,0,1,0,0,0.0587,0.1576,0
ID-002517,0,1,1,0,0.4861,0,0,0,1,1,0,0,1,1,0,0,0,1,0,0,1,0,0,0,1,1,0,0,0,0,1,0.2778,0.1888,0
ID-002518,1,0,0,0,0.4722,0,1,0,0,1,0,0,1,1,0,0,1,0,0,1,0,0,1,0,0,0,0,1,1,0,3,0.995,0.4706,0
ID-002519,0,1,0,1,0.3333,1,1,0,0,2,1,0,0,0,0,1,1,0,0,0,0,1,0,1,0,0,0,1,0,1,1,0.7252,0.2559,0
ID-002520,0,0,1,0,0.0833,0,0,0,1,2,1,0,0,0,1,0,1,0,0,1,0,0,0,1,0,1,0,0,0,1,2,0.6121,0.056,0
ID-002521,1,0,0,1,0.3611,0,0,1,0,0,0,1,0,0,1,0,0,0,1,0,0,1,1,0,0,0,1,0,1,1,3,0.7761,0.2929,0
ID-002522,0,0,0,1,0.1944,1,1,0,0,1,0,1,0,1,0,0,0,0,1,0,1,0,1,0,0,0,1,0,0,0,3,0.8588,0.1713,0
ID-002523,1,1,0,0,0.7778,1,0,0,1,0,1,0,0,0,0,1,0,1,0,0,0,1,1,0,0,1,0,0,2,0,0,0.6089,0.5205,0
ID-002524,1,0,0,0,0.2639,0,1,0,0,0,0,0,1,0,0,1,0,0,1,0,1,0,1,0,0,0,1,0,1,0,3,0.1495,0.0738,0
ID-002525,0,0,0,0,0.9306,1,0,0,1,2,0,1,0,0,1,0,0,0,1,0,0,1,1,0,0,0,1,0,1,0,3,0.7409,0.7269,0
ID-002526,1,0,1,0,0.5833,0,0,1,0,0,0,0,1,0,1,0,0,1,0,1,0,0,1,0,0,1,0,0,2,1,2,0.5905,0.3812,0
ID-002527,1,1,0,0,0.0278,1,0,0,1,2,1,0,0,0,1,0,1,0,0,1,0,0,0,1,0,0,0,1,1,1,1,0.5358,0.0169,0
ID-002528,1,1,1,1,0.1806,1,0,0,1,0,0,1,0,1,0,0,0,1,0,0,0,1,0,0,1,0,1,0,2,1,3,0.3737,0.0848,0
ID-002529,1,1,0,0,0.0278,0,0,0,1,1,0,1,0,1,0,0,0,0,1,0,0,1,0,1,0,1,0,0,0,1,2,0.0262,0.0049,0
ID-002530,1,0,1,0,0.2639,1,0,1,0,0,0,0,1,1,0,0,0,0,1,0,1,0,0,0,1,1,0,0,2,1,2,0.4945,0.151,0
ID-002531,0,1,1,1,0.5417,0,1,0,0,0,0,1,0,0,0,1,1,0,0,0,1,0,0,1,0,1,0,0,1,1,0,0.8603,0.4779,0
ID-002532,0,0,0,1,0.5972,0,0,0,1,0,1,0,0,1,0,0,0,0,1,0,0,1,0,0,1,0,0,1,1,0,1,0.7405,0.4663,0
ID-002533,1,0,1,0,0.5,1,0,0,1,0,1,0,0,0,1,0,1,0,0,1,0,0,0,0,1,0,0,1,2,0,1,0.9987,0.4999,0
ID-002534,0,1,0,1,0.2639,0,0,0,1,1,0,0,1,0,1,0,0,1,0,1,0,0,0,1,0,0,0,1,2,1,0,0.6864,0.1939,0
ID-002535,0,0,1,0,0.0139,1,0,1,0,1,1,0,0,0,0,1,1,0,0,0,1,0,0,0,1,1,0,0,2,0,1,0.1362,0.0037,0
ID-002536,0,1,0,1,0.75,0,1,0,0,0,0,1,0,0,1,0,0,1,0,0,0,1,0,0,1,0,1,0,0,1,2,0.5063,0.4366,0
ID-002537,1,1,1,1,0.5972,0,1,0,0,2,0,1,0,0,1,0,1,0,0,1,0,0,0,1,0,0,0,1,0,0,1,0.4773,0.333,0
ID-002538,0,0,1,1,0.2083,0,0,1,0,1,0,0,1,0,1,0,0,1,0,0,0,1,0,1,0,0,0,1,1,0,3,0.4628,0.1136,0
ID-002539,1,1,1,1,0.5694,0,0,1,0,2,1,0,0,0,0,1,1,0,0,0,0,1,1,0,0,1,0,0,2,1,2,0.9433,0.5425,0
ID-002540,1,1,1,0,0.9167,1,1,0,0,0,1,0,0,0,0,1,1,0,0,0,0,1,0,1,0,0,0,1,0,0,0,0.1707,0.2727,0
ID-002541,0,1,1,0,0.75,1,0,0,1,2,1,0,0,1,0,0,0,0,1,0,1,0,0,0,1,0,1,0,1,1,1,0.8768,0.6723,0
ID-002542,0,0,1,1,0.1389,0,0,1,0,2,0,0,1,1,0,0,0,0,1,0,1,0,0,1,0,1,0,0,0,0,3,0.9722,0.1357,0
ID-002543,0,0,0,1,0.8472,1,1,0,0,0,0,0,1,0,0,1,1,0,0,0,1,0,0,0,1,0,1,0,2,0,1,0.9251,0.7941,0
ID-002544,1,0,1,1,0.8889,0,1,0,0,1,0,0,1,0,0,1,1,0,0,0,1,0,0,0,1,1,0,0,1,0,2,0.1843,0.2747,0
ID-002545,0,0,1,1,0.5833,1,0,0,1,0,0,1,0,1,0,0,1,0,0,1,0,0,0,0,1,1,0,0,0,0,0,0.1137,0.1454,0
ID-002546,0,0,0,1,0.3611,0,1,0,0,2,0,1,0,1,0,0,0,0,1,0,0,1,0,1,0,0,0,1,2,1,1,0.5179,0.2138,0
ID-002547,0,0,0,1,0.125,0,0,0,1,1,0,0,1,1,0,0,0,1,0,0,1,0,0,1,0,1,0,0,2,1,0,0.3811,0.0595,0
ID-002548,0,0,0,1,0.6389,0,0,0,1,1,0,1,0,0,1,0,0,1,0,1,0,0,0,1,0,0,0,1,2,1,3,0.3766,0.3017,0
ID-002549,1,1,1,0,0.0417,1,0,1,0,0,1,0,0,0,1,0,0,1,0,1,0,0,0,0,1,0,1,0,2,0,2,0.5254,0.0249,0
ID-002550,0,0,1,1,0.4583,1,1,0,0,0,0,0,1,1,0,0,1,0,0,1,0,0,0,1,0,0,0,1,0,1,0,0.7822,0.3741,0
ID-002551,0,0,1,0,0.8889,0,1,0,0,1,0,0,1,0,0,1,1,0,0,0,1,0,0,1,0,0,0,1,0,1,0,0.0547,0.1771,0
ID-002552,0,0,1,1,0.9306,1,0,1,0,2,1,0,0,1,0,0,0,0,1,0,0,1,1,0,0,1,0,0,1,1,1,0.8484,0.8117,0
ID-002553,1,0,0,1,0.0972,0,0,1,0,1,0,1,0,0,0,1,0,1,0,0,1,0,1,0,0,1,0,0,2,1,0,0.131,0.0257,0
ID-002554,1,1,1,1,0.9444,0,0,1,0,1,1,0,0,0,1,0,1,0,0,0,1,0,1,0,0,0,1,0,2,1,0,0.3175,0.3986,0
ID-002555,1,0,0,1,0.6111,0,0,1,0,2,1,0,0,0,0,1,0,1,0,0,1,0,0,1,0,0,0,1,2,1,0,0.2252,0.2101,0
ID-002556,1,0,1,0,0.375,1,0,1,0,1,1,0,0,0,0,1,1,0,0,0,1,0,0,0,1,0,1,0,1,1,3,0.6626,0.268,0
ID-002557,1,1,0,1,0.875,1,1,0,0,0,0,1,0,0,0,1,0,0,1,1,0,0,0,1,0,0,1,0,0,0,0,0.1427,0.2396,0
ID-002558,0,0,0,1,0.1944,1,1,0,0,0,1,0,0,1,0,0,0,1,0,1,0,0,0,1,0,0,1,0,1,1,2,0.9549,0.1872,0
ID-002559,1,1,0,1,0.1667,1,0,0,1,2,1,0,0,0,1,0,1,0,0,1,0,0,0,1,0,0,0,1,0,0,3,0.2069,0.0547,0
ID-002560,1,0,0,1,0.7361,0,1,0,0,1,0,1,0,0,1,0,0,0,1,0,1,0,0,0,1,1,0,0,2,1,0,0.3374,0.3231,0
ID-002561,0,0,0,0,0.0417,0,0,1,0,2,0,0,1,1,0,0,1,0,0,0,0,1,0,1,0,0,0,1,0,0,3,0.7955,0.0345,0
ID-002562,1,0,0,0,0.6389,0,0,0,1,0,0,0,1,0,0,1,0,0,1,1,0,0,1,0,0,0,0,1,1,1,0,0.0053,0.1005,0
ID-002563,1,0,1,1,0.1667,1,0,1,0,1,1,0,0,0,1,0,0,0,1,0,0,1,0,0,1,0,0,1,0,0,0,0.5021,0.0964,0
ID-002564,1,1,0,1,0.1944,1,1,0,0,1,1,0,0,0,0,1,1,0,0,0,1,0,1,0,0,1,0,0,0,0,1,0.8518,0.1702,0
ID-002565,0,0,0,0,0.25,0,0,0,1,0,0,0,1,0,0,1,0,0,1,1,0,0,0,1,0,0,1,0,0,1,2,0.6737,0.181,0
ID-002566,1,0,0,0,0.9861,1,1,0,0,1,1,0,0,1,0,0,0,1,0,1,0,0,1,0,0,0,1,0,2,0,0,0.9793,0.9696,0
ID-002567,1,1,0,0,0.7778,0,0,1,0,0,0,1,0,0,1,0,0,1,0,0,0,1,0,0,1,0,1,0,1,0,2,0.9379,0.7375,0
ID-002568,0,0,0,1,0.8333,0,0,1,0,1,0,0,1,0,1,0,0,1,0,0,0,1,0,1,0,0,0,1,2,1,2,0.1958,0.2657,0
ID-002569,0,1,0,0,0.5694,1,0,1,0,2,1,0,0,0,1,0,1,0,0,1,0,0,0,1,0,1,0,0,0,0,0,0.0566,0.1143,0
ID-002570,0,0,1,1,0.2917,0,0,0,1,2,1,0,0,1,0,0,0,1,0,0,1,0,0,0,1,0,1,0,2,0,2,0.1735,0.0875,0
ID-002571,1,0,0,1,0.1111,0,0,0,1,2,1,0,0,0,0,1,1,0,0,0,0,1,0,1,0,0,0,1,0,0,1,0.4918,0.0633,0
ID-002572,0,0,1,1,0.3611,0,0,0,1,0,1,0,0,1,0,0,0,1,0,0,1,0,0,1,0,1,0,0,1,0,2,0.2113,0.1199,0
ID-002573,0,1,0,0,0.7222,0,0,1,0,1,0,1,0,0,0,1,1,0,0,1,0,0,0,1,0,0,0,1,2,1,2,0.8369,0.6229,0
ID-002574,1,1,0,1,0.4306,1,0,0,1,1,0,1,0,0,1,0,0,1,0,0,0,1,1,0,0,0,0,1,1,1,2,0.7944,0.3559,0
ID-002575,0,1,1,1,0.4167,1,0,1,0,0,0,0,1,0,0,1,1,0,0,1,0,0,0,0,1,0,1,0,2,1,0,0.5288,0.2505,0
ID-002576,1,1,1,1,0.6111,0,1,0,0,2,0,1,0,0,0,1,0,0,1,0,0,1,0,1,0,0,1,0,0,0,0,0.1857,0.1896,0
ID-002577,0,1,1,1,0.1806,1,0,0,1,2,1,0,0,0,1,0,1,0,0,0,1,0,0,0,1,1,0,0,0,0,3,0.7377,0.1405,0
ID-002578,0,1,1,0,0.5139,1,1,0,0,2,0,0,1,1,0,0,1,0,0,1,0,0,0,1,0,0,0,1,2,0,1,0.9718,0.502,0
ID-002579,0,1,0,0,0.1944,0,0,0,1,1,0,0,1,1,0,0,0,0,1,0,1,0,0,0,1,1,0,0,0,0,1,0.7718,0.157,0
ID-002580,0,0,0,1,0.2917,1,0,0,1,0,0,0,1,0,1,0,0,0,1,0,0,1,0,1,0,1,0,0,1,0,2,0.7161,0.2217,0
ID-002581,1,1,1,1,0.1806,0,1,0,0,0,0,0,1,0,1,0,0,1,0,0,0,1,0,0,1,1,0,0,1,1,3,0.9241,0.1691,0
ID-002582,1,0,0,1,0.0556,1,0,0,1,1,0,1,0,0,1,0,1,0,0,0,0,1,0,1,0,1,0,0,1,1,3,0.9328,0.0524,0
ID-002583,1,1,1,0,0.4306,1,0,1,0,1,0,0,1,1,0,0,0,0,1,0,1,0,1,0,0,0,0,1,2,1,3,0.5342,0.2608,0
ID-002584,0,1,0,1,0.2083,1,1,0,0,2,1,0,0,1,0,0,0,0,1,1,0,0,0,1,0,0,0,1,1,0,0,0.0653,0.0434,0
ID-002585,0,1,0,0,0.4861,1,0,1,0,0,0,1,0,1,0,0,0,0,1,0,0,1,1,0,0,0,0,1,0,0,3,0.8249,0.4144,0
ID-002586,1,1,1,1,0.4028,1,0,1,0,1,0,0,1,0,0,1,1,0,0,1,0,0,0,0,1,0,0,1,0,0,2,0.4734,0.2233,0
ID-002587,1,1,1,1,0.7639,1,1,0,0,1,1,0,0,0,0,1,0,1,0,0,0,1,0,0,1,0,1,0,1,1,3,0.0097,0.123,0
ID-002588,0,0,0,1,0.3611,1,1,0,0,0,0,1,0,0,0,1,0,1,0,0,0,1,0,1,0,0,1,0,1,1,1,0.2623,0.1355,0
ID-002589,0,1,1,1,0.3472,1,0,0,1,0,0,0,1,0,1,0,1,0,0,0,0,1,0,1,0,0,0,1,0,0,2,0.5202,0.2062,0
ID-002590,0,0,0,1,0.8611,1,0,1,0,0,1,0,0,0,0,1,0,1,0,0,0,1,0,1,0,0,0,1,1,1,0,0.4124,0.4327,0
ID-002591,1,1,1,1,0.6389,1,0,1,0,2,1,0,0,1,0,0,0,1,0,1,0,0,0,1,0,0,0,1,0,1,2,0.3454,0.2848,0
ID-002592,0,1,1,1,0.125,0,1,0,0,0,0,1,0,1,0,0,0,1,0,1,0,0,0,0,1,0,0,1,1,1,0,0.9141,0.116,0
ID-002593,1,1,0,1,0.5972,1,0,0,1,0,0,0,1,0,1,0,1,0,0,0,0,1,0,0,1,0,1,0,2,0,1,0.6949,0.4432,0
ID-002594,1,1,1,0,0.0972,0,0,0,1,1,0,1,0,0,0,1,1,0,0,0,1,0,1,0,0,0,0,1,2,1,1,0.7772,0.0789,0
ID-002595,0,1,1,1,0.3056,0,1,0,0,0,0,1,0,0,1,0,0,1,0,0,0,1,1,0,0,1,0,0,2,1,0,0.0426,0.0577,0
ID-002596,1,1,1,1,0.4861,1,1,0,0,1,1,0,0,0,1,0,0,1,0,0,1,0,0,0,1,0,1,0,1,1,2,0.3857,0.2333,0
ID-002597,0,0,1,0,0.9722,0,0,0,1,2,1,0,0,0,1,0,0,1,0,1,0,0,1,0,0,1,0,0,0,0,1,0.4464,0.5166,0
ID-002598,0,0,0,0,0.5833,0,1,0,0,2,0,0,1,1,0,0,0,0,1,0,0,1,1,0,0,0,0,1,0,0,3,0.6407,0.4061,0
ID-002599,0,1,1,0,0.4306,0,0,1,0,1,1,0,0,1,0,0,1,0,0,0,0,1,1,0,0,0,0,1,1,1,2,0.6756,0.3125,0
ID-002600,1,1,0,0,0.5972,1,0,1,0,0,1,0,0,0,1,0,1,0,0,0,1,0,1,0,0,1,0,0,1,1,1,0.5052,0.3471,0
ID-002601,1,0,1,0,0.6111,1,0,0,1,1,0,0,1,0,0,1,0,0,1,0,1,0,1,0,0,0,1,0,2,1,1,0.8327,0.525,0
ID-002602,1,1,1,1,0.7778,1,1,0,0,2,1,0,0,1,0,0,0,1,0,0,0,1,0,1,0,1,0,0,2,1,3,0.7209,0.5944,0
ID-002603,0,0,0,1,0.5556,0,0,0,1,0,0,0,1,0,1,0,0,0,1,0,1,0,0,0,1,0,1,0,0,1,2,0.319,0.2352,0
ID-002604,0,1,1,0,0.0556,1,0,1,0,1,1,0,0,1,0,0,1,0,0,1,0,0,1,0,0,1,0,0,1,0,1,0.1664,0.0163,0
ID-002605,0,0,0,0,0.2639,1,1,0,0,1,1,0,0,0,1,0,0,0,1,0,0,1,0,0,1,1,0,0,0,1,3,0.5553,0.1646,0
ID-002606,0,0,0,1,0.0,0,0,1,0,2,1,0,0,1,0,0,1,0,0,0,1,0,0,0,1,0,1,0,1,0,2,0.7789,0.0,0
ID-002607,1,0,0,1,0.6667,1,0,0,1,1,0,0,1,1,0,0,1,0,0,1,0,0,1,0,0,1,0,0,1,0,0,0.6009,0.4416,0
ID-002608,1,1,1,0,0.6806,1,0,1,0,0,0,0,1,0,1,0,0,0,1,1,0,0,0,0,1,0,0,1,2,0,3,0.5567,0.4253,0
ID-002609,1,1,0,1,0.6667,0,0,1,0,1,0,0,1,0,1,0,0,1,0,1,0,0,0,1,0,1,0,0,2,0,2,0.726,0.5123,0
ID-002610,0,0,1,0,0.5833,1,0,1,0,2,0,0,1,0,0,1,0,0,1,0,1,0,0,1,0,0,0,1,2,0,2,0.1052,0.1412,0
ID-002611,1,0,1,0,0.375,0,1,0,0,1,0,0,1,0,0,1,0,0,1,0,1,0,0,1,0,1,0,0,0,0,3,0.944,0.3575,0
ID-002612,0,0,1,1,0.6806,0,0,0,1,2,1,0,0,1,0,0,1,0,0,0,0,1,0,1,0,1,0,0,2,1,2,0.7817,0.5552,0
ID-002613,1,0,0,0,0.1806,0,1,0,0,1,1,0,0,0,0,1,1,0,0,0,0,1,0,0,1,0,0,1,2,1,1,0.9651,0.1754,0
ID-002614,0,0,0,1,0.2222,0,1,0,0,1,1,0,0,1,0,0,0,0,1,0,1,0,0,1,0,0,1,0,2,0,2,0.2713,0.0851,0
ID-002615,0,1,1,1,0.4583,0,0,0,1,1,1,0,0,0,0,1,1,0,0,0,1,0,0,1,0,0,0,1,1,0,3,0.6701,0.3305,0
ID-002616,0,0,0,0,0.4722,1,0,0,1,2,1,0,0,0,1,0,0,0,1,0,0,1,0,1,0,1,0,0,2,1,2,0.7666,0.3792,0
ID-002617,0,1,0,1,0.0833,0,0,1,0,1,0,1,0,1,0,0,1,0,0,1,0,0,1,0,0,0,0,1,0,0,3,0.6871,0.0613,0
ID-002618,0,0,0,0,0.1111,1,1,0,0,1,0,1,0,0,0,1,0,1,0,0,0,1,0,1,0,1,0,0,1,1,1,0.0608,0.0227,0
ID-002619,1,0,0,0,0.7917,1,0,0,1,2,0,0,1,0,0,1,0,0,1,1,0,0,0,0,1,1,0,0,1,0,0,0.5462,0.4876,0
ID-002620,1,0,0,0,0.8333,0,0,0,1,1,0,0,1,1,0,0,0,0,1,1,0,0,0,1,0,0,1,0,1,0,0,0.3582,0.3805,0
ID-002621,0,1,1,0,0.9167,1,0,1,0,0,1,0,0,0,1,0,0,0,1,0,1,0,0,1,0,0,1,0,0,1,3,0.4033,0.4536,0
ID-002622,0,1,1,0,0.2222,0,1,0,0,1,1,0,0,0,0,1,1,0,0,1,0,0,0,1,0,1,0,0,0,0,2,0.303,0.0911,0
ID-002623,0,1,0,1,0.4722,1,0,1,0,0,1,0,0,1,0,0,0,1,0,0,1,0,0,0,1,0,0,1,0,1,1,0.964,0.4582,0
ID-002624,1,0,1,1,0.9306,1,1,0,0,2,1,0,0,1,0,0,0,1,0,1,0,0,0,0,1,1,0,0,1,0,3,0.6158,0.6281,0
ID-002625,1,0,1,1,0.0694,0,0,1,0,1,0,1,0,1,0,0,0,1,0,1,0,0,0,0,1,1,0,0,1,0,1,0.0382,0.0129,0
ID-002626,1,0,0,0,0.8194,1,0,1,0,2,0,1,0,1,0,0,1,0,0,0,0,1,1,0,0,0,1,0,0,1,2,0.4232,0.4193,0
ID-002627,0,0,0,1,0.4444,0,0,1,0,0,1,0,0,1,0,0,0,1,0,0,1,0,0,1,0,0,1,0,2,0,0,0.7966,0.3682,0
ID-002628,0,1,1,1,0.8611,0,0,0,1,1,1,0,0,0,0,1,1,0,0,1,0,0,1,0,0,0,0,1,0,1,0,0.8879,0.78,0
ID-002629,0,1,1,0,0.3889,0,1,0,0,0,0,1,0,0,1,0,0,0,1,0,0,1,0,0,1,0,1,0,2,1,2,0.7609,0.3104,0
ID-002630,0,1,1,0,0.3611,0,0,1,0,0,0,0,1,1,0,0,0,0,1,0,0,1,0,1,0,1,0,0,2,1,1,0.8275,0.3086,0
ID-002631,0,0,1,0,0.8889,1,1,0,0,0,1,0,0,0,0,1,0,1,0,0,0,1,0,0,1,1,0,0,0,0,1,0.2837,0.3497,0
ID-002632,0,1,0,0,0.4583,1,0,1,0,2,1,0,0,0,0,1,0,1,0,0,0,1,0,0,1,0,0,1,1,1,0,0.0517,0.0901,0
ID-002633,0,0,0,1,0.6111,1,0,1,0,2,1,0,0,0,0,1,1,0,0,1,0,0,1,0,0,0,1,0,2,0,2,0.7714,0.4932,0
ID-002634,0,0,1,1,0.2222,1,0,1,0,0,1,0,0,0,1,0,1,0,0,0,0,1,1,0,0,0,1,0,0,0,1,0.5471,0.1371,0
ID-002635,0,0,1,1,0.0417,0,0,1,0,2,1,0,0,0,0,1,1,0,0,0,0,1,1,0,0,0,0,1,1,0,1,0.8493,0.0364,0
ID-002636,0,1,0,1,0.8889,1,0,0,1,2,0,0,1,0,0,1,1,0,0,0,1,0,0,1,0,0,1,0,2,0,0,0.3015,0.3631,0
ID-002637,0,1,1,1,0.9583,0,1,0,0,2,0,0,1,0,0,1,0,1,0,0,0,1,1,0,0,0,0,1,0,1,0,0.5047,0.5566,0
ID-002638,0,1,0,1,0.9861,0,1,0,0,1,1,0,0,0,1,0,0,0,1,1,0,0,0,0,1,0,0,1,1,0,0,0.6026,0.6546,0
ID-002639,0,1,0,0,0.3611,1,0,0,1,0,0,1,0,0,0,1,0,1,0,0,1,0,1,0,0,1,0,0,2,1,0,0.9124,0.3346,0
ID-002640,1,1,0,1,0.4444,1,0,0,1,1,1,0,0,0,0,1,1,0,0,1,0,0,1,0,0,0,1,0,2,1,0,0.4004,0.2188,0
ID-002641,0,0,0,1,0.2639,1,0,0,1,1,0,1,0,0,0,1,0,0,1,0,0,1,0,0,1,0,0,1,0,1,0,0.2979,0.107,0
ID-002642,0,1,1,1,0.3194,0,0,0,1,0,1,0,0,0,1,0,1,0,0,0,1,0,0,0,1,1,0,0,1,0,2,0.0578,0.0645,0
ID-002643,1,1,1,0,0.8472,0,1,0,0,1,0,1,0,0,0,1,0,0,1,0,1,0,0,0,1,0,1,0,0,1,0,0.0662,0.177,0
ID-002644,1,0,1,0,0.0,1,0,0,1,2,0,1,0,1,0,0,1,0,0,0,1,0,0,0,1,1,0,0,1,0,1,0.0751,0.0,0
ID-002645,0,0,1,1,0.0556,0,1,0,0,2,0,1,0,0,1,0,1,0,0,1,0,0,0,0,1,1,0,0,1,0,0,0.5499,0.0344,0
ID-002646,1,1,0,1,0.0556,0,1,0,0,0,0,0,1,0,0,1,0,1,0,0,1,0,1,0,0,0,1,0,2,1,0,0.3808,0.0264,0
ID-002647,1,1,0,1,0.0972,1,0,0,1,2,1,0,0,0,1,0,0,0,1,1,0,0,1,0,0,1,0,0,1,0,2,0.4591,0.0527,0
ID-002648,0,1,1,1,0.9583,1,1,0,0,0,1,0,0,0,0,1,1,0,0,0,0,1,0,0,1,0,0,1,1,0,0,0.6299,0.6583,0
ID-002649,1,1,0,0,0.0278,0,0,1,0,2,0,1,0,0,0,1,0,1,0,1,0,0,1,0,0,0,1,0,0,0,1,0.8184,0.0235,0
ID-002650,1,0,0,1,0.0417,1,0,1,0,2,1,0,0,1,0,0,1,0,0,1,0,0,1,0,0,1,0,0,1,1,3,0.2637,0.0157,0
ID-002651,0,0,1,0,0.5139,1,0,1,0,1,0,1,0,0,0,1,0,1,0,0,1,0,0,1,0,1,0,0,2,1,0,0.79,0.4228,0
ID-002652,0,0,1,1,0.8333,1,0,0,1,1,0,0,1,0,0,1,0,0,1,0,1,0,0,0,1,0,0,1,2,0,0,0.8016,0.6939,0
ID-002653,1,1,0,1,0.1806,1,1,0,0,1,0,0,1,1,0,0,1,0,0,0,1,0,0,1,0,0,1,0,0,0,0,0.1662,0.053,0
ID-002654,1,1,0,0,0.7083,1,1,0,0,2,0,1,0,1,0,0,0,1,0,1,0,0,1,0,0,0,1,0,2,0,0,0.5166,0.4185,0
ID-002655,0,1,0,0,0.125,0,0,0,1,1,0,1,0,1,0,0,1,0,0,0,1,0,1,0,0,0,0,1,1,0,2,0.0124,0.0204,0
ID-002656,1,1,1,0,0.3333,0,1,0,0,1,0,0,1,0,0,1,0,0,1,0,0,1,0,0,1,1,0,0,2,0,1,0.6359,0.2307,0
ID-002657,0,0,1,1,0.6528,1,0,0,1,1,0,0,1,0,1,0,0,1,0,1,0,0,0,0,1,0,0,1,0,0,0,0.0883,0.1486,0
ID-002658,0,0,0,1,0.7778,1,0,1,0,2,0,0,1,1,0,0,1,0,0,1,0,0,0,1,0,1,0,0,2,0,0,0.7961,0.644,0
ID-002659,0,0,1,0,0.1528,1,1,0,0,2,0,0,1,0,0,1,0,0,1,0,1,0,1,0,0,0,1,0,2,1,2,0.3614,0.0702,0
ID-002660,1,0,1,0,0.7222,1,0,0,1,0,0,1,0,1,0,0,0,1,0,1,0,0,0,0,1,0,1,0,1,1,2,0.3976,0.3539,0
ID-002661,0,1,1,0,0.7639,0,0,1,0,1,0,0,1,1,0,0,0,1,0,0,0,1,1,0,0,1,0,0,1,1,0,0.5275,0.4584,0
ID-002662,1,1,0,0,0.9444,0,0,1,0,0,0,0,1,0,1,0,0,1,0,1,0,0,0,0,1,0,1,0,2,0,3,0.4908,0.5374,0
ID-002663,1,1,1,0,0.0417,1,0,0,1,0,0,0,1,0,1,0,0,0,1,1,0,0,1,0,0,1,0,0,2,1,3,0.6041,0.0277,0
ID-002664,1,0,1,0,0.2361,1,0,1,0,0,0,0,1,1,0,0,1,0,0,1,0,0,0,1,0,1,0,0,0,0,0,0.4381,0.1238,0
ID-002665,0,1,0,0,0.7778,1,0,1,0,1,1,0,0,0,0,1,1,0,0,0,0,1,1,0,0,0,1,0,1,1,0,0.9749,0.7619,0
ID-002666,1,1,1,0,0.8472,0,1,0,0,0,1,0,0,0,1,0,0,0,1,0,0,1,1,0,0,0,1,0,2,1,2,0.3707,0.3958,0
ID-002667,1,1,0,0,0.7778,0,0,0,1,1,0,0,1,1,0,0,0,1,0,0,1,0,0,0,1,0,0,1,0,1,1,0.2598,0.2902,0
ID-002668,1,0,0,0,0.8056,1,0,0,1,2,1,0,0,1,0,0,0,1,0,1,0,0,0,0,1,0,0,1,0,0,0,0.4357,0.4208,0
ID-002669,0,0,0,0,0.3333,0,1,0,0,1,0,1,0,1,0,0,0,1,0,0,1,0,0,0,1,0,0,1,2,1,0,0.8802,0.2997,0
ID-002670,1,0,1,1,0.1667,0,0,0,1,1,1,0,0,0,0,1,0,0,1,0,1,0,0,0,1,0,1,0,0,0,3,0.2929,0.0669,0
ID-002671,0,0,0,0,0.125,0,0,1,0,0,0,1,0,0,0,1,0,1,0,0,0,1,1,0,0,1,0,0,1,0,2,0.1354,0.0335,0
ID-002672,1,0,1,1,0.0139,1,1,0,0,1,0,1,0,0,0,1,0,0,1,1,0,0,1,0,0,0,0,1,2,0,0,0.9123,0.0129,0
ID-002673,0,1,0,1,0.2639,0,0,0,1,1,0,0,1,1,0,0,0,1,0,0,0,1,0,1,0,0,1,0,0,0,2,0.6946,0.1958,0
ID-002674,1,0,0,1,0.7361,1,0,0,1,0,0,0,1,0,1,0,0,1,0,0,0,1,0,1,0,0,1,0,0,0,1,0.1784,0.2238,0
ID-002675,0,1,1,1,0.8056,1,0,1,0,2,1,0,0,0,1,0,0,1,0,0,0,1,0,1,0,1,0,0,2,1,1,0.5382,0.4907,0
ID-002676,0,1,1,1,0.3611,0,1,0,0,2,1,0,0,0,0,1,0,1,0,0,0,1,0,0,1,0,1,0,1,1,1,0.8733,0.3226,0
ID-002677,1,1,1,0,0.8056,1,1,0,0,0,0,1,0,1,0,0,0,0,1,0,1,0,0,0,1,1,0,0,0,0,2,0.734,0.6245,0
ID-002678,1,0,1,0,0.5694,0,0,0,1,0,1,0,0,1,0,0,0,1,0,0,0,1,0,0,1,0,1,0,1,0,1,0.3511,0.2566,0
ID-002679,0,0,1,0,0.9167,0,0,0,1,1,1,0,0,0,1,0,0,1,0,0,0,1,0,0,1,0,1,0,2,0,0,0.8161,0.7745,0
ID-002680,1,1,1,0,0.4722,0,0,0,1,1,0,0,1,0,0,1,0,1,0,0,0,1,0,1,0,0,1,0,1,1,2,0.7197,0.3604,0
ID-002681,1,0,1,0,0.5833,1,0,0,1,1,1,0,0,0,0,1,1,0,0,0,0,1,0,0,1,1,0,0,1,0,0,0.851,0.5101,0
ID-002682,1,1,0,1,0.0694,0,0,0,1,2,0,1,0,0,1,0,0,0,1,0,0,1,0,0,1,0,1,0,1,0,0,0.5764,0.0446,0
ID-002683,1,1,0,0,0.1389,1,0,0,1,0,0,1,0,1,0,0,1,0,0,0,0,1,1,0,0,0,0,1,1,1,2,0.5699,0.0883,0
ID-002684,1,0,0,1,0.75,1,0,1,0,1,0,1,0,1,0,0,0,0,1,0,1,0,1,0,0,0,0,1,2,0,3,0.8181,0.635,0
ID-002685,0,0,1,0,0.0556,0,0,1,0,1,0,0,1,1,0,0,1,0,0,0,1,0,0,0,1,1,0,0,1,0,1,0.0046,0.0087,0
ID-002686,0,1,1,1,0.5,1,1,0,0,1,0,1,0,0,0,1,0,0,1,0,0,1,0,1,0,0,0,1,0,1,0,0.5328,0.3023,0
ID-002687,0,0,1,0,0.7361,1,0,1,0,0,0,1,0,0,1,0,0,1,0,0,1,0,1,0,0,0,0,1,1,0,3,0.2498,0.2684,0
ID-002688,0,0,0,0,0.4306,0,1,0,0,1,0,0,1,1,0,0,1,0,0,0,1,0,1,0,0,0,0,1,1,0,3,0.2148,0.1442,0
ID-002689,0,1,0,0,0.9583,1,0,0,1,1,1,0,0,0,0,1,1,0,0,0,1,0,0,1,0,0,1,0,0,1,1,0.3601,0.4391,0
ID-002690,0,1,1,1,0.5972,0,1,0,0,0,0,0,1,1,0,0,0,1,0,0,0,1,1,0,0,0,0,1,2,0,2,0.3524,0.2697,0
ID-002691,0,1,1,0,0.8056,0,0,1,0,2,1,0,0,0,1,0,1,0,0,0,0,1,1,0,0,0,0,1,0,1,0,0.006,0.1272,0
ID-002692,0,1,0,0,0.6944,0,0,1,0,2,0,0,1,0,0,1,0,1,0,0,0,1,0,1,0,0,1,0,2,1,2,0.6484,0.488,0
ID-002693,0,0,1,1,0.125,1,0,0,1,0,1,0,0,1,0,0,0,0,1,1,0,0,1,0,0,0,1,0,1,1,2,0.6161,0.0844,0
ID-002694,0,0,0,1,0.9583,0,0,1,0,0,1,0,0,0,0,1,1,0,0,1,0,0,1,0,0,0,0,1,0,0,3,0.6238,0.6534,0
ID-002695,1,1,1,0,0.6806,1,0,0,1,0,0,0,1,1,0,0,1,0,0,1,0,0,1,0,0,0,0,1,1,1,2,0.6973,0.5064,0
ID-002696,0,0,1,0,0.3333,1,0,0,1,2,1,0,0,0,1,0,0,0,1,0,1,0,0,1,0,1,0,0,0,0,2,0.0812,0.0739,0
ID-002697,0,1,0,0,0.8611,0,0,0,1,1,1,0,0,0,0,1,0,1,0,0,0,1,0,1,0,1,0,0,2,1,1,0.2992,0.3501,0
ID-002698,1,0,1,0,0.0556,0,0,1,0,2,0,0,1,0,1,0,0,0,1,1,0,0,1,0,0,0,0,1,2,1,1,0.496,0.0319,0
ID-002699,1,0,0,0,0.3056,0,1,0,0,2,0,1,0,1,0,0,0,1,0,0,0,1,1,0,0,1,0,0,0,0,0,0.811,0.2569,0
ID-002700,0,0,1,0,0.5,1,0,1,0,2,0,1,0,1,0,0,1,0,0,0,0,1,0,1,0,0,1,0,2,1,0,0.597,0.3295,0
ID-002701,0,1,1,0,0.6667,0,0,1,0,2,1,0,0,0,0,1,1,0,0,0,1,0,0,1,0,0,0,1,2,0,1,0.0028,0.1034,0
ID-002702,1,1,1,0,0.4306,1,0,1,0,1,0,1,0,0,1,0,1,0,0,0,0,1,0,0,1,0,1,0,1,1,2,0.7247,0.3304,0
ID-002703,0,1,1,0,0.1667,0,0,0,1,1,0,1,0,1,0,0,0,1,0,0,0,1,0,1,0,0,0,1,0,0,2,0.4748,0.0926,0
ID-002704,1,1,0,1,0.8333,1,1,0,0,2,0,1,0,0,1,0,0,0,1,0,1,0,0,1,0,1,0,0,1,1,3,0.1537,0.236,0
ID-002705,0,0,0,1,0.6389,0,1,0,0,0,0,0,1,0,1,0,0,1,0,1,0,0,1,0,0,1,0,0,1,1,2,0.8458,0.5559,0
ID-002706,0,0,0,0,0.9861,0,0,0,1,0,0,1,0,0,1,0,1,0,0,0,0,1,1,0,0,1,0,0,2,1,1,0.0632,0.2035,0
ID-002707,1,1,0,1,0.9306,0,0,1,0,1,1,0,0,1,0,0,1,0,0,0,1,0,0,1,0,1,0,0,1,1,2,0.0032,0.1447,0
ID-002708,0,0,0,0,0.7222,0,0,0,1,1,0,0,1,0,0,1,0,0,1,0,1,0,0,1,0,0,1,0,0,0,1,0.6795,0.5265,0
ID-002709,0,0,1,1,0.0694,1,1,0,0,0,1,0,0,0,1,0,0,0,1,0,1,0,1,0,0,0,1,0,1,1,0,0.2521,0.0255,0
ID-002710,1,0,0,1,0.5278,1,0,1,0,2,0,1,0,0,0,1,1,0,0,0,0,1,0,1,0,1,0,0,0,1,2,0.9822,0.5203,0
ID-002711,1,0,0,1,0.5833,1,0,1,0,2,0,0,1,0,1,0,0,0,1,0,1,0,0,1,0,0,1,0,0,1,1,0.2979,0.2365,0
ID-002712,1,1,1,0,0.7917,1,0,0,1,0,1,0,0,0,0,1,0,1,0,0,0,1,0,1,0,1,0,0,0,1,2,0.5265,0.4744,0
ID-002713,0,0,0,0,0.6667,0,0,0,1,1,1,0,0,1,0,0,0,1,0,0,0,1,0,0,1,1,0,0,1,0,1,0.1165,0.1677,0
ID-002714,1,0,0,1,0.6667,1,1,0,0,2,0,1,0,1,0,0,0,1,0,0,1,0,1,0,0,0,1,0,0,0,3,0.069,0.1409,0
ID-002715,1,1,1,0,0.8333,1,0,0,1,2,1,0,0,1,0,0,0,0,1,0,0,1,0,0,1,0,0,1,1,0,3,0.8397,0.7207,0
ID-002716,0,0,1,1,0.3472,0,1,0,0,2,0,0,1,0,1,0,0,1,0,0,1,0,0,1,0,0,0,1,0,1,0,0.544,0.2132,0
ID-002717,1,0,1,0,0.3472,1,1,0,0,2,1,0,0,0,0,1,0,1,0,0,0,1,0,0,1,1,0,0,0,1,2,0.5002,0.2003,0
ID-002718,1,0,1,0,0.5278,0,1,0,0,1,0,0,1,0,1,0,0,0,1,0,0,1,0,0,1,0,0,1,0,1,2,0.0743,0.1139,0
ID-002719,1,0,0,0,0.0556,1,1,0,0,2,1,0,0,0,0,1,0,0,1,0,1,0,0,1,0,0,0,1,2,0,2,0.2795,0.0217,0
ID-002720,1,1,1,1,0.1389,0,1,0,0,0,1,0,0,1,0,0,0,0,1,1,0,0,0,1,0,0,0,1,2,1,2,0.7315,0.1074,0
ID-002721,1,0,1,0,0.8472,1,0,0,1,1,0,1,0,0,0,1,1,0,0,0,0,1,1,0,0,0,0,1,1,0,3,0.129,0.2222,0
ID-002722,0,0,1,0,0.5,1,0,0,1,1,0,0,1,1,0,0,1,0,0,0,1,0,0,0,1,0,0,1,1,1,1,0.4664,0.2742,0
ID-002723,1,0,0,1,0.8056,0,0,0,1,0,0,0,1,1,0,0,0,0,1,0,1,0,0,1,0,0,0,1,2,1,2,0.8446,0.7,0
ID-002724,0,0,1,0,0.625,0,1,0,0,1,0,0,1,0,0,1,0,1,0,0,0,1,0,0,1,1,0,0,0,0,3,0.739,0.4872,0
ID-002725,0,1,1,0,0.5278,0,0,1,0,0,0,1,0,0,1,0,1,0,0,1,0,0,1,0,0,0,0,1,2,1,1,0.4839,0.2972,0
ID-002726,1,1,1,1,0.7222,0,0,1,0,1,0,1,0,0,0,1,1,0,0,0,1,0,0,1,0,0,1,0,2,1,2,0.634,0.4987,0
ID-002727,1,1,1,1,0.7222,1,0,1,0,1,0,1,0,0,0,1,1,0,0,1,0,0,0,0,1,1,0,0,1,0,3,0.5336,0.4371,0
ID-002728,0,1,0,1,0.0972,0,0,0,1,2,0,1,0,1,0,0,0,0,1,0,0,1,0,1,0,1,0,0,2,1,0,0.4349,0.0507,0
ID-002729,0,1,1,0,0.1111,0,0,0,1,0,1,0,0,0,1,0,0,1,0,0,1,0,0,0,1,0,0,1,1,0,0,0.7333,0.0861,0
ID-002730,1,0,0,1,0.0417,1,0,0,1,2,0,0,1,1,0,0,0,0,1,0,1,0,0,1,0,1,0,0,2,1,0,0.2795,0.0162,0
ID-002731,1,0,1,1,0.7361,0,0,1,0,0,1,0,0,0,0,1,0,1,0,0,1,0,0,1,0,1,0,0,1,1,1,0.2892,0.293,0
ID-002732,0,1,1,0,0.1528,0,0,1,0,1,1,0,0,1,0,0,0,0,1,0,1,0,1,0,0,0,1,0,1,1,2,0.3644,0.0706,0
ID-002733,0,0,0,1,0.125,0,1,0,0,2,0,0,1,0,1,0,0,1,0,1,0,0,0,1,0,0,0,1,1,1,0,0.3321,0.0543,0
ID-002734,0,0,0,1,0.5833,0,0,1,0,1,0,0,1,0,1,0,1,0,0,0,1,0,0,1,0,1,0,0,0,0,2,0.1221,0.1495,0
ID-002735,0,0,0,0,0.0139,1,0,1,0,0,0,1,0,1,0,0,0,1,0,1,0,0,0,1,0,0,1,0,0,1,3,0.6319,0.0096,0
ID-002736,0,1,1,0,0.25,1,0,0,1,0,1,0,0,0,0,1,0,1,0,0,0,1,0,0,1,1,0,0,2,1,2,0.3219,0.1064,0
ID-002737,1,0,1,1,0.4028,1,0,0,1,1,0,1,0,0,1,0,0,0,1,0,0,1,0,0,1,0,0,1,0,1,3,0.8127,0.3392,0
ID-002738,1,1,0,1,0.1944,0,0,0,1,0,1,0,0,0,0,1,0,1,0,1,0,0,1,0,0,0,0,1,0,0,2,0.9941,0.1936,0
ID-002739,1,1,1,0,0.0694,0,1,0,0,1,0,0,1,0,1,0,0,1,0,0,1,0,1,0,0,0,1,0,0,1,3,0.1485,0.0194,0
ID-002740,0,1,0,0,0.25,1,0,0,1,1,1,0,0,1,0,0,0,0,1,0,1,0,0,1,0,1,0,0,0,1,2,0.8193,0.2119,0
ID-002741,0,0,1,1,0.0833,1,1,0,0,1,0,0,1,0,1,0,0,1,0,0,0,1,0,1,0,0,0,1,0,0,3,0.5034,0.0483,0
ID-002742,1,0,1,0,0.1389,1,0,0,1,1,0,0,1,0,1,0,0,0,1,0,1,0,1,0,0,0,0,1,1,1,3,0.8287,0.1188,0
ID-002743,1,1,1,1,0.75,1,0,0,1,0,0,1,0,0,0,1,0,0,1,0,0,1,1,0,0,1,0,0,1,1,3,0.776,0.6082,0
ID-002744,1,0,0,1,0.0278,0,1,0,0,0,1,0,0,0,0,1,1,0,0,1,0,0,0,1,0,0,0,1,1,0,0,0.7746,0.0225,0
ID-002745,0,0,1,1,0.9306,1,1,0,0,0,0,0,1,0,1,0,1,0,0,0,1,0,0,0,1,0,0,1,2,1,2,0.6457,0.6517,0
ID-002746,0,0,0,1,0.6528,1,1,0,0,2,1,0,0,0,1,0,1,0,0,0,1,0,1,0,0,0,1,0,2,1,0,0.8913,0.5931,0
ID-002747,1,1,1,0,0.7778,0,0,0,1,1,0,0,1,0,1,0,0,1,0,0,1,0,0,1,0,1,0,0,1,0,0,0.3989,0.382,0
ID-002748,0,1,1,1,0.2083,0,0,1,0,1,1,0,0,0,0,1,0,1,0,0,0,1,0,1,0,1,0,0,1,0,1,0.7669,0.1673,0
ID-002749,1,1,1,1,0.3056,1,0,1,0,1,1,0,0,1,0,0,0,0,1,1,0,0,1,0,0,1,0,0,1,0,2,0.6209,0.2076,0
ID-002750,1,1,1,0,0.3611,0,1,0,0,2,0,0,1,0,1,0,1,0,0,0,1,0,0,0,1,0,1,0,0,1,3,0.7721,0.2916,0
ID-002751,1,0,0,1,0.9583,1,0,1,0,2,0,1,0,0,0,1,0,1,0,0,1,0,0,0,1,0,1,0,0,0,0,0.0447,0.1828,0
ID-002752,1,1,0,0,0.7083,0,0,1,0,1,1,0,0,0,1,0,0,0,1,0,1,0,1,0,0,1,0,0,1,0,2,0.0095,0.1139,0
ID-002753,0,1,1,0,0.0833,1,0,1,0,0,0,1,0,1,0,0,0,0,1,1,0,0,0,1,0,1,0,0,0,1,2,0.2807,0.0326,0
ID-002754,1,0,0,1,0.4722,1,0,0,1,0,1,0,0,1,0,0,1,0,0,0,0,1,1,0,0,0,0,1,0,1,2,0.7806,0.3848,0
ID-002755,0,0,1,0,0.6806,0,1,0,0,2,0,0,1,0,1,0,0,0,1,0,1,0,0,1,0,0,1,0,2,0,3,0.541,0.4162,0
ID-002756,0,1,1,1,0.7222,0,0,1,0,1,0,0,1,0,0,1,0,1,0,0,0,1,0,1,0,0,0,1,1,0,2,0.0842,0.1619,0
ID-002757,0,1,0,1,0.3889,1,0,0,1,0,0,1,0,0,0,1,1,0,0,0,1,0,0,0,1,0,0,1,0,1,1,0.778,0.316,0
ID-002758,0,1,1,1,0.5,0,1,0,0,0,0,0,1,0,1,0,1,0,0,0,1,0,0,1,0,0,1,0,1,0,3,0.9327,0.4719,0
ID-002759,0,0,1,1,0.0,0,1,0,0,1,0,0,1,0,0,1,1,0,0,0,0,1,0,0,1,0,1,0,2,0,1,0.8207,0.0,0
ID-002760,1,0,0,0,0.6528,1,0,0,1,0,1,0,0,0,0,1,1,0,0,0,0,1,1,0,0,0,1,0,2,1,3,0.8477,0.569,0
ID-002761,0,1,0,1,0.3333,1,1,0,0,1,0,0,1,0,0,1,1,0,0,0,1,0,0,1,0,0,0,1,2,0,2,0.5271,0.1999,0
ID-002762,1,0,0,1,0.3889,1,1,0,0,2,1,0,0,0,0,1,0,1,0,0,0,1,0,1,0,1,0,0,2,0,3,0.1833,0.1199,0
ID-002763,1,0,0,0,0.0278,1,0,1,0,0,0,0,1,0,1,0,0,0,1,0,0,1,0,0,1,1,0,0,1,0,0,0.0756,0.006,0
ID-002764,1,1,0,0,0.9028,1,1,0,0,2,1,0,0,1,0,0,0,1,0,0,0,1,0,1,0,0,1,0,0,0,0,0.2087,0.2977,0
ID-002765,0,1,0,1,0.0972,1,1,0,0,2,0,0,1,1,0,0,1,0,0,0,0,1,0,0,1,1,0,0,2,1,1,0.4433,0.0514,0
ID-002766,0,0,0,1,0.6944,0,1,0,0,1,0,1,0,1,0,0,0,1,0,1,0,0,0,0,1,0,1,0,0,0,3,0.8588,0.6119,0
ID-002767,1,1,1,0,0.7361,0,0,0,1,1,0,1,0,1,0,0,0,0,1,0,1,0,0,0,1,1,0,0,2,0,3,0.7089,0.555,0
ID-002768,1,1,0,1,0.8333,1,1,0,0,0,1,0,0,0,1,0,0,0,1,1,0,0,1,0,0,0,1,0,2,1,0,0.203,0.2708,0
ID-002769,1,1,0,1,0.2639,0,0,0,1,2,0,0,1,0,0,1,1,0,0,1,0,0,1,0,0,1,0,0,1,0,0,0.3274,0.1136,0
ID-002770,0,0,0,0,0.2361,1,0,1,0,1,1,0,0,0,0,1,0,1,0,0,1,0,0,0,1,0,0,1,0,0,2,0.2244,0.081,0
ID-002771,1,1,0,0,0.7639,0,0,1,0,1,1,0,0,1,0,0,1,0,0,0,0,1,1,0,0,0,1,0,0,0,1,0.9643,0.7414,0
ID-002772,1,1,0,1,0.7917,1,0,0,1,2,0,0,1,1,0,0,1,0,0,0,1,0,1,0,0,1,0,0,1,0,3,0.3612,0.3635,0
ID-002773,1,0,1,0,0.625,0,0,0,1,0,0,1,0,1,0,0,0,1,0,1,0,0,0,1,0,0,0,1,2,0,1,0.5044,0.3628,0
ID-002774,0,0,0,0,0.9167,1,0,1,0,2,0,0,1,0,0,1,0,0,1,0,0,1,1,0,0,0,0,1,0,0,2,0.4507,0.4904,0
ID-002775,0,0,1,0,0.4722,1,1,0,0,0,1,0,0,0,0,1,0,0,1,1,0,0,0,0,1,0,0,1,2,1,3,0.873,0.4217,0
ID-002776,0,0,0,1,0.7083,0,1,0,0,1,0,1,0,0,1,0,1,0,0,1,0,0,0,0,1,1,0,0,0,0,0,0.1994,0.228,0
ID-002777,0,0,1,0,0.5972,1,1,0,0,1,0,1,0,0,1,0,0,0,1,0,0,1,0,0,1,1,0,0,0,1,2,0.8894,0.5417,0
ID-002778,1,0,0,0,0.0278,0,0,0,1,2,1,0,0,0,1,0,1,0,0,0,0,1,0,0,1,0,0,1,1,0,3,0.6988,0.0207,0
ID-002779,1,0,0,0,0.6944,1,0,1,0,1,1,0,0,1,0,0,0,0,1,0,0,1,1,0,0,1,0,0,0,0,0,0.1723,0.2075,0
ID-002780,0,1,0,1,0.6944,0,1,0,0,0,1,0,0,0,0,1,0,1,0,0,1,0,1,0,0,0,1,0,2,1,0,0.8423,0.6021,0
ID-002781,0,0,0,0,0.3333,0,0,1,0,1,1,0,0,0,1,0,0,1,0,1,0,0,1,0,0,0,0,1,0,1,0,0.2923,0.1336,0
ID-002782,1,1,1,1,0.9861,0,0,1,0,1,1,0,0,1,0,0,0,0,1,1,0,0,0,0,1,0,0,1,0,1,1,0.1132,0.2454,0
ID-002783,0,1,1,1,0.1667,1,1,0,0,1,0,1,0,1,0,0,1,0,0,0,1,0,0,1,0,1,0,0,0,1,1,0.7935,0.1376,0
ID-002784,0,1,0,0,0.1528,1,1,0,0,0,0,0,1,0,0,1,0,0,1,1,0,0,0,0,1,1,0,0,1,1,1,0.033,0.0276,0
ID-002785,0,1,1,0,0.1667,1,0,1,0,2,0,1,0,1,0,0,0,1,0,1,0,0,1,0,0,1,0,0,1,1,3,0.703,0.1248,0
ID-002786,1,1,0,1,0.8333,0,0,0,1,1,0,0,1,1,0,0,0,0,1,1,0,0,0,0,1,0,0,1,0,1,3,0.6162,0.5628,0
ID-002787,0,0,1,1,0.3333,0,0,0,1,2,1,0,0,0,1,0,0,0,1,1,0,0,0,1,0,0,0,1,2,1,0,0.7517,0.2634,0
ID-002788,0,1,1,0,0.1528,1,1,0,0,0,0,0,1,1,0,0,0,0,1,0,1,0,0,1,0,0,0,1,2,1,3,0.6143,0.1029,0
ID-002789,1,0,1,1,0.2361,1,0,1,0,1,0,1,0,0,0,1,0,0,1,1,0,0,0,0,1,1,0,0,1,0,3,0.8751,0.2113,0
ID-002790,1,1,1,1,0.1389,1,1,0,0,0,0,1,0,0,1,0,1,0,0,0,0,1,0,0,1,1,0,0,1,1,0,0.4346,0.0724,0
ID-002791,0,0,1,0,0.3472,1,1,0,0,1,1,0,0,0,1,0,0,1,0,0,1,0,0,0,1,0,1,0,0,0,2,0.1184,0.0879,0
ID-002792,1,0,0,1,0.5833,0,0,0,1,0,0,1,0,0,0,1,0,1,0,0,1,0,1,0,0,1,0,0,0,0,3,0.6195,0.3956,0
ID-002793,1,1,0,1,0.5556,0,0,1,0,0,0,1,0,0,1,0,1,0,0,0,0,1,0,1,0,0,1,0,0,0,1,0.9545,0.5346,0
ID-002794,1,1,0,1,0.7361,0,0,0,1,1,0,1,0,0,1,0,0,1,0,0,1,0,0,0,1,1,0,0,0,1,2,0.0179,0.1236,0
ID-002795,1,1,1,1,0.3472,0,1,0,0,0,0,1,0,1,0,0,0,0,1,0,0,1,0,0,1,0,0,1,2,1,2,0.3348,0.1516,0
ID-002796,0,1,0,1,0.875,0,0,0,1,0,0,1,0,0,1,0,0,0,1,1,0,0,0,1,0,1,0,0,2,0,2,0.0431,0.1657,0
ID-002797,1,1,1,1,0.1667,1,0,1,0,0,0,0,1,0,0,1,0,1,0,0,0,1,1,0,0,1,0,0,1,0,0,0.0805,0.0368,0
ID-002798,0,1,1,0,0.6389,1,0,0,1,1,0,1,0,0,0,1,0,1,0,0,1,0,0,0,1,0,0,1,2,1,2,0.1551,0.1817,0
ID-002799,1,0,1,0,0.9583,1,0,1,0,1,1,0,0,0,1,0,0,1,0,0,1,0,0,1,0,1,0,0,2,0,2,0.8285,0.8198,0
ID-002800,0,1,0,1,0.9167,1,1,0,0,2,0,0,1,0,0,1,1,0,0,0,0,1,0,0,1,0,1,0,1,1,2,0.3548,0.4159,0
ID-002801,1,1,1,0,0.0972,1,0,1,0,2,1,0,0,0,0,1,1,0,0,1,0,0,0,0,1,0,0,1,0,1,1,0.7437,0.0762,0
ID-002802,0,1,1,0,0.4444,0,0,1,0,0,0,0,1,1,0,0,0,1,0,1,0,0,1,0,0,1,0,0,0,0,2,0.5064,0.2588,0
ID-002803,0,0,1,1,0.1667,1,0,0,1,2,0,1,0,1,0,0,0,1,0,0,0,1,1,0,0,0,1,0,1,0,0,0.937,0.1579,0
ID-002804,1,0,0,1,0.1944,0,0,0,1,1,0,1,0,0,0,1,1,0,0,0,1,0,0,1,0,0,1,0,1,0,2,0.0961,0.0456,0
ID-002805,1,0,1,1,0.9167,1,0,0,1,2,0,1,0,0,0,1,0,1,0,0,1,0,1,0,0,1,0,0,2,0,2,0.0879,0.2084,0
ID-002806,0,0,1,1,0.6528,1,1,0,0,0,1,0,0,0,1,0,1,0,0,0,1,0,1,0,0,1,0,0,1,1,1,0.6257,0.4461,0
ID-002807,1,1,1,1,0.8889,0,0,0,1,0,1,0,0,0,1,0,0,0,1,0,0,1,1,0,0,0,1,0,2,1,3,0.0225,0.1528,0
ID-002808,0,1,1,1,0.9583,1,0,0,1,0,1,0,0,0,1,0,1,0,0,1,0,0,0,1,0,0,1,0,1,1,2,0.2314,0.3345,0
ID-002809,1,1,0,0,0.8056,1,0,0,1,1,0,0,1,1,0,0,0,0,1,1,0,0,0,1,0,0,0,1,1,0,1,0.9054,0.7416,0
ID-002810,1,0,0,1,0.5556,0,0,0,1,1,0,0,1,0,0,1,0,1,0,0,0,1,0,0,1,0,1,0,2,1,0,0.1405,0.1511,0
ID-002811,0,0,0,0,0.2639,1,0,0,1,0,0,1,0,0,0,1,1,0,0,0,1,0,0,1,0,1,0,0,2,0,3,0.6173,0.1785,0
ID-002812,1,0,0,0,0.9167,0,0,1,0,0,1,0,0,0,1,0,0,1,0,0,1,0,0,1,0,0,1,0,1,1,1,0.7536,0.7259,0
ID-002813,1,1,0,0,0.0278,0,0,1,0,2,1,0,0,0,1,0,1,0,0,0,0,1,1,0,0,0,0,1,2,1,2,0.0151,0.0046,0
ID-002814,1,1,0,1,0.5833,1,1,0,0,2,0,0,1,1,0,0,0,0,1,1,0,0,1,0,0,0,0,1,2,0,3,0.6639,0.4176,0
ID-002815,0,1,1,1,0.3194,1,1,0,0,2,1,0,0,0,0,1,1,0,0,1,0,0,0,0,1,0,0,1,1,0,1,0.3515,0.144,0
ID-002816,0,0,1,0,0.7917,1,0,1,0,0,1,0,0,1,0,0,1,0,0,0,1,0,0,0,1,1,0,0,2,1,1,0.7066,0.5954,0
ID-002817,0,0,0,1,0.0694,1,0,0,1,1,0,0,1,0,0,1,0,1,0,0,1,0,0,0,1,0,0,1,0,1,0,0.0951,0.0162,0
ID-002818,1,1,0,0,0.5278,0,0,0,1,1,1,0,0,0,0,1,1,0,0,0,1,0,1,0,0,0,1,0,0,0,0,0.2323,0.1846,0
ID-002819,0,0,1,1,0.1944,1,1,0,0,2,1,0,0,0,0,1,1,0,0,0,0,1,1,0,0,0,1,0,0,0,2,0.1176,0.0491,0
ID-002820,0,1,0,0,0.2222,1,1,0,0,2,1,0,0,1,0,0,0,0,1,0,0,1,1,0,0,1,0,0,0,1,2,0.2102,0.0736,0
ID-002821,0,1,0,0,0.8056,1,0,1,0,2,0,0,1,1,0,0,1,0,0,0,0,1,0,0,1,1,0,0,0,0,2,0.6272,0.5515,0
ID-002822,0,1,0,1,0.4028,0,1,0,0,0,1,0,0,0,0,1,1,0,0,0,1,0,0,1,0,0,0,1,2,1,3,0.4416,0.2124,0
ID-002823,0,0,0,0,0.1111,0,1,0,0,0,1,0,0,1,0,0,0,0,1,0,0,1,1,0,0,1,0,0,2,1,3,0.5262,0.0666,0
ID-002824,1,0,0,0,0.4167,0,1,0,0,1,0,1,0,0,1,0,1,0,0,1,0,0,0,0,1,0,0,1,1,0,3,0.6917,0.3081,0
ID-002825,0,0,0,0,0.8056,1,1,0,0,0,0,0,1,1,0,0,1,0,0,0,1,0,0,1,0,0,1,0,0,0,1,0.6369,0.5582,0
ID-002826,1,1,1,0,0.1806,1,0,1,0,0,0,1,0,0,0,1,0,0,1,0,0,1,1,0,0,1,0,0,1,1,2,0.7763,0.1465,0
ID-002827,1,1,1,0,0.0833,0,1,0,0,0,0,0,1,1,0,0,1,0,0,1,0,0,0,1,0,0,0,1,1,0,1,0.3667,0.0386,0
ID-002828,1,0,1,1,0.4722,1,0,1,0,1,0,1,0,0,1,0,1,0,0,1,0,0,0,0,1,1,0,0,0,0,1,0.216,0.1586,0
ID-002829,1,1,0,0,0.6667,1,0,0,1,1,1,0,0,0,1,0,1,0,0,0,1,0,1,0,0,0,1,0,0,1,1,0.3405,0.2944,0
ID-002830,1,0,1,0,0.2083,1,1,0,0,0,1,0,0,0,1,0,1,0,0,0,0,1,1,0,0,0,0,1,0,0,2,0.7349,0.1617,0
ID-002831,0,1,0,1,0.4722,1,0,0,1,2,0,1,0,0,0,1,0,1,0,0,1,0,0,0,1,0,0,1,1,0,3,0.6695,0.3403,0
ID-002832,0,0,1,1,0.0556,1,1,0,0,2,0,0,1,1,0,0,1,0,0,0,1,0,0,0,1,1,0,0,1,1,3,0.2975,0.0225,0
ID-002833,1,0,0,1,0.0417,0,0,1,0,2,0,1,0,1,0,0,0,1,0,1,0,0,0,1,0,0,1,0,2,1,3,0.3373,0.0183,0
ID-002834,0,1,0,1,0.8056,0,1,0,0,1,0,1,0,0,0,1,0,0,1,1,0,0,0,1,0,0,1,0,1,0,3,0.1684,0.2381,0
ID-002835,1,0,1,1,0.9306,1,0,1,0,0,1,0,0,0,1,0,0,0,1,0,0,1,0,1,0,0,1,0,2,1,2,0.4502,0.4975,0
ID-002836,0,0,0,0,0.2917,1,1,0,0,0,0,1,0,0,0,1,0,1,0,1,0,0,1,0,0,0,0,1,2,0,2,0.1478,0.0811,0
ID-002837,1,1,1,0,0.7222,0,1,0,0,0,1,0,0,0,1,0,1,0,0,0,0,1,0,1,0,0,1,0,2,0,0,0.0345,0.1315,0
ID-002838,0,0,0,1,0.2222,0,1,0,0,0,1,0,0,0,1,0,0,1,0,0,1,0,0,0,1,1,0,0,2,0,2,0.1207,0.0567,0
ID-002839,0,0,0,0,0.5139,1,0,1,0,0,0,0,1,1,0,0,1,0,0,0,1,0,1,0,0,0,1,0,0,0,3,0.0824,0.1144,0
ID-002840,1,1,0,0,0.2917,0,1,0,0,2,1,0,0,0,0,1,1,0,0,0,1,0,0,1,0,0,0,1,2,1,3,0.2377,0.1034,0
ID-002841,1,0,0,0,0.5556,1,0,1,0,2,1,0,0,0,0,1,1,0,0,0,1,0,0,1,0,1,0,0,2,1,3,0.7528,0.4396,0
ID-002842,0,1,1,1,0.3056,1,0,0,1,2,1,0,0,0,1,0,0,0,1,1,0,0,0,1,0,0,0,1,1,0,3,0.7966,0.2531,0
ID-002843,0,0,1,0,0.6806,0,0,0,1,0,0,1,0,1,0,0,1,0,0,0,1,0,1,0,0,0,0,1,2,1,1,0.0865,0.1539,0
ID-002844,1,1,1,0,0.5,1,1,0,0,0,0,0,1,0,1,0,1,0,0,1,0,0,0,0,1,1,0,0,1,1,0,0.0476,0.0966,0
ID-002845,1,0,1,1,0.8472,1,0,1,0,1,1,0,0,0,1,0,0,0,1,0,1,0,0,0,1,1,0,0,2,1,2,0.5889,0.5525,0
ID-002846,1,0,1,0,0.8333,1,1,0,0,2,0,0,1,0,1,0,0,1,0,1,0,0,1,0,0,1,0,0,0,0,1,0.8739,0.7449,0
ID-002847,0,1,0,1,0.3056,0,1,0,0,0,0,1,0,0,0,1,0,1,0,0,0,1,0,0,1,0,1,0,1,1,1,0.631,0.2102,0
ID-002848,1,1,1,0,0.5417,1,0,0,1,0,0,1,0,0,0,1,0,0,1,0,1,0,0,0,1,0,0,1,2,1,2,0.0297,0.0964,0
ID-002849,1,1,1,0,0.0278,0,1,0,0,2,0,1,0,1,0,0,1,0,0,0,0,1,1,0,0,0,1,0,1,0,1,0.6251,0.019,0
ID-002850,0,0,1,1,0.2361,1,1,0,0,1,0,1,0,0,1,0,1,0,0,0,1,0,0,1,0,1,0,0,2,1,1,0.6896,0.1742,0
ID-002851,0,0,1,0,1.0,0,0,0,1,2,1,0,0,0,1,0,0,0,1,1,0,0,0,1,0,1,0,0,2,0,0,0.9325,0.9436,0
ID-002852,1,1,0,0,0.3889,1,0,0,1,0,1,0,0,1,0,0,0,0,1,1,0,0,1,0,0,0,1,0,2,1,0,0.1993,0.1251,0
ID-002853,1,1,1,1,0.375,1,0,0,1,0,0,1,0,0,0,1,1,0,0,1,0,0,1,0,0,1,0,0,0,0,1,0.9128,0.3476,0
ID-002854,0,0,0,0,0.7639,0,0,0,1,1,1,0,0,0,0,1,0,0,1,0,0,1,0,1,0,0,0,1,1,0,3,0.5804,0.4927,0
ID-002855,1,1,0,0,0.7083,0,0,0,1,2,1,0,0,0,1,0,1,0,0,0,0,1,0,1,0,0,0,1,1,1,2,0.0613,0.1451,0
ID-002856,0,0,0,1,0.2639,1,1,0,0,1,1,0,0,1,0,0,0,0,1,1,0,0,0,1,0,0,1,0,0,1,1,0.2968,0.1067,0
ID-002857,0,0,1,1,0.5278,1,1,0,0,1,0,1,0,0,1,0,1,0,0,1,0,0,0,1,0,0,1,0,2,1,2,0.1311,0.1393,0
ID-002858,1,0,1,1,0.9583,0,0,1,0,2,1,0,0,1,0,0,0,1,0,0,0,1,1,0,0,0,1,0,0,0,3,0.2364,0.3385,0
ID-002859,1,0,0,1,0.3472,1,1,0,0,2,0,1,0,1,0,0,1,0,0,1,0,0,0,0,1,0,1,0,2,0,2,0.9849,0.3431,0
ID-002860,1,1,0,1,0.375,0,1,0,0,0,0,0,1,0,1,0,0,0,1,0,0,1,0,1,0,0,1,0,1,1,2,0.2431,0.1346,0
ID-002861,1,1,0,0,0.5972,1,0,0,1,0,1,0,0,0,0,1,0,0,1,0,1,0,0,0,1,0,0,1,2,1,3,0.7726,0.4826,0
ID-002862,1,0,0,0,0.3056,1,0,0,1,1,1,0,0,0,1,0,0,1,0,0,1,0,0,0,1,1,0,0,0,1,3,0.3691,0.1423,0
ID-002863,1,1,1,0,0.8194,1,1,0,0,1,0,1,0,0,1,0,1,0,0,0,0,1,0,1,0,1,0,0,2,1,3,0.6924,0.6064,0
ID-002864,0,1,1,0,0.8333,0,0,1,0,2,0,1,0,0,1,0,1,0,0,0,0,1,0,0,1,1,0,0,0,0,3,0.0781,0.1825,0
ID-002865,1,0,0,1,0.2361,0,0,1,0,0,0,1,0,0,1,0,0,0,1,0,1,0,0,0,1,1,0,0,1,0,2,0.9875,0.2338,0
ID-002866,0,0,1,1,0.9861,0,1,0,0,2,0,1,0,1,0,0,1,0,0,1,0,0,0,1,0,1,0,0,1,1,3,0.3851,0.4727,0
ID-002867,0,0,1,0,0.1944,1,1,0,0,1,1,0,0,1,0,0,1,0,0,1,0,0,1,0,0,0,0,1,2,1,2,0.295,0.0784,0
ID-002868,1,1,0,1,0.1528,0,0,0,1,0,0,1,0,0,1,0,0,0,1,1,0,0,0,0,1,1,0,0,0,1,1,0.258,0.0568,0
ID-002869,0,1,1,0,0.1944,1,1,0,0,0,0,0,1,0,0,1,0,0,1,1,0,0,0,0,1,0,0,1,0,0,3,0.9407,0.1848,0
ID-002870,0,0,1,0,0.7222,0,0,1,0,1,0,0,1,1,0,0,0,1,0,1,0,0,1,0,0,0,1,0,2,0,0,0.2472,0.2617,0
ID-002871,0,1,1,0,0.125,0,1,0,0,2,0,0,1,1,0,0,1,0,0,0,1,0,1,0,0,0,0,1,2,0,1,0.4615,0.068,0
ID-002872,1,1,1,0,0.4583,0,0,0,1,0,1,0,0,0,1,0,1,0,0,0,0,1,0,1,0,0,0,1,2,0,1,0.5382,0.2792,0
ID-002873,1,1,1,1,0.1389,0,1,0,0,1,0,0,1,0,1,0,0,0,1,1,0,0,1,0,0,1,0,0,0,0,1,0.3122,0.058,0
ID-002874,0,0,0,1,0.9722,0,0,1,0,0,0,0,1,0,0,1,1,0,0,0,0,1,0,0,1,1,0,0,0,1,2,0.9542,0.9353,0
ID-002875,1,0,0,0,0.4444,0,1,0,0,2,0,0,1,0,0,1,0,1,0,0,0,1,0,1,0,1,0,0,2,0,0,0.9211,0.4151,0
ID-002876,1,1,0,1,0.5,0,0,0,1,2,1,0,0,0,1,0,0,0,1,0,0,1,0,1,0,1,0,0,0,1,1,0.023,0.0861,0
ID-002877,0,0,1,1,0.2361,1,0,1,0,0,0,0,1,1,0,0,0,1,0,0,1,0,0,0,1,0,1,0,1,0,2,0.0525,0.0466,0
ID-002878,0,1,0,1,0.7917,1,1,0,0,0,0,1,0,0,0,1,0,0,1,0,1,0,1,0,0,0,0,1,1,0,3,0.1765,0.2394,0
ID-002879,0,1,1,0,0.5139,1,0,1,0,2,0,1,0,0,0,1,0,0,1,0,0,1,1,0,0,0,0,1,1,0,0,0.3133,0.2151,0
ID-002880,1,0,1,0,0.0694,1,0,1,0,2,0,1,0,1,0,0,0,1,0,1,0,0,0,0,1,1,0,0,2,0,0,0.2072,0.0228,0
ID-002881,1,1,1,0,0.3472,0,0,0,1,0,0,1,0,0,1,0,1,0,0,0,0,1,0,0,1,0,0,1,0,1,3,0.3661,0.1609,0
ID-002882,1,0,1,0,0.1944,1,1,0,0,0,0,1,0,0,0,1,0,1,0,0,1,0,0,1,0,0,0,1,1,0,0,0.5471,0.1199,0
ID-002883,1,0,1,1,0.1389,0,0,0,1,0,1,0,0,0,1,0,0,0,1,0,1,0,0,0,1,1,0,0,1,0,1,0.6615,0.0991,0
ID-002884,1,0,1,0,0.625,0,1,0,0,0,0,1,0,0,0,1,1,0,0,0,1,0,0,0,1,0,0,1,2,0,1,0.4231,0.3198,0
ID-002885,1,1,1,1,0.5417,1,0,1,0,1,0,0,1,1,0,0,0,0,1,0,1,0,1,0,0,1,0,0,0,1,0,0.8074,0.4537,0
ID-002886,0,0,0,1,0.3333,0,0,1,0,0,0,0,1,0,1,0,0,1,0,1,0,0,0,0,1,1,0,0,0,1,1,0.6222,0.2268,0
ID-002887,0,0,0,1,0.9167,1,0,0,1,1,0,0,1,1,0,0,1,0,0,0,0,1,0,0,1,0,0,1,2,1,1,0.1843,0.2833,0
ID-002888,0,0,1,1,0.9861,1,0,0,1,2,0,0,1,0,0,1,0,0,1,0,0,1,1,0,0,0,0,1,1,0,2,0.3622,0.4536,0
ID-002889,1,0,0,0,0.9722,1,1,0,0,2,0,0,1,0,0,1,0,0,1,1,0,0,0,1,0,0,1,0,2,1,1,0.8494,0.8488,0
ID-002890,0,0,1,0,0.1806,0,0,0,1,0,0,0,1,0,0,1,0,1,0,0,0,1,0,1,0,0,1,0,0,1,0,0.7227,0.1383,0
ID-002891,0,0,1,1,0.4861,1,0,0,1,1,0,1,0,0,0,1,1,0,0,1,0,0,1,0,0,1,0,0,0,1,3,0.1057,0.1179,0
ID-002892,0,1,1,1,0.375,1,0,1,0,2,1,0,0,0,1,0,1,0,0,1,0,0,1,0,0,1,0,0,2,1,0,0.4633,0.2046,0
ID-002893,1,0,1,0,0.2917,0,0,0,1,0,1,0,0,0,0,1,0,1,0,0,0,1,0,0,1,1,0,0,1,0,3,0.4891,0.1656,0
ID-002894,0,0,0,0,0.2778,1,1,0,0,1,1,0,0,0,1,0,1,0,0,1,0,0,0,1,0,1,0,0,2,1,2,0.0638,0.0575,0
ID-002895,0,1,0,0,0.7361,0,1,0,0,0,1,0,0,0,0,1,1,0,0,0,0,1,1,0,0,1,0,0,2,1,2,0.9354,0.6964,0
ID-002896,1,1,0,0,0.2083,0,1,0,0,2,0,1,0,1,0,0,0,0,1,0,0,1,0,1,0,1,0,0,2,1,2,0.5608,0.1309,0
ID-002897,1,1,0,0,0.7222,0,0,0,1,1,0,1,0,0,0,1,0,0,1,0,1,0,1,0,0,0,0,1,1,0,0,0.5032,0.4185,0
ID-002898,1,1,1,0,0.6806,1,1,0,0,2,1,0,0,1,0,0,0,1,0,0,0,1,0,0,1,0,1,0,0,1,1,0.2204,0.2312,0
ID-002899,1,0,1,0,0.5833,0,0,0,1,1,0,1,0,1,0,0,1,0,0,0,1,0,1,0,0,0,0,1,0,0,3,0.1748,0.1756,0
ID-002900,1,1,1,1,0.4583,0,1,0,0,1,0,0,1,0,0,1,0,1,0,0,0,1,0,0,1,1,0,0,0,1,2,0.5902,0.2994,0
ID-002901,1,1,0,1,0.8889,0,0,0,1,0,0,0,1,0,0,1,1,0,0,0,1,0,0,1,0,0,0,1,2,0,2,0.8639,0.787,0
ID-002902,1,0,1,0,0.1389,0,0,0,1,1,0,1,0,0,1,0,0,1,0,0,1,0,1,0,0,0,0,1,1,1,1,0.1296,0.0365,0
ID-002903,1,0,0,1,0.75,0,0,0,1,1,0,0,1,1,0,0,0,0,1,0,1,0,0,0,1,0,0,1,1,0,0,0.8508,0.6557,0
ID-002904,0,1,1,0,0.0417,0,1,0,0,0,0,0,1,1,0,0,0,1,0,0,1,0,0,1,0,0,0,1,1,1,0,0.8471,0.0363,0
ID-002905,1,1,0,0,0.9028,1,1,0,0,0,1,0,0,0,1,0,1,0,0,1,0,0,0,1,0,0,0,1,1,0,0,0.905,0.8308,0
ID-002906,1,0,0,0,0.5833,0,1,0,0,2,1,0,0,0,0,1,1,0,0,0,0,1,0,1,0,0,0,1,1,1,3,0.9928,0.5803,0
ID-002907,1,0,0,1,0.4861,0,0,0,1,1,1,0,0,0,0,1,1,0,0,0,0,1,0,1,0,1,0,0,1,1,3,0.1126,0.1207,0
ID-002908,1,1,0,0,0.2222,1,1,0,0,2,0,0,1,0,0,1,0,1,0,1,0,0,1,0,0,0,1,0,0,1,1,0.8864,0.201,0
ID-002909,1,0,0,0,0.3889,0,0,0,1,2,1,0,0,1,0,0,0,1,0,0,0,1,1,0,0,0,0,1,1,1,2,0.3541,0.1762,0
ID-002910,0,0,1,0,0.75,0,0,1,0,2,0,0,1,0,0,1,0,1,0,0,0,1,0,0,1,0,0,1,2,1,0,0.2004,0.242,0
ID-002911,0,0,1,1,0.4028,1,1,0,0,2,0,1,0,1,0,0,0,1,0,0,0,1,1,0,0,0,1,0,2,0,0,0.2336,0.1413,0
ID-002912,0,0,1,0,0.25,1,0,0,1,0,0,1,0,0,1,0,0,0,1,0,1,0,0,1,0,0,0,1,0,1,1,0.4897,0.142,0
ID-002913,1,1,1,0,0.0833,1,1,0,0,1,0,0,1,1,0,0,1,0,0,0,1,0,0,1,0,1,0,0,0,0,0,0.3052,0.0343,0
ID-002914,1,1,1,1,0.0139,0,0,1,0,1,0,1,0,0,0,1,0,1,0,0,0,1,0,0,1,0,1,0,2,1,1,0.7034,0.0104,0
ID-002915,0,0,1,1,0.875,0,0,0,1,0,1,0,0,0,0,1,0,1,0,1,0,0,0,0,1,0,0,1,0,0,1,0.4922,0.499,0
ID-002916,1,0,0,1,0.3889,1,0,1,0,2,0,0,1,1,0,0,0,1,0,0,0,1,0,0,1,1,0,0,2,0,2,0.2459,0.1405,0
ID-002917,0,1,1,1,0.5,0,0,1,0,2,0,0,1,0,1,0,0,1,0,0,1,0,1,0,0,0,1,0,1,0,3,0.404,0.2477,0
ID-002918,1,1,1,1,0.5,1,0,0,1,2,0,0,1,1,0,0,0,1,0,0,0,1,0,1,0,0,1,0,0,0,2,0.7191,0.3813,0
ID-002919,0,0,1,1,0.6667,0,0,0,1,0,0,0,1,1,0,0,1,0,0,1,0,0,0,0,1,0,0,1,2,0,3,0.5419,0.4082,0
ID-002920,1,0,0,0,0.25,0,1,0,0,2,0,0,1,0,1,0,1,0,0,1,0,0,1,0,0,0,1,0,2,0,0,0.3518,0.1128,0
ID-002921,0,1,0,0,0.4583,0,0,0,1,1,1,0,0,1,0,0,0,0,1,0,1,0,1,0,0,0,0,1,1,1,2,0.8134,0.3862,0
ID-002922,0,1,0,0,0.2361,1,0,0,1,0,0,1,0,0,1,0,1,0,0,0,1,0,0,1,0,1,0,0,2,0,1,0.7034,0.1769,0
ID-002923,1,1,0,0,0.125,0,0,0,1,2,0,0,1,0,1,0,1,0,0,1,0,0,1,0,0,0,1,0,2,0,0,0.2376,0.0443,0
ID-002924,0,0,1,0,0.6389,1,0,0,1,2,0,0,1,0,0,1,0,1,0,1,0,0,0,1,0,0,1,0,1,0,1,0.2514,0.2338,0
ID-002925,0,0,1,0,0.3194,0,0,1,0,0,1,0,0,1,0,0,0,1,0,1,0,0,0,1,0,0,0,1,0,0,1,0.2296,0.111,0
ID-002926,0,1,1,1,0.2778,0,0,1,0,2,0,1,0,0,0,1,1,0,0,0,0,1,0,1,0,0,0,1,1,0,2,0.2347,0.0977,0
ID-002927,0,0,1,1,0.9583,0,1,0,0,2,0,0,1,0,1,0,0,0,1,0,0,1,1,0,0,0,0,1,2,1,0,0.8927,0.8719,0
ID-002928,0,0,1,0,0.1667,1,1,0,0,2,0,0,1,0,1,0,1,0,0,1,0,0,0,1,0,0,1,0,2,0,2,0.7991,0.1384,0
ID-002929,0,1,1,0,0.3333,1,0,0,1,2,1,0,0,0,1,0,0,0,1,0,0,1,0,1,0,0,1,0,1,1,2,0.8109,0.2802,0
ID-002930,1,0,1,0,0.3472,1,0,1,0,1,0,1,0,0,1,0,0,1,0,1,0,0,0,0,1,0,1,0,0,0,1,0.8281,0.2969,0
ID-002931,1,1,1,1,0.5417,1,0,1,0,1,1,0,0,0,0,1,0,0,1,0,0,1,1,0,0,0,0,1,0,1,1,0.2545,0.1997,0
ID-002932,1,1,1,0,0.5278,0,0,0,1,0,1,0,0,0,1,0,0,1,0,1,0,0,1,0,0,0,0,1,2,1,2,0.8516,0.4618,0
ID-002933,1,0,0,0,0.25,0,0,1,0,1,1,0,0,1,0,0,0,1,0,0,1,0,0,0,1,0,1,0,0,0,2,0.8162,0.2113,0
ID-002934,0,1,0,1,0.5139,1,0,0,1,2,0,1,0,0,1,0,1,0,0,0,1,0,1,0,0,1,0,0,1,1,0,0.9737,0.5029,0
ID-002935,0,1,0,0,0.0556,1,0,0,1,1,0,0,1,0,1,0,0,0,1,1,0,0,1,0,0,0,0,1,0,0,2,0.0192,0.0094,0
ID-002936,1,0,1,1,0.8889,1,0,0,1,2,0,1,0,1,0,0,0,1,0,1,0,0,0,1,0,1,0,0,0,1,1,0.0744,0.1919,0
ID-002937,1,0,1,1,0.9167,0,0,1,0,2,1,0,0,0,1,0,1,0,0,0,1,0,1,0,0,1,0,0,2,0,1,0.9344,0.8664,0
ID-002938,1,1,0,0,0.6111,0,0,0,1,0,1,0,0,1,0,0,1,0,0,0,1,0,0,1,0,1,0,0,2,1,2,0.16,0.1763,0
ID-002939,1,0,0,0,0.6528,1,1,0,0,0,1,0,0,0,1,0,0,1,0,1,0,0,0,1,0,1,0,0,1,0,3,0.3539,0.2957,0
ID-002940,0,1,0,1,0.6806,0,1,0,0,0,1,0,0,0,0,1,0,1,0,1,0,0,1,0,0,1,0,0,0,1,2,0.7455,0.5343,0
ID-002941,0,1,1,0,0.2917,0,0,0,1,1,0,0,1,0,1,0,1,0,0,1,0,0,0,1,0,1,0,0,0,0,0,0.6922,0.2158,0
ID-002942,0,0,1,1,0.3333,0,0,1,0,2,1,0,0,1,0,0,1,0,0,0,1,0,0,0,1,0,0,1,1,1,0,0.2901,0.1329,0
ID-002943,0,1,1,0,0.1667,1,0,1,0,1,0,1,0,0,0,1,0,0,1,1,0,0,0,1,0,0,0,1,1,1,3,0.7723,0.1346,0
ID-002944,1,1,0,0,0.9722,1,1,0,0,1,1,0,0,1,0,0,0,0,1,0,0,1,1,0,0,1,0,0,2,0,3,0.0267,0.1706,0
ID-002945,1,0,0,1,0.4583,0,0,0,1,2,1,0,0,1,0,0,1,0,0,0,0,1,1,0,0,0,0,1,1,0,0,0.1329,0.1217,0
ID-002946,0,1,1,0,0.7917,1,0,1,0,0,0,1,0,1,0,0,0,0,1,0,1,0,0,0,1,1,0,0,1,0,2,0.5226,0.4718,0
ID-002947,1,0,0,0,0.1806,0,0,1,0,0,0,0,1,0,0,1,0,0,1,0,0,1,0,0,1,0,1,0,1,0,1,0.1074,0.044,0
ID-002948,1,0,0,0,0.375,1,1,0,0,2,0,0,1,1,0,0,1,0,0,1,0,0,0,1,0,1,0,0,0,1,0,0.4391,0.1969,0
ID-002949,1,0,1,0,1.0,0,1,0,0,1,0,1,0,0,0,1,1,0,0,0,1,0,0,0,1,0,0,1,2,0,0,0.7184,0.762,0
ID-002950,1,1,1,1,0.0972,0,0,1,0,2,0,1,0,1,0,0,0,1,0,0,1,0,0,1,0,0,1,0,2,0,0,0.2113,0.0323,0
ID-002951,0,0,0,0,0.8056,1,1,0,0,2,0,0,1,0,1,0,1,0,0,0,0,1,0,1,0,1,0,0,1,1,3,0.1012,0.1922,0
ID-002952,1,0,0,0,0.5417,0,1,0,0,2,0,1,0,0,0,1,0,0,1,1,0,0,0,1,0,0,1,0,2,1,1,0.4138,0.2729,0
ID-002953,0,1,1,1,0.6528,0,0,1,0,2,0,0,1,1,0,0,0,1,0,1,0,0,0,1,0,0,1,0,1,1,0,0.6298,0.4484,0
ID-002954,1,0,1,1,0.1667,0,0,0,1,2,0,0,1,0,1,0,1,0,0,0,1,0,0,0,1,0,1,0,0,1,0,0.0061,0.0263,0
ID-002955,1,0,0,0,0.6667,0,0,0,1,0,1,0,0,0,1,0,0,1,0,0,1,0,1,0,0,0,0,1,1,1,0,0.5664,0.4221,0
ID-002956,1,0,0,1,0.75,0,1,0,0,2,0,0,1,1,0,0,0,0,1,0,0,1,1,0,0,0,1,0,1,0,1,0.2294,0.2605,0
ID-002957,1,0,0,0,0.1806,0,0,0,1,1,1,0,0,1,0,0,0,1,0,0,1,0,0,0,1,1,0,0,2,1,0,0.0628,0.0372,0
ID-002958,0,1,1,0,0.9167,0,1,0,0,0,1,0,0,0,1,0,0,1,0,1,0,0,0,1,0,1,0,0,2,1,3,0.6635,0.6559,0
ID-002959,1,0,0,0,0.375,0,0,0,1,1,1,0,0,0,1,0,0,0,1,0,1,0,0,1,0,0,1,0,0,1,3,0.2451,0.1352,0
ID-002960,1,0,1,1,0.1528,0,1,0,0,1,0,0,1,1,0,0,1,0,0,1,0,0,0,0,1,0,1,0,0,0,0,0.6903,0.1128,0
ID-002961,1,1,0,1,0.875,1,0,0,1,0,1,0,0,1,0,0,1,0,0,1,0,0,1,0,0,0,1,0,2,0,0,0.9122,0.8106,0
ID-002962,0,1,1,1,0.2778,0,0,0,1,1,0,1,0,1,0,0,1,0,0,0,0,1,1,0,0,1,0,0,1,0,2,0.9475,0.2656,0
ID-002963,1,0,0,1,0.7222,0,0,1,0,1,0,1,0,1,0,0,0,0,1,0,0,1,0,0,1,0,1,0,2,1,3,0.3442,0.3212,0
ID-002964,1,1,0,0,0.375,0,1,0,0,0,0,0,1,0,0,1,1,0,0,0,1,0,1,0,0,1,0,0,2,0,3,0.1459,0.1037,0
ID-002965,1,0,1,1,0.5417,1,0,0,1,2,1,0,0,0,1,0,1,0,0,1,0,0,1,0,0,0,0,1,1,0,1,0.3428,0.2402,0
ID-002966,1,0,1,0,0.9722,0,0,0,1,2,0,1,0,1,0,0,1,0,0,1,0,0,0,0,1,0,1,0,0,0,2,0.9903,0.965,0
ID-002967,1,0,1,1,0.8472,1,0,1,0,2,0,0,1,1,0,0,0,0,1,1,0,0,0,1,0,0,0,1,0,0,3,0.6709,0.6115,0
ID-002968,0,0,1,1,0.8472,0,0,0,1,0,0,1,0,0,0,1,1,0,0,0,1,0,0,1,0,0,1,0,1,1,2,0.971,0.8271,0
ID-002969,0,1,0,1,0.2778,1,1,0,0,2,0,0,1,1,0,0,0,0,1,1,0,0,0,1,0,1,0,0,1,1,0,0.5489,0.1717,0
ID-002970,1,0,1,0,0.6528,0,0,1,0,2,0,1,0,0,1,0,1,0,0,1,0,0,0,1,0,0,1,0,0,0,2,0.0643,0.1353,0
ID-002971,0,0,1,1,0.6944,0,0,1,0,2,1,0,0,1,0,0,1,0,0,0,0,1,0,1,0,0,0,1,2,1,0,0.566,0.4394,0
ID-002972,0,1,1,0,0.5417,1,1,0,0,2,1,0,0,0,1,0,1,0,0,0,0,1,1,0,0,0,1,0,2,1,0,0.2465,0.196,0
ID-002973,0,0,0,1,0.6667,1,0,0,1,0,0,0,1,0,1,0,1,0,0,1,0,0,1,0,0,0,0,1,2,1,2,0.6704,0.4809,0
ID-002974,0,1,0,1,0.5417,0,1,0,0,1,0,1,0,0,0,1,0,0,1,1,0,0,0,1,0,0,0,1,1,0,3,0.8723,0.4834,0
ID-002975,1,0,0,0,1.0,0,0,0,1,1,0,1,0,0,0,1,0,0,1,1,0,0,0,1,0,0,1,0,0,1,0,0.556,0.6243,0
ID-002976,1,0,0,0,0.5278,0,1,0,0,1,0,1,0,0,0,1,0,0,1,0,0,1,0,1,0,0,0,1,1,0,3,0.6363,0.3654,0
ID-002977,0,0,1,1,0.6806,0,0,1,0,0,0,1,0,0,1,0,0,0,1,0,0,1,0,0,1,0,1,0,2,0,2,0.9337,0.6429,0
ID-002978,1,1,0,1,0.3472,0,1,0,0,0,0,0,1,0,1,0,0,1,0,0,1,0,1,0,0,0,1,0,1,0,3,0.5949,0.2282,0
ID-002979,1,0,0,0,0.0556,1,1,0,0,2,0,0,1,0,1,0,1,0,0,0,0,1,0,1,0,1,0,0,0,0,1,0.1229,0.0143,0
ID-002980,0,1,1,0,0.2083,0,0,1,0,1,0,1,0,0,1,0,1,0,0,0,0,1,0,0,1,0,1,0,1,1,0,0.3369,0.0914,0
ID-002981,1,1,0,1,0.6111,0,0,1,0,0,1,0,0,1,0,0,0,1,0,0,0,1,0,1,0,0,1,0,1,1,1,0.7836,0.4995,0
ID-002982,0,1,0,1,0.0,0,1,0,0,1,0,1,0,1,0,0,0,1,0,1,0,0,0,0,1,1,0,0,0,1,3,0.6442,0.0,0
ID-002983,1,0,0,0,0.625,0,0,0,1,1,1,0,0,0,1,0,1,0,0,1,0,0,0,0,1,0,1,0,0,1,0,0.036,0.1146,0
ID-002984,0,1,1,1,0.1528,0,0,0,1,2,0,1,0,0,0,1,0,1,0,1,0,0,0,0,1,0,0,1,2,1,1,0.3198,0.0648,0
ID-002985,0,0,0,1,0.7222,1,0,0,1,0,0,1,0,1,0,0,1,0,0,1,0,0,0,1,0,0,1,0,2,1,3,0.2498,0.2633,0
ID-002986,0,0,0,0,0.4167,0,1,0,0,1,0,1,0,0,1,0,0,1,0,1,0,0,0,0,1,1,0,0,1,0,3,0.7996,0.3462,0
ID-002987,0,1,0,1,0.8333,1,0,1,0,1,0,1,0,0,1,0,0,1,0,1,0,0,0,1,0,0,1,0,2,0,1,0.9205,0.7778,0
ID-002988,0,1,0,1,0.0694,0,0,1,0,2,1,0,0,0,1,0,1,0,0,0,0,1,1,0,0,1,0,0,1,1,3,0.3325,0.0302,0
ID-002989,1,1,1,1,0.625,0,0,0,1,0,1,0,0,1,0,0,1,0,0,0,0,1,0,1,0,0,1,0,1,0,3,0.0192,0.1057,0
ID-002990,0,0,1,0,0.4722,1,0,0,1,1,0,1,0,0,0,1,1,0,0,0,0,1,1,0,0,0,0,1,0,0,3,0.8658,0.4189,0
ID-002991,1,0,0,1,0.0833,0,0,0,1,2,0,0,1,0,0,1,0,1,0,0,0,1,0,1,0,0,0,1,2,1,3,0.007,0.0132,0
ID-002992,1,0,0,1,0.1389,1,1,0,0,1,0,1,0,0,1,0,0,0,1,0,1,0,1,0,0,0,0,1,1,0,3,0.5665,0.0879,0
ID-002993,0,1,0,1,0.0139,1,1,0,0,2,1,0,0,0,0,1,0,1,0,1,0,0,0,1,0,0,0,1,2,1,1,0.1024,0.0033,0
ID-002994,0,1,0,1,0.9028,0,1,0,0,2,0,1,0,0,1,0,0,1,0,0,0,1,1,0,0,1,0,0,2,1,0,0.1073,0.2201,0
ID-002995,0,1,1,0,0.4167,0,0,0,1,2,1,0,0,1,0,0,0,0,1,1,0,0,0,1,0,0,1,0,2,1,2,0.3262,0.1789,0
ID-002996,0,0,0,1,0.7639,1,1,0,0,2,1,0,0,0,1,0,1,0,0,1,0,0,0,0,1,0,0,1,0,0,1,0.7536,0.6049,0
ID-002997,1,1,1,1,0.9444,0,0,1,0,2,0,1,0,1,0,0,1,0,0,0,1,0,0,0,1,1,0,0,1,0,3,0.0929,0.2187,0
ID-002998,0,1,0,0,0.5694,0,0,0,1,2,0,1,0,0,0,1,1,0,0,0,1,0,0,0,1,0,0,1,2,1,0,0.4459,0.3024,0
ID-002999,0,1,0,1,0.2222,0,0,1,0,2,0,1,0,1,0,0,0,1,0,0,1,0,1,0,0,0,0,1,1,0,0,0.8945,0.2025,0
ID-003000,0,1,1,0,0.9583,0,1,0,0,1,1,0,0,0,1,0,0,1,0,1,0,0,0,1,0,0,1,0,1,1,1,0.7047,0.7192,0
ID-003001,0,1,0,1,0.4583,0,1,0,0,1,1,0,0,1,0,0,0,1,0,0,0,1,0,1,0,1,0,0,1,1,1,0.8641,0.4059,0
ID-003002,0,1,0,0,0.4028,1,0,1,0,0,0,0,1,0,0,1,1,0,0,0,1,0,0,0,1,1,0,0,0,1,1,0.214,0.1346,0
ID-003003,0,0,1,0,0.0972,1,1,0,0,0,0,0,1,0,1,0,1,0,0,0,1,0,0,0,1,0,0,1,0,1,1,0.9023,0.0892,0
ID-003004,0,1,0,0,0.1389,1,0,0,1,1,1,0,0,0,0,1,0,0,1,1,0,0,0,0,1,0,0,1,2,0,2,0.6644,0.0995,0
ID-003005,0,1,0,0,0.6111,1,0,1,0,1,0,0,1,0,1,0,1,0,0,0,0,1,1,0,0,1,0,0,0,1,3,0.8538,0.5358,0
ID-003006,0,0,1,1,0.3056,1,1,0,0,0,0,0,1,1,0,0,1,0,0,0,0,1,1,0,0,0,0,1,2,0,1,0.8,0.254,0
ID-003007,0,1,1,1,0.0278,1,1,0,0,2,1,0,0,0,1,0,0,1,0,1,0,0,0,1,0,0,1,0,2,0,3,0.0208,0.0047,0
ID-003008,1,0,0,1,0.6528,0,0,0,1,1,1,0,0,1,0,0,0,1,0,0,1,0,0,0,1,0,0,1,2,0,0,0.8441,0.567,0
ID-003009,1,1,1,0,0.0417,0,0,1,0,0,1,0,0,0,0,1,1,0,0,1,0,0,0,1,0,0,1,0,2,0,3,0.54,0.0254,0
ID-003010,1,1,0,0,0.8611,0,0,1,0,1,0,0,1,0,1,0,0,1,0,1,0,0,0,0,1,0,1,0,2,1,2,0.3767,0.4067,0
ID-003011,0,0,1,1,0.9861,1,0,1,0,0,1,0,0,0,0,1,0,1,0,1,0,0,0,1,0,0,1,0,0,0,0,0.8232,0.8391,0
ID-003012,0,0,1,0,0.7917,1,0,1,0,2,0,1,0,1,0,0,0,0,1,0,1,0,1,0,0,0,1,0,1,0,0,0.0319,0.1424,0
ID-003013,0,0,1,0,0.9028,0,0,0,1,0,0,0,1,0,0,1,1,0,0,0,0,1,0,1,0,0,0,1,2,1,0,0.5724,0.5761,0
ID-003014,0,1,1,1,0.0556,0,0,1,0,1,1,0,0,0,1,0,0,0,1,1,0,0,0,0,1,0,0,1,1,1,0,0.8157,0.0469,0
ID-003015,0,1,1,0,0.3889,0,0,1,0,0,1,0,0,1,0,0,0,1,0,1,0,0,0,1,0,1,0,0,1,0,0,0.1437,0.1068,0
ID-003016,0,1,1,1,0.75,0,0,0,1,1,0,0,1,1,0,0,1,0,0,0,1,0,0,0,1,1,0,0,0,1,0,0.3164,0.3158,0
ID-003017,1,1,0,0,0.3333,1,0,0,1,1,0,0,1,0,1,0,0,1,0,0,1,0,0,1,0,0,0,1,1,0,1,0.8545,0.2925,0
ID-003018,0,0,1,1,0.4861,1,0,0,1,0,1,0,0,0,0,1,0,0,1,0,1,0,1,0,0,1,0,0,1,0,2,0.3061,0.2005,0
ID-003019,0,1,0,0,0.1528,1,0,0,1,2,0,1,0,0,1,0,0,0,1,0,0,1,0,1,0,0,1,0,1,0,3,0.6588,0.1087,0
ID-003020,0,1,0,0,0.0417,0,1,0,0,1,0,0,1,0,0,1,1,0,0,1,0,0,0,1,0,0,1,0,2,1,2,0.6483,0.0293,0
ID-003021,1,0,1,1,0.7361,1,1,0,0,1,1,0,0,0,1,0,1,0,0,0,1,0,0,1,0,0,1,0,1,0,2,0.2879,0.2922,0
ID-003022,1,1,0,0,0.4167,0,0,1,0,2,1,0,0,0,0,1,0,1,0,0,0,1,1,0,0,1,0,0,0,1,2,0.6923,0.3083,0
ID-003023,1,0,0,1,0.8611,1,0,1,0,2,1,0,0,1,0,0,0,0,1,0,0,1,0,0,1,0,0,1,1,0,0,0.4384,0.4517,0
ID-003024,0,1,1,1,0.8056,1,0,1,0,0,0,1,0,0,0,1,0,1,0,0,0,1,1,0,0,1,0,0,2,1,3,0.6553,0.5707,0
ID-003025,0,0,0,1,0.9167,0,0,0,1,2,1,0,0,1,0,0,0,1,0,0,0,1,0,1,0,0,1,0,1,1,3,0.581,0.5917,0
ID-003026,1,1,1,1,0.4167,1,1,0,0,0,1,0,0,0,0,1,1,0,0,0,1,0,0,0,1,0,1,0,0,0,1,0.4799,0.2333,0
ID-003027,1,0,0,0,0.6111,1,0,0,1,2,0,1,0,1,0,0,1,0,0,1,0,0,1,0,0,0,0,1,1,0,3,0.0574,0.1231,0
ID-003028,1,0,0,0,0.4028,0,1,0,0,0,0,0,1,0,0,1,0,1,0,0,1,0,0,1,0,1,0,0,0,0,2,0.7013,0.3011,0
ID-003029,0,0,0,1,0.0694,1,0,0,1,2,0,1,0,0,1,0,1,0,0,0,0,1,0,0,1,1,0,0,1,1,3,0.6687,0.05,0
ID-003030,1,1,0,1,0.6111,1,0,1,0,0,1,0,0,0,1,0,1,0,0,0,1,0,1,0,0,1,0,0,0,0,3,0.1086,0.1497,0
ID-003031,0,1,1,0,0.7083,0,0,1,0,2,1,0,0,0,1,0,0,0,1,0,0,1,0,0,1,1,0,0,0,0,0,0.8487,0.618,0
ID-003032,0,1,1,0,0.0417,0,0,0,1,2,1,0,0,0,1,0,1,0,0,0,0,1,0,1,0,1,0,0,2,0,1,0.579,0.0268,0
ID-003033,0,0,0,0,0.6111,1,1,0,0,1,0,0,1,0,0,1,1,0,0,0,1,0,0,0,1,0,1,0,1,0,3,0.7209,0.467,0
ID-003034,0,1,0,1,0.8056,0,0,1,0,2,0,1,0,0,1,0,0,1,0,1,0,0,0,1,0,0,1,0,1,0,0,0.1423,0.2203,0
ID-003035,0,1,1,1,0.8333,0,0,1,0,1,1,0,0,0,1,0,0,0,1,1,0,0,0,0,1,0,0,1,2,1,0,0.8426,0.7228,0
ID-003036,1,0,0,0,0.7639,1,0,1,0,2,1,0,0,0,0,1,0,0,1,0,0,1,0,1,0,1,0,0,1,0,1,0.5158,0.4508,0
ID-003037,0,1,0,0,0.2778,0,0,1,0,2,0,1,0,0,1,0,0,1,0,1,0,0,0,0,1,0,0,1,2,0,2,0.8652,0.2462,0
ID-003038,0,0,0,0,0.1389,1,0,1,0,2,0,1,0,0,0,1,0,1,0,1,0,0,1,0,0,0,0,1,1,1,3,0.1895,0.0435,0
ID-003039,0,1,1,1,0.0139,0,0,1,0,1,0,1,0,0,0,1,0,1,0,0,1,0,0,0,1,1,0,0,1,1,0,0.3492,0.0062,0
ID-003040,1,1,1,1,0.1111,1,1,0,0,1,0,1,0,0,0,1,1,0,0,0,0,1,0,0,1,0,0,1,2,0,1,0.4534,0.0597,0
ID-003041,1,0,0,1,0.8889,0,0,1,0,2,0,0,1,1,0,0,0,1,0,1,0,0,1,0,0,0,1,0,2,1,0,0.5764,0.5703,0
ID-003042,0,1,0,0,0.1667,0,0,0,1,0,0,1,0,0,0,1,1,0,0,1,0,0,0,1,0,0,0,1,0,0,2,0.1497,0.0466,0
ID-003043,1,1,1,0,0.5417,0,0,0,1,1,1,0,0,0,0,1,1,0,0,0,1,0,1,0,0,1,0,0,1,1,1,0.4591,0.2937,0
ID-003044,1,1,0,1,0.0417,0,1,0,0,0,1,0,0,0,1,0,1,0,0,0,1,0,0,1,0,0,1,0,2,1,2,0.8581,0.0367,0
ID-003045,0,1,1,0,0.0833,1,1,0,0,0,0,1,0,0,0,1,1,0,0,0,0,1,1,0,0,0,0,1,1,0,2,0.417,0.0422,0
ID-003046,0,0,1,0,0.8611,0,1,0,0,2,1,0,0,0,1,0,0,0,1,0,0,1,0,1,0,0,0,1,0,0,1,0.5379,0.5244,0
ID-003047,0,0,1,1,0.1389,1,1,0,0,1,1,0,0,1,0,0,0,1,0,1,0,0,0,1,0,1,0,0,2,1,1,0.694,0.103,0
ID-003048,1,0,0,0,0.1389,1,0,1,0,1,1,0,0,0,1,0,0,0,1,0,0,1,0,1,0,0,1,0,0,1,1,0.1006,0.0331,0
ID-003049,1,0,0,1,0.1667,1,1,0,0,1,0,1,0,0,1,0,0,0,1,0,1,0,0,0,1,1,0,0,1,1,2,0.9969,0.1664,0
ID-003050,0,1,1,0,0.7361,1,0,1,0,2,0,0,1,1,0,0,0,0,1,0,0,1,0,0,1,1,0,0,2,1,0,0.3199,0.3122,0
ID-003051,1,0,0,0,0.5694,1,0,0,1,0,0,0,1,0,0,1,1,0,0,1,0,0,0,0,1,0,1,0,2,1,3,0.4691,0.3136,0
ID-003052,0,0,0,1,0.8056,0,0,0,1,0,0,1,0,1,0,0,1,0,0,1,0,0,1,0,0,0,1,0,2,0,2,0.6211,0.5474,0
ID-003053,0,1,0,1,0.1944,0,1,0,0,1,0,0,1,0,0,1,1,0,0,1,0,0,1,0,0,0,0,1,1,1,3,0.4541,0.1046,0
ID-003054,0,1,0,0,0.3889,1,0,1,0,0,0,1,0,1,0,0,1,0,0,0,1,0,0,1,0,0,0,1,0,0,1,0.4976,0.2235,0
ID-003055,0,0,0,1,0.3194,0,1,0,0,2,0,0,1,0,0,1,0,1,0,1,0,0,0,1,0,0,0,1,1,1,2,0.3812,0.1521,0
ID-003056,1,0,1,1,0.3611,0,1,0,0,2,0,1,0,1,0,0,0,1,0,0,1,0,1,0,0,0,0,1,1,0,1,0.2008,0.1167,0
ID-003057,1,1,1,1,0.5278,1,0,0,1,0,0,1,0,1,0,0,1,0,0,0,1,0,0,0,1,0,0,1,1,1,1,0.3067,0.2179,0
ID-003058,0,0,1,1,0.6111,0,0,0,1,0,0,0,1,1,0,0,1,0,0,0,1,0,0,0,1,1,0,0,1,0,2,0.5223,0.364,0
ID-003059,0,0,0,1,0.0417,0,1,0,0,1,1,0,0,1,0,0,1,0,0,0,0,1,0,0,1,0,1,0,1,1,1,0.8655,0.0369,0
ID-003060,1,0,0,0,0.5139,0,1,0,0,2,0,0,1,0,0,1,0,1,0,1,0,0,0,1,0,1,0,0,0,0,1,0.2625,0.1929,0
ID-003061,0,0,0,1,0.5417,0,1,0,0,0,0,1,0,1,0,0,1,0,0,1,0,0,0,1,0,0,1,0,1,0,1,0.5473,0.3342,0
ID-003062,1,1,0,1,0.0278,0,0,0,1,1,0,1,0,1,0,0,1,0,0,0,1,0,0,1,0,1,0,0,1,0,0,0.0963,0.0065,0
ID-003063,0,0,1,1,0.1528,0,0,1,0,0,1,0,0,1,0,0,0,0,1,0,1,0,0,0,1,1,0,0,1,1,2,0.2016,0.0495,0
ID-003064,0,1,1,0,0.625,1,1,0,0,0,0,1,0,1,0,0,0,1,0,0,0,1,1,0,0,1,0,0,2,1,0,0.0985,0.1477,0
ID-003065,1,1,0,1,0.9444,0,0,0,1,2,0,1,0,0,0,1,0,1,0,0,0,1,0,0,1,0,1,0,1,1,2,0.2572,0.3503,0
ID-003066,1,0,1,0,0.6806,1,1,0,0,1,0,0,1,0,0,1,0,1,0,0,0,1,0,0,1,0,0,1,0,1,3,0.2755,0.263,0
ID-003067,0,1,1,1,0.4028,0,0,1,0,2,0,1,0,1,0,0,0,1,0,1,0,0,0,0,1,1,0,0,0,0,1,0.211,0.1336,0
ID-003068,1,1,1,0,0.25,0,0,1,0,1,0,1,0,1,0,0,0,1,0,0,1,0,1,0,0,0,0,1,1,0,1,0.917,0.2326,0
ID-003069,0,0,0,1,0.0833,0,1,0,0,2,0,1,0,0,0,1,0,0,1,1,0,0,0,0,1,0,0,1,1,0,1,0.9655,0.081,0
ID-003070,1,0,0,1,0.7361,0,1,0,0,2,0,0,1,1,0,0,0,1,0,1,0,0,0,0,1,0,0,1,0,1,3,0.0591,0.1494,0
ID-003071,1,0,0,0,0.5139,0,1,0,0,0,0,1,0,0,0,1,0,1,0,0,0,1,1,0,0,1,0,0,0,0,0,0.091,0.1182,0
ID-003072,1,0,1,0,0.0694,1,1,0,0,1,0,0,1,0,0,1,0,1,0,0,0,1,0,0,1,0,0,1,1,0,2,0.4127,0.0349,0
ID-003073,1,1,0,0,0.9861,0,0,1,0,0,1,0,0,0,0,1,1,0,0,1,0,0,1,0,0,1,0,0,1,0,0,0.5653,0.6234,0
ID-003074,0,1,1,1,0.2778,0,1,0,0,1,1,0,0,1,0,0,1,0,0,0,1,0,0,1,0,0,1,0,2,1,0,0.515,0.1637,0
ID-003075,1,1,0,1,0.2917,0,0,1,0,2,1,0,0,1,0,0,0,0,1,0,0,1,0,1,0,1,0,0,1,0,3,0.1275,0.0761,0
ID-003076,1,1,1,1,0.5,0,0,1,0,1,1,0,0,0,1,0,0,1,0,0,0,1,0,1,0,1,0,0,2,1,2,0.564,0.3155,0
ID-003077,0,0,0,0,0.3056,0,0,1,0,1,0,0,1,0,0,1,0,0,1,0,0,1,0,0,1,0,0,1,2,1,2,0.9647,0.2967,0
ID-003078,0,1,1,1,0.8333,1,0,0,1,2,0,1,0,0,1,0,0,1,0,0,1,0,0,1,0,0,1,0,2,1,1,0.1019,0.1994,0
ID-003079,1,1,1,1,0.5972,1,0,1,0,0,1,0,0,1,0,0,0,1,0,1,0,0,0,1,0,0,1,0,1,1,1,0.9614,0.5782,0
ID-003080,1,1,0,0,0.7222,1,1,0,0,2,1,0,0,0,0,1,0,1,0,1,0,0,1,0,0,0,1,0,2,0,3,0.7439,0.566,0
ID-003081,1,0,1,0,0.9583,1,0,1,0,2,1,0,0,0,0,1,1,0,0,0,1,0,0,1,0,0,1,0,2,0,1,0.8621,0.847,0
ID-003082,1,0,1,0,0.5972,1,0,1,0,2,1,0,0,1,0,0,0,1,0,0,0,1,1,0,0,0,1,0,0,1,0,0.3553,0.2712,0
ID-003083,0,1,0,1,0.625,0,0,1,0,2,0,1,0,1,0,0,1,0,0,1,0,0,0,1,0,0,0,1,2,1,0,0.2933,0.2509,0
ID-003084,1,1,1,0,0.9444,0,1,0,0,0,1,0,0,0,0,1,0,0,1,0,0,1,0,0,1,0,1,0,2,1,0,0.4336,0.4916,0
ID-003085,0,1,0,1,1.0,1,0,1,0,0,0,1,0,0,0,1,0,0,1,0,0,1,0,1,0,0,1,0,0,0,0,0.2904,0.399,0
ID-003086,0,1,1,0,0.6389,1,1,0,0,2,0,1,0,0,1,0,1,0,0,0,1,0,0,1,0,0,0,1,2,0,3,0.3369,0.2802,0
ID-003087,0,1,1,1,0.7639,1,1,0,0,2,0,1,0,0,1,0,0,0,1,0,0,1,0,0,1,1,0,0,1,1,2,0.5017,0.4417,0
ID-003088,0,1,0,1,0.4444,1,0,1,0,1,1,0,0,1,0,0,1,0,0,0,1,0,0,0,1,0,1,0,0,1,1,0.8426,0.3855,0
ID-003089,0,1,0,1,0.8194,0,0,0,1,1,0,1,0,1,0,0,0,1,0,0,1,0,0,1,0,1,0,0,2,0,2,0.3305,0.3549,0
ID-003090,0,0,0,1,0.2917,1,0,0,1,0,0,1,0,0,0,1,0,1,0,0,0,1,1,0,0,0,1,0,2,1,2,0.7419,0.2281,0
ID-003091,1,1,1,0,0.2083,1,0,0,1,1,0,1,0,0,0,1,0,1,0,0,0,1,0,1,0,0,0,1,1,0,2,0.7983,0.1729,0
ID-003092,1,1,0,1,0.2778,1,0,1,0,1,1,0,0,1,0,0,0,1,0,1,0,0,0,0,1,1,0,0,2,1,1,0.9705,0.2711,0
ID-003093,0,0,0,1,0.5,0,0,1,0,0,0,1,0,1,0,0,1,0,0,0,0,1,0,0,1,1,0,0,0,0,1,0.3406,0.2208,0
ID-003094,1,1,0,1,0.7083,1,0,0,1,2,0,0,1,0,0,1,0,0,1,0,1,0,0,1,0,0,1,0,1,0,3,0.528,0.4254,0
ID-003095,1,1,1,1,0.2083,1,0,0,1,1,0,0,1,0,0,1,0,1,0,0,0,1,1,0,0,0,0,1,0,0,0,0.9359,0.1972,0
ID-003096,0,0,1,1,0.5556,0,0,1,0,2,0,0,1,1,0,0,0,1,0,0,1,0,1,0,0,0,0,1,1,1,3,0.6228,0.3783,0
ID-003097,0,1,0,0,0.0833,1,1,0,0,2,1,0,0,0,1,0,1,0,0,0,1,0,0,1,0,0,0,1,0,0,1,0.3084,0.0345,0
ID-003098,1,1,0,0,0.4167,0,1,0,0,1,0,1,0,0,1,0,0,1,0,0,1,0,0,1,0,1,0,0,0,0,1,0.2272,0.1439,0
ID-003099,0,0,1,0,0.5139,0,0,1,0,2,1,0,0,1,0,0,0,1,0,0,1,0,0,0,1,0,0,1,0,1,2,0.9871,0.5087,0
ID-003100,0,1,1,0,1.0,0,1,0,0,2,0,1,0,1,0,0,1,0,0,1,0,0,0,0,1,0,1,0,1,1,2,0.1174,0.2524,0
ID-003101,1,0,1,0,0.5694,1,1,0,0,0,0,0,1,1,0,0,0,0,1,0,1,0,0,0,1,0,0,1,1,1,2,0.1688,0.1685,0
ID-003102,0,0,1,0,0.7222,1,0,1,0,0,0,0,1,1,0,0,0,1,0,0,0,1,1,0,0,1,0,0,0,0,2,0.3553,0.328,0
ID-003103,1,1,0,1,0.1528,1,1,0,0,1,1,0,0,0,0,1,0,1,0,0,1,0,1,0,0,1,0,0,0,1,3,0.1436,0.042,0
ID-003104,1,1,1,0,0.3472,1,0,1,0,0,1,0,0,0,1,0,1,0,0,0,0,1,0,0,1,1,0,0,0,0,2,0.1416,0.0948,0
ID-003105,1,0,0,0,0.2917,0,1,0,0,2,1,0,0,1,0,0,1,0,0,0,0,1,0,0,1,1,0,0,2,0,3,0.4645,0.1595,0
ID-003106,1,1,0,1,0.5417,1,0,1,0,0,0,1,0,0,1,0,0,1,0,0,1,0,1,0,0,0,0,1,2,1,0,0.3899,0.2619,0
ID-003107,0,1,1,0,0.7917,1,1,0,0,0,1,0,0,0,0,1,0,1,0,0,0,1,1,0,0,0,1,0,1,0,2,0.0011,0.1217,0
ID-003108,1,0,0,0,0.75,1,1,0,0,2,1,0,0,0,0,1,0,1,0,0,1,0,0,0,1,1,0,0,2,0,3,0.9511,0.7195,0
ID-003109,1,1,0,1,0.125,0,0,0,1,2,0,0,1,0,1,0,0,1,0,0,0,1,1,0,0,1,0,0,2,1,2,0.3068,0.0516,0
ID-003110,1,0,0,0,0.0694,1,0,1,0,2,0,1,0,0,1,0,1,0,0,0,1,0,0,1,0,0,0,1,0,1,2,0.4236,0.0356,0
ID-003111,1,0,1,0,0.5833,1,0,1,0,2,0,1,0,0,1,0,0,1,0,1,0,0,0,0,1,0,0,1,0,1,1,0.7023,0.4366,0
ID-003112,1,0,1,0,0.9583,0,0,1,0,0,0,0,1,1,0,0,0,0,1,0,1,0,1,0,0,0,0,1,1,0,3,0.6174,0.6482,0
ID-003113,1,1,1,1,0.9444,0,1,0,0,1,0,1,0,1,0,0,1,0,0,0,0,1,1,0,0,0,0,1,1,0,3,0.8217,0.8025,0
ID-003114,1,0,0,1,0.4722,0,0,0,1,0,0,0,1,0,0,1,1,0,0,0,0,1,0,0,1,0,0,1,0,0,1,0.198,0.1514,0
ID-003115,1,0,1,1,0.0833,1,0,0,1,1,0,1,0,0,0,1,0,1,0,0,0,1,0,1,0,1,0,0,0,1,0,0.1732,0.025,0
ID-003116,1,0,0,1,0.7778,0,1,0,0,0,1,0,0,0,1,0,1,0,0,1,0,0,0,1,0,0,1,0,1,1,1,0.591,0.5086,0
ID-003117,1,1,0,1,0.9861,0,0,1,0,0,1,0,0,0,0,1,0,1,0,0,0,1,1,0,0,0,1,0,1,1,2,0.887,0.8924,0
ID-003118,0,0,1,1,0.1944,1,0,1,0,1,0,1,0,0,0,1,1,0,0,1,0,0,0,0,1,0,0,1,1,1,0,0.9446,0.1855,0
ID-003119,1,1,0,0,0.4306,1,0,0,1,1,0,1,0,1,0,0,0,0,1,0,1,0,0,0,1,1,0,0,0,0,1,0.4758,0.2395,0
ID-003120,1,1,0,0,0.5556,0,1,0,0,0,1,0,0,1,0,0,0,1,0,0,1,0,0,1,0,0,0,1,2,1,0,0.4931,0.3172,0
ID-003121,1,1,0,1,0.0972,1,0,0,1,1,0,0,1,0,1,0,0,1,0,0,1,0,0,1,0,1,0,0,1,1,1,0.8876,0.088,0
ID-003122,0,1,1,1,0.3333,1,1,0,0,2,0,0,1,0,1,0,0,1,0,0,0,1,0,1,0,1,0,0,1,1,0,0.766,0.2675,0
ID-003123,1,0,0,1,0.7083,0,0,0,1,0,0,1,0,1,0,0,0,0,1,0,0,1,0,0,1,0,0,1,1,0,3,0.4952,0.4057,0
ID-003124,1,0,0,0,0.1528,0,0,0,1,2,1,0,0,0,1,0,0,1,0,0,0,1,0,0,1,0,0,1,1,0,1,0.5454,0.094,0
ID-003125,1,0,1,1,0.0,1,0,0,1,2,0,0,1,1,0,0,0,0,1,0,1,0,1,0,0,0,0,1,0,0,1,0.9901,0.0,0
ID-003126,0,1,0,1,0.0278,0,0,0,1,1,0,1,0,1,0,0,0,0,1,0,1,0,0,1,0,0,1,0,2,0,3,0.274,0.0107,0
ID-003127,1,1,0,1,0.9306,1,1,0,0,2,0,0,1,1,0,0,0,1,0,0,0,1,0,1,0,0,1,0,2,1,1,0.7202,0.7105,0
ID-003128,0,0,0,1,0.0417,0,0,0,1,2,1,0,0,0,0,1,0,0,1,1,0,0,0,0,1,0,0,1,1,0,2,0.4433,0.022,0
ID-003129,1,1,1,0,0.9444,1,0,0,1,2,0,0,1,1,0,0,0,0,1,1,0,0,0,0,1,0,1,0,0,0,2,0.6745,0.6845,0
ID-003130,1,1,0,0,0.4444,1,0,1,0,2,0,0,1,1,0,0,0,1,0,0,0,1,1,0,0,0,1,0,0,1,3,0.0557,0.0889,0
ID-003131,0,0,0,1,0.0,1,0,1,0,0,0,1,0,0,1,0,1,0,0,0,1,0,0,0,1,1,0,0,1,0,1,0.9505,0.0,0
ID-003132,0,0,0,0,0.7778,1,1,0,0,1,0,1,0,1,0,0,0,0,1,1,0,0,0,1,0,0,1,0,1,0,3,0.1341,0.2073,0
ID-003133,0,0,0,0,0.6111,0,1,0,0,1,1,0,0,0,1,0,1,0,0,1,0,0,0,1,0,0,1,0,0,1,0,0.3841,0.2924,0
ID-003134,1,1,1,0,0.875,0,1,0,0,0,0,0,1,0,1,0,1,0,0,0,1,0,1,0,0,0,0,1,1,1,2,0.0178,0.1469,0
ID-003135,1,0,0,0,0.8056,1,0,0,1,1,0,1,0,0,0,1,1,0,0,0,0,1,0,0,1,0,0,1,2,1,0,0.421,0.4107,0
ID-003136,1,1,0,1,0.4444,1,0,1,0,0,0,0,1,0,1,0,0,1,0,0,0,1,0,1,0,0,1,0,2,1,0,0.2042,0.1449,0
ID-003137,1,1,0,0,1.0,0,0,0,1,0,0,0,1,0,0,1,0,1,0,0,1,0,1,0,0,0,1,0,1,0,2,0.0136,0.1643,0
ID-003138,0,0,1,0,0.0,1,0,1,0,0,1,0,0,0,0,1,0,0,1,0,0,1,0,1,0,1,0,0,1,1,3,0.148,0.0,0
ID-003139,1,0,0,0,0.1111,1,1,0,0,2,1,0,0,0,0,1,1,0,0,0,1,0,1,0,0,0,0,1,0,0,3,0.7778,0.0903,0
ID-003140,0,1,1,0,0.8333,0,0,0,1,2,0,0,1,1,0,0,0,0,1,0,1,0,1,0,0,1,0,0,2,0,0,0.8857,0.7532,0
ID-003141,0,0,0,0,0.4583,1,1,0,0,2,0,0,1,1,0,0,1,0,0,1,0,0,0,1,0,1,0,0,1,1,2,0.0962,0.1074,0
ID-003142,0,1,0,1,0.5139,1,0,1,0,0,0,1,0,0,0,1,0,1,0,0,0,1,1,0,0,0,1,0,1,0,0,0.8428,0.4458,0
ID-003143,1,1,0,1,0.5278,1,0,0,1,0,0,1,0,1,0,0,0,1,0,1,0,0,1,0,0,0,1,0,1,0,3,0.8759,0.4727,0
ID-003144,1,0,0,1,0.3472,0,0,1,0,2,0,1,0,0,0,1,0,0,1,0,0,1,0,1,0,0,1,0,1,0,2,0.7955,0.2873,0
ID-003145,1,0,1,1,0.5417,0,1,0,0,0,1,0,0,0,0,1,1,0,0,0,1,0,1,0,0,1,0,0,2,1,0,0.3968,0.265,0
ID-003146,1,1,0,0,0.8333,0,0,1,0,1,0,1,0,0,0,1,0,0,1,1,0,0,0,1,0,0,1,0,0,1,2,0.5664,0.5276,0
ID-003147,0,1,1,1,0.7083,1,0,0,1,0,0,0,1,0,1,0,0,1,0,0,0,1,0,1,0,1,0,0,1,0,2,0.7292,0.5463,0
ID-003148,0,1,0,1,0.0278,0,1,0,0,1,0,0,1,0,1,0,0,1,0,1,0,0,0,0,1,1,0,0,0,0,2,0.0239,0.0048,0
ID-003149,1,0,1,1,0.7639,0,1,0,0,0,0,0,1,0,1,0,0,0,1,0,1,0,0,0,1,0,0,1,0,0,1,0.1547,0.217,0
ID-003150,0,1,1,0,0.8056,1,0,1,0,0,0,1,0,0,1,0,0,0,1,1,0,0,0,0,1,0,0,1,0,1,1,0.0291,0.143,0
ID-003151,0,1,0,0,0.8194,0,1,0,0,1,0,0,1,1,0,0,0,1,0,0,1,0,1,0,0,0,1,0,1,0,1,0.8914,0.7446,0
ID-003152,1,1,0,0,0.7361,0,0,0,1,1,1,0,0,1,0,0,0,0,1,1,0,0,0,0,1,0,0,1,1,0,3,0.6496,0.518,0
ID-003153,1,1,1,0,0.5278,1,1,0,0,1,0,0,1,0,0,1,0,1,0,0,0,1,0,0,1,0,0,1,2,0,0,0.3667,0.2448,0
ID-003154,0,0,0,1,0.7083,1,0,0,1,1,1,0,0,0,0,1,1,0,0,0,1,0,1,0,0,0,0,1,0,0,2,0.3459,0.316,0
ID-003155,0,1,0,0,0.9861,1,0,0,1,1,0,0,1,0,0,1,0,1,0,0,1,0,0,1,0,0,1,0,2,0,1,0.9025,0.9054,0
ID-003156,0,0,0,0,0.875,0,0,0,1,0,1,0,0,0,0,1,0,1,0,0,1,0,1,0,0,0,0,1,2,1,2,0.4865,0.4947,0
ID-003157,1,0,1,0,0.8333,1,1,0,0,1,1,0,0,0,1,0,0,0,1,0,0,1,1,0,0,1,0,0,0,0,1,0.5351,0.5055,0
ID-003158,1,0,1,0,0.1389,1,0,0,1,0,0,0,1,1,0,0,0,0,1,0,0,1,1,0,0,1,0,0,0,0,3,0.1325,0.0368,0
ID-003159,1,1,1,0,0.7222,1,0,0,1,1,1,0,0,0,1,0,0,1,0,0,0,1,1,0,0,1,0,0,2,1,1,0.8079,0.6052,0
ID-003160,0,1,0,0,0.6806,1,0,0,1,0,0,0,1,0,0,1,1,0,0,0,0,1,1,0,0,0,0,1,1,1,2,0.3082,0.2819,0
ID-003161,1,0,1,0,0.1944,1,0,1,0,2,0,0,1,0,1,0,0,0,1,0,1,0,0,1,0,0,1,0,0,0,0,0.3794,0.0923,0
ID-003162,0,1,0,0,0.0556,0,1,0,0,0,1,0,0,0,1,0,1,0,0,0,0,1,0,0,1,0,1,0,0,1,1,0.7199,0.0424,0
ID-003163,1,0,0,0,0.1111,0,0,0,1,0,0,1,0,1,0,0,0,0,1,0,0,1,0,0,1,0,1,0,2,0,3,0.1882,0.0347,0
ID-003164,1,1,0,0,0.9167,0,1,0,0,2,1,0,0,0,1,0,0,0,1,0,1,0,1,0,0,0,1,0,2,1,2,0.8131,0.7722,0
ID-003165,0,1,1,1,0.5278,0,1,0,0,2,0,0,1,1,0,0,1,0,0,0,0,1,0,1,0,0,1,0,1,1,3,0.3924,0.2563,0
ID-003166,0,0,0,0,0.5139,0,1,0,0,2,0,1,0,0,1,0,0,0,1,0,0,1,0,0,1,1,0,0,0,1,1,0.4055,0.2552,0
ID-003167,1,0,1,1,0.8056,1,0,1,0,2,0,1,0,1,0,0,0,0,1,0,1,0,0,1,0,0,0,1,2,0,0,0.3057,0.3319,0
ID-003168,0,1,1,0,0.3611,0,0,1,0,2,1,0,0,0,1,0,0,1,0,0,0,1,1,0,0,1,0,0,1,0,0,0.3833,0.1726,0
ID-003169,1,1,1,0,0.0833,1,1,0,0,1,0,0,1,0,0,1,1,0,0,0,1,0,0,1,0,1,0,0,1,0,2,0.751,0.0658,0
ID-003170,1,0,1,1,0.75,1,0,1,0,0,0,0,1,1,0,0,1,0,0,0,1,0,1,0,0,0,0,1,1,0,1,0.2722,0.2877,0
ID-003171,1,0,0,0,0.0972,0,0,0,1,0,1,0,0,0,0,1,0,1,0,0,1,0,1,0,0,0,1,0,0,1,0,0.7471,0.0765,0
ID-003172,1,0,1,1,0.2639,0,0,0,1,2,1,0,0,0,1,0,0,1,0,1,0,0,1,0,0,0,1,0,2,0,3,0.3557,0.1199,0
ID-003173,1,1,0,0,0.0972,0,0,0,1,1,1,0,0,0,0,1,0,0,1,1,0,0,0,1,0,0,1,0,0,1,2,0.4573,0.0526,0
ID-003174,1,0,1,1,0.7361,0,0,1,0,1,1,0,0,1,0,0,0,0,1,0,0,1,1,0,0,0,1,0,2,0,3,0.8005,0.6122,0
ID-003175,1,0,1,1,0.9306,0,0,0,1,0,1,0,0,0,0,1,0,0,1,1,0,0,0,1,0,1,0,0,0,1,3,0.2867,0.3684,0
ID-003176,1,0,0,0,0.6111,1,0,1,0,0,0,1,0,0,1,0,0,1,0,0,0,1,1,0,0,0,1,0,2,1,3,0.0344,0.1112,0
ID-003177,0,1,1,0,0.4306,0,0,0,1,0,0,0,1,0,1,0,0,0,1,0,0,1,0,0,1,0,0,1,0,0,2,0.4347,0.2245,0
ID-003178,1,1,0,1,0.3889,1,0,0,1,1,0,1,0,0,1,0,0,1,0,0,1,0,0,1,0,0,0,1,1,1,0,0.7452,0.3052,0
ID-003179,1,0,1,0,0.0,1,0,1,0,0,0,1,0,0,1,0,0,0,1,0,0,1,0,1,0,0,0,1,2,0,3,0.04,0.0,0
ID-003180,0,1,0,1,0.0833,0,0,1,0,2,0,1,0,1,0,0,1,0,0,0,0,1,0,1,0,1,0,0,1,0,0,0.5292,0.0501,0
ID-003181,1,1,0,0,0.2083,1,0,0,1,1,0,0,1,0,0,1,0,0,1,0,0,1,0,0,1,1,0,0,1,0,0,0.9048,0.1917,0
ID-003182,1,1,1,1,0.3194,0,0,1,0,2,0,0,1,1,0,0,1,0,0,0,1,0,1,0,0,0,1,0,0,0,0,0.4648,0.1747,0
ID-003183,1,1,0,0,0.6111,0,1,0,0,1,0,0,1,1,0,0,1,0,0,1,0,0,1,0,0,0,0,1,2,0,3,0.1544,0.1734,0
ID-003184,0,0,1,1,0.2083,1,0,0,1,2,0,1,0,1,0,0,1,0,0,0,1,0,1,0,0,0,0,1,1,0,0,0.2781,0.081,0
ID-003185,1,0,1,1,0.0278,0,0,0,1,0,0,0,1,0,0,1,0,0,1,0,1,0,0,1,0,1,0,0,1,1,1,0.758,0.0221,0
ID-003186,1,0,0,0,0.3611,1,1,0,0,1,1,0,0,1,0,0,1,0,0,0,0,1,1,0,0,1,0,0,0,1,0,0.7208,0.2759,0
ID-003187,1,0,0,1,0.0556,0,1,0,0,0,0,1,0,0,0,1,0,1,0,0,0,1,0,1,0,1,0,0,2,1,2,0.0189,0.0094,0
ID-003188,0,0,1,0,0.0972,0,0,0,1,1,0,0,1,0,0,1,0,1,0,0,0,1,0,1,0,0,0,1,1,0,3,0.1283,0.0254,0
ID-003189,1,0,1,1,0.5972,1,1,0,0,2,0,0,1,0,0,1,0,0,1,1,0,0,1,0,0,1,0,0,1,0,0,0.4609,0.3247,0
ID-003190,1,0,0,0,0.1806,1,0,0,1,1,0,1,0,0,0,1,0,1,0,0,1,0,1,0,0,0,0,1,1,0,3,0.6677,0.1298,0
ID-003191,0,0,1,0,0.0694,1,0,1,0,2,1,0,0,1,0,0,0,1,0,1,0,0,0,1,0,1,0,0,1,0,0,0.0656,0.0145,0
ID-003192,1,0,0,1,0.3194,0,1,0,0,1,1,0,0,0,0,1,0,0,1,0,0,1,0,0,1,0,0,1,2,1,3,0.473,0.177,0
ID-003193,0,0,0,0,0.0278,0,0,1,0,2,0,0,1,0,0,1,0,1,0,0,0,1,0,0,1,0,1,0,0,1,3,0.3007,0.0113,0
ID-003194,0,0,1,0,0.5556,0,0,1,0,2,0,0,1,1,0,0,0,1,0,0,1,0,1,0,0,0,0,1,0,0,0,0.5028,0.3217,0
ID-003195,0,1,0,0,0.9167,1,1,0,0,1,0,0,1,1,0,0,0,0,1,1,0,0,1,0,0,0,0,1,2,1,1,0.6861,0.6734,0
ID-003196,1,1,0,1,0.0417,1,0,1,0,2,1,0,0,0,0,1,0,1,0,0,0,1,0,0,1,0,0,1,2,0,2,0.416,0.0211,0
ID-003197,0,1,1,1,0.7083,0,0,1,0,1,0,0,1,0,0,1,0,1,0,0,1,0,0,0,1,0,1,0,1,1,3,0.6265,0.4846,0
ID-003198,1,1,1,1,0.7778,1,0,0,1,2,1,0,0,0,0,1,1,0,0,0,1,0,1,0,0,1,0,0,2,1,0,0.5062,0.4527,0
ID-003199,1,1,1,0,0.0,1,1,0,0,1,1,0,0,1,0,0,1,0,0,0,1,0,1,0,0,0,0,1,2,1,2,0.2259,0.0,0
ID-003200,1,0,1,1,0.9306,1,0,1,0,0,0,0,1,0,1,0,0,0,1,0,1,0,1,0,0,0,0,1,2,1,2,0.0057,0.1467,0
ID-003201,1,0,1,0,0.0139,1,0,0,1,2,1,0,0,1,0,0,0,1,0,1,0,0,1,0,0,0,1,0,2,0,3,0.0796,0.0031,0
ID-003202,0,1,1,0,0.5,1,0,1,0,1,1,0,0,0,0,1,1,0,0,1,0,0,1,0,0,0,1,0,2,1,2,0.3223,0.2131,0
ID-003203,1,0,1,1,0.9028,1,0,0,1,2,0,0,1,1,0,0,1,0,0,1,0,0,0,1,0,0,0,1,1,0,0,0.4614,0.4912,0
ID-003204,1,1,1,0,0.2361,0,0,0,1,2,0,0,1,0,0,1,0,0,1,1,0,0,0,0,1,1,0,0,1,0,2,0.377,0.1116,0
ID-003205,0,1,0,0,0.9444,0,1,0,0,1,0,1,0,0,0,1,0,0,1,0,0,1,0,0,1,0,1,0,0,0,2,0.7334,0.7317,0
ID-003206,1,0,1,0,0.0556,1,0,1,0,0,0,1,0,1,0,0,1,0,0,1,0,0,0,0,1,0,1,0,2,1,3,0.7325,0.043,0
ID-003207,0,1,1,0,0.875,1,0,0,1,0,1,0,0,1,0,0,1,0,0,0,1,0,0,0,1,0,0,1,1,1,0,0.5625,0.5511,0
ID-003208,1,0,1,1,0.8056,1,0,0,1,1,0,0,1,1,0,0,0,0,1,0,0,1,0,0,1,0,1,0,2,1,1,0.9952,0.803,0
ID-003209,0,1,0,1,0.2778,1,0,0,1,0,0,0,1,0,1,0,1,0,0,0,0,1,0,1,0,1,0,0,2,1,0,0.5885,0.1811,0
ID-003210,1,1,0,1,0.7361,0,1,0,0,0,0,1,0,0,0,1,1,0,0,1,0,0,1,0,0,0,1,0,2,0,3,0.1273,0.192,0
ID-003211,1,1,0,0,0.8611,1,1,0,0,2,1,0,0,1,0,0,0,0,1,0,1,0,0,0,1,1,0,0,0,0,1,0.1239,0.2221,0
ID-003212,1,1,1,0,0.6944,1,0,1,0,0,0,1,0,0,1,0,0,1,0,1,0,0,1,0,0,1,0,0,1,1,0,0.9642,0.6739,0
ID-003213,1,0,0,0,0.125,1,0,0,1,2,1,0,0,0,1,0,0,0,1,0,0,1,0,0,1,0,0,1,0,1,1,0.5109,0.0733,0
ID-003214,0,0,0,1,0.1389,1,1,0,0,1,0,1,0,0,0,1,0,1,0,1,0,0,0,1,0,1,0,0,0,0,2,0.2423,0.0498,0
ID-003215,0,1,0,0,0.1528,1,0,1,0,2,0,1,0,1,0,0,1,0,0,0,0,1,0,1,0,1,0,0,1,1,2,0.2788,0.0595,0
ID-003216,1,1,1,1,0.7222,0,0,0,1,1,0,0,1,1,0,0,1,0,0,0,1,0,0,1,0,1,0,0,1,0,1,0.4062,0.3592,0
ID-003217,1,0,1,0,0.5694,0,0,1,0,1,1,0,0,1,0,0,0,1,0,1,0,0,0,0,1,1,0,0,2,0,3,0.1794,0.1736,0
ID-003218,1,1,1,0,0.8611,0,0,1,0,1,1,0,0,0,0,1,1,0,0,1,0,0,0,0,1,0,1,0,2,0,1,0.5074,0.5021,0
ID-003219,0,0,0,1,0.6111,0,0,1,0,1,0,1,0,0,0,1,0,1,0,0,0,1,0,0,1,1,0,0,2,0,2,0.9176,0.5689,0
ID-003220,0,0,1,1,0.1667,0,0,0,1,0,0,0,1,0,1,0,0,1,0,1,0,0,1,0,0,0,1,0,2,0,3,0.7798,0.1357,0
ID-003221,1,0,0,1,0.0417,1,1,0,0,2,0,1,0,0,0,1,0,0,1,0,0,1,0,1,0,0,0,1,0,0,1,0.733,0.0323,0
ID-003222,0,1,0,1,0.5556,1,0,0,1,0,0,1,0,0,0,1,1,0,0,0,0,1,0,0,1,0,1,0,0,1,0,0.5826,0.3594,0
ID-003223,1,0,1,0,0.0417,0,0,1,0,1,1,0,0,0,0,1,0,1,0,1,0,0,1,0,0,1,0,0,0,0,0,0.4276,0.0215,0
ID-003224,0,0,1,1,0.8611,1,0,0,1,1,0,0,1,0,1,0,0,1,0,0,0,1,0,1,0,1,0,0,0,1,2,0.6203,0.5845,0
ID-003225,0,0,0,0,0.4306,1,1,0,0,0,0,0,1,0,1,0,0,0,1,1,0,0,0,1,0,1,0,0,1,0,0,0.3522,0.1944,0
ID-003226,1,0,1,0,0.75,0,1,0,0,0,0,1,0,0,1,0,1,0,0,0,1,0,1,0,0,0,1,0,2,0,0,0.5507,0.4648,0
ID-003227,0,1,1,1,0.375,1,0,1,0,2,0,1,0,1,0,0,0,1,0,1,0,0,0,1,0,1,0,0,2,1,3,0.5233,0.2237,0
ID-003228,0,0,0,0,0.9028,1,0,0,1,1,0,0,1,1,0,0,1,0,0,1,0,0,0,0,1,0,1,0,1,0,3,0.7462,0.7092,0
ID-003229,0,0,0,0,0.5,1,0,1,0,1,1,0,0,0,0,1,1,0,0,0,0,1,0,0,1,0,1,0,1,0,1,0.6967,0.3718,0
ID-003230,1,1,0,0,0.6111,1,1,0,0,0,1,0,0,0,1,0,0,0,1,0,0,1,1,0,0,1,0,0,0,0,3,0.2169,0.2058,0
ID-003231,1,0,0,0,0.5556,1,1,0,0,1,0,1,0,1,0,0,0,0,1,0,1,0,0,1,0,0,0,1,1,1,1,0.9223,0.5194,0
ID-003232,0,1,1,0,0.0417,0,0,0,1,1,0,1,0,1,0,0,0,0,1,1,0,0,0,0,1,0,1,0,1,1,2,0.3008,0.017,0
ID-003233,1,0,0,0,0.3056,1,0,0,1,2,0,0,1,0,1,0,0,0,1,0,1,0,0,1,0,0,0,1,1,1,1,0.9258,0.2866,0
ID-003234,1,1,1,1,0.2917,1,0,0,1,0,0,0,1,1,0,0,0,1,0,0,1,0,0,0,1,1,0,0,2,0,3,0.9984,0.2915,0
ID-003235,1,1,1,1,1.0,1,1,0,0,2,0,1,0,0,1,0,0,0,1,0,1,0,0,1,0,1,0,0,2,1,2,0.0819,0.2223,0
ID-003236,1,1,0,1,0.8194,1,1,0,0,2,0,1,0,0,1,0,0,1,0,1,0,0,0,1,0,0,0,1,0,0,3,0.5723,0.5229,0
ID-003237,1,1,1,0,0.0556,1,1,0,0,0,1,0,0,0,1,0,1,0,0,1,0,0,0,1,0,0,0,1,2,0,1,0.0124,0.0091,0
ID-003238,0,0,1,1,0.0833,0,1,0,0,2,0,1,0,0,0,1,0,0,1,0,0,1,0,0,1,1,0,0,2,0,2,0.5415,0.051,0
ID-003239,0,0,1,0,0.1944,0,0,0,1,0,1,0,0,0,1,0,1,0,0,0,1,0,0,0,1,1,0,0,2,1,0,0.1027,0.0466,0
ID-003240,0,0,0,1,0.25,1,0,0,1,0,0,0,1,1,0,0,0,0,1,0,0,1,1,0,0,0,0,1,1,1,2,0.3161,0.1052,0
ID-003241,1,1,0,0,0.5417,1,0,0,1,1,1,0,0,0,0,1,0,0,1,1,0,0,0,1,0,0,1,0,1,1,0,0.978,0.532,0
ID-003242,0,0,0,1,0.0833,1,0,0,1,1,0,1,0,0,1,0,1,0,0,0,1,0,1,0,0,0,0,1,0,0,2,0.2322,0.0291,0
ID-003243,0,1,1,1,0.9444,0,0,0,1,2,0,0,1,1,0,0,0,1,0,1,0,0,0,1,0,0,1,0,1,0,1,0.9625,0.9152,0
ID-003244,0,1,1,1,0.1944,0,1,0,0,0,0,0,1,1,0,0,0,1,0,1,0,0,0,1,0,0,1,0,1,0,3,0.1123,0.0482,0
ID-003245,1,0,0,0,0.5417,1,0,0,1,2,0,0,1,0,1,0,0,0,1,0,0,1,0,1,0,0,1,0,0,1,3,0.5488,0.3348,0
ID-003246,0,0,1,0,0.4306,0,1,0,0,0,0,0,1,1,0,0,0,1,0,0,0,1,0,0,1,0,0,1,2,1,3,0.5553,0.2685,0
ID-003247,0,0,0,1,0.8889,0,1,0,0,2,1,0,0,0,0,1,0,0,1,0,1,0,0,0,1,0,1,0,1,0,2,0.654,0.6288,0
ID-003248,0,1,1,1,0.9444,1,0,1,0,2,1,0,0,0,0,1,1,0,0,1,0,0,0,0,1,0,0,1,0,1,1,0.9556,0.9097,0
ID-003249,1,1,0,0,0.3333,1,0,0,1,2,0,0,1,0,1,0,1,0,0,1,0,0,0,1,0,1,0,0,2,1,3,0.0857,0.0752,0
ID-003250,0,1,1,1,0.4861,1,1,0,0,0,1,0,0,1,0,0,0,1,0,0,1,0,1,0,0,0,0,1,0,1,3,0.0205,0.0827,0
ID-003251,0,1,0,1,0.5833,1,0,1,0,0,1,0,0,0,0,1,1,0,0,1,0,0,0,0,1,0,0,1,1,0,1,0.2151,0.1955,0
ID-003252,1,0,0,1,0.4444,1,1,0,0,0,0,0,1,0,0,1,0,0,1,1,0,0,0,0,1,0,0,1,2,1,1,0.9189,0.4142,0
ID-003253,1,0,0,1,0.0972,0,0,0,1,1,0,1,0,0,1,0,0,0,1,0,1,0,1,0,0,1,0,0,2,1,0,0.0808,0.0215,0
ID-003254,0,0,0,1,0.1944,1,1,0,0,0,1,0,0,1,0,0,0,1,0,1,0,0,1,0,0,1,0,0,1,1,0,0.1653,0.057,0
ID-003255,0,1,0,0,0.4444,0,0,1,0,2,1,0,0,1,0,0,1,0,0,1,0,0,0,0,1,1,0,0,1,0,0,0.87,0.3958,0
ID-003256,1,0,0,1,0.6944,1,1,0,0,1,0,0,1,1,0,0,1,0,0,0,0,1,1,0,0,0,1,0,2,0,1,0.0637,0.1436,0
ID-003257,0,0,1,0,0.1944,0,1,0,0,0,1,0,0,1,0,0,1,0,0,0,0,1,0,1,0,1,0,0,2,0,1,0.421,0.0991,0
ID-003258,0,1,0,1,0.0139,0,1,0,0,0,0,1,0,0,1,0,0,1,0,1,0,0,1,0,0,0,1,0,1,0,1,0.9676,0.0135,0
ID-003259,0,0,1,1,0.7639,1,1,0,0,2,1,0,0,1,0,0,0,1,0,0,1,0,0,0,1,0,0,1,0,0,1,0.2237,0.2616,0
ID-003260,0,0,0,0,0.7361,0,0,0,1,2,0,1,0,0,1,0,1,0,0,0,1,0,0,1,0,1,0,0,2,0,1,0.0011,0.1132,0
ID-003261,1,0,1,1,0.7917,1,0,0,1,0,0,1,0,0,1,0,0,1,0,1,0,0,0,0,1,0,1,0,0,0,3,0.9206,0.739,0
ID-003262,0,0,0,1,0.8333,1,0,1,0,2,1,0,0,1,0,0,1,0,0,0,0,1,0,0,1,0,1,0,1,0,1,0.7343,0.6463,0
ID-003263,1,1,1,1,0.9861,0,1,0,0,0,0,1,0,0,1,0,1,0,0,0,1,0,0,0,1,0,0,1,1,0,2,0.882,0.8882,0
ID-003264,0,0,1,1,0.9167,1,0,1,0,2,0,1,0,1,0,0,0,0,1,0,0,1,0,0,1,0,1,0,1,1,0,0.4668,0.503,0
ID-003265,0,1,0,0,0.9028,1,0,1,0,1,0,1,0,0,1,0,0,1,0,0,0,1,0,0,1,0,1,0,2,1,2,0.1558,0.2572,0
ID-003266,1,1,0,0,0.0139,0,1,0,0,1,0,0,1,1,0,0,0,0,1,0,0,1,1,0,0,0,1,0,1,1,3,0.8551,0.0122,0
ID-003267,1,0,1,1,0.7917,0,1,0,0,0,1,0,0,0,0,1,1,0,0,0,1,0,0,0,1,1,0,0,1,0,2,0.8335,0.6805,0
ID-003268,1,0,0,1,0.3056,1,0,1,0,1,0,1,0,1,0,0,1,0,0,1,0,0,0,1,0,0,1,0,2,1,2,0.2082,0.1006,0
ID-003269,0,0,1,1,0.1389,1,1,0,0,2,0,0,1,0,1,0,1,0,0,0,1,0,0,0,1,0,0,1,2,1,0,0.8112,0.1168,0
ID-003270,0,0,1,1,0.7361,1,1,0,0,0,0,1,0,0,1,0,0,1,0,0,1,0,0,1,0,0,0,1,0,1,2,0.8119,0.6193,0
ID-003271,1,0,0,0,0.6944,0,1,0,0,0,1,0,0,0,0,1,1,0,0,0,1,0,0,1,0,0,1,0,2,0,1,0.0358,0.1272,0
ID-003272,0,0,1,1,0.8333,1,1,0,0,2,0,1,0,1,0,0,1,0,0,0,0,1,0,0,1,0,0,1,0,0,3,0.6857,0.6119,0
ID-003273,0,1,0,1,0.7639,0,0,0,1,2,0,0,1,0,0,1,0,1,0,1,0,0,1,0,0,0,1,0,0,1,2,0.3569,0.3479,0
ID-003274,0,0,1,0,0.5972,1,0,0,1,0,1,0,0,0,0,1,1,0,0,0,0,1,0,0,1,0,1,0,2,1,1,0.6838,0.4376,0
ID-003275,0,1,0,0,0.2778,0,0,0,1,1,0,0,1,1,0,0,0,0,1,1,0,0,0,0,1,0,0,1,1,0,2,0.2135,0.0927,0
ID-003276,0,1,1,1,0.1389,0,0,1,0,1,0,0,1,0,1,0,1,0,0,0,1,0,0,1,0,0,1,0,2,1,2,0.6997,0.1036,0
ID-003277,0,1,0,1,0.4028,1,0,1,0,0,0,0,1,1,0,0,1,0,0,1,0,0,1,0,0,0,0,1,2,1,2,0.9037,0.3702,0
ID-003278,1,1,0,0,0.1944,1,0,1,0,0,0,0,1,1,0,0,0,0,1,0,1,0,0,1,0,0,0,1,2,1,2,0.8362,0.1676,0
ID-003279,0,1,1,1,0.7083,1,0,0,1,0,0,0,1,0,1,0,0,0,1,0,1,0,0,0,1,0,0,1,2,1,1,0.5594,0.4442,0
ID-003280,0,1,0,1,0.5694,0,0,1,0,1,0,0,1,0,1,0,1,0,0,0,1,0,0,0,1,0,1,0,1,0,1,0.0131,0.0933,0
ID-003281,0,0,1,0,0.8056,0,0,1,0,0,1,0,0,0,0,1,0,1,0,1,0,0,0,1,0,0,0,1,0,0,2,0.9694,0.7853,0
ID-003282,0,0,0,0,0.6389,0,0,1,0,0,0,1,0,0,1,0,1,0,0,1,0,0,1,0,0,0,0,1,0,1,2,0.4095,0.3195,0
ID-003283,1,0,1,1,0.5694,1,0,1,0,0,0,0,1,0,0,1,0,0,1,0,0,1,1,0,0,0,0,1,0,1,0,0.3243,0.2436,0
ID-003284,1,0,1,1,0.2222,1,0,0,1,2,0,1,0,0,0,1,0,1,0,0,1,0,0,0,1,1,0,0,0,0,3,0.9721,0.2172,0
ID-003285,1,1,1,1,0.7222,1,1,0,0,0,1,0,0,1,0,0,1,0,0,0,1,0,0,0,1,0,1,0,2,1,3,0.9158,0.6712,0
ID-003286,0,1,1,0,0.8611,0,0,0,1,2,0,0,1,0,1,0,0,1,0,0,1,0,0,1,0,1,0,0,1,1,0,0.2214,0.2932,0
ID-003287,1,1,0,0,0.2083,0,0,0,1,2,1,0,0,0,1,0,1,0,0,1,0,0,0,0,1,1,0,0,1,0,2,0.1617,0.0604,0
ID-003288,1,0,1,1,0.0278,0,1,0,0,0,1,0,0,0,1,0,0,1,0,1,0,0,1,0,0,1,0,0,0,1,0,0.2105,0.0092,0
ID-003289,0,1,0,1,0.6944,1,1,0,0,0,1,0,0,1,0,0,0,1,0,1,0,0,0,0,1,0,1,0,2,0,0,0.8106,0.5835,0
ID-003290,0,0,1,0,0.8194,0,0,0,1,0,0,0,1,0,1,0,0,1,0,0,1,0,1,0,0,0,0,1,2,0,1,0.1589,0.2357,0
ID-003291,1,0,0,1,0.9306,1,0,0,1,1,0,1,0,1,0,0,0,1,0,1,0,0,0,1,0,0,0,1,1,1,3,0.3445,0.414,0
ID-003292,1,0,1,0,0.2778,1,0,1,0,0,0,0,1,1,0,0,0,1,0,1,0,0,0,0,1,0,0,1,0,0,3,0.4966,0.1594,0
ID-003293,0,1,1,0,0.9861,1,0,0,1,1,1,0,0,0,1,0,1,0,0,0,0,1,1,0,0,0,0,1,1,1,2,0.5127,0.5794,0
ID-003294,1,1,1,0,0.1806,0,0,0,1,1,0,1,0,1,0,0,0,0,1,1,0,0,0,0,1,0,0,1,0,1,0,0.7678,0.1452,0
ID-003295,1,0,0,0,0.3472,1,1,0,0,0,1,0,0,1,0,0,0,0,1,0,1,0,0,1,0,0,1,0,2,0,3,0.4561,0.1874,0
ID-003296,1,1,1,0,0.1667,0,1,0,0,1,1,0,0,0,1,0,1,0,0,1,0,0,0,1,0,1,0,0,1,0,3,0.3048,0.0685,0
ID-003297,1,1,1,0,0.7778,0,0,1,0,1,0,1,0,0,0,1,0,0,1,0,1,0,0,1,0,1,0,0,2,0,2,0.5559,0.4855,0
ID-003298,1,1,0,0,0.2361,0,0,0,1,2,1,0,0,1,0,0,0,0,1,0,1,0,1,0,0,0,0,1,2,1,1,0.3107,0.0983,0
ID-003299,1,0,1,1,0.5694,1,1,0,0,0,0,0,1,0,1,0,1,0,0,0,1,0,0,1,0,0,1,0,0,1,0,0.0877,0.1294,0
ID-003300,0,1,1,0,0.1389,0,0,0,1,1,0,1,0,0,0,1,1,0,0,0,1,0,0,1,0,0,0,1,0,1,0,0.647,0.0974,0
ID-003301,1,1,0,1,0.3056,1,0,0,1,1,0,1,0,0,0,1,0,1,0,1,0,0,0,0,1,0,0,1,1,0,2,0.2576,0.1134,0
ID-003302,0,1,1,0,0.3333,0,0,1,0,2,1,0,0,0,0,1,0,1,0,0,0,1,1,0,0,0,0,1,1,0,3,0.4097,0.1668,0
ID-003303,1,1,1,0,0.7639,1,0,1,0,2,0,0,1,0,1,0,0,0,1,0,0,1,0,0,1,1,0,0,0,0,1,0.6067,0.5097,0
ID-003304,0,1,1,0,0.3611,0,0,1,0,0,0,1,0,0,0,1,0,0,1,0,1,0,0,0,1,0,1,0,2,0,3,0.8279,0.3087,0
ID-003305,0,1,1,1,0.8889,0,0,0,1,2,1,0,0,0,0,1,0,1,0,0,0,1,1,0,0,0,0,1,2,0,2,0.0458,0.1703,0
ID-003306,0,1,1,0,0.1806,0,1,0,0,1,0,1,0,1,0,0,0,1,0,1,0,0,0,0,1,0,0,1,0,0,0,0.6848,0.1324,0
ID-003307,1,0,1,1,0.7639,1,0,1,0,0,0,0,1,0,1,0,0,0,1,1,0,0,0,0,1,0,1,0,1,0,1,0.021,0.1303,0
ID-003308,1,0,1,1,0.4722,1,0,1,0,2,0,1,0,0,0,1,0,0,1,0,1,0,1,0,0,0,0,1,0,1,2,0.4219,0.2411,0
ID-003309,1,0,1,1,0.9444,0,0,1,0,2,1,0,0,1,0,0,0,1,0,1,0,0,0,1,0,1,0,0,0,1,0,0.8194,0.8006,0
ID-003310,0,0,1,1,0.4444,1,0,1,0,2,0,0,1,0,0,1,1,0,0,1,0,0,1,0,0,0,1,0,2,0,0,0.7575,0.3534,0
ID-003311,0,0,1,1,0.0694,1,0,0,1,2,1,0,0,0,0,1,1,0,0,0,0,1,0,0,1,0,1,0,0,0,2,0.5084,0.0405,0
ID-003312,1,0,0,1,0.625,1,1,0,0,0,0,0,1,0,0,1,0,0,1,0,0,1,1,0,0,1,0,0,1,1,1,0.8255,0.5331,0
ID-003313,1,0,1,0,0.5972,0,0,0,1,1,0,0,1,0,1,0,0,0,1,0,1,0,1,0,0,1,0,0,0,1,0,0.6134,0.4019,0
ID-003314,1,0,0,0,0.0833,1,1,0,0,0,0,0,1,1,0,0,1,0,0,1,0,0,0,0,1,1,0,0,2,0,3,0.4002,0.041,0
ID-003315,0,1,1,1,0.1528,1,1,0,0,2,0,0,1,0,1,0,1,0,0,0,0,1,0,1,0,0,1,0,0,0,0,0.7273,0.1176,0
ID-003316,0,1,1,1,0.5694,0,0,0,1,0,0,1,0,0,1,0,0,0,1,0,0,1,0,1,0,1,0,0,2,0,1,0.4368,0.298,0
ID-003317,0,0,1,0,0.4861,1,1,0,0,1,1,0,0,0,1,0,1,0,0,0,0,1,0,1,0,1,0,0,0,1,0,0.5411,0.2973,0
ID-003318,1,0,1,0,0.8333,0,0,0,1,1,1,0,0,0,0,1,1,0,0,1,0,0,1,0,0,1,0,0,1,1,2,0.8513,0.7289,0
ID-003319,0,1,0,1,0.1944,0,0,1,0,0,1,0,0,1,0,0,0,0,1,1,0,0,0,0,1,0,0,1,2,1,1,0.043,0.0368,0
ID-003320,1,0,1,1,0.0278,1,0,1,0,1,0,1,0,0,0,1,1,0,0,0,1,0,1,0,0,0,0,1,1,1,1,0.8102,0.0233,0
ID-003321,1,0,0,0,0.3333,1,0,1,0,2,1,0,0,0,0,1,0,1,0,0,1,0,0,1,0,0,0,1,2,0,0,0.0547,0.0664,0
ID-003322,1,1,0,0,0.4722,1,0,1,0,0,0,1,0,0,0,1,0,0,1,0,1,0,1,0,0,0,0,1,0,1,1,0.5509,0.2928,0
ID-003323,1,0,0,1,0.9583,1,1,0,0,1,1,0,0,0,0,1,1,0,0,0,1,0,0,1,0,0,1,0,2,1,3,0.3961,0.4684,0
ID-003324,0,1,1,0,0.1111,0,0,0,1,0,0,0,1,0,0,1,1,0,0,1,0,0,1,0,0,1,0,0,2,1,0,0.9135,0.1031,0
ID-003325,0,1,1,0,0.9583,1,1,0,0,1,1,0,0,0,1,0,0,1,0,0,0,1,0,1,0,0,0,1,2,1,3,0.3511,0.4318,0
ID-003326,1,0,1,1,0.2361,0,0,1,0,1,0,0,1,1,0,0,0,1,0,0,1,0,0,0,1,1,0,0,0,0,1,0.3375,0.1037,0
ID-003327,0,0,0,1,0.4167,0,1,0,0,2,0,0,1,0,1,0,1,0,0,1,0,0,1,0,0,1,0,0,2,0,1,0.0689,0.088,0
ID-003328,0,1,1,0,0.8194,1,0,0,1,1,1,0,0,0,0,1,1,0,0,0,0,1,1,0,0,1,0,0,0,0,1,0.4408,0.4315,0
ID-003329,0,1,1,0,0.4583,0,1,0,0,2,0,0,1,0,1,0,0,0,1,0,1,0,1,0,0,1,0,0,0,0,0,0.6908,0.3385,0
ID-003330,1,0,1,1,0.5694,1,0,1,0,1,0,0,1,1,0,0,0,0,1,0,1,0,0,1,0,0,0,1,0,0,1,0.2414,0.2036,0
ID-003331,0,0,1,1,0.8472,1,1,0,0,2,0,0,1,0,0,1,0,1,0,0,0,1,0,1,0,0,1,0,2,1,1,0.6395,0.5889,0
ID-003332,0,1,0,0,0.8333,0,1,0,0,1,0,1,0,1,0,0,0,0,1,1,0,0,0,0,1,0,0,1,0,0,2,0.973,0.815,0
ID-003333,0,0,0,0,0.7778,1,1,0,0,1,0,0,1,1,0,0,1,0,0,0,0,1,0,0,1,0,0,1,1,1,0,0.8165,0.6574,0
ID-003334,1,0,0,0,0.6667,1,0,0,1,2,1,0,0,0,0,1,0,0,1,0,1,0,0,1,0,0,0,1,1,0,0,0.1205,0.17,0
ID-003335,1,0,1,0,0.1111,1,1,0,0,0,0,0,1,0,1,0,1,0,0,1,0,0,1,0,0,0,1,0,0,1,3,0.1768,0.0336,0
ID-003336,1,0,1,0,0.2917,0,0,1,0,0,1,0,0,1,0,0,0,1,0,1,0,0,0,0,1,0,1,0,2,1,2,0.1705,0.0867,0
ID-003337,1,1,1,1,0.0417,1,1,0,0,2,0,1,0,0,1,0,0,0,1,0,1,0,0,0,1,0,1,0,2,1,1,0.724,0.0319,0
ID-003338,0,1,0,1,0.5139,1,0,1,0,2,1,0,0,0,1,0,0,0,1,0,0,1,1,0,0,0,1,0,2,1,3,0.4815,0.2884,0
ID-003339,0,0,0,1,0.6111,0,1,0,0,0,0,0,1,0,1,0,0,0,1,1,0,0,1,0,0,0,1,0,2,1,0,0.0803,0.135,0
ID-003340,0,1,1,0,0.9028,1,0,0,1,1,0,1,0,1,0,0,1,0,0,0,0,1,1,0,0,0,0,1,1,1,2,0.7218,0.6906,0
ID-003341,0,1,1,0,0.0833,0,0,1,0,2,1,0,0,1,0,0,0,0,1,0,0,1,0,0,1,1,0,0,0,1,1,0.936,0.0789,0
ID-003342,1,0,1,0,0.5972,1,1,0,0,1,1,0,0,0,0,1,0,0,1,1,0,0,1,0,0,0,0,1,0,1,0,0.6171,0.4038,0
ID-003343,0,1,0,0,0.7917,0,0,1,0,2,0,0,1,1,0,0,1,0,0,0,0,1,1,0,0,0,0,1,0,1,3,0.5767,0.5081,0
ID-003344,1,1,0,1,0.5556,0,1,0,0,0,1,0,0,0,1,0,0,0,1,0,0,1,0,0,1,0,1,0,1,1,3,0.8941,0.5061,0
ID-003345,1,1,0,0,0.2361,1,0,1,0,1,0,1,0,1,0,0,0,0,1,0,0,1,1,0,0,1,0,0,1,1,1,0.1698,0.0701,0
ID-003346,0,1,1,0,0.1389,0,0,0,1,1,0,1,0,0,0,1,1,0,0,0,0,1,0,1,0,0,1,0,2,1,2,0.9131,0.1288,0
ID-003347,1,1,1,1,0.7083,0,1,0,0,0,0,0,1,1,0,0,0,1,0,1,0,0,0,0,1,0,1,0,2,1,2,0.0338,0.1285,0
ID-003348,0,0,0,1,0.9444,0,0,0,1,0,0,1,0,1,0,0,1,0,0,0,0,1,0,1,0,0,1,0,1,1,3,0.2532,0.3471,0
ID-003349,0,1,0,1,0.1111,1,1,0,0,1,0,0,1,0,0,1,1,0,0,0,1,0,0,1,0,1,0,0,1,1,3,0.8803,0.0999,0
ID-003350,0,0,0,0,0.6389,1,1,0,0,0,1,0,0,0,0,1,0,0,1,0,1,0,0,0,1,1,0,0,1,1,0,0.9972,0.6379,0
ID-003351,0,1,0,0,0.9722,1,0,1,0,2,1,0,0,0,0,1,1,0,0,0,0,1,1,0,0,1,0,0,1,0,2,0.9578,0.9382,0
ID-003352,0,0,0,0,0.8472,1,1,0,0,0,1,0,0,1,0,0,1,0,0,0,0,1,0,1,0,0,1,0,1,0,2,0.9239,0.7932,0
ID-003353,0,1,0,1,0.1389,0,1,0,0,2,0,1,0,0,0,1,1,0,0,1,0,0,0,1,0,1,0,0,1,1,0,0.9743,0.136,0
ID-003354,1,0,1,0,0.6528,0,1,0,0,2,0,1,0,1,0,0,0,0,1,1,0,0,0,0,1,1,0,0,0,0,3,0.1257,0.1693,0
ID-003355,1,0,0,0,0.5417,0,0,0,1,0,0,1,0,0,0,1,0,0,1,0,1,0,0,0,1,0,1,0,0,1,2,0.5642,0.3419,0
ID-003356,0,1,1,1,0.4306,1,1,0,0,1,1,0,0,1,0,0,0,1,0,1,0,0,1,0,0,0,0,1,1,1,0,0.651,0.3035,0
ID-003357,1,0,1,1,1.0,1,0,1,0,0,1,0,0,1,0,0,1,0,0,0,1,0,1,0,0,0,0,1,0,0,2,0.0212,0.1708,0
ID-003358,1,1,1,0,0.5417,0,1,0,0,1,0,1,0,0,1,0,0,0,1,0,0,1,1,0,0,0,1,0,1,1,0,0.6942,0.4017,0
ID-003359,1,1,1,0,0.2639,1,1,0,0,1,0,0,1,0,1,0,1,0,0,0,1,0,0,0,1,1,0,0,1,0,0,0.133,0.0701,0
ID-003360,1,0,1,1,0.6667,1,1,0,0,0,0,1,0,0,1,0,1,0,0,1,0,0,1,0,0,1,0,0,1,1,1,0.1672,0.1964,0
ID-003361,0,0,0,0,0.5139,1,1,0,0,0,0,1,0,0,1,0,0,1,0,0,1,0,0,1,0,0,1,0,1,1,2,0.9908,0.5103,0
ID-003362,0,1,1,1,0.875,1,1,0,0,1,0,1,0,1,0,0,0,1,0,1,0,0,1,0,0,0,0,1,2,0,3,0.3773,0.4137,0
ID-003363,1,1,1,1,0.9306,0,0,0,1,1,0,1,0,0,1,0,0,0,1,1,0,0,0,0,1,0,0,1,1,1,2,0.6854,0.6831,0
ID-003364,1,0,1,1,0.6389,1,1,0,0,0,0,0,1,0,0,1,0,0,1,1,0,0,0,1,0,1,0,0,0,0,2,0.9217,0.597,0
ID-003365,0,1,0,0,0.4167,1,1,0,0,0,1,0,0,1,0,0,1,0,0,0,0,1,0,0,1,0,0,1,2,1,2,0.944,0.3972,0
ID-003366,1,0,1,1,0.5556,0,0,1,0,0,1,0,0,0,1,0,0,1,0,0,0,1,0,0,1,1,0,0,0,0,1,0.1477,0.1545,0
ID-003367,1,0,0,0,0.1111,0,0,0,1,1,1,0,0,0,1,0,0,1,0,0,1,0,0,1,0,0,0,1,1,0,2,0.1411,0.0303,0
ID-003368,0,1,0,1,0.5278,1,0,1,0,0,0,1,0,0,0,1,0,0,1,1,0,0,1,0,0,1,0,0,0,0,0,0.1753,0.1591,0
ID-003369,0,0,1,1,0.0278,0,0,0,1,2,1,0,0,0,1,0,1,0,0,1,0,0,0,0,1,0,0,1,2,0,1,0.3472,0.0124,0
ID-003370,1,1,1,0,0.4167,0,0,0,1,2,0,1,0,1,0,0,1,0,0,1,0,0,0,1,0,0,1,0,1,1,0,0.3344,0.1818,0
ID-003371,1,0,0,0,0.7917,1,0,0,1,2,1,0,0,0,0,1,1,0,0,0,1,0,0,0,1,0,1,0,0,0,1,0.3907,0.3833,0
ID-003372,1,1,1,0,0.2222,1,0,0,1,0,0,0,1,0,1,0,0,1,0,0,1,0,0,1,0,1,0,0,1,0,3,0.3373,0.0975,0
ID-003373,1,0,1,0,0.8472,0,0,1,0,0,1,0,0,0,0,1,0,1,0,0,1,0,0,1,0,0,0,1,1,1,0,0.3635,0.3906,0
ID-003374,0,0,1,1,0.2083,0,0,1,0,0,0,0,1,0,1,0,0,0,1,0,0,1,0,1,0,1,0,0,0,0,0,0.6922,0.1541,0
ID-003375,0,1,0,0,0.0972,0,0,0,1,0,1,0,0,0,1,0,0,1,0,1,0,0,0,1,0,1,0,0,1,0,2,0.7292,0.075,0
ID-003376,0,1,1,1,0.8194,0,1,0,0,1,0,1,0,0,1,0,0,0,1,0,1,0,0,1,0,1,0,0,0,0,3,0.3356,0.3584,0
ID-003377,1,0,1,0,0.5417,0,0,1,0,0,1,0,0,0,1,0,0,1,0,0,0,1,0,1,0,1,0,0,2,0,0,0.6099,0.3629,0
ID-003378,1,1,0,0,0.5,0,0,0,1,2,0,1,0,0,1,0,1,0,0,0,1,0,1,0,0,0,0,1,0,0,1,0.1816,0.1534,0
ID-003379,1,1,0,0,0.6667,1,0,1,0,0,1,0,0,0,1,0,0,0,1,1,0,0,1,0,0,1,0,0,2,0,1,0.1464,0.1847,0
ID-003380,0,1,0,1,0.0972,0,1,0,0,1,1,0,0,0,0,1,1,0,0,0,0,1,0,0,1,0,1,0,1,0,1,0.8735,0.0869,0
ID-003381,0,0,0,0,0.0417,1,0,0,1,0,0,0,1,0,1,0,1,0,0,0,0,1,1,0,0,1,0,0,0,1,3,0.6404,0.029,0
ID-003382,1,1,0,0,0.5556,1,0,1,0,1,1,0,0,0,0,1,0,0,1,0,0,1,0,1,0,0,0,1,2,0,3,0.0235,0.096,0
ID-003383,1,0,0,1,0.1806,0,0,1,0,0,1,0,0,0,1,0,0,1,0,0,0,1,0,1,0,1,0,0,2,1,0,0.0863,0.0408,0
ID-003384,0,0,1,0,0.625,1,1,0,0,0,0,1,0,0,1,0,1,0,0,0,0,1,1,0,0,1,0,0,2,1,2,0.7584,0.4975,0
ID-003385,0,0,1,0,0.4722,0,0,1,0,0,0,0,1,0,1,0,0,0,1,0,1,0,0,0,1,0,1,0,0,0,0,0.2468,0.171,0
ID-003386,1,0,0,0,0.0556,0,0,0,1,2,0,1,0,0,1,0,0,1,0,0,1,0,0,1,0,1,0,0,2,1,2,0.9409,0.0528,0
ID-003387,1,0,0,1,0.7222,1,0,0,1,2,0,0,1,0,0,1,1,0,0,1,0,0,0,1,0,0,1,0,0,0,3,0.7129,0.547,0
ID-003388,0,0,0,1,0.0278,0,1,0,0,1,1,0,0,0,0,1,0,1,0,0,1,0,0,0,1,0,1,0,0,1,1,0.652,0.0196,0
ID-003389,0,0,0,1,0.625,1,1,0,0,0,0,1,0,1,0,0,1,0,0,0,0,1,0,1,0,1,0,0,1,0,3,0.2923,0.2504,0
ID-003390,0,0,0,1,0.1944,0,0,0,1,0,0,1,0,0,1,0,0,1,0,1,0,0,1,0,0,0,1,0,2,0,0,0.6499,0.1369,0
ID-003391,0,1,0,0,0.8194,0,0,0,1,1,0,1,0,0,1,0,0,1,0,0,1,0,1,0,0,0,0,1,1,0,0,0.8308,0.7026,0
ID-003392,0,1,0,1,0.2222,0,0,1,0,1,0,0,1,0,1,0,0,0,1,0,0,1,1,0,0,1,0,0,1,0,0,0.0957,0.052,0
ID-003393,1,0,1,1,0.0556,1,1,0,0,2,0,0,1,1,0,0,1,0,0,0,1,0,0,0,1,1,0,0,0,1,2,0.4056,0.0276,0
ID-003394,0,1,1,1,0.2917,0,0,1,0,1,0,1,0,0,0,1,1,0,0,0,0,1,1,0,0,0,1,0,1,0,1,0.3317,0.1266,0
ID-003395,1,1,1,1,0.2917,1,1,0,0,1,1,0,0,0,0,1,1,0,0,0,0,1,0,0,1,0,1,0,0,1,2,0.1612,0.0844,0
ID-003396,0,0,0,0,0.8611,0,0,0,1,1,0,1,0,0,1,0,0,1,0,0,1,0,0,0,1,0,0,1,2,1,0,0.8745,0.7702,0
ID-003397,1,0,0,1,0.0556,1,0,1,0,2,0,0,1,0,0,1,1,0,0,0,0,1,0,1,0,0,0,1,1,0,1,0.734,0.0431,0
ID-003398,1,0,0,0,0.625,1,0,0,1,2,1,0,0,1,0,0,1,0,0,0,0,1,1,0,0,0,0,1,0,0,2,0.8358,0.5385,0
ID-003399,0,0,0,0,0.8889,1,0,1,0,0,0,0,1,1,0,0,1,0,0,1,0,0,0,0,1,1,0,0,0,1,3,0.3753,0.4187,0
ID-003400,0,1,1,1,0.875,1,0,0,1,0,0,0,1,0,0,1,0,0,1,1,0,0,0,1,0,1,0,0,1,0,1,0.4973,0.5027,0
ID-003401,1,0,1,0,0.4306,0,0,0,1,2,1,0,0,0,0,1,0,1,0,1,0,0,0,0,1,1,0,0,1,1,2,0.8136,0.3629,0
ID-003402,0,0,0,0,0.4583,0,1,0,0,1,1,0,0,0,1,0,0,1,0,1,0,0,1,0,0,0,0,1,2,0,0,0.667,0.3293,0
ID-003403,1,0,1,0,0.8056,0,1,0,0,2,0,0,1,0,1,0,0,1,0,1,0,0,0,0,1,0,0,1,1,0,2,0.3565,0.3666,0
ID-003404,1,0,1,0,0.1806,0,1,0,0,2,1,0,0,0,0,1,1,0,0,1,0,0,1,0,0,0,0,1,1,0,0,0.3347,0.0788,0
ID-003405,1,0,0,0,0.2917,1,1,0,0,1,1,0,0,0,0,1,1,0,0,0,0,1,0,0,1,0,0,1,0,1,2,0.2732,0.1121,0
ID-003406,0,0,0,1,0.2917,0,0,0,1,0,0,0,1,0,1,0,0,0,1,0,1,0,0,0,1,0,1,0,0,1,3,0.8479,0.2543,0
ID-003407,0,1,0,0,0.9028,1,0,1,0,2,1,0,0,0,1,0,0,0,1,0,1,0,0,1,0,1,0,0,2,0,2,0.4218,0.4609,0
ID-003408,0,1,1,0,0.1944,1,0,0,1,2,1,0,0,0,1,0,0,0,1,0,0,1,0,0,1,0,0,1,1,0,0,0.6633,0.1391,0
ID-003409,1,1,0,1,0.6111,1,1,0,0,1,0,1,0,1,0,0,0,1,0,1,0,0,0,1,0,0,1,0,1,0,0,0.7516,0.4829,0
ID-003410,1,1,1,0,0.5139,1,0,0,1,2,0,1,0,0,0,1,0,1,0,1,0,0,1,0,0,0,0,1,1,1,0,0.3579,0.2345,0
ID-003411,1,1,1,0,0.9861,0,0,1,0,2,0,1,0,0,0,1,0,0,1,1,0,0,1,0,0,0,0,1,2,0,1,0.5666,0.6245,0
ID-003412,0,0,1,1,0.7083,0,1,0,0,1,0,1,0,1,0,0,0,0,1,0,1,0,0,0,1,0,0,1,1,0,0,0.7748,0.5737,0
ID-003413,0,1,1,1,0.375,1,1,0,0,0,0,0,1,1,0,0,0,0,1,0,0,1,1,0,0,1,0,0,2,1,3,0.3222,0.1598,0
ID-003414,0,0,1,1,0.5,1,0,1,0,1,0,0,1,1,0,0,0,1,0,1,0,0,0,0,1,0,0,1,0,0,0,0.9662,0.4861,0
ID-003415,0,0,0,0,0.6944,1,1,0,0,2,0,1,0,0,1,0,0,0,1,0,0,1,1,0,0,0,1,0,2,0,3,0.1461,0.1922,0
ID-003416,0,1,0,0,0.1806,0,0,1,0,0,0,1,0,0,0,1,1,0,0,1,0,0,1,0,0,0,1,0,1,0,2,0.8956,0.1647,0
ID-003417,0,1,1,1,0.9028,0,1,0,0,0,1,0,0,0,0,1,1,0,0,1,0,0,1,0,0,0,0,1,2,0,1,0.2448,0.3253,0
ID-003418,0,0,1,1,0.2361,1,0,0,1,1,0,1,0,0,0,1,0,0,1,0,0,1,0,1,0,0,1,0,1,1,1,0.3069,0.0975,0
ID-003419,0,0,0,0,0.9583,0,0,1,0,0,0,1,0,1,0,0,0,0,1,0,1,0,1,0,0,0,0,1,2,1,1,0.9257,0.8987,0
ID-003420,0,1,1,0,0.7917,0,1,0,0,2,0,0,1,0,1,0,0,1,0,1,0,0,1,0,0,1,0,0,1,0,3,0.0795,0.1743,0
ID-003421,0,0,0,1,0.5556,1,0,1,0,0,0,1,0,0,0,1,0,1,0,0,1,0,0,1,0,0,1,0,1,1,0,0.4341,0.2894,0
ID-003422,1,0,0,0,0.0972,1,1,0,0,0,0,1,0,0,1,0,0,1,0,0,1,0,0,1,0,1,0,0,1,1,3,0.2309,0.0339,0
ID-003423,1,0,1,1,0.8333,1,0,0,1,2,0,1,0,0,1,0,0,1,0,0,1,0,1,0,0,0,1,0,2,0,2,0.7084,0.628,0
ID-003424,0,0,0,0,0.8333,1,0,1,0,2,0,0,1,0,1,0,0,0,1,0,1,0,0,1,0,1,0,0,2,0,2,0.8825,0.751,0
ID-003425,0,0,1,1,0.4167,1,0,0,1,2,0,0,1,0,0,1,0,1,0,0,1,0,0,0,1,0,1,0,0,0,3,0.5461,0.2566,0
ID-003426,0,0,0,0,0.3472,0,0,1,0,0,1,0,0,1,0,0,1,0,0,0,1,0,0,0,1,0,0,1,1,1,0,0.9445,0.3312,0
ID-003427,0,0,1,1,0.125,1,0,1,0,0,0,0,1,1,0,0,0,0,1,0,0,1,0,0,1,0,0,1,1,1,1,0.0116,0.0203,0
ID-003428,1,0,0,1,0.0694,1,0,1,0,0,0,1,0,0,0,1,0,0,1,1,0,0,1,0,0,0,0,1,1,1,0,0.0642,0.0144,0
ID-003429,0,0,1,1,0.1528,0,1,0,0,1,0,1,0,1,0,0,0,1,0,1,0,0,1,0,0,0,1,0,1,0,0,0.625,0.1043,0
ID-003430,0,1,1,1,0.875,1,0,0,1,2,0,0,1,0,0,1,0,0,1,0,1,0,0,1,0,0,1,0,2,1,2,0.5013,0.5056,0
ID-003431,1,0,0,1,0.7778,0,0,0,1,0,0,1,0,0,1,0,1,0,0,0,1,0,0,1,0,0,0,1,2,1,2,0.913,0.721,0
ID-003432,0,0,1,1,0.25,0,0,1,0,1,0,0,1,1,0,0,1,0,0,0,1,0,0,0,1,1,0,0,1,0,3,0.3482,0.112,0
ID-003433,0,0,0,1,0.1528,1,1,0,0,2,0,0,1,1,0,0,1,0,0,0,0,1,0,0,1,0,0,1,0,1,0,0.6899,0.1127,0
ID-003434,1,1,1,1,0.5417,1,1,0,0,1,0,1,0,0,1,0,1,0,0,1,0,0,0,0,1,0,1,0,1,1,2,0.0633,0.1118,0
ID-003435,1,0,0,0,0.2639,1,1,0,0,1,1,0,0,0,0,1,0,1,0,1,0,0,0,1,0,0,0,1,1,0,0,0.8925,0.24,0
ID-003436,0,0,1,0,0.8333,0,0,1,0,2,0,0,1,1,0,0,0,0,1,0,0,1,1,0,0,1,0,0,0,0,1,0.7482,0.6561,0
ID-003437,0,1,1,1,0.2778,1,0,0,1,2,1,0,0,0,0,1,0,0,1,0,1,0,0,1,0,0,0,1,0,1,1,0.1653,0.0814,0
ID-003438,1,0,1,0,0.8472,1,0,1,0,1,0,1,0,1,0,0,0,1,0,1,0,0,1,0,0,0,0,1,0,0,3,0.7483,0.6671,0
ID-003439,1,0,0,1,0.0833,0,0,1,0,1,0,1,0,1,0,0,0,1,0,1,0,0,1,0,0,0,1,0,2,0,0,0.8941,0.0759,0
ID-003440,0,1,0,0,0.8889,0,0,0,1,1,0,0,1,0,1,0,0,1,0,0,1,0,0,1,0,1,0,0,0,1,0,0.5724,0.5673,0
ID-003441,1,1,0,1,0.5972,0,0,1,0,1,0,1,0,0,0,1,0,1,0,1,0,0,0,0,1,0,0,1,0,0,0,0.5476,0.3686,0
ID-003442,1,1,1,1,1.0,1,0,1,0,2,0,0,1,0,1,0,0,0,1,0,0,1,1,0,0,0,0,1,1,0,3,0.6548,0.7081,0
ID-003443,1,0,1,1,0.9722,0,0,1,0,0,0,0,1,1,0,0,1,0,0,0,0,1,0,0,1,0,0,1,2,1,3,0.341,0.4297,0
ID-003444,0,1,0,1,0.6528,1,0,0,1,1,0,0,1,0,1,0,1,0,0,1,0,0,0,1,0,0,0,1,0,1,0,0.0652,0.1358,0
ID-003445,1,1,1,1,0.4583,0,1,0,0,2,0,0,1,0,0,1,1,0,0,0,0,1,0,1,0,0,1,0,2,1,1,0.0405,0.0858,0
ID-003446,1,1,0,1,0.1944,1,0,1,0,1,1,0,0,0,1,0,0,0,1,0,1,0,0,0,1,1,0,0,1,1,0,0.8546,0.1706,0
ID-003447,0,0,1,1,0.875,0,0,1,0,0,0,0,1,0,1,0,0,1,0,0,1,0,1,0,0,0,0,1,0,0,2,0.9823,0.8626,0
ID-003448,1,0,1,1,0.9583,0,0,0,1,1,0,1,0,0,0,1,0,0,1,0,0,1,1,0,0,1,0,0,2,0,2,0.0835,0.2143,0
ID-003449,1,0,0,0,0.2361,1,0,1,0,0,1,0,0,0,0,1,0,1,0,0,0,1,0,0,1,0,0,1,1,1,3,0.9155,0.2194,0
ID-003450,0,1,0,1,0.4028,0,0,0,1,0,1,0,0,0,0,1,0,0,1,0,1,0,0,0,1,0,0,1,0,1,2,0.9402,0.3827,0
ID-003451,0,1,1,0,0.6528,0,0,0,1,2,0,0,1,0,0,1,0,1,0,0,1,0,1,0,0,0,1,0,1,0,0,0.8288,0.5586,0
ID-003452,1,1,0,0,0.6389,0,0,1,0,2,0,0,1,1,0,0,0,1,0,0,1,0,1,0,0,0,0,1,0,1,0,0.9044,0.5876,0
ID-003453,1,0,1,1,0.4028,1,0,1,0,0,1,0,0,0,1,0,1,0,0,1,0,0,1,0,0,0,0,1,1,0,1,0.9805,0.3965,0
ID-003454,0,1,0,1,0.125,1,1,0,0,2,1,0,0,1,0,0,0,0,1,1,0,0,1,0,0,1,0,0,0,1,1,0.8521,0.1094,0
ID-003455,1,1,1,1,0.9722,0,0,0,1,2,0,0,1,1,0,0,0,0,1,0,0,1,0,0,1,0,1,0,1,1,1,0.1454,0.2685,0
ID-003456,0,1,0,1,0.8611,0,1,0,0,0,1,0,0,0,1,0,0,0,1,0,0,1,0,0,1,1,0,0,0,1,1,0.1219,0.2206,0
ID-003457,1,0,0,1,0.2917,0,0,0,1,1,0,1,0,0,1,0,1,0,0,0,0,1,1,0,0,0,1,0,0,0,2,0.1994,0.0939,0
ID-003458,0,1,1,1,0.5972,1,0,0,1,0,0,1,0,0,1,0,0,1,0,0,0,1,0,1,0,0,0,1,1,0,0,0.5497,0.3696,0
ID-003459,0,0,1,0,0.5694,1,1,0,0,0,1,0,0,0,0,1,0,1,0,0,0,1,0,0,1,1,0,0,2,0,3,0.7464,0.4475,0
ID-003460,1,0,1,0,0.1528,1,1,0,0,2,0,1,0,0,0,1,1,0,0,1,0,0,0,1,0,0,1,0,0,0,2,0.5342,0.0926,0
ID-003461,0,0,1,0,0.7778,0,1,0,0,0,1,0,0,0,1,0,1,0,0,0,0,1,0,0,1,0,1,0,1,1,2,0.1891,0.2435,0
ID-003462,1,1,0,1,0.8194,1,0,0,1,0,0,1,0,0,0,1,1,0,0,1,0,0,1,0,0,0,1,0,2,0,0,0.9783,0.8051,0
ID-003463,1,1,0,0,0.4583,0,1,0,0,1,1,0,0,1,0,0,0,0,1,0,0,1,0,0,1,0,1,0,1,1,3,0.1062,0.1113,0
ID-003464,0,0,0,0,0.75,1,1,0,0,2,1,0,0,0,1,0,0,1,0,0,1,0,1,0,0,1,0,0,0,1,3,0.8709,0.6685,0
ID-003465,0,0,1,0,0.0972,1,0,0,1,1,0,1,0,0,1,0,0,1,0,0,1,0,0,1,0,0,1,0,1,0,2,0.649,0.0684,0
ID-003466,0,0,0,0,0.875,0,0,1,0,1,0,1,0,0,1,0,1,0,0,0,1,0,0,0,1,0,1,0,1,1,1,0.2814,0.3425,0
ID-003467,1,0,1,0,0.8889,0,1,0,0,1,0,0,1,0,1,0,1,0,0,0,1,0,0,0,1,0,0,1,1,0,1,0.5923,0.5823,0
ID-003468,0,0,0,0,0.1806,1,0,0,1,0,0,0,1,0,0,1,0,1,0,1,0,0,0,0,1,1,0,0,0,1,1,0.742,0.1412,0
ID-003469,0,1,1,1,0.7639,1,0,1,0,0,0,0,1,0,0,1,1,0,0,0,0,1,1,0,0,1,0,0,2,0,0,0.0652,0.159,0
ID-003470,1,0,0,0,0.5278,1,0,1,0,1,0,0,1,1,0,0,0,0,1,1,0,0,0,0,1,0,1,0,2,0,1,0.2653,0.1994,0
ID-003471,0,0,0,1,0.8056,0,0,1,0,2,0,1,0,1,0,0,0,0,1,0,0,1,0,1,0,0,1,0,2,1,0,0.3988,0.3955,0
ID-003472,0,1,1,1,0.8333,1,0,1,0,0,1,0,0,0,0,1,0,1,0,0,0,1,1,0,0,0,1,0,1,0,3,0.5002,0.4808,0
ID-003473,1,1,0,1,0.3889,0,1,0,0,1,0,0,1,1,0,0,0,1,0,0,1,0,0,0,1,1,0,0,1,0,3,0.3284,0.1677,0
ID-003474,0,0,0,0,0.2778,1,0,0,1,0,0,0,1,0,1,0,0,0,1,1,0,0,0,0,1,0,1,0,2,0,3,0.5855,0.1804,0
ID-003475,0,1,0,1,0.4028,0,1,0,0,2,1,0,0,0,1,0,1,0,0,0,1,0,1,0,0,0,1,0,0,0,2,0.6475,0.2827,0
ID-003476,0,0,1,1,0.6528,1,0,1,0,2,1,0,0,1,0,0,0,1,0,0,0,1,0,0,1,0,1,0,0,0,0,0.0111,0.1059,0
ID-003477,0,0,1,0,0.875,0,0,0,1,2,1,0,0,1,0,0,1,0,0,0,1,0,0,1,0,0,0,1,2,1,1,0.4834,0.4924,0
ID-003478,1,1,0,0,0.9861,0,0,1,0,0,1,0,0,1,0,0,0,1,0,1,0,0,0,0,1,1,0,0,2,0,3,0.026,0.1724,0
ID-003479,0,1,1,0,0.7222,1,0,0,1,0,0,1,0,0,1,0,0,0,1,0,1,0,0,1,0,0,0,1,2,0,0,0.993,0.7185,0
ID-003480,1,1,0,0,0.2083,0,1,0,0,1,1,0,0,0,1,0,1,0,0,0,1,0,1,0,0,0,0,1,2,0,0,0.1872,0.0649,0
ID-003481,0,1,0,1,0.8056,1,0,0,1,2,1,0,0,1,0,0,1,0,0,0,0,1,1,0,0,0,1,0,2,0,3,0.0257,0.1406,0
ID-003482,1,1,0,1,0.4444,0,0,1,0,0,0,1,0,0,0,1,0,1,0,0,1,0,0,1,0,1,0,0,2,0,3,0.9024,0.408,0
ID-003483,1,0,1,1,0.7083,1,0,0,1,2,0,0,1,0,0,1,1,0,0,1,0,0,0,1,0,0,1,0,2,1,1,0.3831,0.3384,0
ID-003484,1,1,1,1,0.4306,0,1,0,0,0,0,0,1,1,0,0,0,1,0,0,0,1,0,0,1,0,1,0,0,1,1,0.3437,0.1913,0
ID-003485,1,1,1,1,0.6389,1,0,0,1,1,1,0,0,1,0,0,1,0,0,0,1,0,1,0,0,0,0,1,1,1,3,0.2578,0.2373,0
ID-003486,1,1,0,0,0.6806,1,0,0,1,0,0,1,0,1,0,0,0,1,0,0,0,1,0,0,1,1,0,0,1,0,1,0.3195,0.2884,0
ID-003487,1,0,0,1,0.0972,1,1,0,0,2,1,0,0,0,1,0,0,1,0,0,0,1,0,0,1,1,0,0,2,0,3,0.9687,0.0947,0
ID-003488,1,1,1,1,0.0694,1,1,0,0,2,0,1,0,1,0,0,1,0,0,0,0,1,0,1,0,1,0,0,0,1,1,0.5998,0.0459,0
ID-003489,1,1,0,0,0.75,1,0,1,0,0,0,1,0,0,1,0,0,0,1,1,0,0,1,0,0,0,0,1,0,0,1,0.2539,0.2761,0
ID-003490,0,0,0,1,0.9583,0,0,0,1,2,0,1,0,0,0,1,0,0,1,1,0,0,0,0,1,1,0,0,0,1,0,0.7432,0.7505,0
ID-003491,1,0,0,0,0.0417,0,0,1,0,2,1,0,0,0,1,0,0,1,0,0,1,0,0,1,0,0,1,0,2,0,2,0.2528,0.0153,0
ID-003492,1,0,0,0,0.9583,1,0,0,1,2,1,0,0,0,1,0,0,1,0,0,1,0,1,0,0,1,0,0,2,0,3,0.3751,0.4513,0
ID-003493,1,0,0,1,0.8194,0,0,1,0,1,1,0,0,0,1,0,1,0,0,0,1,0,0,1,0,0,1,0,1,1,1,0.3148,0.344,0
ID-003494,1,1,0,0,0.1944,1,1,0,0,1,0,1,0,0,1,0,1,0,0,0,0,1,0,0,1,0,1,0,2,1,0,0.7294,0.15,0
ID-003495,0,0,0,1,0.5833,0,0,1,0,1,0,1,0,1,0,0,0,0,1,1,0,0,1,0,0,1,0,0,0,1,1,0.9101,0.5393,0
ID-003496,1,1,1,1,0.6806,1,0,0,1,0,0,1,0,0,1,0,0,0,1,0,1,0,0,1,0,0,1,0,0,1,3,0.1939,0.2159,0
ID-003497,1,0,0,1,0.0417,0,0,1,0,0,1,0,0,0,1,0,0,1,0,1,0,0,0,1,0,0,0,1,1,1,2,0.253,0.0153,0
ID-003498,1,1,1,0,0.5833,0,0,0,1,1,1,0,0,0,0,1,0,0,1,0,1,0,0,1,0,1,0,0,0,1,3,0.1234,0.1502,0
ID-003499,0,1,0,0,0.9028,0,0,0,1,2,0,1,0,0,0,1,0,1,0,1,0,0,0,0,1,1,0,0,1,1,0,0.4251,0.4634,0
ID-003500,0,0,1,0,0.1806,1,1,0,0,1,1,0,0,1,0,0,0,0,1,0,0,1,0,0,1,1,0,0,2,0,0,0.0355,0.033,0
ID-003501,1,0,1,1,0.375,0,0,1,0,2,0,0,1,0,0,1,0,0,1,1,0,0,0,0,1,0,1,0,1,0,3,0.2682,0.1426,0
ID-003502,0,0,0,0,0.5556,0,0,0,1,0,1,0,0,0,0,1,0,0,1,0,0,1,0,0,1,0,1,0,1,1,2,0.689,0.4095,0
ID-003503,0,1,0,1,0.4167,0,0,1,0,2,1,0,0,0,0,1,0,1,0,0,0,1,0,0,1,1,0,0,2,0,0,0.5796,0.2685,0
ID-003504,1,0,1,0,0.6111,0,1,0,0,2,0,1,0,0,0,1,0,0,1,0,1,0,1,0,0,0,1,0,0,1,1,0.6797,0.4456,0
ID-003505,0,1,1,0,0.3611,1,0,0,1,1,0,0,1,0,1,0,1,0,0,0,1,0,0,0,1,1,0,0,0,1,3,0.2028,0.1173,0
ID-003506,1,0,1,0,0.1806,0,0,0,1,0,0,1,0,1,0,0,0,1,0,1,0,0,0,1,0,1,0,0,1,1,1,0.7875,0.1482,0
ID-003507,1,1,0,0,0.1667,0,0,0,1,0,1,0,0,0,1,0,0,1,0,0,0,1,1,0,0,1,0,0,2,1,0,0.1286,0.0436,0
ID-003508,1,1,1,1,0.125,0,1,0,0,0,0,0,1,0,0,1,1,0,0,0,1,0,0,1,0,0,0,1,2,0,0,0.3889,0.0603,0
ID-003509,1,1,1,0,0.5278,1,0,1,0,1,0,1,0,0,1,0,0,0,1,0,1,0,0,0,1,1,0,0,0,0,2,0.6344,0.3646,0
ID-003510,0,1,1,0,0.0278,1,1,0,0,2,1,0,0,1,0,0,1,0,0,0,1,0,0,1,0,0,1,0,2,1,2,0.1025,0.0067,0
ID-003511,0,1,0,0,0.4167,0,1,0,0,1,1,0,0,1,0,0,0,0,1,0,0,1,0,0,1,0,1,0,1,1,1,0.0828,0.0929,0
ID-003512,1,1,0,1,0.2639,1,0,0,1,0,0,0,1,0,0,1,0,1,0,0,0,1,0,0,1,1,0,0,0,1,2,0.0347,0.0481,0
ID-003513,1,0,0,1,0.6667,1,1,0,0,1,1,0,0,0,0,1,0,1,0,0,1,0,1,0,0,0,0,1,1,0,1,0.1129,0.1657,0
ID-003514,1,0,1,0,0.5833,1,0,0,1,1,0,0,1,1,0,0,0,0,1,0,0,1,1,0,0,0,0,1,2,0,3,0.7717,0.4709,0
ID-003515,1,1,1,1,0.375,1,0,1,0,2,0,1,0,1,0,0,0,1,0,1,0,0,0,1,0,0,0,1,1,0,3,0.9494,0.3592,0
ID-003516,1,1,0,0,0.0278,1,1,0,0,0,0,0,1,1,0,0,0,0,1,1,0,0,0,0,1,0,0,1,0,0,0,0.3576,0.0127,0
ID-003517,0,0,1,1,0.75,0,0,0,1,2,0,1,0,1,0,0,1,0,0,0,1,0,0,1,0,0,0,1,1,0,3,0.7368,0.5832,0
ID-003518,1,1,1,0,0.7639,1,1,0,0,2,0,0,1,0,0,1,1,0,0,1,0,0,1,0,0,0,1,0,1,1,3,0.0474,0.1474,0
ID-003519,1,0,0,1,0.0972,0,1,0,0,1,1,0,0,0,0,1,0,1,0,1,0,0,0,0,1,0,1,0,0,1,3,0.2564,0.036,0
ID-003520,0,1,1,0,0.9306,0,0,0,1,1,0,1,0,1,0,0,0,0,1,0,1,0,1,0,0,0,1,0,1,0,0,0.2098,0.3077,0
ID-003521,0,0,1,1,0.3056,0,0,1,0,2,1,0,0,0,0,1,0,0,1,0,0,1,0,0,1,1,0,0,1,0,0,0.8468,0.2661,0
ID-003522,1,0,0,0,0.5417,0,0,1,0,0,0,1,0,1,0,0,0,1,0,0,0,1,1,0,0,1,0,0,0,1,2,0.6931,0.4011,0
ID-003523,0,0,1,0,0.9167,1,1,0,0,1,0,1,0,1,0,0,1,0,0,1,0,0,0,0,1,0,1,0,2,0,2,0.937,0.8685,0
ID-003524,0,0,0,1,0.1111,1,0,0,1,1,0,0,1,1,0,0,1,0,0,1,0,0,1,0,0,0,1,0,0,0,3,0.9301,0.1046,0
ID-003525,1,0,1,0,0.2361,1,1,0,0,2,1,0,0,1,0,0,0,1,0,0,0,1,0,0,1,0,1,0,0,0,2,0.9196,0.2202,0
ID-003526,0,1,1,0,0.6806,1,0,1,0,0,0,1,0,1,0,0,1,0,0,0,0,1,0,0,1,1,0,0,0,0,2,0.6897,0.502,0
ID-003527,0,0,1,0,0.2361,0,0,1,0,0,0,1,0,0,0,1,1,0,0,0,0,1,1,0,0,1,0,0,0,0,0,0.2901,0.0942,0
ID-003528,1,0,0,1,0.5556,1,0,1,0,1,1,0,0,0,1,0,0,1,0,0,1,0,0,1,0,1,0,0,2,0,3,0.5689,0.3529,0
ID-003529,1,0,0,0,0.0694,0,1,0,0,0,0,0,1,0,0,1,0,1,0,0,0,1,1,0,0,0,0,1,0,0,2,0.1606,0.0201,0
ID-003530,1,0,0,1,0.9722,1,0,1,0,1,1,0,0,0,0,1,1,0,0,1,0,0,0,0,1,0,1,0,1,0,2,0.6988,0.7247,0
ID-003531,1,1,0,0,0.4028,0,1,0,0,1,0,0,1,0,1,0,0,1,0,1,0,0,1,0,0,1,0,0,2,1,3,0.0523,0.0794,0
ID-003532,1,1,0,0,0.0,0,1,0,0,2,0,0,1,0,1,0,1,0,0,0,0,1,0,1,0,0,0,1,2,0,0,0.5964,0.0,0
ID-003533,1,1,0,1,0.5,1,1,0,0,0,1,0,0,0,0,1,0,0,1,0,0,1,0,1,0,1,0,0,0,1,0,0.7491,0.394,0
ID-003534,0,1,0,1,0.75,1,1,0,0,1,1,0,0,0,0,1,1,0,0,1,0,0,0,0,1,0,0,1,2,0,1,0.625,0.5121,0
ID-003535,0,0,1,0,0.9722,0,0,1,0,1,1,0,0,1,0,0,0,0,1,1,0,0,1,0,0,0,0,1,2,0,1,0.4237,0.4979,0
ID-003536,0,1,0,1,0.9722,1,1,0,0,1,0,1,0,0,1,0,0,0,1,0,1,0,0,1,0,0,0,1,0,1,3,0.8649,0.8616,0
ID-003537,0,1,0,1,0.7083,0,1,0,0,0,1,0,0,0,0,1,0,0,1,1,0,0,1,0,0,0,0,1,1,0,3,0.2156,0.2377,0
ID-003538,0,1,1,0,0.1806,1,0,0,1,1,0,1,0,0,0,1,0,0,1,0,0,1,0,0,1,1,0,0,2,0,0,0.5333,0.1092,0
ID-003539,1,1,0,1,0.1528,0,0,1,0,2,0,1,0,0,1,0,0,0,1,0,1,0,1,0,0,0,1,0,1,0,3,0.8035,0.1275,0
ID-003540,1,0,1,1,0.8472,0,0,1,0,1,0,1,0,0,1,0,0,0,1,1,0,0,0,0,1,0,1,0,1,1,3,0.1625,0.2462,0
ID-003541,1,0,0,0,0.8889,0,0,1,0,1,1,0,0,0,1,0,1,0,0,1,0,0,0,0,1,0,1,0,2,0,3,0.9459,0.8488,0
ID-003542,1,1,0,0,0.0139,1,1,0,0,1,1,0,0,0,1,0,1,0,0,0,0,1,0,1,0,1,0,0,0,1,3,0.0728,0.003,0
ID-003543,0,0,1,1,0.6944,0,1,0,0,1,1,0,0,0,0,1,0,0,1,0,0,1,1,0,0,0,0,1,1,1,1,0.3473,0.3106,0
ID-003544,1,0,0,0,0.2639,0,0,0,1,1,1,0,0,0,0,1,0,1,0,1,0,0,1,0,0,0,1,0,2,1,0,0.8625,0.2333,0
ID-003545,0,0,1,0,0.8889,0,0,1,0,2,1,0,0,0,1,0,1,0,0,0,0,1,1,0,0,1,0,0,2,0,0,0.6584,0.6321,0
ID-003546,0,0,1,1,0.9861,0,1,0,0,2,0,1,0,0,1,0,0,1,0,1,0,0,1,0,0,0,0,1,1,1,3,0.1208,0.2517,0
ID-003547,1,1,0,0,0.6389,1,0,1,0,1,1,0,0,0,0,1,0,1,0,0,1,0,0,1,0,0,1,0,2,0,0,0.604,0.4249,0
ID-003548,1,1,1,0,0.0417,1,0,0,1,0,1,0,0,1,0,0,0,0,1,0,1,0,1,0,0,0,0,1,2,1,2,0.1393,0.0113,0
ID-003549,1,1,0,0,0.6944,1,0,0,1,1,0,0,1,0,0,1,1,0,0,0,1,0,1,0,0,1,0,0,1,1,3,0.0062,0.1098,0
ID-003550,1,1,1,1,0.6528,1,0,1,0,2,0,0,1,0,1,0,0,0,1,1,0,0,0,1,0,0,1,0,2,0,3,0.3766,0.3082,0
ID-003551,1,1,0,1,0.1389,0,0,1,0,1,0,0,1,1,0,0,0,0,1,0,1,0,0,0,1,1,0,0,2,1,0,0.0398,0.0259,0
ID-003552,1,0,0,0,0.3889,1,1,0,0,0,1,0,0,0,1,0,0,0,1,0,1,0,0,0,1,0,1,0,0,0,1,0.8452,0.3381,0
ID-003553,1,1,1,0,0.0556,1,0,1,0,2,0,0,1,1,0,0,1,0,0,1,0,0,1,0,0,1,0,0,0,1,2,0.0874,0.0126,0
ID-003554,0,0,1,0,0.1806,1,0,1,0,2,0,0,1,0,0,1,1,0,0,0,0,1,0,0,1,0,0,1,2,1,1,0.1565,0.0516,0
ID-003555,0,1,0,1,0.3194,0,1,0,0,2,1,0,0,0,0,1,0,0,1,0,1,0,0,0,1,0,1,0,0,1,3,0.2646,0.1205,0
ID-003556,0,0,1,1,0.6806,0,1,0,0,0,0,0,1,0,1,0,1,0,0,0,1,0,0,1,0,0,1,0,0,0,1,0.7011,0.5086,0
ID-003557,0,0,1,1,0.4861,1,0,0,1,1,0,1,0,1,0,0,0,0,1,0,1,0,0,0,1,1,0,0,0,1,2,0.3501,0.2186,0
ID-003558,0,0,1,0,0.3889,1,0,1,0,0,1,0,0,1,0,0,0,1,0,0,0,1,0,1,0,1,0,0,1,0,1,0.9616,0.3766,0
ID-003559,1,1,1,1,0.5556,0,0,0,1,1,0,0,1,0,0,1,0,0,1,0,0,1,0,0,1,0,1,0,0,0,1,0.4782,0.3102,0
ID-003560,1,0,0,1,0.1389,0,1,0,0,2,1,0,0,0,0,1,1,0,0,0,1,0,1,0,0,0,1,0,0,1,2,0.6495,0.0977,0
ID-003561,1,0,1,1,0.1389,1,0,0,1,2,0,1,0,0,1,0,0,0,1,0,1,0,1,0,0,0,0,1,0,1,1,0.0378,0.0257,0
ID-003562,1,1,1,1,0.9444,1,0,0,1,0,0,0,1,0,1,0,0,1,0,0,1,0,1,0,0,0,1,0,0,1,3,0.8078,0.7913,0
ID-003563,1,1,0,1,0.25,1,0,0,1,2,1,0,0,0,1,0,0,1,0,0,0,1,1,0,0,0,0,1,1,1,0,0.5679,0.1586,0
ID-003564,0,1,0,1,0.0139,0,1,0,0,0,0,1,0,0,0,1,1,0,0,0,0,1,1,0,0,0,1,0,1,1,0,0.7413,0.0109,0
ID-003565,0,0,1,1,0.3333,0,0,0,1,0,1,0,0,1,0,0,0,0,1,0,0,1,0,0,1,1,0,0,2,1,2,0.9156,0.3098,0
ID-003566,1,0,0,0,0.4444,1,0,1,0,1,0,0,1,0,0,1,0,0,1,0,0,1,1,0,0,1,0,0,0,1,1,0.2812,0.1739,0
ID-003567,0,1,0,1,0.1806,1,1,0,0,0,0,0,1,0,0,1,0,0,1,1,0,0,1,0,0,0,0,1,1,1,3,0.4437,0.0955,0
ID-003568,0,1,0,0,0.2361,1,0,0,1,0,0,1,0,0,0,1,1,0,0,1,0,0,0,0,1,0,1,0,1,1,1,0.8245,0.2012,0
ID-003569,1,0,1,0,0.4861,1,0,1,0,0,0,0,1,0,0,1,1,0,0,1,0,0,1,0,0,1,0,0,2,1,0,0.4716,0.2687,0
ID-003570,0,0,0,0,0.7361,1,0,0,1,0,0,1,0,1,0,0,0,1,0,0,0,1,1,0,0,1,0,0,1,1,3,0.5599,0.462,0
ID-003571,1,0,0,0,0.5,1,0,0,1,2,0,1,0,1,0,0,0,0,1,1,0,0,0,0,1,1,0,0,0,0,1,0.8319,0.4292,0
ID-003572,0,0,1,1,0.4722,0,0,0,1,0,1,0,0,1,0,0,0,1,0,0,0,1,0,0,1,0,1,0,2,0,2,0.8585,0.4159,0
ID-003573,1,0,0,1,0.3333,0,0,0,1,0,0,0,1,1,0,0,0,1,0,0,1,0,0,1,0,0,1,0,0,0,2,0.3402,0.1471,0
ID-003574,0,1,1,0,0.4722,0,0,1,0,1,0,0,1,1,0,0,0,0,1,0,0,1,0,1,0,0,0,1,1,0,3,0.1964,0.1508,0
ID-003575,0,0,0,1,0.2778,0,0,1,0,0,1,0,0,0,0,1,0,0,1,1,0,0,1,0,0,1,0,0,1,0,2,0.7602,0.2215,0
ID-003576,1,1,1,1,0.375,0,1,0,0,1,0,0,1,1,0,0,1,0,0,0,0,1,1,0,0,0,0,1,1,0,0,0.7898,0.3085,0
ID-003577,0,0,0,1,0.7361,1,0,0,1,2,1,0,0,0,0,1,0,1,0,0,1,0,0,0,1,0,0,1,0,1,0,0.3931,0.3579,0
ID-003578,1,0,1,1,0.9583,1,0,0,1,2,1,0,0,1,0,0,0,0,1,0,0,1,1,0,0,1,0,0,0,1,3,0.4894,0.5442,0
ID-003579,0,0,1,1,0.2083,0,0,0,1,1,0,1,0,0,0,1,1,0,0,0,0,1,1,0,0,0,0,1,0,0,0,0.408,0.1039,0
ID-003580,0,1,1,0,0.9028,1,0,1,0,2,0,0,1,0,0,1,1,0,0,0,0,1,1,0,0,1,0,0,0,0,1,0.8191,0.7651,0
ID-003581,0,1,1,1,0.3194,0,1,0,0,0,0,1,0,0,1,0,0,1,0,1,0,0,0,1,0,0,0,1,0,0,1,0.1649,0.0935,0
ID-003582,1,0,1,0,0.1806,1,0,1,0,2,1,0,0,0,1,0,0,0,1,0,1,0,1,0,0,0,0,1,2,1,2,0.1177,0.0456,0
ID-003583,0,0,0,0,0.8056,1,0,1,0,2,0,1,0,0,0,1,1,0,0,1,0,0,0,0,1,0,0,1,2,0,3,0.9985,0.8052,0
ID-003584,1,1,0,0,0.9028,0,0,0,1,2,0,0,1,1,0,0,1,0,0,1,0,0,0,1,0,1,0,0,0,1,1,0.5268,0.5412,0
ID-003585,0,1,1,0,0.0139,0,0,1,0,2,1,0,0,0,0,1,0,1,0,1,0,0,0,1,0,0,0,1,2,1,0,0.0417,0.0026,0
ID-003586,1,1,1,1,0.2222,1,0,1,0,2,0,0,1,1,0,0,0,1,0,0,1,0,1,0,0,0,0,1,2,1,3,0.6335,0.1533,0
ID-003587,0,1,1,0,0.5139,1,1,0,0,2,0,0,1,1,0,0,0,0,1,0,1,0,0,0,1,0,0,1,1,1,3,0.0976,0.1211,0
ID-003588,1,1,0,0,0.6528,0,0,0,1,2,0,1,0,0,1,0,0,0,1,0,0,1,0,0,1,1,0,0,1,0,3,0.081,0.1446,0
ID-003589,1,0,1,0,0.0556,1,0,0,1,2,1,0,0,0,0,1,0,1,0,1,0,0,0,1,0,1,0,0,0,0,2,0.0563,0.0111,0
ID-003590,0,1,0,1,0.0972,0,1,0,0,0,1,0,0,1,0,0,0,0,1,1,0,0,0,0,1,1,0,0,1,0,3,0.0576,0.0196,0
ID-003591,1,0,1,0,0.6389,1,0,1,0,2,0,0,1,1,0,0,0,1,0,0,1,0,0,0,1,0,1,0,1,1,0,0.3686,0.2973,0
ID-003592,0,0,1,1,0.625,1,0,0,1,2,1,0,0,0,1,0,0,1,0,0,1,0,0,0,1,1,0,0,0,0,1,0.0255,0.109,0
ID-003593,0,0,0,0,0.3194,0,0,0,1,0,1,0,0,0,1,0,1,0,0,0,1,0,0,0,1,0,0,1,0,0,1,0.0243,0.0554,0
ID-003594,1,1,0,1,0.3611,1,1,0,0,0,0,1,0,0,0,1,1,0,0,1,0,0,1,0,0,0,0,1,1,0,1,0.0394,0.0672,0
ID-003595,0,0,0,0,0.6389,0,0,1,0,1,1,0,0,0,1,0,1,0,0,0,1,0,1,0,0,0,1,0,1,1,3,0.9079,0.5895,0
ID-003596,0,1,1,0,0.2222,0,0,0,1,2,1,0,0,1,0,0,0,0,1,0,1,0,1,0,0,0,0,1,2,1,3,0.8901,0.2017,0
ID-003597,0,0,1,0,0.3333,0,0,1,0,0,0,0,1,0,1,0,1,0,0,0,1,0,0,0,1,1,0,0,2,0,2,0.2482,0.1211,0
ID-003598,1,1,0,1,0.4722,0,0,1,0,1,1,0,0,1,0,0,0,0,1,0,0,1,0,1,0,0,0,1,2,0,3,0.3472,0.2112,0
ID-003599,0,0,1,0,0.9722,0,0,1,0,2,1,0,0,1,0,0,1,0,0,1,0,0,0,0,1,1,0,0,2,1,0,0.2354,0.3426,0
ID-003600,0,0,1,1,0.4861,0,0,0,1,2,1,0,0,0,0,1,0,1,0,1,0,0,0,1,0,0,1,0,0,1,0,0.1774,0.1474,0
ID-003601,1,1,0,1,0.4722,0,1,0,0,2,1,0,0,0,0,1,0,0,1,0,1,0,0,1,0,0,0,1,1,0,3,0.3458,0.2106,0
ID-003602,0,0,0,0,0.3472,0,1,0,0,2,0,0,1,0,0,1,0,1,0,1,0,0,1,0,0,1,0,0,2,0,1,0.3099,0.1443,0
ID-003603,1,0,1,1,0.7361,1,0,0,1,2,0,0,1,0,1,0,0,0,1,0,1,0,0,1,0,0,0,1,0,1,3,0.9999,0.7367,0
ID-003604,1,0,0,0,0.8333,1,0,0,1,0,1,0,0,0,0,1,1,0,0,0,1,0,0,0,1,1,0,0,1,0,2,0.1912,0.2624,0
ID-003605,0,1,1,1,0.3472,1,0,0,1,2,0,0,1,0,1,0,1,0,0,0,1,0,1,0,0,0,0,1,2,1,0,0.8229,0.2954,0
ID-003606,1,1,0,0,0.4722,0,0,0,1,2,0,0,1,1,0,0,0,1,0,0,0,1,1,0,0,0,1,0,1,1,2,0.0544,0.0939,0
ID-003607,0,0,0,0,0.9167,0,0,1,0,2,0,1,0,0,1,0,0,1,0,0,1,0,0,1,0,0,1,0,0,1,1,0.0126,0.1498,0
ID-003608,0,0,1,0,0.6667,1,0,0,1,1,1,0,0,0,0,1,1,0,0,1,0,0,1,0,0,0,1,0,1,1,0,0.6565,0.473,0
ID-003609,1,1,1,0,0.8194,0,0,1,0,1,1,0,0,0,1,0,1,0,0,1,0,0,1,0,0,0,0,1,0,0,0,0.8485,0.7148,0
ID-003610,1,1,0,1,0.1528,1,1,0,0,0,0,0,1,1,0,0,1,0,0,0,0,1,0,0,1,1,0,0,1,0,1,0.0158,0.0254,0
ID-003611,1,0,0,0,0.6528,1,0,1,0,1,0,1,0,1,0,0,0,1,0,1,0,0,1,0,0,1,0,0,1,1,1,0.15,0.1828,0
ID-003612,0,0,1,1,0.875,1,0,1,0,2,1,0,0,0,1,0,0,1,0,0,1,0,0,1,0,1,0,0,1,0,0,0.1979,0.2805,0
ID-003613,1,1,0,0,0.6806,0,1,0,0,1,0,1,0,0,1,0,0,1,0,0,0,1,0,0,1,1,0,0,2,0,1,0.9617,0.659,0
ID-003614,0,1,1,1,0.1528,0,0,1,0,0,0,0,1,1,0,0,1,0,0,0,0,1,0,0,1,0,0,1,2,1,1,0.4841,0.0861,0
ID-003615,0,1,1,1,0.7639,0,0,1,0,0,0,0,1,0,0,1,0,1,0,1,0,0,0,0,1,1,0,0,0,0,2,0.4799,0.4276,0
ID-003616,1,0,1,0,0.6111,1,0,1,0,0,0,1,0,0,0,1,1,0,0,0,1,0,0,0,1,0,0,1,1,1,3,0.0031,0.095,0
ID-003617,1,1,0,0,0.0972,0,0,1,0,0,1,0,0,1,0,0,1,0,0,1,0,0,1,0,0,0,0,1,1,0,0,0.2922,0.0389,0
ID-003618,0,0,1,1,0.4306,1,1,0,0,0,1,0,0,0,0,1,0,0,1,0,1,0,0,1,0,0,1,0,1,0,3,0.0985,0.1018,0
ID-003619,1,0,1,1,0.0556,0,0,1,0,2,0,1,0,0,0,1,0,0,1,1,0,0,0,0,1,0,1,0,0,0,2,0.5083,0.0324,0
ID-003620,1,1,0,1,0.5,1,0,1,0,0,0,1,0,0,1,0,1,0,0,1,0,0,0,1,0,1,0,0,0,1,0,0.3616,0.2297,0
ID-003621,1,1,0,0,0.5139,0,0,0,1,1,0,0,1,1,0,0,1,0,0,0,0,1,0,1,0,1,0,0,0,1,0,0.0786,0.1128,0
ID-003622,0,1,0,0,0.1111,0,0,0,1,2,1,0,0,0,0,1,0,0,1,0,1,0,1,0,0,1,0,0,1,0,0,0.4065,0.0553,0
ID-003623,0,0,1,1,0.7778,0,0,1,0,2,1,0,0,0,1,0,1,0,0,1,0,0,0,1,0,0,1,0,2,1,2,0.1449,0.2144,0
ID-003624,0,1,1,0,0.5833,0,1,0,0,2,0,0,1,0,0,1,0,1,0,1,0,0,1,0,0,0,1,0,0,0,1,0.2004,0.1882,0
ID-003625,0,0,1,0,0.9167,0,0,0,1,2,0,0,1,0,0,1,0,0,1,0,1,0,0,0,1,0,0,1,1,0,2,0.7358,0.7121,0
ID-003626,0,0,0,1,0.1389,0,1,0,0,1,0,0,1,0,0,1,0,0,1,0,1,0,1,0,0,1,0,0,0,0,2,0.2262,0.0479,0
ID-003627,0,1,0,0,0.7639,1,0,0,1,1,0,0,1,0,1,0,0,1,0,0,1,0,0,0,1,1,0,0,0,0,3,0.4721,0.4226,0
ID-003628,0,1,1,0,0.5278,1,1,0,0,0,0,0,1,0,0,1,1,0,0,0,1,0,0,1,0,0,0,1,2,1,0,0.8084,0.4425,0
ID-003629,0,1,1,0,0.6667,1,0,0,1,1,0,1,0,0,0,1,1,0,0,0,0,1,1,0,0,1,0,0,1,0,3,0.6785,0.4855,0
ID-003630,0,1,1,1,0.1667,1,0,1,0,2,0,0,1,1,0,0,0,1,0,0,0,1,1,0,0,0,0,1,0,0,2,0.6959,0.1238,0
ID-003631,0,1,1,1,0.8194,1,1,0,0,0,1,0,0,1,0,0,0,1,0,0,0,1,0,1,0,0,1,0,2,0,0,0.095,0.1912,0
ID-003632,1,0,1,1,0.3056,0,0,0,1,1,1,0,0,0,1,0,1,0,0,0,1,0,0,0,1,1,0,0,2,1,3,0.2212,0.104,0
ID-003633,1,1,0,1,0.25,0,1,0,0,2,0,1,0,0,1,0,0,0,1,0,0,1,0,0,1,1,0,0,0,1,3,0.9045,0.23,0
ID-003634,1,1,0,0,0.2222,0,1,0,0,0,0,0,1,0,1,0,1,0,0,0,0,1,1,0,0,0,1,0,0,1,3,0.4394,0.1168,0
ID-003635,0,1,1,1,0.5694,1,0,0,1,1,0,0,1,0,1,0,0,0,1,1,0,0,0,0,1,0,1,0,1,1,2,0.6662,0.4087,0
ID-003636,1,1,1,1,0.7361,0,0,1,0,1,0,0,1,0,0,1,0,0,1,0,1,0,0,1,0,1,0,0,1,1,0,0.4881,0.4172,0
ID-003637,1,0,0,0,0.2917,1,0,0,1,1,1,0,0,0,1,0,0,1,0,1,0,0,0,0,1,0,1,0,2,0,1,0.6929,0.216,0
ID-003638,1,0,1,1,0.4722,1,0,1,0,1,1,0,0,0,0,1,1,0,0,0,1,0,0,1,0,0,0,1,0,0,2,0.2836,0.1857,0
ID-003639,1,0,1,1,0.25,1,1,0,0,2,0,1,0,1,0,0,0,1,0,1,0,0,0,0,1,0,0,1,2,1,0,0.4969,0.1436,0
ID-003640,1,0,0,0,0.5833,0,0,0,1,1,0,0,1,0,1,0,0,0,1,1,0,0,1,0,0,0,0,1,2,0,3,0.7468,0.4586,0
ID-003641,1,0,1,0,0.7778,0,0,1,0,1,0,1,0,1,0,0,1,0,0,1,0,0,1,0,0,0,1,0,2,0,2,0.2583,0.2892,0
ID-003642,0,0,0,0,0.2361,1,0,1,0,1,1,0,0,0,1,0,0,1,0,0,1,0,1,0,0,0,0,1,0,1,1,0.3868,0.1135,0
ID-003643,1,0,0,1,0.4722,0,1,0,0,2,0,0,1,0,1,0,0,1,0,0,0,1,1,0,0,0,0,1,2,1,3,0.704,0.3541,0
ID-003644,0,0,1,1,0.3194,1,1,0,0,2,0,1,0,1,0,0,0,1,0,0,1,0,0,0,1,0,1,0,1,0,1,0.0923,0.0738,0
ID-003645,0,0,0,0,0.3194,0,1,0,0,2,0,0,1,1,0,0,0,0,1,0,1,0,0,0,1,1,0,0,0,0,3,0.5852,0.2073,0
ID-003646,1,1,1,0,0.2361,1,1,0,0,1,1,0,0,0,1,0,0,1,0,0,1,0,1,0,0,1,0,0,1,0,3,0.8039,0.1971,0
ID-003647,0,1,1,0,0.125,1,0,0,1,2,1,0,0,0,1,0,0,1,0,0,1,0,1,0,0,0,1,0,1,1,1,0.5769,0.0803,0
ID-003648,1,0,0,1,0.7639,1,0,0,1,2,0,0,1,1,0,0,0,1,0,1,0,0,0,1,0,0,0,1,0,0,1,0.6637,0.5467,0
ID-003649,0,0,1,1,0.5278,0,0,0,1,1,0,1,0,1,0,0,0,0,1,1,0,0,0,1,0,0,1,0,1,0,1,0.4895,0.2998,0
ID-003650,0,1,0,0,0.4583,0,1,0,0,2,0,0,1,1,0,0,0,1,0,0,0,1,0,1,0,0,1,0,0,1,3,0.1171,0.1156,0
ID-003651,0,1,0,0,0.3611,0,1,0,0,1,1,0,0,1,0,0,1,0,0,1,0,0,1,0,0,0,0,1,1,0,3,0.241,0.129,0
ID-003652,1,0,0,1,0.6944,0,0,0,1,0,1,0,0,0,1,0,0,1,0,0,1,0,1,0,0,0,1,0,0,1,3,0.9357,0.6572,0
ID-003653,1,1,0,1,0.4444,1,1,0,0,1,0,1,0,0,1,0,0,1,0,1,0,0,0,0,1,0,0,1,0,0,0,0.743,0.348,0
ID-003654,1,1,0,1,0.0833,0,1,0,0,0,0,1,0,1,0,0,0,0,1,0,0,1,0,1,0,0,0,1,0,0,3,0.3344,0.0364,0
ID-003655,1,0,0,0,0.625,1,1,0,0,2,0,1,0,0,0,1,0,1,0,1,0,0,1,0,0,0,1,0,2,0,0,0.2045,0.2039,0
ID-003656,0,0,1,0,0.375,0,0,1,0,2,0,0,1,0,0,1,0,0,1,1,0,0,0,1,0,0,0,1,0,1,2,0.9991,0.375,0
ID-003657,1,0,1,0,0.5694,0,0,0,1,1,0,0,1,0,0,1,0,0,1,1,0,0,0,0,1,0,1,0,1,1,3,0.0025,0.0882,0
ID-003658,1,1,1,1,0.1944,1,0,1,0,0,1,0,0,0,1,0,0,1,0,0,1,0,0,0,1,0,1,0,2,1,1,0.4334,0.1012,0
ID-003659,1,1,0,1,0.625,0,0,0,1,2,0,1,0,0,0,1,1,0,0,1,0,0,0,1,0,1,0,0,2,1,0,0.2011,0.2021,0
ID-003660,0,1,1,0,0.1667,1,0,1,0,1,0,1,0,1,0,0,0,1,0,0,1,0,0,1,0,1,0,0,0,0,2,0.8646,0.1477,0
ID-003661,0,1,1,1,0.0694,1,0,0,1,2,0,1,0,0,1,0,0,1,0,0,1,0,0,0,1,0,1,0,1,1,2,0.865,0.0616,0
ID-003662,1,0,0,1,0.6667,1,1,0,0,2,0,0,1,1,0,0,1,0,0,0,1,0,1,0,0,0,1,0,0,0,3,0.3796,0.3165,0
ID-003663,0,1,0,0,0.1944,0,0,1,0,0,0,1,0,1,0,0,0,1,0,0,1,0,1,0,0,1,0,0,2,1,1,0.6957,0.1444,0
ID-003664,1,1,0,1,0.3333,0,1,0,0,2,0,0,1,0,1,0,0,0,1,0,1,0,1,0,0,0,0,1,1,0,2,0.3695,0.1554,0
ID-003665,0,0,0,0,0.9444,1,0,1,0,2,0,0,1,1,0,0,0,0,1,1,0,0,0,0,1,0,1,0,1,1,3,0.1419,0.258,0
ID-003666,1,1,1,0,0.3611,0,1,0,0,2,1,0,0,1,0,0,1,0,0,1,0,0,0,1,0,0,1,0,0,0,1,0.0418,0.068,0
ID-003667,0,1,0,0,0.9167,1,0,1,0,0,0,1,0,0,1,0,0,1,0,1,0,0,0,1,0,0,0,1,1,1,1,0.3965,0.4483,0
ID-003668,1,0,1,0,1.0,0,1,0,0,0,0,0,1,1,0,0,0,1,0,1,0,0,0,1,0,0,1,0,2,0,2,0.2596,0.3729,0
ID-003669,0,1,1,1,0.5417,1,1,0,0,1,0,0,1,0,1,0,0,0,1,0,0,1,0,1,0,1,0,0,2,0,1,0.4603,0.2942,0
ID-003670,0,1,1,1,0.4028,1,0,0,1,0,1,0,0,0,1,0,1,0,0,0,0,1,0,1,0,1,0,0,0,1,1,0.8905,0.3657,0
ID-003671,0,1,0,0,0.1944,0,1,0,0,1,0,0,1,0,0,1,0,0,1,0,1,0,0,1,0,0,0,1,0,0,3,0.5997,0.1286,0
ID-003672,0,0,1,0,0.6389,0,1,0,0,1,0,0,1,0,1,0,1,0,0,1,0,0,0,1,0,0,0,1,2,0,0,0.5826,0.4133,0
ID-003673,1,0,0,0,0.2083,0,0,0,1,1,1,0,0,0,1,0,0,0,1,0,1,0,0,1,0,0,0,1,2,0,2,0.6238,0.142,0
ID-003674,0,1,1,1,0.0694,1,0,1,0,0,0,0,1,1,0,0,0,1,0,1,0,0,0,0,1,0,1,0,1,1,2,0.734,0.0538,0
ID-003675,0,0,1,0,0.4583,0,1,0,0,0,0,1,0,0,1,0,0,0,1,0,0,1,0,0,1,1,0,0,0,1,0,0.9153,0.4258,0
ID-003676,0,1,0,0,0.8472,1,1,0,0,1,0,1,0,0,0,1,0,1,0,1,0,0,0,1,0,1,0,0,1,1,1,0.9028,0.7781,0
ID-003677,1,1,1,0,0.3333,1,0,1,0,0,0,1,0,0,1,0,0,1,0,1,0,0,0,0,1,0,1,0,0,0,2,0.8636,0.295,0
ID-003678,0,0,0,0,0.1389,1,1,0,0,2,1,0,0,1,0,0,0,0,1,0,0,1,1,0,0,0,1,0,0,0,0,0.6225,0.0945,0
ID-003679,0,1,1,1,1.0,1,0,0,1,1,1,0,0,0,1,0,0,1,0,1,0,0,0,0,1,0,0,1,2,0,2,0.9879,0.9906,0
ID-003680,0,0,1,1,0.9861,0,1,0,0,0,0,0,1,0,0,1,1,0,0,0,1,0,0,0,1,0,1,0,0,0,3,0.8089,0.8272,0
ID-003681,1,1,1,0,0.4167,1,0,1,0,2,0,1,0,0,1,0,0,0,1,0,1,0,1,0,0,0,1,0,2,0,2,0.2485,0.1515,0
ID-003682,0,0,0,0,0.8472,1,0,1,0,1,0,0,1,1,0,0,0,0,1,1,0,0,1,0,0,0,0,1,2,0,1,0.795,0.7007,0
ID-003683,1,0,1,0,0.875,0,0,1,0,0,1,0,0,0,0,1,0,0,1,0,1,0,0,1,0,1,0,0,2,0,0,0.2827,0.3435,0
ID-003684,1,1,1,1,0.8056,0,1,0,0,0,1,0,0,0,1,0,0,1,0,0,0,1,0,0,1,0,0,1,1,0,0,0.3336,0.351,0
ID-003685,0,0,1,1,0.7917,0,0,1,0,2,1,0,0,0,0,1,0,0,1,0,1,0,0,0,1,1,0,0,0,1,2,0.1568,0.2263,0
ID-003686,0,1,0,0,0.1528,1,0,1,0,0,1,0,0,0,1,0,1,0,0,1,0,0,0,0,1,1,0,0,0,0,0,0.4768,0.0851,0
ID-003687,0,1,1,1,0.3056,0,1,0,0,0,1,0,0,0,1,0,1,0,0,0,0,1,0,1,0,0,1,0,1,1,0,0.6807,0.2231,0
ID-003688,1,0,1,0,0.1944,1,0,1,0,2,1,0,0,0,0,1,0,0,1,1,0,0,0,0,1,0,0,1,0,0,1,0.3619,0.0894,0
ID-003689,1,1,0,1,0.25,0,0,1,0,0,1,0,0,0,1,0,0,0,1,0,1,0,1,0,0,1,0,0,1,0,0,0.8852,0.2259,0
ID-003690,1,1,1,0,0.9861,1,0,0,1,1,1,0,0,0,1,0,1,0,0,0,1,0,0,1,0,0,0,1,0,1,2,0.8753,0.8826,0
ID-003691,0,1,1,0,0.0278,1,1,0,0,2,0,0,1,0,0,1,0,1,0,1,0,0,0,1,0,0,1,0,1,1,1,0.8278,0.0237,0
ID-003692,0,0,1,0,0.5139,1,0,1,0,2,1,0,0,0,1,0,1,0,0,0,0,1,0,1,0,0,1,0,1,1,3,0.4332,0.2673,0
ID-003693,1,1,1,1,0.6528,0,0,0,1,0,1,0,0,1,0,0,0,1,0,0,0,1,1,0,0,0,0,1,1,0,3,0.5396,0.3984,0
ID-003694,1,0,1,0,0.9028,0,0,0,1,0,0,0,1,1,0,0,1,0,0,0,0,1,0,1,0,0,1,0,2,1,2,0.6294,0.6198,0
ID-003695,0,0,1,0,0.4444,0,1,0,0,1,0,0,1,1,0,0,1,0,0,0,0,1,0,0,1,0,0,1,0,1,1,0.8188,0.3765,0
ID-003696,1,1,0,0,0.0972,1,0,0,1,0,0,1,0,0,0,1,1,0,0,0,1,0,0,1,0,0,1,0,2,1,3,0.4803,0.0545,0
ID-003697,1,0,1,1,0.7222,0,0,0,1,2,0,1,0,0,1,0,0,1,0,1,0,0,1,0,0,0,1,0,2,0,2,0.8353,0.6219,0
ID-003698,1,0,0,0,0.4444,0,0,1,0,2,0,0,1,0,1,0,0,0,1,0,0,1,1,0,0,0,1,0,0,1,2,0.2553,0.1641,0
ID-003699,1,1,0,1,0.6389,1,1,0,0,1,1,0,0,0,1,0,1,0,0,1,0,0,0,1,0,0,0,1,0,1,0,0.7265,0.4913,0
ID-003700,0,1,0,1,0.9444,0,0,1,0,1,1,0,0,0,1,0,0,1,0,0,1,0,0,0,1,1,0,0,1,0,1,1.0,0.9452,0
ID-003701,1,1,0,1,0.1389,1,0,0,1,1,0,1,0,0,1,0,1,0,0,1,0,0,0,0,1,0,1,0,2,1,1,0.8408,0.1202,0
ID-003702,1,0,1,1,0.7917,0,0,0,1,2,1,0,0,0,0,1,1,0,0,0,0,1,0,1,0,0,1,0,1,0,0,0.9576,0.7639,0
ID-003703,0,0,1,0,0.6111,0,1,0,0,1,0,1,0,0,1,0,0,0,1,1,0,0,0,0,1,0,0,1,2,1,0,0.6673,0.4392,0
ID-003704,1,1,0,1,0.9306,0,0,0,1,0,1,0,0,1,0,0,0,0,1,0,0,1,0,0,1,0,0,1,2,0,0,0.9686,0.9066,0
ID-003705,0,1,0,0,0.4444,0,0,0,1,2,0,1,0,1,0,0,1,0,0,0,0,1,1,0,0,1,0,0,0,0,0,0.144,0.1222,0
ID-003706,0,0,1,1,0.3056,0,1,0,0,2,0,1,0,0,1,0,1,0,0,0,0,1,1,0,0,0,1,0,2,0,3,0.5479,0.1887,0
ID-003707,0,0,0,1,0.9167,1,0,0,1,1,0,1,0,1,0,0,0,0,1,1,0,0,0,0,1,0,0,1,1,0,3,0.6307,0.6303,0
ID-003708,0,1,1,1,0.0,1,0,0,1,2,0,0,1,0,0,1,0,1,0,0,1,0,0,0,1,0,1,0,1,0,1,0.6306,0.0,0
ID-003709,1,1,0,0,0.1667,0,1,0,0,0,0,1,0,1,0,0,1,0,0,1,0,0,0,1,0,1,0,0,0,0,2,0.4784,0.0931,0
ID-003710,0,1,0,1,0.1667,0,0,1,0,2,0,1,0,0,1,0,0,1,0,1,0,0,0,0,1,0,1,0,1,0,2,0.4047,0.0827,0
ID-003711,1,1,0,1,0.2222,0,0,0,1,0,0,1,0,0,0,1,0,0,1,1,0,0,1,0,0,0,0,1,0,1,0,0.1167,0.056,0
ID-003712,1,1,1,0,0.875,1,0,1,0,1,1,0,0,0,1,0,0,1,0,0,0,1,0,0,1,1,0,0,1,1,1,0.052,0.1723,0
ID-003713,0,1,1,0,0.6667,0,0,0,1,0,1,0,0,0,1,0,0,1,0,0,0,1,1,0,0,0,0,1,0,1,2,0.8348,0.5738,0
ID-003714,1,1,0,0,0.9861,1,1,0,0,1,0,0,1,0,1,0,0,1,0,0,1,0,1,0,0,0,1,0,2,0,1,0.3226,0.4204,0
ID-003715,0,1,1,0,0.7083,1,0,0,1,0,0,0,1,1,0,0,0,1,0,0,1,0,0,1,0,1,0,0,1,0,2,0.0926,0.1639,0
ID-003716,0,0,0,1,0.8194,0,0,0,1,2,0,1,0,0,1,0,0,1,0,1,0,0,0,0,1,0,1,0,1,1,2,0.0781,0.1795,0
ID-003717,1,0,1,0,0.6944,1,0,0,1,1,0,0,1,1,0,0,0,1,0,1,0,0,0,1,0,1,0,0,1,0,0,0.5672,0.4401,0
ID-003718,1,1,1,0,0.0417,1,0,0,1,0,0,1,0,0,0,1,0,1,0,0,0,1,0,0,1,0,0,1,1,0,1,0.8395,0.036,0
ID-003719,0,1,1,1,0.75,1,0,0,1,1,0,0,1,1,0,0,0,1,0,0,1,0,1,0,0,1,0,0,2,1,3,0.9911,0.745,0
ID-003720,1,1,1,1,0.125,1,1,0,0,2,1,0,0,0,0,1,0,1,0,0,1,0,0,1,0,0,1,0,2,1,1,0.1768,0.0378,0
ID-003721,0,0,1,1,0.9583,0,0,0,1,0,1,0,0,1,0,0,0,1,0,1,0,0,0,0,1,1,0,0,1,0,2,0.4547,0.516,0
ID-003722,0,1,1,1,0.1806,0,0,1,0,1,0,0,1,1,0,0,0,0,1,0,1,0,0,1,0,1,0,0,1,0,2,0.0215,0.0309,0
ID-003723,1,1,0,0,0.1389,1,0,0,1,2,1,0,0,1,0,0,1,0,0,0,0,1,0,0,1,1,0,0,0,1,2,0.1933,0.044,0
ID-003724,0,0,1,0,0.125,0,0,0,1,1,0,1,0,0,1,0,0,1,0,0,0,1,0,1,0,0,0,1,0,1,2,0.2593,0.0466,0
ID-003725,1,0,1,1,0.75,1,1,0,0,2,0,1,0,0,0,1,1,0,0,1,0,0,0,0,1,0,0,1,2,1,1,0.0994,0.1778,0
ID-003726,0,0,1,1,0.2083,1,0,1,0,2,0,0,1,0,0,1,0,1,0,0,0,1,0,0,1,0,1,0,2,1,3,0.9455,0.1989,0
ID-003727,1,0,1,1,1.0,0,0,1,0,2,0,1,0,0,0,1,0,1,0,0,0,1,0,0,1,1,0,0,2,1,0,0.2133,0.3336,0
ID-003728,0,0,1,0,0.4722,1,1,0,0,0,0,0,1,1,0,0,1,0,0,0,0,1,0,0,1,1,0,0,2,1,3,0.2362,0.1667,0
ID-003729,1,1,0,0,0.7222,0,1,0,0,2,0,1,0,0,0,1,1,0,0,0,0,1,0,0,1,0,0,1,2,0,2,0.5566,0.4512,0
ID-003730,1,1,1,1,0.9028,1,1,0,0,1,1,0,0,0,1,0,0,1,0,0,0,1,1,0,0,0,0,1,2,1,0,0.2733,0.3472,0
ID-003731,1,1,1,1,0.5278,0,0,0,1,1,1,0,0,0,0,1,1,0,0,1,0,0,0,0,1,0,0,1,2,1,2,0.4636,0.2882,0
ID-003732,0,1,0,0,0.0833,1,1,0,0,1,0,0,1,0,1,0,0,0,1,0,1,0,1,0,0,0,1,0,0,0,2,0.7803,0.0679,0
ID-003733,1,1,0,0,0.7778,0,0,1,0,0,1,0,0,1,0,0,0,0,1,1,0,0,1,0,0,1,0,0,2,0,0,0.0581,0.1572,0
ID-003734,0,1,1,1,0.9306,0,0,1,0,1,0,1,0,0,1,0,1,0,0,0,1,0,0,1,0,0,1,0,2,1,2,0.6937,0.6896,0
ID-003735,0,1,1,1,0.7361,0,0,1,0,0,0,0,1,1,0,0,1,0,0,0,1,0,1,0,0,0,1,0,2,0,2,0.0114,0.1196,0
ID-003736,0,0,1,0,0.9444,0,1,0,0,1,0,0,1,1,0,0,1,0,0,1,0,0,0,0,1,0,1,0,1,1,3,0.6579,0.6712,0
ID-003737,0,0,1,1,0.0139,0,1,0,0,0,0,0,1,0,1,0,1,0,0,1,0,0,1,0,0,1,0,0,1,0,1,0.6354,0.0096,0
ID-003738,0,0,0,0,0.3333,0,0,1,0,2,0,0,1,0,0,1,0,1,0,0,1,0,0,1,0,1,0,0,0,1,3,0.2974,0.135,0
ID-003739,0,1,1,1,0.2361,0,0,1,0,0,1,0,0,0,1,0,0,1,0,1,0,0,0,1,0,0,0,1,0,1,2,0.9753,0.2314,0
ID-003740,1,1,1,1,0.9167,1,0,1,0,2,1,0,0,0,0,1,0,0,1,0,0,1,0,0,1,1,0,0,1,0,2,0.8448,0.7968,0
ID-003741,0,0,1,1,0.7361,1,0,0,1,1,1,0,0,0,0,1,0,1,0,1,0,0,0,1,0,1,0,0,0,0,0,0.1409,0.2005,0
ID-003742,0,1,0,0,0.1389,1,0,0,1,2,0,0,1,0,0,1,0,1,0,1,0,0,0,1,0,0,0,1,1,1,1,0.7806,0.1132,0
ID-003743,1,1,0,1,0.1944,0,0,1,0,0,1,0,0,1,0,0,0,1,0,1,0,0,1,0,0,0,0,1,0,0,1,0.59,0.127,0
ID-003744,1,1,0,0,0.5556,0,0,1,0,1,0,0,1,1,0,0,0,1,0,1,0,0,1,0,0,0,0,1,2,0,1,0.991,0.5518,0
ID-003745,1,1,1,1,0.2083,1,0,1,0,1,1,0,0,0,0,1,0,1,0,0,0,1,0,1,0,0,0,1,0,0,2,0.8761,0.1866,0
ID-003746,1,1,1,0,0.4722,0,0,0,1,0,0,1,0,1,0,0,0,0,1,0,1,0,1,0,0,0,0,1,1,0,0,0.9374,0.4475,0
ID-003747,1,1,1,0,0.375,1,0,1,0,0,1,0,0,1,0,0,1,0,0,1,0,0,1,0,0,0,0,1,2,0,0,0.3948,0.1829,0
ID-003748,1,1,0,0,0.0139,0,0,0,1,2,0,1,0,0,0,1,0,0,1,1,0,0,0,0,1,1,0,0,2,0,3,0.2827,0.0055,0
ID-003749,1,1,1,0,0.3611,1,0,0,1,1,0,0,1,0,0,1,0,0,1,0,1,0,0,0,1,0,0,1,1,1,0,0.8228,0.3072,0
ID-003750,1,0,1,1,0.875,1,0,1,0,1,0,1,0,1,0,0,0,1,0,0,0,1,0,0,1,0,1,0,0,0,1,0.659,0.6227,0
ID-003751,0,1,0,0,0.6667,1,0,0,1,0,0,1,0,0,1,0,0,0,1,0,0,1,1,0,0,0,1,0,1,0,3,0.2608,0.2493,0
ID-003752,0,0,0,0,0.8194,0,1,0,0,1,0,1,0,0,1,0,0,1,0,0,1,0,0,0,1,0,0,1,2,1,1,0.7367,0.6372,0
ID-003753,0,0,0,1,0.5278,0,0,1,0,0,0,0,1,0,0,1,0,0,1,0,1,0,0,1,0,0,1,0,2,0,1,0.7981,0.4379,0
ID-003754,0,0,0,0,0.4722,0,1,0,0,2,0,0,1,0,0,1,1,0,0,0,1,0,0,0,1,1,0,0,1,1,1,0.6076,0.3155,0
ID-003755,0,0,0,0,0.2639,1,0,1,0,2,0,1,0,1,0,0,1,0,0,0,0,1,0,1,0,0,1,0,0,1,1,0.0118,0.043,0
ID-003756,1,0,0,0,0.3333,1,0,0,1,0,1,0,0,1,0,0,0,1,0,0,0,1,0,1,0,0,0,1,1,0,2,0.464,0.1821,0
ID-003757,1,0,1,1,0.0694,1,1,0,0,1,0,0,1,0,0,1,0,0,1,0,1,0,0,1,0,0,1,0,2,0,0,0.4388,0.0365,0
ID-003758,0,0,0,1,0.0,1,1,0,0,1,0,1,0,1,0,0,1,0,0,0,1,0,1,0,0,0,1,0,0,1,1,0.5119,0.0,0
ID-003759,1,1,1,1,0.2917,1,0,1,0,2,0,1,0,0,1,0,0,0,1,0,1,0,0,0,1,0,1,0,0,1,2,0.2875,0.1157,0
ID-003760,1,1,1,0,0.8889,1,0,1,0,2,0,1,0,0,0,1,1,0,0,0,0,1,0,1,0,1,0,0,0,1,0,0.8942,0.8099,0
ID-003761,1,0,0,0,0.5972,0,0,0,1,2,0,0,1,0,0,1,0,1,0,1,0,0,0,0,1,0,1,0,2,0,0,0.2237,0.2045,0
ID-003762,0,0,0,0,0.5278,1,0,1,0,0,0,1,0,0,0,1,0,0,1,0,0,1,0,1,0,0,1,0,1,0,1,0.6878,0.3885,0
ID-003763,1,0,0,1,0.1944,1,1,0,0,0,0,0,1,0,0,1,0,1,0,0,1,0,1,0,0,1,0,0,2,0,3,0.814,0.1639,0
ID-003764,1,0,1,0,0.25,1,1,0,0,1,0,1,0,0,0,1,0,0,1,0,0,1,0,0,1,0,1,0,2,0,1,0.6478,0.1755,0
ID-003765,1,0,0,0,0.6528,0,1,0,0,0,0,0,1,1,0,0,0,0,1,0,0,1,0,1,0,1,0,0,1,1,1,0.9864,0.6458,0
ID-003766,0,1,1,1,0.8194,1,0,1,0,1,0,0,1,1,0,0,0,1,0,1,0,0,0,1,0,0,1,0,2,1,2,0.8177,0.6935,0
ID-003767,1,0,0,0,0.8056,0,0,0,1,1,0,1,0,0,0,1,0,1,0,0,1,0,0,0,1,0,0,1,0,1,2,0.8059,0.6737,0
ID-003768,0,0,0,0,0.5,0,1,0,0,0,0,1,0,0,1,0,1,0,0,1,0,0,0,0,1,0,0,1,0,1,2,0.045,0.0955,0
ID-003769,1,1,1,0,0.9583,0,0,0,1,0,0,0,1,0,0,1,0,1,0,0,0,1,1,0,0,0,0,1,0,0,3,0.2619,0.3593,0
ID-003770,0,1,1,0,0.0556,1,0,0,1,2,0,1,0,1,0,0,0,0,1,0,0,1,0,1,0,1,0,0,0,1,2,0.3415,0.0246,0
ID-003771,1,0,1,0,0.625,0,0,0,1,0,0,0,1,0,1,0,0,1,0,0,1,0,0,1,0,0,0,1,0,1,2,0.2253,0.2149,0
ID-003772,0,1,1,1,0.2639,0,1,0,0,2,1,0,0,0,0,1,1,0,0,1,0,0,1,0,0,0,0,1,2,0,0,0.0432,0.05,0
ID-003773,0,0,0,0,0.8333,0,0,0,1,0,0,0,1,0,0,1,0,1,0,0,0,1,0,1,0,0,0,1,1,0,2,0.747,0.6553,0
ID-003774,1,0,1,1,0.6389,0,0,0,1,0,1,0,0,0,0,1,1,0,0,1,0,0,0,1,0,0,1,0,2,1,1,0.2704,0.2441,0
ID-003775,0,0,0,0,0.5833,1,0,1,0,1,0,0,1,1,0,0,0,0,1,1,0,0,0,1,0,0,0,1,1,0,3,0.6673,0.4192,0
ID-003776,1,0,1,0,0.5,1,1,0,0,2,0,1,0,0,1,0,0,1,0,0,0,1,0,0,1,0,0,1,1,0,1,0.067,0.1048,0
ID-003777,0,1,0,0,0.4306,0,0,1,0,0,1,0,0,0,1,0,0,1,0,0,1,0,0,0,1,1,0,0,2,1,1,0.9836,0.4249,0
ID-003778,1,1,0,0,0.5556,1,1,0,0,0,0,0,1,1,0,0,1,0,0,0,0,1,1,0,0,0,0,1,1,1,2,0.5811,0.3587,0
ID-003779,1,1,1,1,0.6806,0,0,1,0,1,1,0,0,1,0,0,1,0,0,0,0,1,0,1,0,0,0,1,1,1,3,0.9759,0.6672,0
ID-003780,0,1,0,0,0.6389,1,1,0,0,2,0,1,0,1,0,0,1,0,0,1,0,0,0,0,1,1,0,0,0,0,0,0.4162,0.3231,0
ID-003781,0,1,0,1,0.1389,1,1,0,0,0,0,0,1,1,0,0,0,1,0,0,1,0,1,0,0,1,0,0,0,0,1,0.0556,0.0278,0
ID-003782,0,0,1,0,0.8889,0,1,0,0,1,0,0,1,1,0,0,0,1,0,1,0,0,0,0,1,0,1,0,0,1,3,0.9087,0.8208,0
ID-003783,0,1,0,1,0.0972,0,0,1,0,1,0,0,1,1,0,0,0,1,0,0,1,0,1,0,0,0,0,1,2,1,3,0.1157,0.0244,0
ID-003784,1,1,1,0,0.6389,0,1,0,0,0,1,0,0,1,0,0,0,1,0,0,0,1,0,0,1,1,0,0,1,0,2,0.9208,0.5965,0
ID-003785,0,0,1,0,0.75,1,0,0,1,1,1,0,0,0,1,0,0,1,0,1,0,0,0,1,0,0,0,1,2,1,0,0.7992,0.6229,0
ID-003786,0,1,0,0,0.8056,1,0,0,1,2,1,0,0,0,0,1,0,1,0,1,0,0,0,1,0,1,0,0,2,0,1,0.2237,0.2759,0
ID-003787,0,0,0,0,0.3333,0,1,0,0,1,0,0,1,0,0,1,1,0,0,0,0,1,0,1,0,1,0,0,1,1,1,0.4135,0.1678,0
ID-003788,1,0,0,0,0.2778,0,0,0,1,1,0,1,0,1,0,0,0,0,1,1,0,0,0,0,1,0,1,0,1,0,2,0.395,0.1355,0
ID-003789,1,1,1,1,0.9444,0,0,0,1,1,0,0,1,0,1,0,0,0,1,0,1,0,0,1,0,0,0,1,2,1,3,0.7179,0.7193,0
ID-003790,1,1,0,0,0.0139,0,0,1,0,1,0,1,0,0,1,0,0,0,1,0,0,1,0,1,0,0,0,1,1,1,1,0.2211,0.0047,0
ID-003791,0,0,0,0,0.9583,0,0,0,1,0,0,1,0,0,1,0,0,1,0,0,1,0,0,1,0,0,0,1,2,0,2,0.6769,0.6966,0
ID-003792,1,1,1,0,0.9306,0,0,1,0,1,0,1,0,1,0,0,1,0,0,0,0,1,0,0,1,0,0,1,0,1,0,0.3849,0.4459,0
ID-003793,0,0,0,1,0.6944,1,1,0,0,0,0,1,0,0,0,1,0,0,1,0,1,0,1,0,0,0,0,1,1,0,3,0.201,0.2245,0
ID-003794,1,0,0,1,0.6389,0,0,1,0,2,0,0,1,0,0,1,0,0,1,0,1,0,1,0,0,0,0,1,2,1,2,0.53,0.3848,0
ID-003795,0,1,1,0,0.5,0,0,1,0,0,0,1,0,0,1,0,0,0,1,0,0,1,0,0,1,1,0,0,0,0,0,0.7564,0.3971,0
ID-003796,0,0,0,0,0.4861,0,1,0,0,2,1,0,0,0,1,0,0,1,0,1,0,0,0,1,0,0,1,0,2,1,3,0.7002,0.3629,0
ID-003797,0,0,1,0,0.3472,1,0,1,0,2,0,0,1,1,0,0,1,0,0,0,0,1,0,0,1,0,1,0,1,0,3,0.8309,0.2977,0
ID-003798,1,0,0,1,0.0694,1,1,0,0,2,0,1,0,1,0,0,0,1,0,0,0,1,0,1,0,0,1,0,2,0,3,0.7317,0.0537,0
ID-003799,1,0,0,0,0.3194,1,0,1,0,2,1,0,0,1,0,0,1,0,0,0,0,1,0,1,0,0,1,0,0,0,0,0.1237,0.0823,0
ID-003800,0,0,0,1,0.6667,1,1,0,0,1,1,0,0,1,0,0,0,0,1,1,0,0,0,1,0,0,1,0,2,1,3,0.5043,0.3869,0
ID-003801,0,0,1,0,0.6944,1,0,0,1,0,1,0,0,1,0,0,1,0,0,1,0,0,0,1,0,0,0,1,1,1,2,0.6393,0.4826,0
ID-003802,1,1,1,0,0.6389,0,0,1,0,2,1,0,0,0,1,0,1,0,0,0,0,1,0,1,0,0,1,0,2,1,1,0.9533,0.6141,0
ID-003803,1,0,0,0,0.2778,1,1,0,0,0,1,0,0,1,0,0,0,1,0,0,1,0,0,0,1,0,1,0,1,1,1,0.2131,0.0926,0
ID-003804,0,0,1,0,0.5972,1,0,0,1,0,0,0,1,1,0,0,0,0,1,0,0,1,0,0,1,0,1,0,1,1,2,0.0285,0.1057,0
ID-003805,1,0,0,1,0.9722,1,0,1,0,2,1,0,0,0,1,0,0,0,1,1,0,0,1,0,0,0,0,1,1,0,1,0.3301,0.4207,0
ID-003806,0,1,0,0,0.3333,0,0,0,1,1,0,0,1,0,1,0,0,0,1,0,1,0,0,1,0,0,1,0,2,0,1,0.973,0.326,0
ID-003807,0,1,0,0,0.8333,0,0,1,0,0,0,0,1,1,0,0,0,1,0,0,0,1,0,0,1,0,1,0,1,0,0,0.0145,0.1376,0
ID-003808,0,1,0,1,0.5,1,1,0,0,0,0,0,1,0,0,1,1,0,0,0,0,1,1,0,0,0,1,0,0,1,2,0.2656,0.189,0
ID-003809,0,1,0,1,0.4028,1,0,1,0,0,1,0,0,0,1,0,0,0,1,0,1,0,0,0,1,1,0,0,1,1,1,0.8576,0.3545,0
ID-003810,0,1,1,1,0.9722,0,0,1,0,1,0,1,0,0,0,1,0,0,1,0,1,0,0,0,1,1,0,0,1,0,2,0.8709,0.8666,0
ID-003811,1,1,1,0,0.3472,1,1,0,0,1,0,0,1,0,1,0,0,0,1,1,0,0,1,0,0,0,0,1,0,0,3,0.682,0.2539,0
ID-003812,0,1,0,1,0.9722,1,1,0,0,0,0,1,0,1,0,0,0,0,1,0,1,0,1,0,0,0,0,1,0,0,2,0.0617,0.1994,0
ID-003813,1,0,1,0,0.5694,0,1,0,0,0,1,0,0,0,0,1,0,0,1,1,0,0,1,0,0,0,1,0,2,0,0,0.5719,0.3632,0
ID-003814,0,0,0,0,0.6806,0,0,0,1,0,0,1,0,0,1,0,1,0,0,1,0,0,1,0,0,0,1,0,0,0,1,0.3223,0.29,0
ID-003815,1,0,0,0,0.4861,0,1,0,0,2,1,0,0,1,0,0,0,0,1,1,0,0,1,0,0,1,0,0,1,1,3,0.4229,0.2486,0
ID-003816,1,0,1,0,0.0417,0,0,0,1,1,0,1,0,1,0,0,1,0,0,1,0,0,0,0,1,0,0,1,2,0,2,0.2189,0.0141,0
ID-003817,0,0,1,0,0.1667,0,0,1,0,0,0,0,1,0,0,1,0,1,0,0,0,1,0,1,0,0,1,0,1,1,0,0.5449,0.1025,0
ID-003818,1,0,1,1,0.6528,0,1,0,0,0,0,1,0,0,1,0,1,0,0,0,1,0,0,1,0,1,0,0,0,0,2,0.5923,0.4276,0
ID-003819,1,1,1,0,0.9583,0,0,0,1,0,0,0,1,1,0,0,0,1,0,0,0,1,1,0,0,0,1,0,0,0,3,0.7435,0.7507,0
ID-003820,1,0,0,1,0.7778,1,0,0,1,1,0,1,0,0,0,1,0,0,1,1,0,0,0,0,1,1,0,0,0,1,0,0.4657,0.426,0
ID-003821,0,1,1,1,1.0,0,0,0,1,0,0,1,0,0,0,1,0,0,1,0,1,0,1,0,0,0,0,1,2,0,2,0.1646,0.2924,0
ID-003822,0,1,1,1,0.375,0,0,0,1,1,0,0,1,1,0,0,0,0,1,0,1,0,0,0,1,1,0,0,1,0,2,0.3747,0.1765,0
ID-003823,0,1,1,0,0.7639,0,0,0,1,2,0,0,1,0,1,0,0,0,1,1,0,0,0,1,0,0,1,0,2,1,3,0.4512,0.409,0
ID-003824,0,1,1,1,0.3611,0,1,0,0,1,0,0,1,0,0,1,0,1,0,0,1,0,0,1,0,0,0,1,1,1,3,0.1881,0.1128,0
ID-003825,1,0,0,0,0.4028,0,1,0,0,0,1,0,0,0,0,1,0,0,1,0,1,0,0,0,1,1,0,0,0,1,0,0.3565,0.1833,0
ID-003826,0,0,1,1,0.5556,1,1,0,0,2,1,0,0,1,0,0,1,0,0,0,1,0,0,1,0,0,0,1,2,1,1,0.1481,0.1547,0
ID-003827,1,1,0,1,0.625,1,0,0,1,2,1,0,0,1,0,0,1,0,0,1,0,0,1,0,0,1,0,0,2,0,3,0.4055,0.3104,0
ID-003828,1,1,1,1,0.0833,1,0,0,1,1,0,0,1,1,0,0,1,0,0,1,0,0,0,1,0,0,0,1,2,1,2,0.9225,0.0779,0
ID-003829,0,0,1,0,0.7917,1,0,0,1,0,0,0,1,1,0,0,0,0,1,0,0,1,1,0,0,0,0,1,0,1,3,0.5557,0.494,0
ID-003830,0,0,0,1,0.9583,0,0,1,0,2,0,0,1,0,1,0,1,0,0,0,0,1,1,0,0,0,1,0,2,0,0,0.0808,0.2121,0
ID-003831,0,0,1,1,0.6389,1,0,1,0,1,1,0,0,0,0,1,0,1,0,0,0,1,1,0,0,0,1,0,1,0,3,0.4768,0.356,0
ID-003832,1,0,0,1,0.9167,0,0,1,0,1,1,0,0,0,1,0,0,0,1,0,1,0,0,1,0,0,1,0,1,0,1,0.3392,0.4037,0
ID-003833,1,1,0,1,0.375,1,0,1,0,0,1,0,0,1,0,0,0,1,0,0,1,0,0,1,0,1,0,0,2,1,2,0.4709,0.2071,0
ID-003834,1,0,0,0,0.7222,1,0,1,0,1,0,1,0,0,1,0,0,1,0,0,1,0,1,0,0,0,1,0,0,0,3,0.9041,0.6641,0
ID-003835,0,0,1,1,0.7639,1,0,1,0,2,0,0,1,1,0,0,0,0,1,0,0,1,0,0,1,1,0,0,0,0,0,0.2292,0.2652,0
ID-003836,1,1,1,0,0.3333,0,1,0,0,0,0,0,1,0,0,1,0,0,1,0,1,0,1,0,0,1,0,0,2,1,3,0.7401,0.2602,0
ID-003837,1,1,1,1,0.9444,1,0,0,1,0,0,1,0,0,0,1,0,1,0,0,0,1,0,1,0,0,0,1,2,0,2,0.1127,0.2346,0
ID-003838,0,0,0,0,0.5417,0,1,0,0,2,1,0,0,0,0,1,1,0,0,1,0,0,1,0,0,1,0,0,0,1,2,0.0926,0.1253,0
ID-003839,1,1,1,1,0.1944,0,0,0,1,0,0,1,0,1,0,0,0,0,1,0,1,0,0,1,0,0,0,1,1,1,3,0.9212,0.1816,0
ID-003840,0,1,1,0,0.9722,1,0,1,0,1,1,0,0,1,0,0,1,0,0,1,0,0,0,0,1,1,0,0,0,0,2,0.4591,0.5271,0
ID-003841,1,1,0,1,0.4028,0,0,1,0,1,1,0,0,1,0,0,0,0,1,1,0,0,0,0,1,0,1,0,0,1,3,0.466,0.2207,0
ID-003842,1,1,1,1,0.5556,1,0,0,1,2,0,1,0,1,0,0,0,0,1,0,0,1,1,0,0,0,1,0,1,1,1,0.9359,0.5258,0
ID-003843,0,0,0,1,0.8611,0,0,0,1,1,0,1,0,0,1,0,0,1,0,1,0,0,1,0,0,0,0,1,2,0,3,0.9114,0.7971,0
ID-003844,1,1,0,1,0.9861,0,1,0,0,2,0,1,0,1,0,0,0,0,1,0,0,1,0,0,1,0,0,1,2,1,0,0.8104,0.8284,0
ID-003845,0,1,0,1,0.9583,0,0,1,0,0,0,0,1,1,0,0,0,1,0,1,0,0,0,0,1,1,0,0,2,1,3,0.9081,0.8844,0
ID-003846,1,1,1,0,0.0972,1,0,1,0,0,1,0,0,0,1,0,0,1,0,0,0,1,0,1,0,1,0,0,0,0,1,0.2425,0.0348,0
ID-003847,0,1,0,1,0.7778,0,1,0,0,0,1,0,0,1,0,0,0,0,1,0,1,0,0,1,0,0,0,1,2,1,2,0.1492,0.2173,0
ID-003848,1,1,0,1,0.5139,1,0,0,1,0,0,0,1,0,0,1,0,1,0,0,0,1,0,0,1,0,1,0,1,0,0,0.3224,0.219,0
ID-003849,1,1,1,0,0.0694,0,1,0,0,2,0,0,1,0,0,1,0,0,1,0,0,1,1,0,0,0,1,0,2,1,0,0.5932,0.0455,0
ID-003850,0,1,1,0,0.7778,0,0,0,1,1,0,1,0,0,0,1,0,1,0,0,1,0,0,1,0,0,0,1,2,1,1,0.341,0.3438,0
ID-003851,1,0,0,0,0.2917,0,0,1,0,0,0,0,1,0,1,0,1,0,0,0,1,0,0,0,1,0,0,1,1,1,0,0.0216,0.0499,0
ID-003852,1,1,1,1,0.3194,1,1,0,0,1,0,0,1,0,0,1,0,0,1,0,1,0,0,0,1,0,1,0,0,1,2,0.8575,0.2811,0
ID-003853,0,1,1,0,0.1806,0,0,1,0,0,0,0,1,0,0,1,0,1,0,1,0,0,1,0,0,0,0,1,0,0,1,0.6283,0.1238,0
ID-003854,1,1,1,1,0.7361,0,0,1,0,1,0,1,0,0,1,0,0,1,0,0,0,1,0,1,0,0,0,1,2,1,1,0.5313,0.4441,0
ID-003855,1,0,1,1,0.4306,1,0,1,0,1,0,0,1,0,1,0,0,0,1,0,0,1,1,0,0,1,0,0,0,1,0,0.9175,0.4008,0
ID-003856,0,1,1,1,0.125,0,0,0,1,2,0,1,0,0,0,1,0,0,1,0,1,0,0,1,0,0,0,1,2,0,0,0.0316,0.0224,0
ID-003857,0,0,1,1,0.5694,0,0,1,0,0,0,0,1,1,0,0,0,1,0,0,1,0,0,1,0,0,0,1,1,1,0,0.5045,0.3306,0
ID-003858,0,1,1,1,0.1944,0,1,0,0,2,0,1,0,0,0,1,0,1,0,0,0,1,1,0,0,0,1,0,2,1,3,0.9765,0.1907,0
ID-003859,0,0,1,1,0.1667,0,1,0,0,2,1,0,0,0,1,0,1,0,0,1,0,0,0,0,1,0,0,1,2,1,3,0.2842,0.0656,0
ID-003860,0,0,0,1,0.5556,0,0,0,1,2,0,1,0,1,0,0,1,0,0,0,1,0,1,0,0,0,0,1,0,0,3,0.752,0.4392,0
ID-003861,1,1,0,0,0.0972,1,0,0,1,2,1,0,0,0,0,1,0,1,0,1,0,0,0,0,1,1,0,0,0,0,2,0.354,0.044,0
ID-003862,0,1,1,1,0.0556,0,1,0,0,1,1,0,0,0,1,0,1,0,0,0,1,0,1,0,0,1,0,0,1,0,3,0.9858,0.0549,0
ID-003863,0,0,1,0,0.7639,1,0,1,0,1,0,1,0,0,1,0,0,1,0,0,1,0,1,0,0,0,1,0,2,0,1,0.9096,0.706,0
ID-003864,1,1,0,1,0.9861,1,0,0,1,1,0,0,1,0,0,1,1,0,0,0,1,0,1,0,0,0,0,1,0,1,2,0.3905,0.4772,0
ID-003865,0,0,0,0,0.4306,1,1,0,0,1,1,0,0,0,1,0,0,0,1,1,0,0,1,0,0,1,0,0,2,1,3,0.2606,0.1609,0
ID-003866,0,0,1,1,0.7083,1,0,1,0,1,0,0,1,0,0,1,0,0,1,1,0,0,0,1,0,1,0,0,1,1,1,0.1746,0.2131,0
ID-003867,0,0,1,0,0.8194,0,0,1,0,1,0,1,0,0,1,0,0,1,0,0,1,0,0,1,0,0,1,0,0,0,3,0.4612,0.4457,0
ID-003868,0,0,1,1,0.1111,1,1,0,0,1,0,1,0,1,0,0,0,0,1,1,0,0,0,1,0,0,1,0,2,1,3,0.8009,0.0924,0
ID-003869,0,1,0,0,0.3194,1,1,0,0,2,1,0,0,0,0,1,0,0,1,0,1,0,0,1,0,1,0,0,2,0,1,0.6335,0.2204,0
ID-003870,0,0,0,0,0.8889,1,1,0,0,0,0,1,0,1,0,0,0,1,0,0,0,1,0,1,0,0,1,0,1,1,3,0.521,0.5285,0
ID-003871,1,1,0,1,0.1806,1,0,0,1,2,1,0,0,0,1,0,0,1,0,0,1,0,0,1,0,0,0,1,2,1,2,0.4958,0.1035,0
ID-003872,0,1,0,1,0.2083,0,0,0,1,1,0,0,1,1,0,0,0,1,0,0,1,0,0,1,0,0,1,0,0,0,2,0.8481,0.1817,0
ID-003873,0,1,0,1,0.4722,1,1,0,0,2,1,0,0,0,0,1,0,0,1,0,1,0,0,1,0,1,0,0,1,1,1,0.839,0.4081,0
ID-003874,1,0,1,1,0.7639,1,1,0,0,2,1,0,0,0,1,0,0,1,0,1,0,0,0,0,1,0,0,1,1,0,2,0.538,0.4652,0
ID-003875,0,1,1,0,0.875,1,0,1,0,1,0,0,1,1,0,0,0,1,0,1,0,0,1,0,0,0,0,1,1,0,1,0.313,0.3659,0
ID-003876,1,0,1,0,0.3611,1,0,1,0,2,1,0,0,1,0,0,0,1,0,0,0,1,0,1,0,0,0,1,2,1,3,0.1193,0.0917,0
ID-003877,0,1,1,1,0.75,0,1,0,0,2,1,0,0,0,1,0,0,0,1,0,0,1,1,0,0,0,1,0,0,0,2,0.7193,0.5721,0
ID-003878,0,0,1,0,0.0972,1,1,0,0,1,0,1,0,0,0,1,0,1,0,1,0,0,0,0,1,1,0,0,1,1,2,0.8923,0.0884,0
ID-003879,0,1,1,1,0.0972,0,1,0,0,2,1,0,0,1,0,0,1,0,0,1,0,0,0,0,1,0,0,1,0,0,3,0.1831,0.0299,0
ID-003880,1,1,1,1,0.0,1,0,1,0,1,0,0,1,0,1,0,0,0,1,0,0,1,0,0,1,1,0,0,1,0,1,0.8429,0.0,0
ID-003881,0,0,0,1,0.7778,1,1,0,0,0,1,0,0,1,0,0,0,1,0,0,0,1,0,0,1,0,1,0,1,0,3,0.0032,0.1209,0
ID-003882,1,1,1,0,0.6667,0,0,1,0,2,0,1,0,1,0,0,1,0,0,0,1,0,0,0,1,0,1,0,1,0,1,0.0435,0.1265,0
ID-003883,1,1,0,0,0.3194,0,1,0,0,1,1,0,0,1,0,0,0,0,1,1,0,0,0,1,0,1,0,0,0,1,0,0.8665,0.2835,0
ID-003884,0,0,0,0,0.375,0,1,0,0,1,0,1,0,0,1,0,0,1,0,0,0,1,0,1,0,1,0,0,2,0,3,0.8256,0.3199,0
ID-003885,1,0,1,1,0.5278,1,0,1,0,0,1,0,0,0,0,1,0,1,0,0,0,1,0,0,1,0,1,0,0,1,3,0.0747,0.1141,0
ID-003886,1,1,1,1,0.7639,1,1,0,0,2,0,0,1,0,0,1,0,1,0,0,1,0,1,0,0,1,0,0,2,0,2,0.4857,0.4314,0
ID-003887,0,1,0,0,0.25,0,0,1,0,2,1,0,0,1,0,0,1,0,0,0,1,0,0,0,1,1,0,0,1,0,3,0.4946,0.1431,0
ID-003888,0,1,1,0,0.9583,1,0,0,1,2,0,0,1,0,1,0,1,0,0,1,0,0,0,1,0,1,0,0,0,0,2,0.253,0.352,0
ID-003889,1,1,1,1,0.4722,0,1,0,0,2,0,1,0,1,0,0,0,1,0,0,0,1,0,0,1,0,0,1,1,0,2,0.31,0.1963,0
ID-003890,1,1,1,1,0.8333,0,0,0,1,2,0,0,1,0,1,0,1,0,0,0,0,1,0,1,0,1,0,0,0,1,3,0.9502,0.7988,0
ID-003891,0,0,1,1,0.7778,1,0,0,1,1,0,0,1,1,0,0,0,0,1,0,0,1,0,1,0,1,0,0,2,0,0,0.3918,0.3773,0
ID-003892,0,0,1,1,0.5417,1,0,0,1,1,1,0,0,1,0,0,0,1,0,0,0,1,0,1,0,1,0,0,0,0,1,0.5128,0.3183,0
ID-003893,1,0,0,1,0.9583,0,0,1,0,0,1,0,0,0,1,0,0,1,0,0,0,1,1,0,0,0,1,0,2,1,1,0.7936,0.7914,0
ID-003894,1,1,0,0,0.6944,0,0,0,1,0,1,0,0,0,0,1,0,1,0,0,1,0,1,0,0,1,0,0,0,0,0,0.0648,0.1443,0
ID-003895,1,1,1,0,0.0139,0,0,0,1,2,1,0,0,0,1,0,0,1,0,1,0,0,1,0,0,0,1,0,0,0,1,0.0721,0.003,0
ID-003896,1,0,1,1,0.3333,1,0,1,0,0,0,0,1,0,1,0,0,0,1,0,1,0,0,0,1,0,0,1,1,0,0,0.9594,0.3221,0
ID-003897,1,1,1,0,0.0972,1,0,1,0,2,0,0,1,1,0,0,1,0,0,0,1,0,0,0,1,0,0,1,0,0,3,0.7829,0.0794,0
ID-003898,0,0,0,0,0.8333,1,0,1,0,2,1,0,0,1,0,0,1,0,0,0,1,0,0,0,1,0,1,0,2,1,1,0.9664,0.8103,0
ID-003899,0,0,1,1,0.5417,1,0,1,0,0,1,0,0,1,0,0,1,0,0,0,1,0,1,0,0,0,0,1,1,1,2,0.7467,0.4258,0
ID-003900,0,0,1,1,0.4722,1,0,0,1,0,0,0,1,0,0,1,0,1,0,1,0,0,0,0,1,0,0,1,0,0,0,0.6716,0.3411,0
ID-003901,0,1,0,1,0.2917,1,0,0,1,0,0,0,1,0,1,0,0,1,0,0,1,0,0,0,1,0,1,0,2,0,2,0.5997,0.1929,0
ID-003902,1,0,0,0,0.9722,0,0,0,1,1,0,1,0,1,0,0,1,0,0,1,0,0,1,0,0,0,0,1,2,0,2,0.036,0.1782,0
ID-003903,0,0,0,1,0.4722,0,0,0,1,2,0,1,0,0,1,0,0,1,0,1,0,0,0,0,1,0,1,0,0,0,2,0.7333,0.3658,0
ID-003904,1,1,0,1,0.6528,1,0,0,1,2,0,1,0,0,1,0,1,0,0,1,0,0,0,1,0,0,1,0,0,0,2,0.9892,0.6474,0
ID-003905,0,1,0,0,0.6111,1,1,0,0,1,0,1,0,1,0,0,0,1,0,1,0,0,0,0,1,0,0,1,0,1,1,0.9382,0.5796,0
ID-003906,0,1,1,1,0.3889,1,1,0,0,0,1,0,0,0,1,0,0,1,0,0,0,1,0,0,1,0,1,0,2,0,0,0.2323,0.136,0
ID-003907,1,0,1,1,0.125,1,0,1,0,1,0,1,0,0,0,1,0,1,0,0,1,0,0,0,1,1,0,0,0,0,3,0.8956,0.114,0
ID-003908,0,0,1,0,0.9861,1,0,0,1,0,1,0,0,1,0,0,0,0,1,0,0,1,1,0,0,0,1,0,2,0,2,0.6958,0.7326,0
ID-003909,1,1,1,1,0.75,1,0,1,0,0,0,0,1,1,0,0,0,0,1,0,0,1,0,1,0,0,0,1,0,0,0,0.5608,0.4713,0
ID-003910,0,0,1,0,1.0,0,0,0,1,0,1,0,0,0,1,0,0,0,1,0,0,1,0,1,0,0,1,0,2,1,1,0.2448,0.3604,0
ID-003911,1,0,1,1,0.0139,0,0,0,1,2,0,1,0,0,0,1,0,0,1,1,0,0,1,0,0,1,0,0,2,1,0,0.8477,0.0121,0
ID-003912,0,1,0,0,0.5972,1,0,1,0,0,1,0,0,1,0,0,0,0,1,1,0,0,0,0,1,0,1,0,1,1,0,0.093,0.1384,0
ID-003913,1,0,1,1,0.9306,0,0,1,0,0,0,1,0,0,0,1,0,0,1,0,0,1,1,0,0,0,0,1,0,1,1,0.0147,0.1538,0
ID-003914,1,1,1,1,0.4722,1,0,1,0,0,0,0,1,0,1,0,1,0,0,0,0,1,1,0,0,0,1,0,2,1,1,0.6197,0.3203,0
ID-003915,1,0,0,1,0.7361,1,0,0,1,0,0,1,0,0,1,0,0,1,0,0,0,1,0,0,1,0,1,0,0,1,2,0.1244,0.1901,0
ID-003916,1,1,0,0,0.1667,1,1,0,0,0,0,0,1,0,1,0,0,0,1,0,1,0,0,0,1,1,0,0,2,0,3,0.0056,0.0263,0
ID-003917,1,0,0,0,0.75,1,0,1,0,0,0,0,1,0,0,1,0,0,1,1,0,0,0,1,0,0,1,0,0,0,2,0.6708,0.5412,0
ID-003918,0,0,0,1,0.4167,0,1,0,0,2,0,1,0,0,1,0,0,1,0,1,0,0,1,0,0,0,1,0,2,0,2,0.1643,0.1217,0
ID-003919,0,0,0,1,0.4583,1,1,0,0,2,1,0,0,0,0,1,0,0,1,1,0,0,0,0,1,0,0,1,1,1,0,0.5147,0.2701,0
ID-003920,0,1,0,0,0.8611,1,1,0,0,2,0,0,1,0,1,0,1,0,0,0,1,0,0,1,0,0,1,0,2,1,0,0.2001,0.2777,0
ID-003921,1,0,1,1,0.25,0,0,0,1,1,0,1,0,0,1,0,1,0,0,0,1,0,0,0,1,0,1,0,0,0,1,0.5691,0.1588,0
ID-003922,1,1,0,1,0.25,1,0,1,0,1,1,0,0,1,0,0,1,0,0,1,0,0,1,0,0,1,0,0,0,0,0,0.4178,0.1268,0
ID-003923,0,0,0,1,0.2639,1,0,1,0,0,1,0,0,0,1,0,0,0,1,0,0,1,0,0,1,0,0,1,0,1,1,0.3572,0.1203,0
ID-003924,0,1,1,1,0.1667,0,0,0,1,0,0,0,1,1,0,0,1,0,0,0,0,1,0,0,1,1,0,0,0,1,3,0.4353,0.087,0
ID-003925,0,0,1,0,0.75,0,0,0,1,1,0,0,1,0,0,1,1,0,0,0,0,1,0,0,1,1,0,0,1,0,2,0.6635,0.5366,0
ID-003926,0,0,1,1,0.75,0,1,0,0,0,1,0,0,1,0,0,0,0,1,1,0,0,0,0,1,0,0,1,0,0,2,0.5637,0.4731,0
ID-003927,0,1,1,1,0.5556,1,0,1,0,2,1,0,0,0,0,1,1,0,0,0,0,1,0,1,0,1,0,0,0,1,1,0.4678,0.3053,0
ID-003928,1,1,0,0,0.8611,1,1,0,0,2,0,1,0,0,0,1,1,0,0,0,0,1,0,1,0,1,0,0,1,1,3,0.129,0.2258,0
ID-003929,1,0,1,1,0.875,1,0,1,0,1,0,1,0,0,1,0,0,1,0,1,0,0,1,0,0,0,0,1,0,1,0,0.4546,0.4711,0
ID-003930,1,0,1,0,0.2222,1,0,0,1,0,1,0,0,1,0,0,1,0,0,0,1,0,1,0,0,0,1,0,1,1,0,0.9113,0.2057,0
ID-003931,0,1,0,1,0.0833,0,1,0,0,1,0,0,1,1,0,0,1,0,0,0,0,1,1,0,0,0,1,0,2,1,3,0.3842,0.0399,0
ID-003932,1,1,0,0,0.5694,0,0,1,0,1,0,1,0,1,0,0,0,1,0,0,0,1,0,1,0,1,0,0,0,0,1,0.0627,0.1173,0
ID-003933,0,0,1,1,0.4167,0,1,0,0,1,0,1,0,1,0,0,0,0,1,0,0,1,0,1,0,1,0,0,2,0,3,0.555,0.2598,0
ID-003934,1,0,1,0,0.4167,0,0,0,1,2,0,0,1,0,1,0,1,0,0,0,1,0,1,0,0,0,1,0,0,1,3,0.6684,0.2998,0
ID-003935,1,1,1,0,0.7222,1,1,0,0,2,1,0,0,1,0,0,0,0,1,0,1,0,0,1,0,0,1,0,1,0,3,0.056,0.1447,0
ID-003936,0,1,0,1,0.0278,1,1,0,0,1,0,0,1,0,1,0,0,0,1,0,1,0,0,0,1,0,0,1,1,1,2,0.4488,0.0148,0
ID-003937,0,0,0,1,0.4722,1,0,0,1,1,0,0,1,0,0,1,0,0,1,0,1,0,1,0,0,0,0,1,0,1,2,0.6133,0.3178,0
ID-003938,0,0,0,0,0.5972,1,0,0,1,0,0,0,1,0,1,0,1,0,0,1,0,0,0,1,0,0,1,0,1,1,2,0.9189,0.5566,0
ID-003939,0,0,0,1,0.0139,1,0,1,0,2,0,1,0,1,0,0,0,1,0,1,0,0,1,0,0,0,1,0,2,1,2,0.5822,0.009,0
ID-003940,0,1,0,0,0.3889,0,0,0,1,2,1,0,0,1,0,0,0,0,1,1,0,0,1,0,0,0,1,0,1,1,3,0.1889,0.1217,0
ID-003941,1,1,0,0,0.9722,0,0,0,1,2,0,0,1,1,0,0,0,0,1,0,0,1,1,0,0,0,0,1,0,0,0,0.1133,0.242,0
ID-003942,1,0,0,0,0.75,1,1,0,0,2,0,1,0,0,0,1,0,0,1,0,0,1,0,0,1,0,1,0,0,0,3,0.0163,0.125,0
ID-003943,0,1,0,0,0.1111,0,0,1,0,2,0,0,1,0,0,1,0,1,0,0,1,0,0,1,0,0,0,1,2,0,3,0.3121,0.0464,0
ID-003944,1,1,0,1,0.7361,1,1,0,0,1,1,0,0,0,1,0,0,1,0,1,0,0,1,0,0,1,0,0,0,0,3,0.3034,0.3019,0
ID-003945,1,1,1,1,0.6111,1,1,0,0,2,1,0,0,0,1,0,0,1,0,0,0,1,0,0,1,1,0,0,1,0,3,0.0641,0.1266,0
ID-003946,1,1,1,0,0.8611,1,0,0,1,1,1,0,0,0,0,1,1,0,0,0,1,0,1,0,0,0,0,1,2,1,0,0.5216,0.5124,0
ID-003947,1,0,0,1,0.2361,0,0,1,0,2,0,1,0,0,1,0,0,1,0,0,0,1,0,1,0,1,0,0,2,0,0,0.9326,0.2228,0
ID-003948,1,1,1,1,0.3472,1,0,0,1,1,0,0,1,1,0,0,1,0,0,0,1,0,1,0,0,0,0,1,0,1,2,0.9566,0.3347,0
ID-003949,1,1,1,1,0.2222,1,0,0,1,2,0,1,0,0,1,0,1,0,0,0,1,0,0,1,0,0,1,0,0,0,2,0.1084,0.0544,0
ID-003950,0,0,0,1,0.8472,1,0,0,1,2,0,1,0,1,0,0,0,0,1,0,1,0,1,0,0,0,1,0,2,0,2,0.8178,0.7171,0
ID-003951,0,1,1,1,0.4306,1,0,0,1,1,0,0,1,0,0,1,0,0,1,1,0,0,0,1,0,0,1,0,0,0,2,0.7575,0.3424,0
ID-003952,0,1,0,1,0.1389,0,0,1,0,2,0,1,0,0,0,1,0,1,0,0,1,0,0,1,0,0,0,1,2,0,0,0.2628,0.0522,0
ID-003953,1,0,1,0,0.7361,1,0,1,0,2,1,0,0,0,1,0,0,0,1,0,1,0,0,1,0,1,0,0,2,1,3,0.6371,0.5102,0
ID-003954,1,1,0,1,0.4167,0,1,0,0,2,0,1,0,0,0,1,0,0,1,0,0,1,0,1,0,1,0,0,1,0,0,0.9629,0.4039,0
ID-003955,1,1,1,1,0.5833,1,1,0,0,0,1,0,0,0,1,0,1,0,0,0,1,0,1,0,0,0,1,0,1,0,2,0.4257,0.2997,0
ID-003956,0,1,1,1,0.4028,0,0,1,0,2,0,0,1,1,0,0,0,0,1,0,0,1,0,1,0,1,0,0,2,1,0,0.6753,0.2922,0
ID-003957,1,0,1,0,0.8889,0,0,0,1,2,0,1,0,0,0,1,1,0,0,1,0,0,0,0,1,0,0,1,1,0,0,0.3701,0.4148,0
ID-003958,1,1,0,1,0.7222,1,0,1,0,2,0,0,1,0,1,0,0,1,0,1,0,0,0,1,0,1,0,0,2,0,3,0.8223,0.614,0
ID-003959,0,0,0,0,0.5694,0,0,1,0,0,0,1,0,0,1,0,1,0,0,0,1,0,0,0,1,0,1,0,2,0,2,0.359,0.2604,0
ID-003960,1,1,1,0,0.125,1,1,0,0,0,0,0,1,0,1,0,1,0,0,0,1,0,1,0,0,0,0,1,2,1,0,0.464,0.0683,0
ID-003961,1,0,1,1,0.2778,1,0,0,1,0,0,0,1,0,1,0,0,0,1,1,0,0,0,0,1,1,0,0,0,1,0,0.7719,0.2243,0
ID-003962,1,1,0,1,0.1667,1,0,0,1,2,0,1,0,0,1,0,0,0,1,1,0,0,0,0,1,1,0,0,2,1,3,0.0,0.0255,0
ID-003963,1,1,0,1,0.6389,0,0,0,1,1,1,0,0,0,0,1,0,1,0,0,0,1,1,0,0,1,0,0,0,1,0,0.6094,0.4278,0
ID-003964,0,0,0,0,0.0139,0,0,1,0,0,0,1,0,1,0,0,0,1,0,0,0,1,0,0,1,0,0,1,0,0,3,0.1905,0.0044,0
ID-003965,1,1,1,0,0.9583,0,1,0,0,1,1,0,0,1,0,0,1,0,0,1,0,0,0,1,0,0,1,0,0,1,1,0.2263,0.3303,0
ID-003966,0,1,1,0,0.7222,0,1,0,0,2,1,0,0,0,0,1,0,0,1,0,1,0,0,1,0,1,0,0,1,1,0,0.8664,0.641,0
ID-003967,0,1,0,0,0.7083,0,0,1,0,2,0,0,1,0,0,1,1,0,0,0,0,1,0,0,1,1,0,0,1,0,1,0.3451,0.3155,0
ID-003968,0,0,1,1,0.7778,0,0,1,0,2,0,1,0,0,1,0,0,0,1,0,0,1,0,0,1,0,0,1,0,1,1,0.8023,0.6481,0
ID-003969,0,0,1,1,0.5,1,0,0,1,2,0,0,1,1,0,0,0,1,0,1,0,0,0,0,1,0,1,0,2,1,0,0.1946,0.1589,0
ID-003970,0,1,1,1,1.0,1,0,1,0,1,0,0,1,1,0,0,0,1,0,0,1,0,0,1,0,0,0,1,2,0,3,0.3026,0.4094,0
ID-003971,0,0,1,0,0.0417,1,1,0,0,0,1,0,0,0,0,1,0,0,1,1,0,0,1,0,0,1,0,0,0,0,2,0.6831,0.0305,0
ID-003972,1,1,1,1,0.6806,0,0,0,1,2,0,1,0,0,0,1,0,0,1,0,0,1,0,0,1,0,1,0,1,1,0,0.4409,0.3585,0
ID-003973,0,1,1,0,0.7083,1,1,0,0,1,0,0,1,1,0,0,1,0,0,0,1,0,0,0,1,1,0,0,2,0,1,0.7408,0.5532,0
ID-003974,0,1,1,0,0.1667,0,1,0,0,1,1,0,0,1,0,0,1,0,0,1,0,0,0,1,0,0,1,0,0,1,0,0.0872,0.0378,0
ID-003975,0,0,1,1,0.6528,1,0,0,1,0,0,1,0,0,0,1,1,0,0,1,0,0,0,1,0,0,0,1,1,0,3,0.9324,0.6159,0
ID-003976,1,0,0,0,0.5278,1,1,0,0,0,0,1,0,0,0,1,1,0,0,0,0,1,0,1,0,1,0,0,2,1,3,0.0334,0.0956,0
ID-003977,1,1,0,1,0.7917,0,0,0,1,0,0,1,0,1,0,0,0,1,0,0,1,0,0,1,0,0,1,0,1,1,3,0.6965,0.5886,0
ID-003978,1,1,1,1,0.4306,0,0,0,1,0,0,1,0,0,1,0,0,1,0,0,1,0,0,1,0,1,0,0,0,0,3,0.7748,0.3487,0
ID-003979,0,1,1,0,0.1528,0,0,0,1,1,0,0,1,0,1,0,1,0,0,0,1,0,1,0,0,1,0,0,1,1,2,0.7982,0.1268,0
ID-003980,0,1,0,1,0.1111,1,1,0,0,2,0,1,0,0,1,0,0,1,0,1,0,0,0,1,0,0,0,1,2,1,0,0.4336,0.0578,0
ID-003981,0,0,0,1,0.625,0,0,1,0,2,1,0,0,1,0,0,0,1,0,1,0,0,0,0,1,0,0,1,0,0,1,0.1232,0.1608,0
ID-003982,1,1,0,1,0.7639,0,1,0,0,0,1,0,0,0,0,1,0,1,0,0,1,0,0,1,0,1,0,0,0,1,3,0.4882,0.433,0
ID-003983,0,0,1,0,0.9028,0,0,0,1,0,0,0,1,1,0,0,1,0,0,0,1,0,0,0,1,0,0,1,1,1,3,0.8169,0.7634,0
ID-003984,1,1,1,1,0.9861,1,0,0,1,1,0,0,1,0,0,1,0,0,1,0,1,0,1,0,0,0,0,1,1,0,1,0.7982,0.8182,0
ID-003985,1,1,1,1,0.2083,1,0,0,1,2,0,0,1,0,0,1,0,1,0,1,0,0,1,0,0,1,0,0,1,0,1,0.3161,0.0877,0
ID-003986,0,1,0,1,1.0,1,1,0,0,1,0,1,0,1,0,0,0,0,1,1,0,0,1,0,0,1,0,0,0,1,0,0.7973,0.829,0
ID-003987,0,0,0,0,0.4583,1,1,0,0,2,1,0,0,0,1,0,0,0,1,0,0,1,0,0,1,1,0,0,0,0,3,0.9246,0.4294,0
ID-003988,0,1,1,0,0.7639,0,1,0,0,2,0,1,0,0,1,0,0,0,1,0,1,0,1,0,0,1,0,0,1,1,1,0.2594,0.2847,0
ID-003989,1,0,0,0,0.875,1,0,0,1,0,0,1,0,0,1,0,0,0,1,1,0,0,0,0,1,0,1,0,1,1,0,0.1434,0.2401,0
ID-003990,0,0,1,0,0.75,1,0,0,1,2,1,0,0,0,1,0,0,1,0,1,0,0,1,0,0,0,1,0,1,0,1,0.6267,0.5132,0
ID-003991,1,0,0,0,0.2639,0,0,0,1,2,1,0,0,0,1,0,1,0,0,0,0,1,0,0,1,0,1,0,1,0,2,0.955,0.254,0
ID-003992,1,0,1,1,0.625,0,0,0,1,2,0,1,0,0,0,1,1,0,0,1,0,0,1,0,0,0,1,0,2,1,3,0.5254,0.374,0
ID-003993,0,1,0,1,0.7917,0,0,0,1,2,0,0,1,0,0,1,1,0,0,0,0,1,1,0,0,0,1,0,1,0,0,0.942,0.7534,0
ID-003994,0,1,0,1,0.8056,1,0,1,0,1,0,0,1,0,1,0,0,0,1,1,0,0,1,0,0,0,1,0,1,1,2,0.332,0.3499,0
ID-003995,0,0,1,0,0.3472,1,0,1,0,0,0,1,0,0,0,1,0,1,0,0,1,0,1,0,0,0,0,1,1,0,3,0.4006,0.171,0
ID-003996,1,1,1,0,0.2778,1,1,0,0,0,0,0,1,0,0,1,0,1,0,0,0,1,0,0,1,0,0,1,1,0,3,0.4199,0.1414,0
ID-003997,1,0,1,0,0.1806,0,1,0,0,1,1,0,0,0,1,0,0,1,0,0,1,0,0,0,1,0,0,1,1,0,3,0.2988,0.0733,0
ID-003998,0,0,0,0,0.0139,1,0,1,0,0,0,1,0,1,0,0,0,1,0,0,0,1,0,1,0,0,0,1,1,1,1,0.6784,0.0101,0
ID-003999,0,0,0,1,0.5556,0,0,1,0,0,0,1,0,0,1,0,0,0,1,0,1,0,0,0,1,0,1,0,2,1,1,0.7281,0.4279,0
ID-004000,0,0,0,1,0.5833,1,0,0,1,1,0,1,0,0,1,0,1,0,0,1,0,0,1,0,0,0,0,1,0,1,3,0.786,0.478,0
ID-004001,1,0,1,0,0.9861,0,0,1,0,2,0,1,0,0,0,1,0,1,0,0,0,1,0,1,0,0,1,0,0,0,0,0.8933,0.8977,0
ID-004002,0,1,0,1,0.2639,0,0,0,1,1,0,0,1,0,1,0,0,0,1,1,0,0,0,1,0,0,1,0,1,0,1,0.7818,0.2153,0
ID-004003,0,0,1,0,0.9167,0,0,1,0,1,0,1,0,1,0,0,0,0,1,0,1,0,0,0,1,0,0,1,2,0,2,0.5362,0.5569,0
ID-004004,1,1,1,1,0.6806,1,0,1,0,2,0,1,0,0,1,0,1,0,0,1,0,0,0,0,1,0,0,1,1,1,3,0.2765,0.2636,0
ID-004005,0,1,0,0,0.75,0,1,0,0,2,1,0,0,1,0,0,1,0,0,0,1,0,0,1,0,1,0,0,1,1,2,0.5043,0.4353,0
ID-004006,1,0,1,1,0.5,0,0,1,0,0,0,0,1,1,0,0,0,1,0,0,0,1,0,0,1,0,1,0,2,0,3,0.8624,0.4421,0
ID-004007,1,0,1,1,0.1528,0,1,0,0,0,0,0,1,0,0,1,0,0,1,0,1,0,0,1,0,0,1,0,0,0,3,0.1948,0.0486,0
ID-004008,0,1,0,1,0.0556,0,1,0,0,1,1,0,0,0,1,0,0,0,1,0,1,0,0,0,1,0,0,1,1,0,3,0.0491,0.0108,0
ID-004009,1,1,0,0,0.5417,0,0,0,1,0,0,0,1,0,0,1,0,1,0,0,0,1,1,0,0,0,1,0,2,1,2,0.894,0.4934,0
ID-004010,1,0,0,0,0.0972,1,0,0,1,0,1,0,0,0,0,1,0,1,0,0,1,0,0,1,0,0,1,0,1,1,0,0.3583,0.0444,0
ID-004011,1,0,1,0,0.9028,0,1,0,0,1,1,0,0,0,0,1,0,0,1,0,0,1,1,0,0,0,0,1,2,0,0,0.4681,0.4963,0
ID-004012,1,0,1,0,0.75,1,0,0,1,0,0,0,1,1,0,0,1,0,0,0,1,0,0,1,0,1,0,0,2,0,2,0.9396,0.7122,0
ID-004013,1,0,0,1,0.1944,0,0,0,1,2,1,0,0,0,1,0,0,0,1,0,1,0,0,1,0,0,1,0,2,0,3,0.3413,0.086,0
ID-004014,1,1,0,1,0.0694,0,1,0,0,1,1,0,0,0,1,0,1,0,0,0,1,0,1,0,0,0,0,1,1,1,1,0.3346,0.0303,0
ID-004015,1,1,1,1,0.8889,0,0,1,0,1,1,0,0,1,0,0,0,1,0,0,0,1,1,0,0,1,0,0,0,0,2,0.399,0.4366,0
ID-004016,1,1,0,1,0.375,0,0,0,1,1,1,0,0,0,1,0,1,0,0,0,0,1,0,1,0,1,0,0,2,1,3,0.706,0.2818,0
ID-004017,1,0,1,1,0.25,1,0,0,1,2,1,0,0,0,1,0,0,1,0,1,0,0,1,0,0,0,1,0,1,0,1,0.339,0.1101,0
ID-004018,0,1,1,1,0.75,1,1,0,0,2,0,1,0,0,0,1,0,0,1,0,0,1,0,1,0,1,0,0,2,1,3,0.9396,0.7122,0
ID-004019,0,0,0,0,0.0,1,0,1,0,2,0,1,0,0,1,0,0,0,1,0,0,1,0,0,1,1,0,0,2,0,1,0.5779,0.0,0
ID-004020,1,0,0,0,0.5833,0,1,0,0,1,1,0,0,0,1,0,1,0,0,0,0,1,1,0,0,0,1,0,2,0,2,0.5952,0.3836,0
ID-004021,0,0,0,1,0.2639,1,0,1,0,2,0,1,0,0,0,1,0,1,0,1,0,0,1,0,0,0,1,0,2,1,0,0.1366,0.0709,0
ID-004022,1,0,0,0,0.5417,1,1,0,0,1,1,0,0,1,0,0,0,1,0,0,1,0,1,0,0,1,0,0,2,1,1,0.3315,0.235,0
ID-004023,1,1,0,0,0.875,1,0,0,1,2,1,0,0,0,0,1,0,0,1,1,0,0,0,1,0,0,0,1,2,0,1,0.0739,0.1885,0
ID-004024,0,0,1,1,0.2222,1,0,0,1,1,1,0,0,0,1,0,1,0,0,0,0,1,0,1,0,0,0,1,0,1,3,0.6377,0.1541,0
ID-004025,0,0,1,0,0.9583,1,0,0,1,1,0,0,1,1,0,0,1,0,0,1,0,0,0,1,0,0,1,0,0,0,2,0.7342,0.7431,0
ID-004026,1,0,1,0,0.4306,0,0,0,1,2,0,1,0,0,1,0,1,0,0,0,1,0,1,0,0,0,0,1,1,0,0,0.6424,0.3003,0
ID-004027,0,1,0,0,0.3889,0,0,1,0,0,0,1,0,0,1,0,1,0,0,0,1,0,0,0,1,1,0,0,1,0,1,0.5038,0.2256,0
ID-004028,1,1,0,0,0.2778,1,1,0,0,2,1,0,0,1,0,0,1,0,0,0,0,1,0,0,1,1,0,0,0,0,0,0.6406,0.1933,0
ID-004029,0,1,0,0,0.5694,1,0,0,1,0,0,0,1,0,0,1,0,1,0,0,1,0,1,0,0,1,0,0,1,0,2,0.3428,0.2525,0
ID-004030,0,0,1,1,0.6111,1,0,1,0,2,0,0,1,0,1,0,0,1,0,0,0,1,0,1,0,0,1,0,0,0,0,0.7857,0.5006,0
ID-004031,1,1,1,1,0.7917,1,0,1,0,0,0,0,1,0,0,1,0,0,1,0,0,1,0,1,0,0,1,0,0,1,3,0.4196,0.4027,0
ID-004032,1,0,1,0,0.5694,0,0,0,1,0,0,0,1,0,0,1,0,0,1,0,0,1,1,0,0,0,1,0,0,0,2,0.9322,0.5372,0
ID-004033,1,0,1,0,0.9167,0,1,0,0,1,0,0,1,0,0,1,0,1,0,1,0,0,0,1,0,0,0,1,0,0,1,0.2917,0.3668,0
ID-004034,1,0,0,0,0.25,0,0,0,1,1,1,0,0,0,0,1,0,0,1,1,0,0,1,0,0,1,0,0,2,1,0,0.8763,0.224,0
ID-004035,0,0,0,1,0.6389,1,1,0,0,1,0,0,1,0,1,0,1,0,0,0,1,0,0,0,1,0,0,1,2,1,3,0.3006,0.2605,0
ID-004036,0,0,1,1,0.8472,1,0,0,1,0,0,0,1,1,0,0,1,0,0,0,1,0,1,0,0,0,1,0,1,1,3,0.1655,0.2484,0
ID-004037,1,1,1,0,0.0139,0,0,0,1,0,0,1,0,0,1,0,0,1,0,1,0,0,0,1,0,0,0,1,1,0,1,0.0693,0.0029,0
ID-004038,0,1,1,0,0.1111,1,1,0,0,2,0,0,1,1,0,0,1,0,0,0,0,1,1,0,0,1,0,0,1,1,1,0.495,0.0636,0
ID-004039,0,1,0,1,0.8472,1,0,1,0,1,1,0,0,0,1,0,0,0,1,0,0,1,0,0,1,0,0,1,1,0,2,0.8896,0.7686,0
ID-004040,0,1,1,1,0.0556,1,0,0,1,0,1,0,0,0,0,1,0,0,1,1,0,0,0,1,0,0,0,1,0,0,0,0.0881,0.0126,0
ID-004041,0,0,0,0,0.7639,0,0,1,0,1,0,0,1,1,0,0,1,0,0,1,0,0,0,0,1,1,0,0,1,0,0,0.1516,0.2149,0
ID-004042,1,0,1,1,0.8889,1,1,0,0,0,1,0,0,1,0,0,1,0,0,0,0,1,0,0,1,0,1,0,1,0,2,0.5363,0.5401,0
ID-004043,1,0,1,0,0.2222,0,0,1,0,1,0,1,0,0,1,0,0,1,0,0,1,0,0,0,1,0,0,1,2,0,1,0.8148,0.1875,0
ID-004044,1,1,0,1,0.8333,1,0,1,0,2,0,1,0,0,0,1,1,0,0,0,0,1,0,1,0,0,0,1,1,1,0,0.8693,0.7416,0
ID-004045,0,1,0,0,0.3472,1,0,0,1,1,0,1,0,1,0,0,0,0,1,0,0,1,0,0,1,0,0,1,2,1,1,0.7065,0.2611,0
ID-004046,1,1,0,1,0.6944,0,0,1,0,0,0,0,1,1,0,0,0,0,1,1,0,0,0,1,0,0,0,1,2,1,3,0.1373,0.187,0
ID-004047,1,0,0,1,0.6111,0,1,0,0,2,0,1,0,1,0,0,1,0,0,1,0,0,0,0,1,0,0,1,1,1,3,0.0719,0.1306,0
ID-004048,0,0,1,0,0.5139,0,0,0,1,1,0,0,1,0,1,0,1,0,0,1,0,0,1,0,0,1,0,0,2,1,1,0.3888,0.248,0
ID-004049,1,1,1,0,0.1111,1,0,0,1,1,1,0,0,0,1,0,0,1,0,0,1,0,0,1,0,0,0,1,2,1,0,0.4093,0.0555,0
ID-004050,1,0,0,1,0.7083,0,0,0,1,1,0,1,0,0,0,1,0,0,1,0,0,1,0,0,1,1,0,0,0,0,0,0.4988,0.4079,0
ID-004051,0,0,1,1,0.3472,1,1,0,0,0,0,1,0,0,0,1,0,1,0,1,0,0,1,0,0,0,0,1,0,1,1,0.0523,0.0685,0
ID-004052,1,0,1,0,0.2639,1,0,0,1,1,0,1,0,0,0,1,1,0,0,1,0,0,0,1,0,0,0,1,2,0,3,0.4156,0.1333,0
ID-004053,0,0,1,1,0.1667,1,0,1,0,0,1,0,0,0,1,0,0,1,0,0,1,0,0,0,1,0,0,1,2,1,2,0.1464,0.0462,0
ID-004054,1,1,1,1,0.7083,1,1,0,0,2,0,1,0,0,0,1,0,1,0,1,0,0,0,1,0,0,1,0,1,0,0,0.2406,0.2527,0
ID-004055,1,0,1,1,0.8194,1,0,1,0,1,1,0,0,1,0,0,0,1,0,0,0,1,0,1,0,0,0,1,0,1,3,0.8923,0.7453,0
ID-004056,1,0,0,1,0.875,0,1,0,0,1,0,0,1,1,0,0,1,0,0,1,0,0,0,1,0,1,0,0,1,1,0,0.517,0.5173,0
ID-004057,0,0,1,1,0.4444,0,0,1,0,2,0,1,0,1,0,0,0,0,1,0,1,0,0,1,0,1,0,0,0,1,3,0.8823,0.4004,0
ID-004058,1,0,1,0,0.5,1,0,0,1,2,1,0,0,1,0,0,1,0,0,0,1,0,1,0,0,0,1,0,2,0,3,0.3216,0.2128,0
ID-004059,1,0,0,1,0.5833,1,0,0,1,2,0,1,0,0,0,1,0,1,0,0,0,1,1,0,0,1,0,0,1,1,2,0.2474,0.2115,0
ID-004060,0,0,0,1,0.3611,1,0,1,0,0,1,0,0,0,0,1,0,0,1,0,1,0,0,0,1,0,1,0,0,0,2,0.8672,0.3207,0
ID-004061,1,0,0,1,0.6111,1,0,1,0,2,1,0,0,0,1,0,0,0,1,0,0,1,0,1,0,1,0,0,0,1,1,0.9965,0.6098,0
ID-004062,1,0,0,1,0.1111,1,0,0,1,2,0,0,1,0,0,1,1,0,0,1,0,0,1,0,0,1,0,0,2,0,3,0.6607,0.0792,0
ID-004063,1,0,0,1,0.9028,1,0,0,1,1,0,0,1,0,1,0,1,0,0,1,0,0,1,0,0,1,0,0,2,1,2,0.0251,0.1572,0
ID-004064,1,1,0,1,0.7778,0,1,0,0,1,1,0,0,0,0,1,0,0,1,0,0,1,1,0,0,1,0,0,0,1,1,0.2998,0.3166,0
ID-004065,1,0,1,0,0.4583,0,0,1,0,0,0,0,1,0,1,0,0,0,1,0,0,1,0,0,1,0,1,0,1,1,2,0.7794,0.373,0
ID-004066,1,0,0,1,0.3472,0,0,1,0,2,1,0,0,0,1,0,0,1,0,1,0,0,0,1,0,0,0,1,0,1,0,0.0519,0.0683,0
ID-004067,1,0,1,0,0.9167,0,0,1,0,1,0,0,1,0,1,0,1,0,0,0,0,1,0,0,1,0,0,1,2,0,3,0.8201,0.7776,0
ID-004068,0,1,1,1,0.4028,0,0,0,1,0,1,0,0,0,1,0,1,0,0,0,1,0,1,0,0,0,1,0,0,1,2,0.6147,0.2715,0
ID-004069,0,1,0,0,0.7917,1,0,1,0,1,0,0,1,0,0,1,0,0,1,1,0,0,0,1,0,0,0,1,0,0,0,0.7005,0.5913,0
ID-004070,1,0,1,0,0.6528,1,1,0,0,0,0,0,1,0,0,1,0,0,1,0,1,0,0,0,1,0,0,1,1,0,1,0.3743,0.307,0
ID-004071,1,0,1,1,0.5556,0,1,0,0,1,1,0,0,0,0,1,0,1,0,0,1,0,0,0,1,1,0,0,2,0,0,0.9133,0.5152,0
ID-004072,1,0,0,1,0.1111,0,0,1,0,1,1,0,0,0,1,0,0,1,0,1,0,0,0,0,1,0,1,0,1,1,2,0.3702,0.0519,0
ID-004073,0,1,0,0,0.4861,1,1,0,0,2,1,0,0,0,1,0,0,1,0,0,0,1,0,1,0,1,0,0,0,0,2,0.4542,0.2615,0
ID-004074,0,1,0,1,0.6389,1,0,1,0,2,0,1,0,1,0,0,1,0,0,1,0,0,0,0,1,1,0,0,1,1,0,0.3325,0.2778,0
ID-004075,0,0,1,0,0.4444,1,0,0,1,1,0,1,0,1,0,0,0,0,1,1,0,0,0,0,1,0,0,1,0,1,2,0.0203,0.0756,0
ID-004076,0,1,1,1,0.3056,1,0,0,1,0,0,1,0,0,1,0,0,0,1,1,0,0,0,1,0,0,1,0,1,1,3,0.286,0.1208,0
ID-004077,1,1,1,1,0.9306,0,1,0,0,2,1,0,0,0,0,1,1,0,0,1,0,0,0,0,1,0,0,1,0,1,2,0.9405,0.8844,0
ID-004078,0,0,0,0,0.0972,1,1,0,0,0,0,0,1,0,1,0,0,0,1,0,1,0,0,1,0,0,0,1,2,0,1,0.8091,0.0816,0
ID-004079,1,1,1,0,0.2222,1,0,1,0,2,1,0,0,1,0,0,0,1,0,0,0,1,1,0,0,0,0,1,2,1,1,0.2331,0.0779,0
ID-004080,0,0,1,0,0.4306,1,1,0,0,0,0,1,0,0,0,1,0,0,1,0,0,1,0,0,1,0,0,1,2,0,0,0.9671,0.4189,0
ID-004081,0,1,1,0,0.5,0,1,0,0,1,1,0,0,1,0,0,1,0,0,0,1,0,0,1,0,1,0,0,0,1,0,0.9543,0.481,0
ID-004082,1,1,0,1,0.7361,0,0,1,0,0,0,0,1,0,1,0,1,0,0,0,0,1,0,0,1,0,0,1,0,1,2,0.2397,0.2621,0
ID-004083,0,1,1,1,0.4722,0,1,0,0,2,0,1,0,0,1,0,0,1,0,0,1,0,1,0,0,1,0,0,0,0,0,0.4429,0.2495,0
ID-004084,0,0,0,0,0.1667,0,0,1,0,2,0,1,0,0,0,1,0,1,0,0,0,1,0,1,0,1,0,0,2,1,1,0.7375,0.1297,0
ID-004085,0,1,0,0,0.75,1,0,0,1,2,0,1,0,0,1,0,0,1,0,0,1,0,0,1,0,0,1,0,0,0,0,0.166,0.2202,0
ID-004086,0,0,0,1,0.9861,0,1,0,0,2,1,0,0,0,1,0,1,0,0,0,0,1,1,0,0,0,0,1,2,0,2,0.4048,0.4892,0
ID-004087,1,0,0,1,0.3611,0,0,1,0,1,0,1,0,1,0,0,1,0,0,1,0,0,0,0,1,0,1,0,2,1,0,0.7261,0.2775,0
ID-004088,1,1,0,0,0.9583,0,0,1,0,2,0,0,1,0,0,1,0,1,0,1,0,0,0,0,1,0,1,0,1,0,2,0.0659,0.2,0
ID-004089,0,0,0,1,0.5694,0,0,0,1,2,0,0,1,0,0,1,0,1,0,1,0,0,0,1,0,1,0,0,0,1,3,0.8458,0.4954,0
ID-004090,1,0,0,1,0.4167,0,0,1,0,1,0,1,0,1,0,0,0,0,1,0,1,0,0,1,0,0,0,1,0,0,0,0.4817,0.2339,0
ID-004091,0,0,0,0,0.875,1,0,1,0,1,1,0,0,0,0,1,0,0,1,0,1,0,1,0,0,1,0,0,0,1,0,0.507,0.5099,0
ID-004092,0,1,0,1,0.3472,0,1,0,0,1,0,1,0,0,1,0,1,0,0,1,0,0,0,0,1,0,0,1,1,0,1,0.8811,0.3125,0
ID-004093,0,0,1,1,0.1389,0,1,0,0,1,1,0,0,1,0,0,0,1,0,1,0,0,1,0,0,0,1,0,0,1,0,0.8819,0.1251,0
ID-004094,0,0,1,1,0.0417,1,1,0,0,2,0,1,0,0,0,1,1,0,0,0,1,0,0,1,0,1,0,0,1,1,2,0.4235,0.0213,0
ID-004095,0,1,1,1,0.2778,1,1,0,0,1,0,1,0,1,0,0,1,0,0,0,1,0,0,0,1,0,0,1,0,1,0,0.522,0.1654,0
ID-004096,0,1,1,1,0.0278,1,0,1,0,1,0,0,1,1,0,0,1,0,0,0,0,1,1,0,0,1,0,0,0,1,0,0.528,0.0167,0
ID-004097,1,0,0,0,0.2222,0,0,0,1,2,0,0,1,1,0,0,1,0,0,0,1,0,0,0,1,0,0,1,1,0,1,0.5886,0.1449,0
ID-004098,0,1,1,0,0.0139,1,0,1,0,0,1,0,0,0,0,1,0,1,0,1,0,0,1,0,0,0,1,0,1,1,0,0.521,0.0083,0
ID-004099,0,1,0,0,0.7917,0,0,1,0,2,0,0,1,0,1,0,1,0,0,0,0,1,0,0,1,0,0,1,0,0,3,0.3522,0.3574,0
ID-004100,1,1,1,1,0.3333,1,0,1,0,2,0,1,0,0,0,1,0,1,0,0,0,1,0,0,1,0,1,0,2,0,0,0.4274,0.1718,0
ID-004101,0,1,0,1,0.5417,0,0,1,0,2,1,0,0,0,1,0,0,1,0,0,0,1,0,1,0,0,1,0,1,1,0,0.4431,0.2863,0
ID-004102,0,0,0,0,0.9167,1,0,1,0,0,1,0,0,0,1,0,0,0,1,1,0,0,0,1,0,0,1,0,0,1,2,0.6534,0.648,0
ID-004103,1,1,0,1,0.6944,0,0,1,0,2,0,0,1,0,1,0,1,0,0,1,0,0,1,0,0,1,0,0,0,1,2,0.2306,0.2419,0
ID-004104,1,0,0,1,0.5694,0,1,0,0,0,1,0,0,0,1,0,0,1,0,0,0,1,0,1,0,1,0,0,2,0,2,0.8077,0.4771,0
ID-004105,1,0,1,1,0.4306,1,0,1,0,2,0,1,0,0,0,1,0,0,1,1,0,0,0,0,1,0,1,0,2,1,1,0.1274,0.1123,0
ID-004106,0,0,1,0,0.2361,1,0,1,0,0,1,0,0,0,1,0,0,1,0,1,0,0,0,1,0,0,1,0,2,0,0,0.5254,0.1413,0
ID-004107,0,1,0,0,0.0417,1,0,1,0,2,0,0,1,1,0,0,0,1,0,0,0,1,0,0,1,1,0,0,1,1,3,0.8096,0.035,0
ID-004108,0,1,1,1,0.5139,1,0,0,1,1,0,0,1,0,0,1,0,1,0,1,0,0,0,0,1,0,1,0,1,0,1,0.1453,0.1419,0
ID-004109,0,0,1,1,0.375,1,1,0,0,1,1,0,0,1,0,0,0,0,1,0,1,0,0,0,1,1,0,0,1,1,3,0.5545,0.2336,0
ID-004110,1,0,1,1,0.0139,1,1,0,0,2,0,0,1,1,0,0,1,0,0,0,1,0,0,1,0,1,0,0,2,1,3,0.8893,0.0126,0
ID-004111,1,0,1,0,0.8333,0,0,0,1,2,0,1,0,1,0,0,0,0,1,1,0,0,1,0,0,0,1,0,1,0,1,0.652,0.5881,0
ID-004112,1,0,0,0,0.3889,0,0,1,0,1,1,0,0,1,0,0,1,0,0,0,0,1,1,0,0,0,1,0,0,1,3,0.072,0.0832,0
ID-004113,0,0,0,1,0.1667,1,0,1,0,0,1,0,0,0,1,0,0,1,0,1,0,0,0,1,0,1,0,0,0,1,0,0.4837,0.0938,0
ID-004114,1,1,1,0,0.5833,0,0,0,1,2,0,1,0,0,0,1,0,0,1,1,0,0,0,0,1,1,0,0,0,1,3,0.7598,0.465,0
ID-004115,0,0,0,0,0.25,0,0,1,0,2,1,0,0,0,1,0,0,0,1,1,0,0,0,0,1,0,1,0,2,1,2,0.3695,0.1165,0
ID-004116,1,1,1,0,0.25,0,1,0,0,0,0,1,0,0,1,0,1,0,0,0,1,0,0,1,0,1,0,0,1,0,3,0.3862,0.1201,0
ID-004117,0,1,1,0,0.0139,0,1,0,0,0,1,0,0,1,0,0,0,0,1,0,0,1,0,1,0,1,0,0,0,0,2,0.0701,0.0029,0
ID-004118,1,1,1,0,0.8056,0,1,0,0,2,0,1,0,1,0,0,1,0,0,1,0,0,0,1,0,0,1,0,0,1,2,0.8321,0.6916,0
ID-004119,1,0,1,0,0.7222,0,1,0,0,1,0,0,1,1,0,0,1,0,0,1,0,0,1,0,0,0,0,1,0,1,2,0.681,0.5275,0
ID-004120,0,1,0,1,0.4028,1,1,0,0,0,0,0,1,0,0,1,1,0,0,1,0,0,0,0,1,0,1,0,1,0,0,0.766,0.3232,0
ID-004121,0,1,0,0,0.3194,0,1,0,0,0,0,0,1,1,0,0,0,1,0,1,0,0,0,0,1,1,0,0,0,0,1,0.9648,0.3102,0
ID-004122,1,0,0,0,0.6111,0,1,0,0,2,0,0,1,0,1,0,1,0,0,0,0,1,0,0,1,0,1,0,2,1,3,0.83,0.5236,0
ID-004123,0,1,0,0,0.25,1,0,1,0,0,0,1,0,0,0,1,1,0,0,0,0,1,0,1,0,0,1,0,2,0,3,0.2584,0.093,0
ID-004124,1,1,1,1,0.2778,0,0,0,1,2,0,1,0,0,0,1,0,0,1,1,0,0,0,0,1,1,0,0,0,0,0,0.6755,0.2016,0
ID-004125,1,0,0,0,0.3056,0,0,1,0,1,0,0,1,1,0,0,0,1,0,0,0,1,0,1,0,1,0,0,2,0,3,0.0157,0.0508,0
ID-004126,0,1,1,0,0.7361,1,0,1,0,0,0,1,0,0,1,0,0,1,0,1,0,0,0,1,0,0,1,0,0,0,0,0.1219,0.1886,0
ID-004127,0,0,0,0,0.8472,0,1,0,0,2,0,1,0,0,0,1,0,1,0,1,0,0,0,1,0,0,1,0,0,1,3,0.4231,0.4335,0
ID-004128,1,0,1,0,0.5278,0,1,0,0,2,0,0,1,1,0,0,0,1,0,0,1,0,0,0,1,1,0,0,1,1,2,0.4379,0.2766,0
ID-004129,0,1,1,1,0.5417,0,0,1,0,2,0,0,1,0,0,1,0,0,1,0,1,0,1,0,0,0,1,0,1,1,1,0.0904,0.1243,0
ID-004130,0,1,0,0,0.0,0,0,0,1,2,0,1,0,1,0,0,1,0,0,1,0,0,0,0,1,0,0,1,1,1,0,0.9545,0.0,0
ID-004131,0,0,1,0,0.2222,1,0,1,0,1,0,1,0,0,0,1,1,0,0,0,1,0,0,1,0,0,1,0,0,1,0,0.7876,0.1824,0
ID-004132,1,1,1,1,0.1806,0,1,0,0,2,0,0,1,0,0,1,1,0,0,0,1,0,0,0,1,0,0,1,1,1,3,0.3715,0.0845,0
ID-004133,1,1,0,0,0.2361,0,1,0,0,0,0,1,0,0,0,1,1,0,0,1,0,0,0,0,1,0,1,0,0,1,0,0.8692,0.2101,0
ID-004134,0,1,1,1,0.9583,1,1,0,0,1,0,1,0,0,0,1,1,0,0,0,1,0,0,0,1,1,0,0,0,0,3,0.1978,0.3071,0
ID-004135,1,1,0,0,0.4167,0,0,0,1,1,0,0,1,0,0,1,1,0,0,0,0,1,1,0,0,0,0,1,0,0,2,0.0991,0.0987,0
ID-004136,0,1,0,0,0.6806,1,0,1,0,1,0,1,0,0,0,1,0,0,1,0,0,1,1,0,0,0,0,1,1,0,2,0.5345,0.4124,0
ID-004137,1,0,0,1,0.9167,0,1,0,0,2,0,0,1,0,1,0,0,1,0,0,1,0,0,1,0,1,0,0,2,1,2,0.0237,0.1585,0
ID-004138,1,0,0,1,0.5694,0,0,1,0,0,1,0,0,0,1,0,0,0,1,0,0,1,0,1,0,1,0,0,1,1,3,0.636,0.3941,0
ID-004139,1,0,0,1,0.8056,0,0,1,0,2,0,0,1,0,0,1,0,0,1,0,0,1,0,1,0,0,0,1,1,0,0,0.0359,0.1476,0
ID-004140,1,0,1,1,0.6667,0,1,0,0,0,0,1,0,1,0,0,0,0,1,1,0,0,0,0,1,1,0,0,2,1,0,0.6482,0.4683,0
ID-004141,1,0,1,1,1.0,1,0,0,1,2,1,0,0,0,1,0,0,1,0,0,1,0,1,0,0,0,1,0,0,0,2,0.9915,0.9936,0
ID-004142,1,1,1,1,0.1667,0,0,1,0,0,0,0,1,1,0,0,0,0,1,1,0,0,0,1,0,1,0,0,1,0,1,0.6185,0.1129,0
ID-004143,0,0,0,1,0.4306,0,1,0,0,2,0,0,1,0,1,0,1,0,0,1,0,0,0,1,0,0,0,1,1,0,1,0.7821,0.3514,0
ID-004144,1,0,1,1,0.3611,1,0,1,0,2,0,0,1,1,0,0,0,1,0,0,0,1,0,0,1,0,0,1,1,1,1,0.5019,0.2089,0
ID-004145,1,0,0,1,0.125,1,0,1,0,0,0,1,0,0,1,0,0,0,1,0,1,0,0,0,1,0,0,1,1,0,2,0.2858,0.0494,0
ID-004146,0,0,1,0,0.7778,0,0,1,0,1,0,1,0,1,0,0,1,0,0,0,0,1,0,1,0,0,1,0,0,1,1,0.3513,0.3506,0
ID-004147,1,0,1,1,0.7917,1,1,0,0,1,1,0,0,1,0,0,0,1,0,0,0,1,0,1,0,0,0,1,0,0,1,0.8176,0.6699,0
ID-004148,1,0,1,0,0.3889,0,0,1,0,0,0,1,0,0,1,0,0,1,0,0,0,1,0,1,0,0,0,1,1,1,3,0.5782,0.2501,0
ID-004149,1,0,1,1,0.5278,0,1,0,0,0,0,0,1,0,1,0,0,0,1,0,1,0,1,0,0,1,0,0,2,1,3,0.3335,0.2299,0
ID-004150,1,0,0,0,0.0417,0,0,1,0,1,1,0,0,0,1,0,0,1,0,1,0,0,0,1,0,1,0,0,2,0,3,0.3839,0.0199,0
ID-004151,1,1,0,0,0.2639,1,1,0,0,2,0,0,1,1,0,0,0,0,1,0,1,0,0,1,0,0,0,1,0,1,0,0.4814,0.1481,0
ID-004152,1,0,0,0,0.6944,1,0,0,1,1,0,1,0,0,0,1,0,0,1,0,1,0,1,0,0,1,0,0,1,1,3,0.9215,0.6488,0
ID-004153,1,1,0,0,0.3889,0,1,0,0,2,0,0,1,0,0,1,0,0,1,0,0,1,0,1,0,1,0,0,0,1,1,0.9129,0.3605,0
ID-004154,0,1,1,0,0.6944,1,0,1,0,2,0,1,0,0,0,1,0,0,1,0,0,1,1,0,0,0,1,0,0,0,1,0.1184,0.1758,0
ID-004155,0,0,0,0,0.6944,0,0,1,0,2,1,0,0,0,0,1,0,1,0,0,0,1,1,0,0,1,0,0,0,0,3,0.2715,0.266,0
ID-004156,1,1,0,0,0.2778,1,0,0,1,1,0,0,1,0,0,1,0,1,0,0,0,1,0,0,1,0,0,1,1,0,2,0.235,0.0978,0
ID-004157,0,1,0,0,0.75,1,0,0,1,2,1,0,0,0,1,0,0,1,0,0,1,0,0,0,1,0,0,1,2,0,3,0.9917,0.7454,0
ID-004158,1,1,1,0,0.9861,1,0,0,1,0,1,0,0,0,1,0,0,0,1,0,0,1,0,1,0,0,0,1,0,1,1,0.8283,0.8434,0
ID-004159,1,0,0,1,0.1667,1,0,1,0,0,0,1,0,0,0,1,0,0,1,0,0,1,0,0,1,0,1,0,1,1,3,0.312,0.0696,0
ID-004160,1,1,1,0,0.9722,0,1,0,0,0,0,1,0,0,0,1,0,0,1,1,0,0,0,0,1,0,0,1,2,0,0,0.0453,0.1859,0
ID-004161,1,0,1,0,0.7639,1,1,0,0,0,0,1,0,1,0,0,1,0,0,1,0,0,0,0,1,0,0,1,1,0,1,0.0706,0.1625,0
ID-004162,1,1,0,0,0.2778,0,0,1,0,2,1,0,0,0,0,1,0,0,1,1,0,0,1,0,0,0,0,1,2,0,3,0.8797,0.2497,0
ID-004163,0,0,0,0,0.1111,0,0,0,1,0,0,1,0,1,0,0,0,1,0,1,0,0,0,1,0,1,0,0,1,1,1,0.6806,0.0811,0
ID-004164,1,0,0,0,0.125,1,1,0,0,0,0,1,0,1,0,0,1,0,0,0,1,0,0,1,0,0,1,0,1,1,3,0.9146,0.1161,0
ID-004165,0,0,0,0,0.0972,1,0,0,1,1,1,0,0,0,1,0,0,1,0,1,0,0,0,0,1,0,0,1,2,0,2,0.4664,0.0533,0
ID-004166,1,1,1,0,0.6111,1,0,0,1,0,0,0,1,0,1,0,0,1,0,1,0,0,1,0,0,1,0,0,2,0,1,0.1029,0.1467,0
ID-004167,1,1,0,0,0.4722,0,0,0,1,0,1,0,0,0,0,1,0,1,0,0,1,0,0,1,0,1,0,0,1,1,1,0.5249,0.2823,0
ID-004168,1,0,0,1,0.4444,0,0,0,1,1,1,0,0,0,0,1,1,0,0,1,0,0,1,0,0,0,0,1,2,1,1,0.3671,0.2063,0
ID-004169,1,1,1,0,0.5417,0,0,0,1,0,1,0,0,1,0,0,0,0,1,0,1,0,0,1,0,0,1,0,1,0,3,0.6467,0.3798,0
ID-004170,1,0,1,0,0.3333,1,1,0,0,2,0,0,1,1,0,0,0,0,1,0,0,1,1,0,0,1,0,0,1,1,3,0.4232,0.1706,0
ID-004171,0,1,0,0,0.2361,1,0,1,0,0,1,0,0,0,0,1,0,0,1,0,1,0,0,0,1,0,1,0,2,1,3,0.3114,0.0984,0
ID-004172,0,0,1,0,0.3611,0,1,0,0,2,1,0,0,0,0,1,0,0,1,0,0,1,0,0,1,0,0,1,1,0,0,0.6171,0.2442,0
ID-004173,0,1,1,0,0.4583,1,0,0,1,1,1,0,0,1,0,0,0,1,0,0,0,1,1,0,0,0,1,0,0,0,2,0.9272,0.4304,0
ID-004174,0,0,1,1,0.0417,1,1,0,0,1,0,0,1,0,0,1,1,0,0,0,1,0,0,0,1,0,0,1,0,0,3,0.3256,0.0179,0
ID-004175,0,0,1,0,0.3194,1,1,0,0,0,0,1,0,1,0,0,1,0,0,0,0,1,0,0,1,0,1,0,2,0,2,0.1191,0.0811,0
ID-004176,1,0,0,0,0.2778,0,1,0,0,2,0,1,0,0,0,1,1,0,0,0,0,1,0,0,1,1,0,0,0,1,1,0.166,0.0816,0
ID-004177,0,1,1,1,1.0,0,1,0,0,2,0,0,1,1,0,0,1,0,0,0,1,0,0,0,1,0,1,0,1,1,1,0.4174,0.5068,0
ID-004178,0,0,1,1,0.9861,0,0,0,1,1,0,1,0,1,0,0,1,0,0,0,1,0,1,0,0,1,0,0,2,0,0,0.5498,0.6104,0
ID-004179,1,1,1,1,0.7361,1,0,1,0,1,1,0,0,0,1,0,0,1,0,1,0,0,1,0,0,1,0,0,2,1,3,0.8642,0.6519,0
ID-004180,0,0,0,0,0.9444,1,1,0,0,2,1,0,0,1,0,0,0,0,1,0,1,0,1,0,0,0,1,0,2,0,2,0.6046,0.6285,0
ID-004181,0,0,1,0,0.0972,0,1,0,0,2,1,0,0,0,0,1,0,0,1,1,0,0,0,0,1,0,0,1,1,0,1,0.7242,0.0746,0
ID-004182,1,0,0,0,0.4722,0,0,0,1,0,0,0,1,0,0,1,0,1,0,0,1,0,0,1,0,0,0,1,0,0,0,0.0358,0.0865,0
ID-004183,1,1,1,1,0.0556,1,1,0,0,0,0,0,1,1,0,0,1,0,0,1,0,0,0,0,1,0,0,1,2,1,1,0.5487,0.0343,0
ID-004184,0,1,0,0,0.6806,1,0,0,1,0,1,0,0,1,0,0,0,0,1,0,0,1,0,1,0,0,1,0,2,1,1,0.4427,0.3595,0
ID-004185,0,1,0,0,0.1806,0,1,0,0,0,0,0,1,0,0,1,0,1,0,0,1,0,1,0,0,1,0,0,1,1,1,0.8675,0.1604,0
ID-004186,0,1,0,0,0.9028,0,0,1,0,2,0,0,1,1,0,0,0,1,0,0,0,1,0,0,1,1,0,0,0,0,3,0.1653,0.2645,0
ID-004187,1,0,0,0,0.0556,1,1,0,0,0,0,1,0,0,1,0,0,0,1,0,1,0,0,1,0,1,0,0,1,0,0,0.6364,0.0385,0
ID-004188,1,0,1,0,0.2222,0,0,1,0,2,0,0,1,0,0,1,1,0,0,0,0,1,0,1,0,0,0,1,2,0,1,0.0726,0.0476,0
ID-004189,1,0,0,1,0.7361,1,0,1,0,2,0,0,1,0,1,0,0,1,0,1,0,0,0,0,1,0,0,1,0,1,0,0.9212,0.6875,0
ID-004190,0,0,1,1,1.0,0,0,0,1,2,1,0,0,0,0,1,0,0,1,0,0,1,1,0,0,0,1,0,0,1,3,0.9363,0.9468,0
ID-004191,1,0,1,0,0.5556,0,0,0,1,1,1,0,0,1,0,0,0,1,0,0,1,0,0,0,1,1,0,0,1,0,0,0.4708,0.3067,0
ID-004192,0,1,1,0,0.6389,0,0,0,1,2,0,0,1,0,0,1,1,0,0,0,0,1,0,1,0,0,1,0,1,0,1,0.2263,0.2202,0
ID-004193,1,0,0,0,1.0,0,0,1,0,0,1,0,0,1,0,0,1,0,0,0,1,0,0,0,1,1,0,0,0,1,3,0.4367,0.5232,0
ID-004194,0,1,0,0,0.5278,1,0,1,0,2,0,0,1,0,0,1,0,0,1,0,0,1,1,0,0,1,0,0,2,0,3,0.2432,0.1895,0
ID-004195,1,1,1,1,0.6389,0,0,1,0,0,1,0,0,0,0,1,1,0,0,1,0,0,1,0,0,0,0,1,0,1,2,0.1911,0.2011,0
ID-004196,0,0,1,1,0.6667,1,0,0,1,1,0,0,1,0,1,0,1,0,0,0,1,0,0,1,0,1,0,0,2,0,1,0.1741,0.2003,0
ID-004197,1,0,0,0,0.6667,1,1,0,0,0,0,0,1,1,0,0,1,0,0,0,1,0,0,1,0,0,1,0,1,1,3,0.0599,0.1357,0
ID-004198,1,0,1,1,0.7222,0,0,1,0,0,0,0,1,1,0,0,0,0,1,1,0,0,0,1,0,1,0,0,0,1,3,0.4938,0.4128,0
ID-004199,1,1,0,0,0.1389,0,1,0,0,2,1,0,0,0,1,0,0,0,1,1,0,0,0,0,1,0,1,0,2,0,0,0.5472,0.0857,0
ID-004200,1,0,1,0,0.5278,0,0,1,0,0,1,0,0,1,0,0,0,1,0,0,0,1,1,0,0,1,0,0,2,0,0,0.8556,0.4636,0
ID-004201,1,1,0,1,0.7222,0,0,0,1,0,0,0,1,0,0,1,0,1,0,0,1,0,0,0,1,0,0,1,0,0,1,0.8812,0.65,0
ID-004202,1,1,1,1,0.25,1,1,0,0,1,0,1,0,0,0,1,0,1,0,0,0,1,1,0,0,1,0,0,0,0,3,0.147,0.0694,0
ID-004203,0,0,0,0,0.8472,0,0,1,0,2,0,0,1,0,0,1,0,1,0,1,0,0,1,0,0,0,0,1,2,1,2,0.3449,0.3773,0
ID-004204,0,1,1,0,0.4028,1,0,1,0,0,0,0,1,0,1,0,0,1,0,1,0,0,0,1,0,0,1,0,1,0,3,0.9394,0.3824,0
ID-004205,1,1,1,1,0.1944,1,0,0,1,2,1,0,0,0,0,1,0,0,1,0,0,1,0,1,0,0,1,0,1,1,2,0.3505,0.0875,0
ID-004206,0,1,0,1,0.3333,0,0,1,0,0,0,1,0,0,0,1,0,1,0,1,0,0,1,0,0,0,0,1,1,1,3,0.4491,0.1779,0
ID-004207,0,0,1,0,0.7778,1,0,1,0,0,0,1,0,1,0,0,0,0,1,1,0,0,1,0,0,1,0,0,2,0,3,0.3689,0.3622,0
ID-004208,1,0,0,1,0.6806,0,0,1,0,0,1,0,0,0,1,0,1,0,0,1,0,0,0,1,0,0,0,1,0,0,0,0.2056,0.2226,0
ID-004209,0,0,1,0,0.3611,1,1,0,0,2,0,0,1,0,1,0,1,0,0,0,0,1,1,0,0,1,0,0,0,0,2,0.8024,0.3009,0
ID-004210,0,0,0,0,0.5972,0,1,0,0,2,0,0,1,0,0,1,0,0,1,1,0,0,0,0,1,0,0,1,2,1,0,0.2975,0.2419,0
ID-004211,1,0,1,0,0.1528,1,1,0,0,0,0,0,1,0,0,1,0,0,1,0,0,1,1,0,0,0,0,1,1,0,0,0.2824,0.0599,0
ID-004212,1,1,0,0,0.6667,0,1,0,0,2,0,1,0,1,0,0,0,1,0,0,1,0,1,0,0,1,0,0,1,1,0,0.4175,0.3379,0
ID-004213,0,1,0,0,0.0833,1,0,0,1,2,0,1,0,1,0,0,0,1,0,0,1,0,0,0,1,1,0,0,2,1,0,0.416,0.0421,0
ID-004214,1,0,0,1,0.0417,1,1,0,0,0,0,0,1,0,1,0,0,1,0,0,0,1,0,0,1,0,0,1,2,0,3,0.9046,0.0383,0
ID-004215,1,1,1,1,0.2917,1,1,0,0,1,0,1,0,1,0,0,0,0,1,0,1,0,0,1,0,1,0,0,1,1,0,0.8286,0.2495,0
ID-004216,1,0,1,0,0.5694,0,0,1,0,1,0,1,0,0,1,0,0,1,0,0,1,0,0,0,1,0,0,1,1,0,2,0.1991,0.1831,0
ID-004217,0,0,1,0,0.0139,1,0,0,1,0,1,0,0,0,1,0,0,1,0,0,1,0,1,0,0,1,0,0,2,0,1,0.6527,0.0098,0
ID-004218,1,0,1,1,0.3472,0,0,1,0,2,0,1,0,1,0,0,0,0,1,0,0,1,0,0,1,0,1,0,0,1,1,0.2577,0.1289,0
ID-004219,1,1,0,1,0.7083,0,0,0,1,0,0,0,1,1,0,0,0,0,1,1,0,0,1,0,0,1,0,0,2,1,0,0.6291,0.4861,0
ID-004220,0,0,0,0,0.9028,0,1,0,0,0,1,0,0,1,0,0,0,1,0,0,1,0,1,0,0,0,0,1,2,1,1,0.1018,0.2159,0
ID-004221,0,0,0,1,0.6111,1,0,0,1,2,0,0,1,0,0,1,0,1,0,0,1,0,0,1,0,0,0,1,1,1,1,0.6783,0.4449,0
ID-004222,0,0,0,1,0.6944,0,0,1,0,2,0,1,0,0,0,1,1,0,0,0,1,0,0,1,0,1,0,0,0,0,2,0.2126,0.2313,0
ID-004223,1,1,1,0,0.625,1,0,1,0,2,1,0,0,0,0,1,0,0,1,0,1,0,1,0,0,0,1,0,0,0,1,0.6805,0.4562,0
ID-004224,1,1,1,0,0.3194,1,0,1,0,2,0,0,1,1,0,0,0,0,1,0,1,0,0,1,0,0,0,1,2,0,2,0.925,0.2994,0
ID-004225,1,0,0,1,0.1389,0,1,0,0,1,1,0,0,0,0,1,0,0,1,1,0,0,0,0,1,1,0,0,1,0,0,0.847,0.121,0
ID-004226,1,0,1,1,0.7778,0,1,0,0,2,0,0,1,0,1,0,0,1,0,0,1,0,0,0,1,1,0,0,2,1,1,0.064,0.1611,0
ID-004227,1,0,1,1,0.2222,0,0,0,1,2,0,0,1,1,0,0,1,0,0,0,1,0,0,1,0,0,1,0,0,1,0,0.0932,0.0515,0
ID-004228,1,0,1,1,0.5972,0,1,0,0,2,0,1,0,0,1,0,0,0,1,0,1,0,1,0,0,1,0,0,1,1,0,0.871,0.5324,0
ID-004229,1,0,1,0,0.9028,1,0,0,1,1,1,0,0,1,0,0,0,1,0,1,0,0,0,1,0,0,1,0,1,1,2,0.9877,0.8941,0
ID-004230,1,0,1,0,0.7361,0,0,1,0,0,0,1,0,1,0,0,0,1,0,1,0,0,0,0,1,0,1,0,2,0,3,0.132,0.1949,0
ID-004231,1,0,1,0,0.8611,1,0,1,0,2,1,0,0,1,0,0,1,0,0,0,0,1,1,0,0,0,1,0,1,1,0,0.9752,0.8437,0
ID-004232,0,1,1,0,0.5278,1,0,0,1,2,0,0,1,1,0,0,0,1,0,0,0,1,0,0,1,1,0,0,0,0,0,0.0289,0.0936,0
ID-004233,0,1,1,1,0.9444,1,0,0,1,0,1,0,0,0,1,0,0,1,0,0,1,0,0,1,0,0,1,0,1,1,3,0.6981,0.7034,0
ID-004234,0,0,0,0,0.4722,0,1,0,0,0,1,0,0,0,1,0,0,1,0,0,1,0,0,1,0,0,0,1,1,1,1,0.9335,0.446,0
ID-004235,0,0,1,0,0.6389,0,0,1,0,2,0,0,1,0,1,0,1,0,0,0,0,1,0,0,1,0,0,1,0,0,0,0.7277,0.4919,0
ID-004236,0,0,1,0,0.4028,0,1,0,0,2,1,0,0,1,0,0,1,0,0,1,0,0,0,1,0,1,0,0,2,0,3,0.3425,0.1785,0
ID-004237,0,1,1,0,0.2222,1,1,0,0,1,0,0,1,0,0,1,1,0,0,1,0,0,0,0,1,0,0,1,0,0,0,0.8204,0.1886,0
ID-004238,0,1,1,0,0.625,1,1,0,0,2,1,0,0,0,1,0,1,0,0,0,0,1,0,0,1,1,0,0,1,0,0,0.5792,0.4025,0
ID-004239,1,0,1,0,0.75,1,0,1,0,0,0,0,1,1,0,0,0,0,1,0,1,0,0,1,0,0,0,1,1,1,0,0.7235,0.5748,0
ID-004240,1,0,1,1,0.0417,0,0,0,1,0,1,0,0,0,0,1,0,0,1,0,0,1,0,0,1,0,1,0,0,1,2,0.4289,0.0215,0
ID-004241,0,1,0,0,0.9306,1,0,0,1,2,0,1,0,1,0,0,0,0,1,0,1,0,0,1,0,0,0,1,1,1,3,0.3007,0.3795,0
ID-004242,1,1,1,0,0.1389,1,0,0,1,2,0,0,1,1,0,0,1,0,0,1,0,0,0,0,1,0,1,0,0,0,3,0.2497,0.0506,0
ID-004243,0,1,0,1,0.5694,0,0,0,1,1,0,0,1,0,0,1,0,0,1,1,0,0,1,0,0,0,0,1,2,0,0,0.43,0.2947,0
ID-004244,0,0,0,1,0.1389,0,0,1,0,1,0,1,0,0,1,0,1,0,0,0,0,1,0,0,1,1,0,0,1,0,1,0.7701,0.1119,0
ID-004245,1,0,0,1,0.7222,1,1,0,0,2,1,0,0,0,0,1,0,0,1,0,0,1,0,1,0,1,0,0,1,1,3,0.7677,0.5806,0
ID-004246,1,0,1,0,0.6944,0,0,0,1,0,1,0,0,0,0,1,0,0,1,1,0,0,0,1,0,0,0,1,1,1,1,0.1333,0.1846,0
ID-004247,1,0,1,1,0.25,0,0,0,1,0,0,1,0,1,0,0,0,1,0,0,1,0,1,0,0,0,0,1,0,0,2,0.2797,0.0975,0
ID-004248,1,1,1,0,0.5972,1,0,0,1,2,1,0,0,0,1,0,0,1,0,0,0,1,0,0,1,1,0,0,2,1,0,0.736,0.464,0
ID-004249,1,1,0,1,0.6111,1,1,0,0,0,1,0,0,0,1,0,0,0,1,0,1,0,1,0,0,0,1,0,1,1,3,0.0691,0.1292,0
ID-004250,1,1,0,0,0.0139,0,0,1,0,2,1,0,0,0,0,1,0,1,0,1,0,0,0,0,1,0,1,0,0,1,2,0.4461,0.0074,0
ID-004251,0,1,1,1,0.3056,1,1,0,0,2,0,1,0,1,0,0,0,1,0,1,0,0,1,0,0,0,0,1,1,1,0,0.1822,0.0939,0
ID-004252,1,1,1,1,0.1667,0,0,1,0,2,1,0,0,0,1,0,0,0,1,0,0,1,1,0,0,0,1,0,0,0,1,0.1592,0.048,0
ID-004253,0,0,0,0,0.1944,1,1,0,0,0,1,0,0,0,0,1,0,1,0,1,0,0,1,0,0,0,1,0,1,0,2,0.0924,0.0449,0
ID-004254,1,1,0,0,0.6806,0,0,1,0,0,1,0,0,0,1,0,0,0,1,1,0,0,0,1,0,1,0,0,2,0,2,0.6356,0.4708,0
ID-004255,0,0,1,1,0.2917,0,0,1,0,1,1,0,0,0,1,0,0,1,0,0,1,0,0,1,0,0,1,0,0,1,3,0.5588,0.1828,0
ID-004256,0,1,0,1,0.0833,1,1,0,0,0,1,0,0,0,0,1,0,0,1,0,1,0,0,1,0,0,1,0,0,1,1,0.4368,0.0436,0
ID-004257,1,1,1,1,0.8333,0,1,0,0,1,0,1,0,1,0,0,1,0,0,1,0,0,0,1,0,0,0,1,0,1,2,0.588,0.5429,0
ID-004258,1,1,1,0,0.8472,1,1,0,0,2,0,1,0,1,0,0,1,0,0,0,1,0,0,0,1,1,0,0,0,0,3,0.4401,0.4457,0
ID-004259,0,0,0,0,0.4861,0,1,0,0,1,0,1,0,0,1,0,0,0,1,0,0,1,0,1,0,1,0,0,2,1,1,0.0382,0.09,0
ID-004260,0,0,1,1,0.6111,0,0,1,0,1,1,0,0,0,0,1,0,0,1,0,0,1,0,0,1,0,1,0,1,1,0,0.3433,0.2713,0
ID-004261,1,1,0,1,0.0833,0,1,0,0,2,1,0,0,0,1,0,0,0,1,1,0,0,0,0,1,1,0,0,2,0,0,0.0102,0.0135,0
ID-004262,1,0,1,1,0.7639,1,0,0,1,2,0,1,0,0,1,0,0,0,1,0,1,0,0,1,0,1,0,0,2,1,0,0.5962,0.5029,0
ID-004263,0,1,1,1,0.6667,0,1,0,0,1,0,0,1,0,1,0,0,0,1,1,0,0,0,0,1,0,1,0,0,0,0,0.5549,0.4156,0
ID-004264,1,0,1,1,0.3889,1,0,1,0,1,0,1,0,1,0,0,1,0,0,1,0,0,0,0,1,1,0,0,0,0,0,0.8962,0.355,0
ID-004265,0,0,1,0,0.5833,1,0,1,0,1,0,0,1,1,0,0,1,0,0,1,0,0,1,0,0,1,0,0,1,0,3,0.6123,0.392,0
ID-004266,0,0,0,1,0.2083,1,0,1,0,1,0,0,1,1,0,0,0,1,0,0,1,0,0,0,1,1,0,0,1,0,2,0.1897,0.0653,0
ID-004267,1,1,0,1,0.7778,0,0,0,1,2,0,0,1,0,0,1,0,0,1,1,0,0,1,0,0,0,1,0,0,1,0,0.3101,0.3234,0
ID-004268,1,0,0,1,0.5278,1,1,0,0,2,0,1,0,1,0,0,0,0,1,0,0,1,0,1,0,1,0,0,2,1,2,0.6482,0.3708,0
ID-004269,0,0,0,0,0.9583,0,0,1,0,1,0,1,0,0,0,1,1,0,0,0,0,1,1,0,0,0,1,0,1,0,0,0.3208,0.4071,0
ID-004270,1,0,0,0,0.1667,1,0,0,1,1,0,0,1,1,0,0,0,0,1,0,0,1,0,1,0,0,0,1,1,1,2,0.7742,0.1349,0
ID-004271,0,0,0,1,0.7222,0,0,0,1,0,0,1,0,1,0,0,0,0,1,0,0,1,0,0,1,0,0,1,0,1,1,0.7606,0.5762,0
ID-004272,1,1,1,1,0.5556,0,1,0,0,1,1,0,0,0,0,1,1,0,0,0,1,0,1,0,0,0,0,1,0,0,2,0.7269,0.4274,0
ID-004273,0,1,1,1,0.125,1,0,1,0,2,1,0,0,0,1,0,0,0,1,1,0,0,0,0,1,1,0,0,0,1,0,0.1576,0.0358,0
ID-004274,1,0,1,1,0.0694,0,1,0,0,2,0,0,1,1,0,0,1,0,0,0,1,0,1,0,0,0,0,1,0,1,2,0.7035,0.052,0
ID-004275,0,1,0,0,0.3611,0,0,1,0,0,0,1,0,0,0,1,1,0,0,1,0,0,0,1,0,0,0,1,1,1,2,0.7953,0.2987,0
ID-004276,0,0,0,1,0.625,0,0,0,1,2,1,0,0,0,1,0,0,0,1,1,0,0,0,0,1,1,0,0,1,1,3,0.0443,0.119,0
ID-004277,1,1,0,1,0.2778,0,0,1,0,1,0,1,0,0,1,0,0,1,0,1,0,0,0,0,1,0,1,0,1,0,1,0.9484,0.2659,0
ID-004278,1,0,0,0,0.8194,0,0,0,1,0,0,1,0,1,0,0,0,1,0,0,0,1,0,1,0,0,0,1,1,0,0,0.2829,0.3218,0
ID-004279,1,1,0,0,1.0,1,1,0,0,1,0,1,0,0,1,0,0,1,0,0,1,0,0,1,0,0,1,0,0,1,3,0.0225,0.1719,0
ID-004280,1,1,1,1,0.4306,0,0,1,0,2,1,0,0,1,0,0,0,0,1,1,0,0,0,0,1,0,0,1,1,1,3,0.9312,0.4058,0
ID-004281,1,1,1,0,0.0556,0,0,0,1,1,0,1,0,0,1,0,0,1,0,0,0,1,0,0,1,0,0,1,0,0,3,0.6245,0.0379,0
ID-004282,1,0,1,1,0.5694,0,0,1,0,1,0,1,0,0,0,1,1,0,0,0,1,0,0,1,0,0,0,1,0,0,3,0.2602,0.2126,0
ID-004283,1,1,0,1,0.9028,1,1,0,0,2,0,1,0,1,0,0,0,1,0,0,1,0,1,0,0,1,0,0,1,1,3,0.7123,0.6833,0
ID-004284,1,0,1,1,0.5,0,0,1,0,0,1,0,0,0,0,1,1,0,0,1,0,0,0,1,0,1,0,0,2,1,3,0.8032,0.417,0
ID-004285,0,1,1,0,0.7639,1,0,0,1,0,0,1,0,0,1,0,0,0,1,0,1,0,0,1,0,0,0,1,1,1,1,0.0511,0.1498,0
ID-004286,0,0,1,0,0.1389,1,0,0,1,1,0,0,1,1,0,0,1,0,0,1,0,0,0,1,0,1,0,0,2,0,0,0.5155,0.0819,0
ID-004287,1,1,0,0,0.375,1,0,1,0,1,0,0,1,0,1,0,0,1,0,0,0,1,1,0,0,0,0,1,1,1,1,0.4885,0.2127,0
ID-004288,0,1,0,0,0.1944,0,0,0,1,2,1,0,0,0,1,0,0,1,0,0,0,1,0,0,1,1,0,0,0,0,2,0.8572,0.1711,0
ID-004289,1,1,1,0,0.8889,1,0,0,1,2,0,1,0,0,0,1,0,0,1,0,0,1,0,1,0,0,1,0,0,1,3,0.9379,0.8428,0
ID-004290,0,0,0,0,0.9722,1,0,0,1,2,0,1,0,1,0,0,0,0,1,1,0,0,0,0,1,1,0,0,1,0,1,0.1857,0.3016,0
ID-004291,1,0,1,1,0.3889,1,0,0,1,1,0,1,0,0,1,0,1,0,0,0,1,0,0,0,1,0,1,0,1,0,0,0.1447,0.1072,0
ID-004292,0,0,0,1,0.4306,0,1,0,0,0,0,0,1,1,0,0,1,0,0,0,1,0,1,0,0,0,1,0,0,0,2,0.0468,0.0829,0
ID-004293,0,0,0,0,0.6667,1,0,1,0,1,0,0,1,0,1,0,0,0,1,1,0,0,1,0,0,1,0,0,2,0,0,0.1746,0.2005,0
ID-004294,0,0,0,0,1.0,0,0,0,1,1,0,0,1,0,0,1,0,1,0,0,0,1,0,1,0,1,0,0,0,0,3,0.7297,0.7716,0
ID-004295,1,1,1,1,0.7083,0,1,0,0,0,0,0,1,0,0,1,0,1,0,0,1,0,1,0,0,0,1,0,2,1,1,0.0737,0.1525,0
ID-004296,0,1,0,0,0.0556,0,0,1,0,2,1,0,0,0,1,0,1,0,0,0,0,1,0,1,0,0,0,1,1,0,2,0.9137,0.0515,0
ID-004297,0,1,0,0,0.625,1,1,0,0,1,0,0,1,0,1,0,0,0,1,0,0,1,0,0,1,1,0,0,1,0,0,0.9033,0.5743,0
ID-004298,1,1,0,1,0.5417,1,0,1,0,2,0,1,0,0,1,0,1,0,0,0,0,1,0,1,0,1,0,0,0,1,0,0.1333,0.144,0
ID-004299,1,0,1,1,0.5278,0,0,1,0,0,0,1,0,1,0,0,0,1,0,1,0,0,0,0,1,0,1,0,2,0,1,0.322,0.2248,0
ID-004300,0,0,0,0,0.9028,0,0,1,0,0,0,1,0,0,1,0,0,0,1,1,0,0,0,1,0,0,0,1,1,1,1,0.2917,0.3612,0
ID-004301,1,0,0,1,0.375,0,0,0,1,1,0,1,0,0,0,1,0,1,0,0,0,1,1,0,0,0,1,0,0,1,2,0.9235,0.351,0
ID-004302,1,0,0,0,0.7222,1,1,0,0,2,0,1,0,0,1,0,0,0,1,1,0,0,0,1,0,0,0,1,0,1,0,0.4896,0.4102,0
ID-004303,0,0,0,1,0.375,0,0,1,0,0,1,0,0,1,0,0,1,0,0,1,0,0,1,0,0,0,1,0,1,0,1,0.5238,0.2239,0
ID-004304,1,0,1,1,0.2778,1,0,0,1,2,1,0,0,1,0,0,0,0,1,0,1,0,0,1,0,0,0,1,2,1,3,0.1874,0.0866,0
ID-004305,0,1,0,0,0.8194,0,0,0,1,0,1,0,0,1,0,0,1,0,0,0,1,0,0,1,0,0,1,0,2,0,3,0.6465,0.5745,0
ID-004306,1,1,0,0,0.5,0,1,0,0,2,1,0,0,1,0,0,0,0,1,0,0,1,0,1,0,1,0,0,2,1,1,0.9938,0.4978,0
ID-004307,1,0,1,1,0.25,0,1,0,0,0,1,0,0,0,0,1,1,0,0,1,0,0,1,0,0,0,1,0,1,1,3,0.9255,0.2344,0
ID-004308,0,0,1,1,0.4583,1,1,0,0,1,0,0,1,1,0,0,0,1,0,1,0,0,1,0,0,0,1,0,2,0,2,0.0348,0.0836,0
ID-004309,1,0,1,1,0.7639,1,0,0,1,2,1,0,0,1,0,0,0,1,0,0,1,0,0,0,1,1,0,0,1,1,1,0.2513,0.2795,0
ID-004310,1,0,0,1,0.7083,1,0,1,0,0,0,0,1,0,1,0,0,0,1,0,1,0,0,1,0,0,1,0,1,0,0,0.7709,0.5713,0
ID-004311,0,0,1,0,0.6111,0,0,1,0,2,0,1,0,0,1,0,0,0,1,1,0,0,0,0,1,0,1,0,0,1,1,0.5531,0.38,0
ID-004312,0,0,0,1,0.8472,1,1,0,0,0,1,0,0,1,0,0,0,1,0,1,0,0,0,1,0,0,0,1,1,0,0,0.3507,0.3814,0
ID-004313,0,0,0,0,0.9861,0,0,1,0,0,1,0,0,0,0,1,1,0,0,0,0,1,1,0,0,0,1,0,2,1,3,0.4646,0.5392,0
ID-004314,0,1,1,0,0.1111,0,0,1,0,0,0,0,1,0,1,0,0,0,1,0,1,0,0,1,0,0,0,1,0,0,0,0.4875,0.0629,0
ID-004315,1,0,0,1,0.0694,0,0,1,0,1,0,0,1,1,0,0,0,0,1,0,0,1,0,0,1,1,0,0,0,0,2,0.1379,0.0187,0
ID-004316,0,0,1,1,0.9028,0,0,1,0,0,1,0,0,0,1,0,0,0,1,0,1,0,1,0,0,0,0,1,0,1,3,0.0492,0.1756,0
ID-004317,1,0,0,0,0.2222,1,0,0,1,1,0,0,1,1,0,0,1,0,0,1,0,0,0,0,1,1,0,0,0,0,3,0.579,0.1431,0
ID-004318,0,1,0,1,0.0833,0,1,0,0,2,1,0,0,0,0,1,0,0,1,0,0,1,0,0,1,0,0,1,1,0,2,0.4051,0.0414,0
ID-004319,0,1,1,1,0.3889,0,1,0,0,2,1,0,0,1,0,0,1,0,0,1,0,0,0,1,0,0,1,0,1,0,1,0.5022,0.225,0
ID-004320,0,0,1,1,0.5556,1,0,1,0,1,0,0,1,0,1,0,0,0,1,1,0,0,0,0,1,1,0,0,0,0,1,0.8382,0.4798,0
ID-004321,0,1,0,0,0.5278,1,0,1,0,1,1,0,0,0,0,1,1,0,0,0,0,1,0,0,1,0,0,1,0,0,1,0.3258,0.2265,0
ID-004322,1,1,1,0,0.5278,1,0,1,0,1,0,1,0,1,0,0,0,1,0,0,1,0,1,0,0,0,1,0,1,1,2,0.1766,0.1597,0
ID-004323,1,0,1,0,0.9444,1,0,0,1,0,1,0,0,0,0,1,0,0,1,1,0,0,1,0,0,0,1,0,1,1,2,0.9448,0.901,0
ID-004324,1,1,1,0,0.5417,0,1,0,0,0,0,1,0,0,1,0,0,0,1,0,1,0,0,1,0,0,1,0,1,1,0,0.4677,0.2976,0
ID-004325,1,1,0,1,0.3889,1,0,0,1,2,0,1,0,0,0,1,1,0,0,0,1,0,0,1,0,1,0,0,2,0,2,0.4347,0.2028,0
ID-004326,0,1,1,0,0.7639,0,0,0,1,2,1,0,0,0,0,1,0,0,1,0,0,1,0,1,0,1,0,0,1,0,3,0.2356,0.2693,0
ID-004327,1,1,0,0,0.1806,1,0,0,1,2,1,0,0,0,1,0,1,0,0,0,1,0,1,0,0,0,0,1,1,0,2,0.1935,0.0572,0
ID-004328,1,0,0,0,0.9167,1,1,0,0,1,0,0,1,0,0,1,1,0,0,0,1,0,0,0,1,1,0,0,2,0,0,0.9473,0.8765,0
ID-004329,0,1,1,0,0.9167,0,0,1,0,0,0,1,0,0,0,1,0,1,0,1,0,0,1,0,0,0,0,1,0,0,0,0.7354,0.7118,0
ID-004330,0,1,1,0,0.0417,1,1,0,0,2,1,0,0,0,1,0,0,0,1,0,0,1,1,0,0,1,0,0,2,0,1,0.9485,0.0399,0
ID-004331,1,1,0,1,0.4722,1,0,0,1,2,0,1,0,0,0,1,0,0,1,0,1,0,0,0,1,0,1,0,2,0,2,0.8862,0.427,0
ID-004332,1,0,1,1,0.9861,0,0,0,1,1,1,0,0,0,1,0,0,1,0,0,1,0,0,0,1,0,1,0,2,0,2,0.9399,0.9367,0
ID-004333,1,0,0,0,0.25,1,1,0,0,0,0,0,1,0,1,0,0,0,1,1,0,0,0,1,0,0,1,0,1,1,0,0.4378,0.131,0
ID-004334,0,1,1,0,0.4167,1,1,0,0,1,1,0,0,0,1,0,0,0,1,1,0,0,0,0,1,0,0,1,2,1,2,0.3792,0.1977,0
ID-004335,1,0,0,0,0.5417,1,0,1,0,1,0,0,1,1,0,0,0,1,0,1,0,0,1,0,0,1,0,0,0,1,0,0.7182,0.4127,0
ID-004336,0,0,1,0,0.7778,0,0,0,1,1,0,1,0,0,0,1,1,0,0,1,0,0,0,0,1,1,0,0,1,0,2,0.2469,0.2817,0
ID-004337,1,0,0,0,0.2639,0,1,0,0,1,0,0,1,0,1,0,0,1,0,0,1,0,0,1,0,0,1,0,2,0,3,0.3131,0.1104,0
ID-004338,0,1,0,0,0.4861,1,0,0,1,0,0,0,1,1,0,0,1,0,0,0,1,0,0,1,0,0,1,0,1,1,1,0.3901,0.2351,0
ID-004339,1,1,1,1,0.9583,0,1,0,0,2,1,0,0,0,0,1,1,0,0,0,0,1,1,0,0,1,0,0,1,1,0,0.6913,0.7083,0
ID-004340,0,1,1,1,0.6667,1,1,0,0,1,1,0,0,0,1,0,1,0,0,0,1,0,0,0,1,0,0,1,1,1,0,0.6429,0.4653,0
ID-004341,0,0,1,0,0.8056,0,1,0,0,0,0,1,0,1,0,0,0,1,0,0,1,0,1,0,0,1,0,0,2,1,3,0.1516,0.2267,0
ID-004342,1,1,0,0,0.4028,1,0,1,0,1,0,1,0,0,0,1,0,0,1,0,0,1,0,0,1,0,1,0,2,0,0,0.6055,0.2684,0
ID-004343,0,0,0,1,0.0972,0,0,1,0,1,1,0,0,0,1,0,0,1,0,0,0,1,0,1,0,0,1,0,1,0,0,0.7055,0.073,0
ID-004344,0,1,0,0,0.1944,1,0,1,0,2,0,1,0,0,1,0,0,1,0,0,1,0,1,0,0,0,1,0,0,0,1,0.2397,0.0692,0
ID-004345,0,1,1,1,0.2778,1,1,0,0,0,1,0,0,1,0,0,1,0,0,0,1,0,0,0,1,0,1,0,2,0,0,0.5593,0.1742,0
ID-004346,0,0,1,0,0.5278,0,0,0,1,2,1,0,0,0,1,0,1,0,0,0,0,1,0,1,0,1,0,0,0,0,0,0.2441,0.1899,0
ID-004347,1,0,0,1,0.3472,1,1,0,0,0,0,1,0,0,0,1,0,1,0,0,1,0,0,1,0,0,1,0,1,0,0,0.0363,0.0637,0
ID-004348,0,0,0,0,0.7361,0,0,0,1,2,1,0,0,1,0,0,0,1,0,0,0,1,0,0,1,0,1,0,0,0,1,0.9875,0.7289,0
ID-004349,1,0,0,0,0.1667,0,1,0,0,0,1,0,0,0,0,1,0,1,0,1,0,0,0,1,0,0,0,1,1,0,0,0.3152,0.07,0
ID-004350,0,1,0,1,0.4028,0,0,0,1,0,1,0,0,0,1,0,1,0,0,0,0,1,1,0,0,1,0,0,2,1,1,0.4671,0.2211,0
ID-004351,0,1,1,1,0.7639,1,0,1,0,2,1,0,0,0,1,0,0,1,0,0,1,0,1,0,0,0,0,1,0,1,2,0.5962,0.5029,0
ID-004352,1,0,1,1,0.7361,0,0,1,0,0,0,0,1,1,0,0,0,0,1,0,1,0,0,1,0,1,0,0,2,1,2,0.529,0.4427,0
ID-004353,1,1,1,0,0.3472,0,0,1,0,0,1,0,0,0,0,1,0,1,0,0,1,0,0,1,0,0,0,1,0,1,3,0.4876,0.1966,0
ID-004354,1,0,0,0,0.4861,1,0,1,0,2,0,0,1,0,0,1,0,1,0,1,0,0,0,0,1,0,1,0,1,1,0,0.8393,0.4203,0
ID-004355,1,0,1,1,0.1806,0,0,1,0,1,1,0,0,0,1,0,0,0,1,1,0,0,0,1,0,0,1,0,2,0,3,0.304,0.0741,0
ID-004356,1,1,0,0,0.5139,0,0,0,1,2,0,1,0,0,0,1,0,1,0,1,0,0,0,1,0,0,1,0,1,1,1,0.9772,0.5044,0
ID-004357,1,0,1,1,0.3889,1,1,0,0,0,0,0,1,1,0,0,0,1,0,1,0,0,0,0,1,1,0,0,0,0,1,0.8437,0.3377,0
ID-004358,1,0,0,0,0.4722,1,1,0,0,0,1,0,0,0,0,1,0,1,0,0,1,0,0,0,1,1,0,0,2,1,2,0.8373,0.4074,0
ID-004359,1,0,1,0,0.0139,0,0,1,0,1,0,0,1,1,0,0,0,0,1,0,0,1,0,0,1,1,0,0,2,0,3,0.2338,0.0049,0
ID-004360,0,1,0,1,0.6389,1,0,0,1,2,0,1,0,0,1,0,0,0,1,1,0,0,1,0,0,0,0,1,1,0,2,0.9462,0.6103,0
ID-004361,1,0,1,0,0.4583,1,0,1,0,0,0,1,0,1,0,0,0,1,0,0,1,0,0,1,0,0,0,1,0,1,1,0.1084,0.1122,0
ID-004362,0,1,0,0,0.5417,1,0,1,0,0,0,0,1,0,1,0,1,0,0,1,0,0,0,0,1,1,0,0,2,1,2,0.2014,0.1753,0
ID-004363,0,1,0,0,0.4722,0,0,1,0,1,1,0,0,0,1,0,1,0,0,0,0,1,0,0,1,0,1,0,2,1,0,0.0188,0.0797,0
ID-004364,1,1,1,0,0.0139,0,1,0,0,1,0,1,0,1,0,0,1,0,0,0,0,1,0,1,0,0,0,1,2,1,0,0.9853,0.0137,0
ID-004365,0,1,1,1,0.3472,1,0,1,0,2,1,0,0,1,0,0,0,0,1,0,0,1,1,0,0,1,0,0,2,1,1,0.7119,0.2627,0
ID-004366,0,1,0,1,0.7639,1,0,1,0,1,0,0,1,1,0,0,0,0,1,0,0,1,0,0,1,0,1,0,2,0,3,0.8311,0.6552,0
ID-004367,0,1,0,1,0.8056,0,1,0,0,2,0,1,0,0,0,1,0,1,0,0,0,1,0,1,0,1,0,0,0,0,0,0.9603,0.7791,0
ID-004368,0,0,0,0,0.6389,0,0,0,1,2,0,1,0,0,1,0,0,1,0,0,0,1,1,0,0,1,0,0,1,0,2,0.6883,0.4705,0
ID-004369,0,0,0,0,0.1111,1,0,0,1,2,0,1,0,0,1,0,0,0,1,0,1,0,0,1,0,0,0,1,1,1,3,0.1796,0.0339,0
ID-004370,1,1,1,1,0.9167,1,1,0,0,0,0,1,0,0,0,1,0,0,1,0,1,0,1,0,0,0,0,1,1,0,1,0.7744,0.7421,0
ID-004371,1,0,0,1,0.2778,1,1,0,0,1,1,0,0,0,1,0,1,0,0,0,0,1,0,0,1,0,0,1,2,1,1,0.1777,0.0843,0
ID-004372,1,0,0,1,0.0972,1,1,0,0,0,0,1,0,0,0,1,0,0,1,0,0,1,0,1,0,0,0,1,1,1,2,0.914,0.0902,0
ID-004373,1,1,0,0,0.5833,1,0,1,0,2,0,0,1,0,0,1,0,1,0,0,0,1,0,0,1,0,0,1,1,0,3,0.4055,0.2897,0
ID-004374,1,0,1,1,0.7778,1,0,1,0,0,1,0,0,0,1,0,0,1,0,0,0,1,0,1,0,0,1,0,1,0,0,0.0794,0.1712,0
ID-004375,0,1,0,1,0.3333,0,0,1,0,0,0,0,1,0,1,0,1,0,0,0,0,1,1,0,0,0,0,1,1,0,0,0.9753,0.3266,0
ID-004376,0,1,0,1,0.6528,1,0,0,1,1,0,1,0,1,0,0,0,1,0,1,0,0,1,0,0,0,1,0,2,0,0,0.9031,0.5997,0
ID-004377,0,1,1,1,0.9722,1,0,1,0,2,1,0,0,0,1,0,1,0,0,1,0,0,1,0,0,0,0,1,2,0,1,0.6543,0.688,0
ID-004378,0,1,1,1,0.7917,0,0,0,1,1,0,1,0,0,1,0,0,0,1,0,1,0,0,1,0,1,0,0,2,0,1,0.1811,0.2425,0
ID-004379,1,0,0,1,0.7361,1,0,0,1,2,0,0,1,0,1,0,0,0,1,0,1,0,0,1,0,0,1,0,0,1,1,0.4638,0.402,0
ID-004380,1,1,0,0,0.4306,1,1,0,0,0,1,0,0,1,0,0,0,1,0,0,1,0,1,0,0,1,0,0,2,0,0,0.3548,0.1953,0
ID-004381,1,1,0,0,0.3056,1,0,1,0,2,0,0,1,0,0,1,1,0,0,0,1,0,1,0,0,0,0,1,2,0,1,0.0807,0.0676,0
ID-004382,1,1,1,0,0.75,1,0,0,1,2,0,1,0,1,0,0,0,1,0,1,0,0,0,0,1,0,1,0,2,0,0,0.7236,0.5748,0
ID-004383,1,1,0,1,0.0972,0,0,0,1,0,0,0,1,0,0,1,1,0,0,0,0,1,0,0,1,0,1,0,1,1,1,0.9368,0.0921,0
ID-004384,1,1,1,0,0.0972,1,0,0,1,1,0,0,1,0,0,1,1,0,0,0,1,0,0,0,1,0,1,0,1,1,0,0.7147,0.0738,0
ID-004385,0,0,0,0,0.0833,0,0,0,1,0,0,1,0,0,0,1,0,1,0,1,0,0,1,0,0,0,0,1,2,0,2,0.7274,0.0641,0
ID-004386,0,0,0,1,0.2917,1,0,1,0,0,1,0,0,1,0,0,0,0,1,0,0,1,0,0,1,0,1,0,0,1,2,0.9495,0.2794,0
ID-004387,1,1,0,0,0.5417,1,0,0,1,0,0,1,0,0,0,1,0,1,0,0,0,1,0,1,0,0,1,0,1,0,0,0.4461,0.2877,0
ID-004388,1,1,1,0,0.2778,1,0,0,1,1,0,1,0,0,1,0,0,1,0,1,0,0,0,0,1,0,0,1,0,0,3,0.3755,0.1309,0
ID-004389,0,0,1,0,0.0278,0,0,1,0,2,0,0,1,0,1,0,1,0,0,0,1,0,1,0,0,0,0,1,0,1,2,0.1684,0.0082,0
ID-004390,0,0,1,0,0.1667,0,1,0,0,0,0,1,0,0,0,1,1,0,0,1,0,0,0,1,0,1,0,0,1,1,2,0.8878,0.1509,0
ID-004391,0,1,0,0,0.2639,0,0,1,0,1,0,0,1,0,0,1,0,0,1,1,0,0,0,1,0,0,1,0,2,1,1,0.0432,0.05,0
ID-004392,0,0,0,0,0.2222,1,0,1,0,0,1,0,0,0,1,0,0,0,1,0,0,1,1,0,0,0,1,0,2,1,1,0.3876,0.107,0
ID-004393,0,0,1,1,0.1111,0,0,1,0,0,0,0,1,1,0,0,0,0,1,0,1,0,0,0,1,1,0,0,1,1,1,0.7542,0.088,0
ID-004394,1,0,0,1,0.4583,0,1,0,0,1,0,1,0,0,1,0,0,0,1,0,1,0,0,1,0,0,1,0,0,1,3,0.8883,0.4153,0
ID-004395,1,0,1,0,0.75,0,0,0,1,2,1,0,0,1,0,0,0,1,0,0,0,1,0,0,1,1,0,0,1,1,1,0.8572,0.6598,0
ID-004396,1,0,0,1,0.8889,1,0,0,1,1,1,0,0,0,0,1,0,1,0,0,0,1,1,0,0,1,0,0,0,0,0,0.4243,0.4557,0
ID-004397,1,1,1,0,0.875,0,1,0,0,2,0,1,0,1,0,0,0,0,1,0,0,1,0,0,1,1,0,0,2,1,2,0.4738,0.4853,0
ID-004398,1,1,1,1,0.4306,0,0,1,0,1,0,0,1,0,0,1,1,0,0,1,0,0,0,1,0,0,1,0,2,1,1,0.9975,0.43,0
ID-004399,1,0,0,1,0.5694,0,1,0,0,1,1,0,0,0,0,1,1,0,0,0,0,1,1,0,0,1,0,0,2,0,1,0.9021,0.5226,0
ID-004400,0,0,1,0,0.6944,1,0,0,1,2,0,1,0,0,0,1,0,0,1,0,1,0,1,0,0,0,1,0,1,1,3,0.749,0.5472,0
ID-004401,0,1,0,0,0.0139,0,0,0,1,1,0,1,0,1,0,0,1,0,0,0,0,1,0,1,0,1,0,0,0,1,3,0.7865,0.0114,0
ID-004402,0,0,1,1,0.125,1,1,0,0,0,0,1,0,1,0,0,0,0,1,0,1,0,0,1,0,0,0,1,0,1,0,0.9728,0.1222,0
ID-004403,0,0,1,0,0.0417,0,1,0,0,0,0,0,1,0,0,1,0,1,0,0,0,1,0,0,1,0,0,1,0,1,3,0.3443,0.0185,0
ID-004404,0,0,0,1,0.3889,0,0,0,1,1,1,0,0,1,0,0,1,0,0,1,0,0,0,0,1,0,1,0,1,0,3,0.9094,0.3593,0
ID-004405,0,1,0,0,0.9861,1,0,1,0,2,1,0,0,0,1,0,0,1,0,0,0,1,0,1,0,1,0,0,0,1,1,0.136,0.2644,0
ID-004406,0,1,0,0,0.75,0,0,0,1,2,0,0,1,0,1,0,0,1,0,0,1,0,0,0,1,1,0,0,1,1,3,0.5185,0.4444,0
ID-004407,0,1,1,1,0.7917,1,1,0,0,1,1,0,0,0,1,0,0,1,0,1,0,0,0,1,0,1,0,0,0,0,1,0.3414,0.3502,0
ID-004408,0,0,1,0,0.2361,1,0,0,1,0,0,0,1,0,0,1,1,0,0,1,0,0,0,0,1,0,1,0,2,0,1,0.9827,0.2328,0
ID-004409,1,1,0,1,0.8472,1,1,0,0,2,0,1,0,0,0,1,0,0,1,1,0,0,1,0,0,0,0,1,1,0,2,0.3544,0.3841,0
ID-004410,0,0,1,0,0.0833,1,0,1,0,2,0,1,0,1,0,0,1,0,0,1,0,0,0,0,1,0,1,0,2,0,0,0.444,0.0441,0
ID-004411,1,0,0,0,0.6667,0,1,0,0,2,0,0,1,1,0,0,1,0,0,0,0,1,0,1,0,0,1,0,1,0,0,0.5735,0.4261,0
ID-004412,1,1,0,0,0.2083,1,1,0,0,1,0,0,1,1,0,0,0,0,1,0,1,0,0,1,0,0,1,0,1,1,3,0.8984,0.1906,0
ID-004413,0,1,0,1,0.4167,0,1,0,0,2,0,0,1,0,0,1,0,0,1,0,0,1,0,1,0,0,0,1,1,0,3,0.3616,0.1914,0
ID-004414,0,0,0,0,0.1389,0,1,0,0,0,1,0,0,0,0,1,0,0,1,0,0,1,1,0,0,0,1,0,2,0,0,0.4967,0.0797,0
ID-004415,0,1,1,0,0.7639,1,1,0,0,0,0,1,0,0,1,0,0,1,0,1,0,0,0,0,1,1,0,0,0,0,3,0.0141,0.1258,0
ID-004416,0,1,1,1,0.0417,1,0,0,1,0,1,0,0,0,0,1,0,1,0,1,0,0,0,1,0,1,0,0,0,0,2,0.2463,0.0151,0
ID-004417,1,0,1,1,0.2639,0,0,1,0,0,0,1,0,0,1,0,0,0,1,0,1,0,0,0,1,1,0,0,2,0,1,0.7405,0.206,0
ID-004418,1,1,1,1,0.8056,1,1,0,0,0,0,0,1,1,0,0,1,0,0,1,0,0,0,0,1,0,0,1,1,1,2,0.9731,0.7879,0
ID-004419,0,1,1,1,0.2222,1,0,0,1,2,1,0,0,0,1,0,1,0,0,1,0,0,1,0,0,0,1,0,0,1,2,0.7566,0.1765,0
ID-004420,1,0,1,1,0.3333,0,0,1,0,1,1,0,0,0,1,0,1,0,0,0,1,0,0,0,1,1,0,0,2,0,3,0.8105,0.2801,0
ID-004421,0,1,1,0,0.8056,1,1,0,0,2,0,1,0,0,1,0,0,0,1,0,1,0,0,0,1,0,0,1,1,1,2,0.1513,0.2265,0
ID-004422,0,1,0,0,0.7639,0,1,0,0,0,0,0,1,1,0,0,1,0,0,0,1,0,0,1,0,1,0,0,2,1,2,0.2468,0.2766,0
ID-004423,1,1,1,1,0.9028,1,0,0,1,0,1,0,0,1,0,0,0,1,0,1,0,0,1,0,0,0,1,0,0,0,2,0.8774,0.8097,0
ID-004424,1,1,0,1,0.1389,0,1,0,0,0,0,0,1,1,0,0,0,1,0,0,1,0,0,0,1,0,1,0,2,1,0,0.4807,0.0778,0
ID-004425,0,0,1,1,0.0139,1,0,0,1,0,0,1,0,1,0,0,0,0,1,0,1,0,0,0,1,1,0,0,2,1,2,0.9309,0.0131,0
ID-004426,0,0,0,0,0.0,1,0,0,1,1,0,1,0,0,0,1,1,0,0,0,1,0,0,1,0,1,0,0,1,1,2,0.8621,0.0,0
ID-004427,1,0,1,0,0.9583,0,1,0,0,0,0,0,1,1,0,0,0,0,1,0,1,0,0,0,1,0,0,1,1,0,1,0.9461,0.9153,0
ID-004428,1,0,0,1,0.2639,1,1,0,0,1,0,1,0,0,0,1,0,1,0,0,1,0,0,1,0,0,1,0,0,1,0,0.3244,0.1129,0
ID-004429,0,0,1,0,0.1111,0,0,1,0,2,1,0,0,1,0,0,0,1,0,0,1,0,0,0,1,1,0,0,0,0,0,0.8442,0.0965,0
ID-004430,1,1,1,1,0.5,0,1,0,0,2,0,1,0,0,0,1,0,0,1,0,0,1,0,0,1,1,0,0,1,0,3,0.4906,0.2844,0
ID-004431,0,1,1,0,0.0694,0,0,1,0,1,0,0,1,0,0,1,0,0,1,0,1,0,0,1,0,1,0,0,1,1,0,0.2989,0.0282,0
ID-004432,0,1,0,1,0.9583,0,1,0,0,2,0,1,0,0,1,0,0,1,0,1,0,0,1,0,0,0,0,1,1,1,2,0.7372,0.7456,0
ID-004433,0,0,1,1,0.0556,0,1,0,0,2,1,0,0,0,0,1,0,1,0,0,1,0,1,0,0,0,1,0,2,1,2,0.4714,0.0307,0
ID-004434,1,0,1,1,0.8611,0,1,0,0,0,1,0,0,0,0,1,0,0,1,1,0,0,0,0,1,0,0,1,2,1,1,0.7003,0.643,0
ID-004435,1,1,0,0,0.9028,1,0,1,0,0,0,1,0,1,0,0,1,0,0,0,0,1,1,0,0,0,1,0,1,0,3,0.5892,0.589,0
ID-004436,1,0,0,1,0.1389,0,0,1,0,2,1,0,0,0,1,0,0,0,1,0,0,1,0,1,0,0,0,1,1,0,0,0.7214,0.1062,0
ID-004437,1,1,0,0,0.1667,1,0,1,0,1,0,0,1,1,0,0,0,1,0,0,1,0,0,0,1,0,1,0,1,1,3,0.6979,0.1241,0
ID-004438,0,0,1,0,0.5278,1,0,0,1,1,1,0,0,1,0,0,1,0,0,0,1,0,0,1,0,0,0,1,2,1,1,0.6724,0.3816,0
ID-004439,0,1,0,1,0.5556,0,0,1,0,0,0,0,1,0,1,0,1,0,0,1,0,0,1,0,0,0,1,0,0,0,0,0.5705,0.3537,0
ID-004440,1,1,1,0,0.4444,0,0,0,1,1,1,0,0,0,1,0,0,0,1,0,1,0,0,0,1,0,1,0,0,1,3,0.2956,0.1793,0
ID-004441,1,1,1,1,0.6806,0,0,1,0,1,1,0,0,0,1,0,0,0,1,0,0,1,0,0,1,1,0,0,1,1,0,0.3856,0.3265,0
ID-004442,1,0,1,1,0.4028,1,1,0,0,0,1,0,0,0,1,0,0,0,1,0,1,0,0,1,0,0,0,1,1,0,1,0.59,0.2631,0
ID-004443,1,0,0,0,0.25,1,0,1,0,1,0,0,1,1,0,0,0,0,1,0,0,1,0,0,1,0,0,1,1,1,3,0.0929,0.0579,0
ID-004444,1,1,1,0,0.25,1,1,0,0,0,0,1,0,0,0,1,1,0,0,0,1,0,0,1,0,0,1,0,0,0,1,0.9843,0.2469,0
ID-004445,1,1,1,1,0.5694,1,0,1,0,2,0,0,1,0,0,1,0,0,1,0,1,0,0,0,1,0,0,1,2,1,0,0.0498,0.1111,0
ID-004446,0,0,0,0,0.4583,1,0,1,0,2,0,1,0,0,1,0,1,0,0,0,0,1,0,0,1,1,0,0,2,0,1,0.3497,0.206,0
ID-004447,1,0,1,1,0.25,0,0,0,1,0,0,0,1,0,1,0,0,1,0,1,0,0,0,0,1,0,1,0,2,0,0,0.912,0.2315,0
ID-004448,0,0,1,1,0.9583,0,0,0,1,2,1,0,0,0,1,0,0,0,1,0,1,0,1,0,0,0,1,0,2,0,0,0.688,0.7056,0
ID-004449,1,1,0,0,0.5556,0,0,1,0,1,1,0,0,0,0,1,0,1,0,0,0,1,1,0,0,1,0,0,0,0,2,0.8098,0.4664,0
ID-004450,0,0,1,0,0.6528,1,0,0,1,1,0,1,0,0,1,0,0,1,0,0,1,0,1,0,0,0,1,0,1,1,3,0.3191,0.2764,0
ID-004451,1,1,1,1,0.1667,0,0,1,0,0,0,1,0,1,0,0,1,0,0,0,0,1,1,0,0,1,0,0,1,0,1,0.1748,0.0502,0
ID-004452,0,0,0,1,0.3472,0,1,0,0,1,1,0,0,0,1,0,0,1,0,0,1,0,0,1,0,0,1,0,2,0,0,0.4674,0.1907,0
ID-004453,1,0,1,1,0.1806,1,1,0,0,0,0,1,0,1,0,0,0,1,0,0,0,1,1,0,0,0,0,1,2,1,1,0.1782,0.0549,0
ID-004454,0,0,1,1,0.1389,1,0,0,1,0,0,0,1,0,0,1,1,0,0,0,1,0,1,0,0,1,0,0,1,1,2,0.866,0.1232,0
ID-004455,1,0,1,0,0.6944,0,0,1,0,0,0,0,1,1,0,0,0,1,0,1,0,0,0,0,1,0,0,1,0,1,3,0.8327,0.5965,0
ID-004456,0,1,0,1,0.5417,1,1,0,0,0,0,0,1,1,0,0,0,0,1,0,0,1,0,0,1,0,0,1,2,0,3,0.2621,0.2031,0
ID-004457,1,1,0,0,0.4028,1,0,0,1,1,1,0,0,0,0,1,0,0,1,1,0,0,0,1,0,0,0,1,0,0,1,0.5692,0.256,0
ID-004458,1,1,0,1,0.6111,0,1,0,0,0,0,0,1,1,0,0,0,1,0,0,1,0,1,0,0,1,0,0,1,0,3,0.0522,0.1204,0
ID-004459,1,1,1,1,0.6111,0,0,0,1,2,0,1,0,1,0,0,0,1,0,0,0,1,0,0,1,1,0,0,0,1,1,0.6447,0.4275,0
ID-004460,1,1,1,0,0.8194,0,0,1,0,2,1,0,0,1,0,0,0,0,1,1,0,0,0,1,0,1,0,0,2,1,1,0.2599,0.3058,0
ID-004461,0,1,0,1,0.1111,1,1,0,0,1,0,0,1,0,1,0,0,1,0,0,0,1,1,0,0,0,0,1,1,1,3,0.5764,0.0713,0
ID-004462,1,0,1,1,0.7222,0,0,0,1,1,0,1,0,0,1,0,0,0,1,0,0,1,0,0,1,0,1,0,1,0,0,0.7931,0.5961,0
ID-004463,1,0,1,0,0.0694,0,0,0,1,0,0,1,0,1,0,0,0,0,1,1,0,0,0,1,0,0,1,0,0,0,2,0.7366,0.054,0
ID-004464,0,1,1,1,0.2222,0,1,0,0,2,1,0,0,0,0,1,0,1,0,0,1,0,0,0,1,0,0,1,2,0,0,0.8058,0.1858,0
ID-004465,1,1,0,0,0.7778,0,0,0,1,1,1,0,0,0,0,1,1,0,0,0,0,1,0,1,0,0,0,1,1,1,1,0.1488,0.217,0
ID-004466,1,1,1,0,0.9306,1,1,0,0,1,1,0,0,1,0,0,0,0,1,0,1,0,0,0,1,0,0,1,2,0,3,0.417,0.4713,0
ID-004467,0,0,0,0,0.25,1,1,0,0,2,0,0,1,0,0,1,1,0,0,0,0,1,0,0,1,0,0,1,0,0,3,0.5234,0.1492,0
ID-004468,1,1,0,1,0.7778,0,1,0,0,2,1,0,0,1,0,0,0,1,0,1,0,0,0,0,1,1,0,0,1,1,1,0.6912,0.5748,0
ID-004469,0,1,0,1,0.6389,0,1,0,0,1,0,0,1,0,0,1,0,0,1,0,1,0,0,1,0,1,0,0,0,1,2,0.4857,0.3608,0
ID-004470,1,0,0,1,0.4028,1,1,0,0,0,0,0,1,0,0,1,1,0,0,1,0,0,1,0,0,0,0,1,0,1,0,0.1582,0.1156,0
ID-004471,0,1,1,0,0.75,1,0,0,1,0,1,0,0,0,0,1,1,0,0,0,0,1,1,0,0,0,0,1,1,0,3,0.4994,0.4323,0
ID-004472,0,0,0,1,0.1667,0,0,0,1,1,0,0,1,1,0,0,0,1,0,0,1,0,0,0,1,0,0,1,0,0,3,0.833,0.1432,0
ID-004473,1,0,0,0,0.4583,1,0,0,1,1,0,0,1,0,1,0,0,1,0,0,0,1,1,0,0,0,1,0,0,1,3,0.6656,0.3287,0
ID-004474,1,1,0,1,0.9167,0,0,0,1,1,1,0,0,0,0,1,0,0,1,1,0,0,0,0,1,0,1,0,1,1,2,0.3072,0.3789,0
ID-004475,1,1,1,1,0.9722,0,0,1,0,1,0,0,1,1,0,0,0,1,0,0,1,0,0,0,1,0,1,0,0,1,2,0.3935,0.473,0
ID-004476,0,0,0,1,0.1111,0,0,0,1,2,0,0,1,0,0,1,0,1,0,1,0,0,0,0,1,1,0,0,1,0,3,0.112,0.0275,0
ID-004477,0,1,1,1,0.875,0,0,1,0,0,0,1,0,0,0,1,0,1,0,0,1,0,0,1,0,0,1,0,2,1,3,0.0201,0.1486,0
ID-004478,1,0,1,0,0.0,0,0,1,0,0,0,0,1,0,0,1,0,1,0,0,0,1,0,1,0,1,0,0,0,1,1,0.6892,0.0,0
ID-004479,1,1,0,0,0.7222,0,1,0,0,2,0,0,1,0,0,1,1,0,0,0,1,0,0,0,1,1,0,0,2,0,1,0.7359,0.5611,0
ID-004480,1,0,1,1,0.6111,0,0,1,0,2,1,0,0,1,0,0,1,0,0,0,0,1,0,1,0,1,0,0,2,1,1,0.8476,0.5326,0
ID-004481,1,1,1,1,0.6389,0,1,0,0,1,1,0,0,1,0,0,0,1,0,0,0,1,1,0,0,1,0,0,0,1,2,0.4201,0.3252,0
ID-004482,0,1,1,0,0.5694,1,1,0,0,0,0,1,0,1,0,0,0,0,1,1,0,0,1,0,0,0,0,1,0,0,0,0.7268,0.438,0
ID-004483,0,0,1,0,0.4583,0,1,0,0,2,0,1,0,1,0,0,0,0,1,0,1,0,0,1,0,1,0,0,0,1,3,0.6691,0.3301,0
ID-004484,1,1,1,1,0.5833,1,0,0,1,0,0,1,0,0,0,1,1,0,0,1,0,0,1,0,0,0,1,0,0,0,0,0.586,0.379,0
ID-004485,0,1,1,0,0.1667,1,1,0,0,2,1,0,0,0,1,0,1,0,0,0,1,0,0,0,1,1,0,0,0,1,3,0.4271,0.0858,0
ID-004486,0,1,0,1,0.625,1,0,0,1,0,0,0,1,1,0,0,0,0,1,0,0,1,0,1,0,0,0,1,2,1,0,0.6237,0.4261,0
ID-004487,0,0,1,1,0.5833,0,1,0,0,2,0,0,1,1,0,0,0,1,0,0,0,1,0,0,1,0,1,0,0,0,1,0.7972,0.4835,0
ID-004488,1,0,0,1,0.5278,0,1,0,0,0,0,1,0,1,0,0,1,0,0,1,0,0,0,0,1,0,0,1,2,0,0,0.8171,0.4464,0
ID-004489,0,0,1,1,0.7917,1,0,0,1,0,1,0,0,0,1,0,0,0,1,0,1,0,1,0,0,0,1,0,2,0,3,0.3391,0.3486,0
ID-004490,1,1,0,1,0.5417,1,1,0,0,1,0,0,1,0,0,1,1,0,0,1,0,0,0,0,1,0,1,0,1,1,0,0.902,0.4971,0
ID-004491,0,1,1,1,0.625,1,0,0,1,0,1,0,0,0,0,1,0,0,1,0,1,0,1,0,0,1,0,0,2,0,1,0.1218,0.1601,0
ID-004492,0,0,0,0,0.3889,1,0,1,0,0,1,0,0,1,0,0,1,0,0,1,0,0,0,0,1,0,0,1,1,1,3,0.3846,0.1863,0
ID-004493,0,1,0,1,0.9583,1,1,0,0,2,1,0,0,1,0,0,0,1,0,0,0,1,0,0,1,1,0,0,2,1,0,0.526,0.5739,0
ID-004494,1,0,0,1,0.0556,0,1,0,0,2,1,0,0,0,0,1,0,1,0,0,0,1,1,0,0,0,1,0,0,0,2,0.0241,0.0096,0
ID-004495,1,1,1,1,0.9722,1,0,0,1,0,1,0,0,0,0,1,0,0,1,0,0,1,1,0,0,0,0,1,1,1,0,0.4923,0.5545,0
ID-004496,0,0,0,1,0.5139,1,0,0,1,0,0,1,0,0,1,0,0,0,1,0,0,1,1,0,0,0,1,0,0,0,1,0.7523,0.4064,0
ID-004497,0,1,0,0,0.9583,0,0,0,1,1,0,0,1,0,1,0,0,1,0,1,0,0,0,1,0,0,1,0,0,1,0,0.2453,0.3458,0
ID-004498,1,1,1,0,0.7222,0,0,1,0,1,0,0,1,0,0,1,1,0,0,1,0,0,0,0,1,0,1,0,0,0,2,0.8507,0.6314,0
ID-004499,1,0,0,1,0.4306,1,1,0,0,2,0,0,1,0,1,0,1,0,0,0,1,0,0,0,1,0,0,1,0,0,2,0.892,0.3915,0
ID-004500,1,1,1,1,0.0972,0,0,0,1,2,1,0,0,0,0,1,0,0,1,0,0,1,0,0,1,0,1,0,1,1,3,0.196,0.031,0
ID-004501,1,0,1,0,0.6528,1,0,1,0,2,0,1,0,0,1,0,1,0,0,0,0,1,0,1,0,0,1,0,2,1,1,0.0835,0.146,0
ID-004502,0,1,0,0,0.2639,1,0,1,0,2,1,0,0,1,0,0,0,0,1,0,0,1,0,0,1,0,1,0,1,0,3,0.9314,0.2488,0
ID-004503,0,1,0,1,0.0,1,1,0,0,2,1,0,0,1,0,0,0,1,0,0,1,0,0,0,1,1,0,0,2,1,1,0.9455,0.0,0
ID-004504,0,0,1,0,0.4306,1,1,0,0,1,0,1,0,0,1,0,0,1,0,0,1,0,0,0,1,0,1,0,1,1,2,0.0879,0.0979,0
ID-004505,0,1,0,0,0.7917,0,1,0,0,0,1,0,0,1,0,0,0,1,0,1,0,0,1,0,0,1,0,0,2,1,2,0.2706,0.3026,0
ID-004506,1,1,1,0,0.4028,1,0,1,0,1,1,0,0,0,0,1,1,0,0,1,0,0,0,0,1,1,0,0,2,1,2,0.2545,0.1485,0
ID-004507,1,1,1,0,0.75,0,0,0,1,2,0,1,0,0,0,1,0,0,1,0,1,0,0,0,1,0,1,0,2,1,3,0.9174,0.6981,0
ID-004508,0,0,0,0,0.0,0,0,0,1,0,0,0,1,1,0,0,0,0,1,0,1,0,0,1,0,1,0,0,0,1,0,0.17,0.0,0
ID-004509,1,0,1,0,0.9167,0,0,1,0,2,0,1,0,0,0,1,1,0,0,1,0,0,0,0,1,0,0,1,2,0,1,0.5507,0.5681,0
ID-004510,1,1,0,1,0.6389,0,0,1,0,2,1,0,0,0,0,1,1,0,0,0,0,1,0,0,1,0,1,0,2,1,2,0.9922,0.6352,0
ID-004511,1,0,0,0,0.6111,0,1,0,0,2,0,1,0,0,0,1,0,0,1,0,1,0,1,0,0,0,0,1,2,1,0,0.1206,0.1559,0
ID-004512,1,1,0,0,0.3056,1,0,1,0,2,0,1,0,0,1,0,1,0,0,1,0,0,1,0,0,0,1,0,2,1,0,0.7309,0.2361,0
ID-004513,0,1,0,0,0.0417,1,0,0,1,0,0,1,0,0,0,1,0,1,0,0,1,0,1,0,0,0,1,0,0,0,3,0.7336,0.0323,0
ID-004514,0,1,0,1,0.7083,0,0,0,1,2,0,1,0,0,1,0,1,0,0,1,0,0,0,1,0,0,0,1,1,1,3,0.3861,0.3402,0
ID-004515,1,0,1,0,0.3472,0,0,1,0,0,0,1,0,0,1,0,0,0,1,0,1,0,0,0,1,1,0,0,2,1,3,0.7392,0.2707,0
ID-004516,0,0,0,0,0.3889,0,0,1,0,2,1,0,0,1,0,0,1,0,0,0,1,0,0,1,0,1,0,0,0,0,2,0.3408,0.1718,0
ID-004517,0,1,1,1,0.3472,1,1,0,0,2,1,0,0,0,0,1,1,0,0,1,0,0,0,1,0,1,0,0,2,1,3,0.9593,0.3355,0
ID-004518,1,0,1,0,0.5556,1,0,0,1,2,1,0,0,1,0,0,0,0,1,1,0,0,1,0,0,0,0,1,1,0,0,0.0173,0.093,0
ID-004519,0,0,1,0,0.0694,0,1,0,0,2,1,0,0,1,0,0,1,0,0,1,0,0,0,0,1,0,0,1,0,1,2,0.3601,0.0318,0
ID-004520,0,1,0,1,0.3056,0,0,0,1,0,0,1,0,0,0,1,1,0,0,0,0,1,0,0,1,1,0,0,1,1,3,0.4311,0.1584,0
ID-004521,1,1,0,0,0.7083,0,0,1,0,2,0,1,0,0,0,1,0,1,0,0,1,0,0,1,0,1,0,0,2,1,2,0.9574,0.6833,0
ID-004522,0,0,0,0,0.2778,0,1,0,0,1,0,0,1,0,0,1,0,1,0,1,0,0,0,1,0,1,0,0,2,1,0,0.4885,0.1575,0
ID-004523,1,1,1,0,0.4583,1,0,0,1,1,0,1,0,1,0,0,0,0,1,0,0,1,0,1,0,0,1,0,1,1,3,0.1143,0.1145,0
ID-004524,0,1,1,0,0.875,1,0,0,1,2,0,0,1,0,1,0,0,1,0,0,0,1,0,1,0,0,1,0,2,1,3,0.013,0.1433,0
ID-004525,1,1,0,1,0.375,1,0,0,1,1,0,0,1,1,0,0,0,1,0,0,1,0,0,0,1,0,1,0,1,0,0,0.2313,0.1308,0
ID-004526,1,1,0,1,0.6389,0,0,1,0,0,1,0,0,0,0,1,1,0,0,0,0,1,0,0,1,0,1,0,0,0,0,0.4525,0.3428,0
ID-004527,0,0,1,1,0.9306,1,1,0,0,0,0,1,0,0,0,1,1,0,0,1,0,0,0,1,0,1,0,0,2,1,0,0.8745,0.8323,0
ID-004528,0,1,0,0,0.0833,1,1,0,0,0,0,0,1,1,0,0,0,0,1,0,0,1,0,0,1,1,0,0,1,1,3,0.6923,0.0617,0
ID-004529,1,0,1,1,0.5556,1,0,0,1,0,0,1,0,0,1,0,1,0,0,0,0,1,1,0,0,0,1,0,2,1,0,0.9054,0.5114,0
ID-004530,1,1,1,1,0.9444,0,0,0,1,1,1,0,0,0,1,0,0,1,0,0,1,0,0,1,0,0,0,1,2,1,0,0.9554,0.9095,0
ID-004531,1,0,1,1,0.5139,0,0,1,0,0,0,0,1,0,0,1,0,0,1,1,0,0,1,0,0,0,0,1,0,1,2,0.5208,0.3055,0
ID-004532,0,1,1,0,0.9583,0,0,1,0,0,1,0,0,0,0,1,0,1,0,0,0,1,0,1,0,0,1,0,2,0,3,0.7492,0.7553,0
ID-004533,0,0,0,0,0.9306,0,0,1,0,0,0,1,0,0,0,1,0,1,0,0,1,0,1,0,0,1,0,0,0,1,1,0.0463,0.1787,0
ID-004534,0,1,1,0,0.125,1,0,0,1,0,0,1,0,0,1,0,0,0,1,0,1,0,0,0,1,1,0,0,1,1,0,0.6568,0.0887,0
ID-004535,1,1,0,1,0.1667,0,0,1,0,0,0,1,0,0,0,1,0,1,0,1,0,0,1,0,0,1,0,0,0,1,3,0.5929,0.1093,0
ID-004536,1,1,0,1,0.1111,0,0,0,1,2,1,0,0,0,1,0,0,1,0,0,1,0,0,0,1,0,0,1,1,1,0,0.8053,0.0929,0
ID-004537,0,1,0,1,0.1806,1,0,1,0,1,0,0,1,1,0,0,1,0,0,0,1,0,1,0,0,1,0,0,0,0,0,0.3608,0.0828,0
ID-004538,1,0,1,1,0.6528,1,1,0,0,0,1,0,0,1,0,0,0,1,0,1,0,0,0,1,0,1,0,0,1,0,3,0.1631,0.1901,0
ID-004539,0,1,0,0,0.2778,0,0,0,1,0,0,0,1,0,0,1,1,0,0,0,0,1,1,0,0,1,0,0,2,1,1,0.2428,0.0996,0
ID-004540,1,0,0,1,0.4167,0,1,0,0,1,0,1,0,0,0,1,1,0,0,0,1,0,0,1,0,0,1,0,1,0,2,0.3582,0.1902,0
ID-004541,1,1,1,1,0.7222,1,0,0,1,0,0,1,0,0,0,1,1,0,0,0,0,1,0,0,1,1,0,0,2,0,3,0.6084,0.483,0
ID-004542,1,1,1,1,0.4167,1,1,0,0,2,0,1,0,1,0,0,0,1,0,0,0,1,0,1,0,1,0,0,2,0,0,0.6486,0.2928,0
ID-004543,0,0,1,0,0.6944,1,1,0,0,1,0,0,1,0,0,1,0,0,1,0,1,0,1,0,0,0,0,1,0,1,2,0.1192,0.1763,0
ID-004544,1,1,1,0,0.5972,0,0,1,0,2,0,0,1,0,0,1,1,0,0,0,0,1,1,0,0,0,1,0,2,0,0,0.3819,0.2847,0
ID-004545,0,1,0,0,0.8056,0,1,0,0,0,0,1,0,1,0,0,0,1,0,1,0,0,1,0,0,0,0,1,2,1,3,0.9317,0.7596,0
ID-004546,1,1,1,1,0.1389,1,1,0,0,2,0,0,1,0,0,1,0,1,0,0,0,1,0,1,0,1,0,0,0,1,2,0.9821,0.1369,0
ID-004547,1,0,1,1,0.4306,1,0,1,0,2,0,0,1,0,1,0,0,1,0,1,0,0,0,1,0,0,0,1,2,1,1,0.2358,0.1519,0
ID-004548,1,1,1,0,0.9306,1,1,0,0,2,0,1,0,0,1,0,0,0,1,0,1,0,0,1,0,0,0,1,0,1,1,0.875,0.8327,0
ID-004549,1,0,1,0,0.3611,1,0,1,0,1,0,1,0,0,1,0,1,0,0,0,1,0,1,0,0,1,0,0,2,0,0,0.1702,0.1073,0
ID-004550,1,1,0,0,0.0278,1,0,0,1,2,0,0,1,0,1,0,0,0,1,0,1,0,1,0,0,1,0,0,2,1,2,0.401,0.0137,0
ID-004551,1,0,1,0,0.5556,1,1,0,0,0,0,1,0,0,0,1,0,0,1,1,0,0,0,1,0,0,0,1,1,1,1,0.0468,0.1069,0
ID-004552,0,0,1,1,0.8611,0,0,0,1,1,0,0,1,0,1,0,0,0,1,1,0,0,1,0,0,1,0,0,0,1,0,0.2896,0.343,0
ID-004553,1,0,1,0,0.7222,1,0,0,1,2,1,0,0,0,0,1,0,1,0,1,0,0,0,0,1,1,0,0,1,0,3,0.7897,0.5941,0
ID-004554,0,1,1,1,0.4167,1,0,1,0,1,1,0,0,0,1,0,1,0,0,0,1,0,1,0,0,0,1,0,0,1,0,0.2635,0.1568,0
ID-004555,0,1,0,1,0.8194,1,1,0,0,1,0,1,0,1,0,0,0,1,0,0,0,1,0,1,0,1,0,0,0,0,3,0.2174,0.2763,0
ID-004556,1,1,0,1,0.3472,1,0,1,0,0,0,0,1,0,0,1,1,0,0,0,0,1,1,0,0,0,1,0,2,0,2,0.5185,0.2057,0
ID-004557,1,0,1,1,0.0694,0,1,0,0,0,0,0,1,1,0,0,0,0,1,1,0,0,0,1,0,0,1,0,1,1,2,0.0241,0.012,0
ID-004558,1,0,1,1,0.8611,1,0,1,0,2,0,0,1,0,1,0,0,1,0,0,0,1,0,1,0,0,1,0,0,1,0,0.0286,0.1525,0
ID-004559,1,0,1,1,0.0833,0,0,0,1,2,1,0,0,0,1,0,1,0,0,0,1,0,1,0,0,0,0,1,2,1,3,0.5675,0.0528,0
ID-004560,1,1,1,0,0.6389,1,0,0,1,1,0,0,1,1,0,0,1,0,0,0,1,0,0,0,1,1,0,0,0,0,0,0.2855,0.2523,0
ID-004561,1,0,0,1,0.5556,1,0,0,1,0,0,1,0,1,0,0,0,1,0,0,0,1,1,0,0,0,0,1,1,0,2,0.663,0.3972,0
ID-004562,1,1,1,0,0.4444,0,1,0,0,2,1,0,0,1,0,0,0,1,0,0,0,1,1,0,0,0,0,1,1,1,1,0.7905,0.3659,0
ID-004563,1,1,1,1,0.0417,1,0,1,0,1,0,0,1,0,1,0,0,0,1,1,0,0,0,0,1,0,1,0,2,0,3,0.8377,0.036,0
ID-004564,1,1,1,1,0.0694,0,0,1,0,0,0,0,1,0,1,0,1,0,0,1,0,0,0,1,0,0,1,0,0,0,3,0.2544,0.0256,0
ID-004565,1,0,0,1,0.5,1,1,0,0,2,0,0,1,1,0,0,1,0,0,0,0,1,0,1,0,0,0,1,2,1,2,0.0747,0.1081,0
ID-004566,1,1,0,0,0.3889,1,0,0,1,0,1,0,0,1,0,0,0,0,1,1,0,0,0,0,1,0,1,0,2,1,3,0.4643,0.2126,0
ID-004567,1,0,0,1,0.2222,0,0,1,0,0,1,0,0,0,0,1,0,1,0,0,0,1,0,1,0,1,0,0,2,1,2,0.7241,0.1704,0
ID-004568,0,1,1,0,1.0,0,1,0,0,0,1,0,0,0,1,0,0,0,1,0,1,0,0,1,0,0,0,1,0,0,0,0.229,0.347,0
ID-004569,0,0,0,0,0.0139,1,0,1,0,0,1,0,0,1,0,0,1,0,0,1,0,0,0,1,0,0,0,1,1,0,3,0.861,0.0123,0
ID-004570,0,0,1,1,0.2778,0,0,1,0,1,0,0,1,0,0,1,0,1,0,1,0,0,0,0,1,0,0,1,1,1,2,0.5207,0.1651,0
ID-004571,1,0,1,0,0.2917,1,0,0,1,0,1,0,0,0,1,0,0,1,0,0,0,1,0,1,0,0,1,0,0,0,1,0.3545,0.1322,0
ID-004572,0,1,1,0,0.1111,0,0,1,0,2,0,0,1,0,1,0,0,0,1,1,0,0,0,1,0,0,1,0,2,0,1,0.3027,0.0455,0
ID-004573,0,1,0,1,0.1806,0,0,0,1,0,1,0,0,0,0,1,1,0,0,0,1,0,0,1,0,0,0,1,2,0,3,0.2985,0.0733,0
ID-004574,1,0,0,0,0.1806,0,0,1,0,1,1,0,0,0,0,1,0,0,1,1,0,0,0,1,0,0,0,1,2,0,0,0.1207,0.0461,0
ID-004575,1,0,1,1,0.9306,0,0,0,1,2,1,0,0,1,0,0,1,0,0,0,1,0,0,1,0,1,0,0,1,0,0,0.3612,0.4272,0
ID-004576,1,0,0,1,0.4306,0,0,1,0,2,0,1,0,0,1,0,1,0,0,1,0,0,1,0,0,0,1,0,1,1,1,0.6269,0.2947,0
ID-004577,1,1,0,0,0.9861,0,0,0,1,2,1,0,0,0,0,1,0,0,1,1,0,0,1,0,0,0,0,1,2,1,2,0.703,0.7386,0
ID-004578,0,1,1,1,0.3056,1,1,0,0,0,0,1,0,1,0,0,0,1,0,0,0,1,0,0,1,1,0,0,1,0,1,0.7531,0.2418,0
ID-004579,1,0,1,1,0.1111,0,0,0,1,1,0,0,1,0,1,0,0,1,0,0,0,1,0,1,0,0,1,0,1,1,3,0.3812,0.0529,0
ID-004580,1,0,1,0,0.9028,0,0,1,0,0,0,0,1,1,0,0,1,0,0,1,0,0,0,0,1,1,0,0,1,0,0,0.5348,0.5473,0
ID-004581,1,1,1,0,0.2639,1,0,1,0,0,0,1,0,1,0,0,0,0,1,0,0,1,1,0,0,0,1,0,1,1,1,0.1123,0.0655,0
ID-004582,1,0,1,1,0.2639,0,1,0,0,2,1,0,0,0,0,1,1,0,0,0,0,1,0,1,0,0,0,1,0,1,0,0.0144,0.0435,0
ID-004583,0,0,1,1,0.25,0,0,0,1,1,0,1,0,0,0,1,0,1,0,1,0,0,0,1,0,0,0,1,0,0,3,0.115,0.0626,0
ID-004584,1,0,0,1,0.8611,1,0,1,0,0,0,1,0,0,1,0,0,0,1,0,0,1,1,0,0,1,0,0,1,1,1,0.2353,0.3034,0
ID-004585,0,0,0,1,0.4861,1,0,1,0,1,1,0,0,1,0,0,1,0,0,0,0,1,0,0,1,0,1,0,0,1,0,0.2293,0.1688,0
ID-004586,0,1,0,0,0.4306,1,0,1,0,1,0,1,0,0,0,1,0,1,0,0,1,0,0,1,0,1,0,0,1,1,0,0.5083,0.2514,0
ID-004587,0,0,1,0,0.4444,1,0,0,1,2,0,0,1,1,0,0,1,0,0,0,1,0,1,0,0,0,0,1,0,0,0,0.4747,0.2468,0
ID-004588,1,1,0,1,0.1528,0,0,1,0,2,0,1,0,0,0,1,1,0,0,0,0,1,0,0,1,1,0,0,0,0,0,0.079,0.0336,0
ID-004589,0,0,0,0,0.3333,0,0,0,1,2,0,0,1,1,0,0,0,0,1,0,0,1,0,1,0,0,1,0,0,1,2,0.4679,0.1832,0
ID-004590,1,1,0,1,0.5417,1,0,0,1,1,0,0,1,1,0,0,0,0,1,0,1,0,0,1,0,1,0,0,2,1,0,0.4098,0.271,0
ID-004591,0,0,1,0,0.3056,1,0,0,1,1,1,0,0,0,1,0,0,1,0,1,0,0,0,1,0,0,1,0,0,1,3,0.1469,0.0848,0
ID-004592,1,0,0,0,0.5972,1,0,1,0,0,1,0,0,0,0,1,0,1,0,0,0,1,0,0,1,0,1,0,0,1,3,0.8813,0.5376,0
ID-004593,0,1,0,1,0.0972,1,1,0,0,2,1,0,0,1,0,0,0,0,1,0,0,1,0,0,1,0,0,1,0,0,0,0.8193,0.0824,0
ID-004594,0,1,0,0,0.9861,1,0,1,0,0,1,0,0,0,1,0,1,0,0,0,0,1,0,0,1,1,0,0,1,1,3,0.7818,0.8045,0
ID-004595,0,0,0,1,0.2639,1,1,0,0,1,0,1,0,0,1,0,0,0,1,0,0,1,1,0,0,1,0,0,0,0,1,0.1156,0.0662,0
ID-004596,1,0,0,0,0.6389,1,1,0,0,2,0,1,0,0,0,1,1,0,0,0,1,0,1,0,0,0,1,0,0,1,1,0.621,0.4341,0
ID-004597,1,1,1,0,0.3611,0,0,0,1,2,1,0,0,1,0,0,0,0,1,0,0,1,1,0,0,0,1,0,2,1,0,0.9886,0.3579,0
ID-004598,1,1,1,1,0.0694,1,0,0,1,0,0,0,1,1,0,0,0,1,0,1,0,0,0,0,1,0,1,0,2,0,1,0.5826,0.0449,0
ID-004599,1,1,1,0,0.4861,0,1,0,0,1,1,0,0,0,1,0,1,0,0,0,0,1,0,0,1,1,0,0,2,0,3,0.8988,0.4448,0
ID-004600,0,0,1,1,0.9722,1,0,0,1,0,0,0,1,1,0,0,0,0,1,1,0,0,0,0,1,0,0,1,1,1,0,0.0264,0.1703,0
ID-004601,0,0,0,0,0.4306,0,1,0,0,0,1,0,0,0,1,0,1,0,0,0,0,1,1,0,0,0,0,1,1,1,1,0.6228,0.2932,0
ID-004602,1,0,0,1,0.6944,0,0,0,1,1,0,0,1,0,1,0,0,0,1,0,0,1,0,1,0,1,0,0,2,0,2,0.596,0.4571,0
ID-004603,1,1,1,1,0.4028,0,0,0,1,1,1,0,0,0,1,0,0,0,1,0,0,1,0,0,1,0,0,1,1,1,1,0.0276,0.071,0
ID-004604,0,0,1,1,0.6944,0,0,0,1,1,0,0,1,0,0,1,0,1,0,0,1,0,0,1,0,1,0,0,0,1,0,0.6618,0.4959,0
ID-004605,0,1,0,1,0.0278,1,1,0,0,1,0,1,0,1,0,0,0,0,1,0,1,0,0,1,0,0,0,1,2,1,3,0.2252,0.0095,0
ID-004606,1,1,1,0,0.25,1,1,0,0,1,0,1,0,0,1,0,1,0,0,0,1,0,0,1,0,1,0,0,1,1,2,0.2138,0.0835,0
ID-004607,1,1,1,0,0.6944,0,0,0,1,0,0,0,1,1,0,0,0,0,1,0,1,0,0,1,0,0,0,1,2,1,3,0.5425,0.4256,0
ID-004608,1,1,0,0,0.75,1,0,0,1,0,1,0,0,1,0,0,1,0,0,0,0,1,0,1,0,0,1,0,0,1,2,0.1816,0.2301,0
ID-004609,1,1,0,1,0.8611,0,0,1,0,1,1,0,0,0,1,0,1,0,0,0,0,1,0,0,1,0,0,1,1,0,3,0.0248,0.1497,0
ID-004610,1,1,1,1,0.4306,0,1,0,0,0,0,1,0,1,0,0,1,0,0,1,0,0,1,0,0,1,0,0,0,0,2,0.8883,0.3901,0
ID-004611,1,1,0,1,0.75,1,0,1,0,2,0,0,1,0,1,0,0,1,0,0,0,1,0,1,0,1,0,0,0,0,1,0.8751,0.6712,0
ID-004612,1,0,0,0,0.0833,0,0,1,0,2,1,0,0,1,0,0,1,0,0,0,1,0,0,1,0,1,0,0,0,1,3,0.8957,0.076,0
ID-004613,1,0,0,0,0.9722,1,0,0,1,2,0,1,0,0,0,1,0,0,1,0,0,1,0,0,1,0,1,0,1,0,1,0.0184,0.1637,0
ID-004614,0,0,0,1,0.3472,1,1,0,0,2,0,0,1,0,0,1,0,0,1,0,1,0,1,0,0,0,1,0,0,0,1,0.5296,0.209,0
ID-004615,1,0,1,1,0.8889,0,1,0,0,2,1,0,0,0,1,0,0,1,0,0,1,0,1,0,0,1,0,0,2,0,0,0.4988,0.5119,0
ID-004616,1,0,0,1,0.7222,1,1,0,0,1,1,0,0,1,0,0,0,0,1,0,0,1,0,0,1,0,1,0,0,1,0,0.2059,0.2364,0
ID-004617,1,0,1,1,0.9861,1,1,0,0,1,0,1,0,1,0,0,0,1,0,0,0,1,0,0,1,1,0,0,0,1,0,0.0901,0.226,0
ID-004618,1,0,0,0,0.5972,1,0,1,0,1,0,1,0,1,0,0,1,0,0,0,1,0,0,1,0,0,0,1,1,1,3,0.8158,0.5045,0
ID-004619,0,0,1,1,0.7917,0,1,0,0,1,0,1,0,1,0,0,0,1,0,0,0,1,0,0,1,1,0,0,2,1,3,0.9868,0.7835,0
ID-004620,0,1,0,1,0.5417,0,0,0,1,2,0,0,1,1,0,0,0,0,1,0,1,0,0,0,1,0,1,0,1,1,3,0.3707,0.2531,0
ID-004621,1,0,1,1,0.6528,0,0,1,0,2,0,1,0,1,0,0,1,0,0,1,0,0,0,1,0,0,1,0,0,0,2,0.556,0.4075,0
ID-004622,0,1,1,1,0.0972,0,0,0,1,0,0,0,1,1,0,0,0,1,0,0,1,0,1,0,0,0,1,0,1,0,1,0.2086,0.0321,0
ID-004623,1,0,0,0,0.4306,0,1,0,0,0,0,1,0,0,1,0,0,1,0,0,1,0,0,1,0,0,1,0,1,1,0,0.6959,0.3199,0
ID-004624,0,0,1,1,0.9583,0,0,1,0,2,1,0,0,0,1,0,1,0,0,0,0,1,1,0,0,1,0,0,0,0,0,0.0777,0.2096,0
ID-004625,1,1,1,1,0.5556,0,0,1,0,1,0,0,1,1,0,0,0,0,1,0,0,1,0,1,0,1,0,0,0,0,1,0.5316,0.3353,0
ID-004626,0,1,0,1,0.25,1,1,0,0,2,0,1,0,0,0,1,0,1,0,1,0,0,0,0,1,0,1,0,0,0,0,0.5249,0.1495,0
ID-004627,0,1,1,0,0.25,0,0,0,1,1,0,0,1,0,0,1,0,1,0,0,0,1,0,0,1,0,1,0,1,1,2,0.3105,0.104,0
ID-004628,1,0,0,0,0.8472,1,0,1,0,1,0,0,1,0,1,0,0,0,1,0,1,0,0,0,1,0,1,0,0,0,0,0.7846,0.6932,0
ID-004629,0,1,1,1,0.7083,0,0,0,1,1,0,1,0,0,0,1,0,1,0,1,0,0,0,1,0,0,1,0,2,1,0,0.9278,0.6655,0
ID-004630,1,1,0,0,0.2917,1,0,1,0,0,1,0,0,1,0,0,0,0,1,1,0,0,0,0,1,0,0,1,2,1,3,0.1447,0.0804,0
ID-004631,0,0,1,1,0.8889,0,0,0,1,0,1,0,0,0,0,1,0,0,1,0,0,1,0,1,0,0,1,0,1,0,1,0.0154,0.1474,0
ID-004632,0,0,0,1,0.1806,1,0,1,0,1,1,0,0,0,1,0,1,0,0,0,0,1,0,0,1,0,0,1,2,1,3,0.3044,0.0742,0
ID-004633,0,1,0,1,0.2083,0,0,0,1,1,0,1,0,1,0,0,0,1,0,1,0,0,0,1,0,0,1,0,0,0,0,0.1103,0.0513,0
ID-004634,0,1,0,0,0.5417,0,0,1,0,2,1,0,0,1,0,0,0,0,1,0,0,1,1,0,0,0,1,0,2,0,2,0.8563,0.4761,0
ID-004635,1,1,1,1,0.0,1,0,0,1,1,0,0,1,0,1,0,1,0,0,1,0,0,0,1,0,0,0,1,2,1,1,0.3505,0.0,0
ID-004636,0,0,0,0,0.3333,1,1,0,0,1,1,0,0,0,0,1,0,0,1,0,0,1,1,0,0,1,0,0,0,0,1,0.2894,0.1327,0
ID-004637,0,0,1,1,0.5278,1,0,0,1,2,0,0,1,0,0,1,0,0,1,1,0,0,0,1,0,0,0,1,1,0,1,0.5194,0.3131,0
ID-004638,1,1,1,0,0.9583,1,1,0,0,2,0,1,0,0,0,1,0,0,1,1,0,0,0,1,0,1,0,0,0,1,1,0.3966,0.4688,0
ID-004639,1,0,1,1,0.4028,1,0,1,0,2,0,1,0,1,0,0,0,1,0,0,1,0,0,0,1,0,0,1,2,0,2,0.7182,0.3069,0
ID-004640,0,0,0,1,0.7222,0,0,0,1,2,0,0,1,0,1,0,0,1,0,0,1,0,0,1,0,0,0,1,0,0,1,0.4261,0.3713,0
ID-004641,1,1,1,0,0.7083,0,0,0,1,0,1,0,0,1,0,0,0,0,1,0,0,1,1,0,0,0,0,1,1,0,1,0.0323,0.1276,0
ID-004642,0,0,1,0,0.1111,1,0,0,1,2,0,1,0,0,1,0,1,0,0,0,0,1,0,1,0,1,0,0,0,0,0,0.7157,0.0844,0
ID-004643,0,1,0,0,0.0556,0,0,1,0,0,0,0,1,0,0,1,0,0,1,0,1,0,0,1,0,0,0,1,1,1,0,0.2573,0.0206,0
ID-004644,0,0,0,0,0.5417,1,1,0,0,0,0,1,0,1,0,0,1,0,0,0,1,0,1,0,0,0,1,0,0,1,3,0.7283,0.4173,0
ID-004645,1,0,0,1,0.625,1,0,0,1,2,1,0,0,0,1,0,0,0,1,1,0,0,0,0,1,1,0,0,2,0,0,0.0381,0.1157,0
ID-004646,1,0,1,1,0.7917,1,0,0,1,2,1,0,0,1,0,0,0,0,1,0,0,1,0,0,1,0,0,1,0,1,0,0.6141,0.5332,0
ID-004647,1,1,0,0,0.1667,0,0,1,0,0,0,1,0,0,1,0,1,0,0,0,1,0,0,1,0,0,1,0,2,1,3,0.8399,0.1442,0
ID-004648,0,0,0,1,0.2083,1,1,0,0,1,0,1,0,1,0,0,1,0,0,0,0,1,1,0,0,1,0,0,0,1,2,0.8991,0.1907,0
ID-004649,0,0,0,0,0.9306,1,0,1,0,1,0,0,1,0,0,1,1,0,0,0,0,1,0,0,1,1,0,0,2,1,0,0.6221,0.6331,0
ID-004650,0,0,0,0,0.6111,1,0,1,0,0,1,0,0,1,0,0,0,1,0,0,0,1,1,0,0,1,0,0,1,0,3,0.7355,0.4746,0
ID-004651,1,1,0,1,0.9583,1,1,0,0,0,0,0,1,1,0,0,0,0,1,0,1,0,0,1,0,1,0,0,0,0,0,0.4385,0.5028,0
ID-004652,0,1,0,0,0.5556,0,0,0,1,1,0,0,1,0,0,1,0,1,0,0,1,0,1,0,0,0,0,1,0,1,3,0.1445,0.153,0
ID-004653,0,1,0,1,0.0139,0,0,0,1,1,0,1,0,0,1,0,0,0,1,0,1,0,1,0,0,0,1,0,0,1,0,0.2615,0.0052,0
ID-004654,0,0,1,1,0.1667,1,0,0,1,0,1,0,0,0,0,1,1,0,0,0,0,1,0,1,0,0,0,1,0,0,2,0.0726,0.0357,0
ID-004655,0,0,1,1,0.6667,1,0,1,0,2,0,1,0,0,1,0,0,1,0,0,0,1,0,0,1,0,1,0,2,0,2,0.0136,0.1095,0
ID-004656,1,0,0,0,0.0833,0,0,1,0,0,1,0,0,0,0,1,0,1,0,0,1,0,0,1,0,0,0,1,1,0,3,0.2466,0.0302,0
ID-004657,0,1,0,1,0.4028,0,1,0,0,2,1,0,0,0,0,1,1,0,0,1,0,0,1,0,0,1,0,0,0,1,2,0.8232,0.3427,0
ID-004658,1,1,0,0,0.3611,0,1,0,0,2,0,0,1,1,0,0,1,0,0,0,0,1,0,0,1,0,1,0,0,0,1,0.2893,0.1438,0
ID-004659,1,1,1,0,0.25,1,0,0,1,2,0,1,0,1,0,0,0,0,1,0,0,1,0,0,1,0,1,0,2,1,0,0.4223,0.1277,0
ID-004660,1,0,1,0,0.5972,0,0,0,1,2,1,0,0,1,0,0,0,1,0,0,1,0,1,0,0,0,0,1,0,1,3,0.6239,0.4072,0
ID-004661,1,0,1,1,0.6111,0,0,1,0,0,0,1,0,1,0,0,1,0,0,0,0,1,0,0,1,0,1,0,1,0,0,0.0915,0.1408,0
ID-004662,0,0,0,1,0.5833,0,0,0,1,1,0,0,1,0,0,1,0,1,0,0,0,1,0,1,0,0,0,1,2,0,0,0.1502,0.1635,0
ID-004663,1,1,0,1,0.625,1,0,0,1,0,0,1,0,0,0,1,1,0,0,0,0,1,0,1,0,1,0,0,1,0,0,0.503,0.3621,0
ID-004664,1,1,1,0,0.6389,1,0,1,0,2,0,1,0,1,0,0,1,0,0,0,1,0,0,1,0,0,1,0,0,1,3,0.2542,0.2353,0
ID-004665,1,0,0,0,0.3472,0,0,1,0,0,1,0,0,0,0,1,0,0,1,1,0,0,1,0,0,0,0,1,1,1,0,0.361,0.1594,0
ID-004666,0,0,0,0,0.2917,1,1,0,0,2,0,1,0,0,1,0,0,0,1,0,0,1,1,0,0,0,1,0,1,0,1,0.1298,0.0767,0
ID-004667,1,1,1,1,0.7083,1,0,0,1,1,0,0,1,0,1,0,0,1,0,0,0,1,0,1,0,1,0,0,1,1,0,0.1928,0.224,0
ID-004668,1,1,0,0,0.0556,0,0,0,1,1,1,0,0,0,0,1,0,1,0,1,0,0,0,1,0,0,1,0,1,0,0,0.7722,0.0449,0
ID-004669,1,1,1,0,0.8889,0,0,1,0,2,1,0,0,0,1,0,0,0,1,0,0,1,0,1,0,1,0,0,0,0,0,0.9703,0.8672,0
ID-004670,1,0,1,1,0.9583,1,1,0,0,1,1,0,0,0,0,1,0,0,1,1,0,0,1,0,0,0,1,0,0,0,2,0.7035,0.7182,0
ID-004671,1,0,0,0,0.2222,1,0,0,1,1,1,0,0,0,0,1,0,1,0,0,1,0,0,1,0,0,1,0,2,1,2,0.7066,0.1671,0
ID-004672,0,0,1,1,0.5972,1,0,0,1,0,0,0,1,1,0,0,0,0,1,0,1,0,1,0,0,1,0,0,0,0,1,0.6911,0.4413,0
ID-004673,1,1,1,0,0.5694,0,1,0,0,2,0,1,0,0,0,1,0,1,0,0,1,0,0,0,1,0,0,1,2,0,0,0.6426,0.3973,0
ID-004674,0,1,1,0,0.1111,1,0,0,1,1,0,1,0,0,1,0,0,0,1,0,0,1,0,1,0,0,1,0,1,1,2,0.3341,0.0485,0
ID-004675,1,0,1,1,0.4306,0,0,0,1,1,0,0,1,0,0,1,1,0,0,0,1,0,0,1,0,0,0,1,1,1,2,0.5091,0.2517,0
ID-004676,1,0,0,1,0.5139,0,1,0,0,0,1,0,0,0,0,1,0,0,1,1,0,0,0,1,0,1,0,0,0,1,1,0.2761,0.1988,0
ID-004677,1,0,1,1,0.2778,0,1,0,0,2,0,0,1,1,0,0,0,0,1,1,0,0,0,1,0,0,0,1,0,1,1,0.826,0.237,0
ID-004678,1,1,0,0,0.1389,0,0,1,0,0,0,1,0,1,0,0,1,0,0,0,1,0,0,1,0,1,0,0,0,0,3,0.6589,0.0988,0
ID-004679,0,1,0,1,0.9861,1,1,0,0,1,0,1,0,1,0,0,0,0,1,1,0,0,0,1,0,1,0,0,0,1,0,0.8746,0.882,0
ID-004680,0,0,0,1,0.1667,0,0,1,0,1,0,1,0,0,0,1,0,1,0,1,0,0,0,0,1,1,0,0,2,0,1,0.5984,0.11,0
ID-004681,0,0,0,0,0.6667,1,0,1,0,2,0,1,0,0,0,1,0,1,0,1,0,0,0,1,0,0,1,0,0,1,1,0.8842,0.6017,0
ID-004682,1,1,0,0,0.875,1,0,0,1,2,0,1,0,1,0,0,1,0,0,0,1,0,1,0,0,1,0,0,1,0,1,0.21,0.2895,0
ID-004683,1,0,0,1,0.2917,0,0,1,0,1,0,1,0,0,1,0,1,0,0,1,0,0,1,0,0,0,1,0,2,1,2,0.5001,0.1683,0
ID-004684,1,1,0,1,0.9444,1,1,0,0,0,1,0,0,0,0,1,0,0,1,1,0,0,0,0,1,1,0,0,2,1,3,0.7928,0.7793,0
ID-004685,0,1,0,1,0.6111,1,0,1,0,2,0,0,1,0,0,1,1,0,0,0,1,0,0,1,0,1,0,0,0,1,2,0.5775,0.3926,0
ID-004686,1,0,0,0,0.1944,0,0,0,1,1,0,0,1,1,0,0,1,0,0,0,0,1,1,0,0,0,0,1,2,0,3,0.3943,0.0947,0
ID-004687,0,1,1,0,0.7361,0,0,1,0,2,0,0,1,0,1,0,0,0,1,1,0,0,0,1,0,0,1,0,1,1,2,0.0112,0.1195,0
ID-004688,0,1,1,0,0.9167,0,0,1,0,1,1,0,0,0,0,1,1,0,0,0,0,1,0,0,1,1,0,0,0,0,0,0.8364,0.7902,0
ID-004689,0,1,1,0,0.6528,0,1,0,0,1,0,0,1,0,1,0,1,0,0,0,0,1,0,1,0,0,1,0,0,1,2,0.4713,0.3607,0
ID-004690,0,1,1,1,0.1111,0,0,0,1,1,1,0,0,0,1,0,0,0,1,0,0,1,0,0,1,0,1,0,1,1,3,0.7404,0.0867,0
ID-004691,0,1,0,1,0.75,1,1,0,0,0,0,0,1,0,0,1,1,0,0,0,0,1,0,1,0,0,0,1,2,1,1,0.6053,0.4996,0
ID-004692,1,0,0,1,0.6667,1,1,0,0,2,1,0,0,1,0,0,0,0,1,1,0,0,0,0,1,1,0,0,1,0,1,0.8191,0.565,0
ID-004693,0,0,0,0,0.2917,1,0,0,1,1,0,0,1,0,0,1,0,1,0,0,0,1,1,0,0,0,1,0,2,0,1,0.5043,0.1693,0
ID-004694,0,0,0,1,0.0556,0,0,1,0,0,1,0,0,1,0,0,0,0,1,0,0,1,0,0,1,0,0,1,1,1,2,0.2725,0.0213,0
ID-004695,0,1,0,1,0.6806,0,0,1,0,0,1,0,0,1,0,0,1,0,0,0,0,1,0,0,1,1,0,0,1,1,1,0.628,0.4664,0
ID-004696,1,1,1,0,1.0,0,0,0,1,1,1,0,0,0,0,1,1,0,0,0,1,0,0,0,1,0,1,0,2,1,2,0.6749,0.7251,0
ID-004697,1,0,0,0,0.9167,1,0,0,1,2,1,0,0,1,0,0,0,1,0,1,0,0,0,1,0,0,1,0,1,0,1,0.0516,0.1802,0
ID-004698,0,1,1,0,0.2083,0,0,1,0,0,0,0,1,1,0,0,0,0,1,0,0,1,1,0,0,0,0,1,1,1,3,0.093,0.0483,0
ID-004699,0,0,1,1,0.0278,0,0,0,1,1,0,0,1,0,1,0,1,0,0,1,0,0,0,0,1,0,0,1,0,0,3,0.0665,0.0058,0
ID-004700,0,0,1,1,0.1944,1,0,1,0,2,0,0,1,0,1,0,0,1,0,1,0,0,0,1,0,0,1,0,1,0,0,0.9596,0.1879,0
ID-004701,1,0,0,1,0.5139,1,0,0,1,2,0,1,0,0,1,0,0,0,1,0,0,1,0,0,1,1,0,0,1,1,3,0.5977,0.339,0
ID-004702,1,1,1,1,0.1389,0,0,1,0,2,1,0,0,0,0,1,0,1,0,1,0,0,0,0,1,1,0,0,1,1,2,0.4898,0.0789,0
ID-004703,1,0,1,1,0.0694,1,0,0,1,0,1,0,0,0,0,1,1,0,0,0,1,0,1,0,0,1,0,0,0,1,1,0.1823,0.0213,0
ID-004704,1,0,0,0,0.6389,0,1,0,0,1,0,0,1,1,0,0,1,0,0,0,0,1,0,0,1,0,0,1,1,1,3,0.6689,0.46,0
ID-004705,1,1,0,0,0.125,0,1,0,0,0,0,0,1,0,1,0,0,1,0,1,0,0,1,0,0,0,1,0,2,1,1,0.0832,0.0279,0
ID-004706,0,1,1,0,0.7778,0,0,0,1,0,1,0,0,0,0,1,1,0,0,0,1,0,1,0,0,1,0,0,0,0,1,0.5035,0.4509,0
ID-004707,0,1,1,0,0.5972,1,1,0,0,1,0,1,0,1,0,0,0,0,1,0,1,0,0,1,0,0,1,0,1,1,0,0.4397,0.314,0
ID-004708,1,0,1,0,0.5417,1,1,0,0,1,1,0,0,1,0,0,0,1,0,0,1,0,1,0,0,1,0,0,0,1,2,0.4674,0.2975,0
ID-004709,0,0,1,0,0.3889,1,0,0,1,1,0,0,1,0,1,0,1,0,0,0,0,1,1,0,0,0,1,0,2,1,3,0.1557,0.1108,0
ID-004710,0,0,0,1,0.8194,0,0,0,1,2,0,1,0,0,0,1,0,0,1,0,1,0,0,1,0,0,1,0,0,1,1,0.4159,0.4142,0
ID-004711,0,1,0,0,0.8472,1,0,1,0,0,0,1,0,1,0,0,1,0,0,0,0,1,0,0,1,0,1,0,0,1,0,0.7363,0.6585,0
ID-004712,1,0,1,1,0.0972,0,1,0,0,0,0,1,0,1,0,0,1,0,0,0,0,1,0,1,0,0,1,0,2,1,2,0.3202,0.0413,0
ID-004713,1,1,1,0,1.0,1,0,1,0,2,1,0,0,1,0,0,0,0,1,0,1,0,1,0,0,0,0,1,0,1,0,0.186,0.3105,0
ID-004714,1,0,0,1,0.0694,0,0,1,0,0,0,0,1,0,1,0,0,0,1,0,1,0,0,1,0,1,0,0,0,0,0,0.5851,0.0451,0
ID-004715,0,0,0,0,0.2083,1,0,0,1,2,0,1,0,0,1,0,1,0,0,1,0,0,1,0,0,0,1,0,0,0,1,0.5131,0.1225,0
ID-004716,0,1,0,0,0.1944,1,0,0,1,1,0,0,1,0,1,0,0,0,1,0,0,1,1,0,0,1,0,0,1,0,1,0.1139,0.0485,0
ID-004717,1,1,1,1,0.4583,0,1,0,0,2,0,0,1,0,1,0,0,0,1,0,1,0,1,0,0,0,1,0,2,1,0,0.1238,0.1182,0
ID-004718,0,1,1,1,0.4722,0,0,1,0,0,0,0,1,0,0,1,0,1,0,1,0,0,1,0,0,0,0,1,0,0,2,0.368,0.2195,0
ID-004719,1,1,1,1,0.2639,0,1,0,0,1,0,1,0,0,1,0,0,0,1,0,0,1,0,0,1,1,0,0,2,0,1,0.319,0.1117,0
ID-004720,1,1,0,1,0.9583,1,0,0,1,2,0,1,0,0,0,1,0,1,0,0,1,0,1,0,0,1,0,0,2,1,3,0.7785,0.7792,0
ID-004721,0,1,1,1,0.7361,1,0,1,0,0,1,0,0,0,1,0,0,1,0,0,1,0,0,1,0,1,0,0,1,0,1,0.1565,0.2102,0
ID-004722,1,0,0,1,0.2639,1,1,0,0,0,0,1,0,0,0,1,0,0,1,1,0,0,0,1,0,0,0,1,1,0,1,0.2134,0.0881,0
ID-004723,1,1,1,0,0.2778,1,0,1,0,2,0,1,0,0,0,1,0,0,1,0,0,1,0,0,1,0,1,0,0,1,1,0.5082,0.1621,0
ID-004724,0,0,1,1,0.0556,0,1,0,0,0,1,0,0,0,1,0,0,1,0,1,0,0,0,0,1,0,1,0,1,1,0,0.2316,0.0194,0
ID-004725,0,1,0,1,0.8333,1,0,1,0,2,0,1,0,0,1,0,0,0,1,0,1,0,1,0,0,0,0,1,2,1,2,0.6037,0.554,0
ID-004726,0,0,0,1,0.4722,1,1,0,0,0,0,0,1,0,0,1,0,0,1,0,1,0,0,1,0,0,1,0,1,1,0,0.8574,0.4155,0
ID-004727,0,0,0,0,0.5417,1,0,1,0,1,1,0,0,0,1,0,0,1,0,0,1,0,0,1,0,0,1,0,2,0,3,0.8536,0.4749,0
ID-004728,1,0,1,0,0.0417,0,0,1,0,1,0,1,0,1,0,0,0,0,1,1,0,0,0,0,1,0,1,0,2,1,3,0.7889,0.0342,0
ID-004729,0,1,0,0,0.6528,1,0,1,0,0,0,0,1,0,1,0,1,0,0,1,0,0,0,1,0,1,0,0,2,1,2,0.6695,0.4704,0
ID-004730,1,1,0,0,0.9167,0,1,0,0,0,1,0,0,0,1,0,0,0,1,0,0,1,0,0,1,0,1,0,2,1,0,0.3341,0.3998,0
ID-004731,0,0,0,1,0.75,0,0,1,0,0,0,1,0,0,1,0,1,0,0,0,1,0,1,0,0,0,1,0,1,1,1,0.1188,0.1902,0
ID-004732,0,0,1,0,0.25,0,1,0,0,1,0,1,0,0,1,0,0,1,0,1,0,0,1,0,0,0,1,0,1,0,3,0.7743,0.2024,0
ID-004733,1,0,0,0,0.0556,0,0,0,1,0,0,0,1,0,0,1,0,1,0,0,0,1,0,0,1,0,1,0,1,0,0,0.8433,0.0482,0
ID-004734,1,0,0,1,0.4861,1,0,1,0,0,1,0,0,1,0,0,0,1,0,0,1,0,0,0,1,1,0,0,0,0,3,0.9651,0.4721,0
ID-004735,1,0,1,1,0.8333,1,0,1,0,1,1,0,0,0,1,0,0,1,0,0,1,0,0,0,1,1,0,0,1,1,2,0.3918,0.4042,0
ID-004736,0,0,0,0,0.0139,1,0,0,1,2,1,0,0,0,1,0,0,0,1,1,0,0,0,0,1,0,1,0,1,0,0,0.7098,0.0105,0
ID-004737,0,0,1,0,0.8056,0,0,0,1,0,0,1,0,0,1,0,1,0,0,1,0,0,1,0,0,0,1,0,1,0,2,0.8778,0.7227,0
ID-004738,0,0,0,1,0.9444,1,0,1,0,1,1,0,0,0,1,0,0,0,1,0,1,0,1,0,0,1,0,0,2,1,3,0.6772,0.6867,0
ID-004739,1,0,1,0,0.8056,1,1,0,0,0,1,0,0,1,0,0,0,1,0,1,0,0,0,0,1,1,0,0,1,1,0,0.2525,0.2956,0
ID-004740,1,1,0,0,0.8472,0,0,0,1,1,0,1,0,0,0,1,0,1,0,1,0,0,1,0,0,0,0,1,2,0,2,0.7982,0.703,0
ID-004741,1,1,1,1,0.1806,1,1,0,0,2,0,0,1,0,0,1,0,1,0,0,1,0,0,0,1,1,0,0,2,0,1,0.3734,0.0848,0
ID-004742,1,1,1,1,0.2639,1,0,1,0,0,0,1,0,0,0,1,0,0,1,1,0,0,0,0,1,1,0,0,2,0,1,0.2487,0.096,0
ID-004743,0,0,1,0,0.2917,0,1,0,0,0,1,0,0,0,0,1,0,0,1,0,0,1,0,1,0,1,0,0,1,1,1,0.3278,0.1256,0
ID-004744,1,1,1,0,0.9028,0,0,1,0,1,1,0,0,0,0,1,0,1,0,0,0,1,0,1,0,1,0,0,0,0,2,0.0436,0.1713,0
ID-004745,0,0,0,1,0.8889,0,0,1,0,2,1,0,0,0,0,1,0,1,0,1,0,0,1,0,0,0,0,1,0,0,1,0.5853,0.577,0
ID-004746,0,1,0,0,0.7778,0,1,0,0,2,0,1,0,1,0,0,1,0,0,0,1,0,1,0,0,0,0,1,2,0,3,0.2836,0.3059,0
ID-004747,0,0,0,1,0.6944,1,0,0,1,1,0,1,0,0,1,0,1,0,0,1,0,0,1,0,0,1,0,0,0,0,1,0.3253,0.2977,0
ID-004748,1,0,0,0,0.2361,1,0,1,0,2,1,0,0,0,1,0,0,1,0,1,0,0,1,0,0,0,0,1,0,1,0,0.7,0.1762,0
ID-004749,0,1,1,0,0.7917,0,0,0,1,0,0,1,0,0,0,1,0,0,1,0,1,0,0,1,0,0,0,1,0,1,2,0.7386,0.6169,0
ID-004750,0,0,0,0,0.0417,1,0,0,1,2,0,1,0,0,0,1,0,0,1,0,0,1,1,0,0,0,1,0,1,1,2,0.879,0.0374,0
ID-004751,0,1,1,1,0.7222,0,0,1,0,0,0,1,0,0,1,0,0,0,1,0,0,1,0,0,1,0,0,1,1,0,1,0.8507,0.6314,0
ID-004752,0,1,1,0,0.5556,0,0,1,0,1,0,0,1,0,0,1,1,0,0,0,0,1,0,0,1,1,0,0,2,0,1,0.4683,0.3055,0
ID-004753,0,0,1,0,0.5972,0,0,0,1,0,0,0,1,1,0,0,0,0,1,0,0,1,0,1,0,0,0,1,1,1,2,0.304,0.2452,0
ID-004754,1,1,1,0,0.5139,0,0,0,1,0,0,0,1,1,0,0,0,0,1,0,0,1,0,1,0,1,0,0,2,0,0,0.653,0.3631,0
ID-004755,1,0,1,0,0.1111,1,1,0,0,0,0,0,1,0,1,0,1,0,0,0,0,1,1,0,0,1,0,0,0,1,3,0.7106,0.0839,0
ID-004756,0,1,0,1,0.3333,1,1,0,0,0,0,1,0,0,1,0,0,0,1,1,0,0,1,0,0,0,0,1,0,1,1,0.592,0.2183,0
ID-004757,0,0,0,0,0.5833,1,1,0,0,0,0,0,1,1,0,0,1,0,0,1,0,0,1,0,0,0,1,0,0,1,3,0.8268,0.4982,0
ID-004758,1,1,1,1,0.8611,0,0,1,0,1,1,0,0,0,0,1,0,0,1,0,1,0,1,0,0,1,0,0,1,0,0,0.2501,0.3142,0
ID-004759,1,1,1,1,0.3194,0,0,0,1,2,1,0,0,0,0,1,1,0,0,0,1,0,1,0,0,1,0,0,1,1,3,0.8798,0.2871,0
ID-004760,1,1,1,0,0.0556,1,0,1,0,2,1,0,0,0,0,1,1,0,0,0,0,1,0,0,1,1,0,0,2,0,1,0.2549,0.0205,0
ID-004761,1,0,0,1,0.25,0,1,0,0,0,1,0,0,0,0,1,0,1,0,1,0,0,1,0,0,1,0,0,1,0,1,0.7421,0.1955,0
ID-004762,1,1,0,1,0.3056,0,1,0,0,2,0,0,1,0,0,1,1,0,0,0,0,1,0,0,1,0,0,1,0,1,0,0.2114,0.1015,0
ID-004763,0,1,1,0,0.5833,1,0,0,1,0,1,0,0,1,0,0,0,0,1,0,0,1,0,0,1,0,1,0,2,1,3,0.1298,0.1534,0
ID-004764,1,1,1,1,0.4722,0,1,0,0,1,0,1,0,1,0,0,1,0,0,0,1,0,0,1,0,0,1,0,0,0,2,0.6038,0.3139,0
ID-004765,1,1,1,1,0.9444,0,0,1,0,0,0,0,1,1,0,0,1,0,0,1,0,0,0,0,1,1,0,0,1,1,2,0.6932,0.6995,0
ID-004766,0,0,1,1,0.5417,0,0,0,1,1,1,0,0,0,0,1,0,1,0,1,0,0,0,1,0,0,1,0,0,1,1,0.686,0.3979,0
ID-004767,0,0,0,0,0.9028,1,1,0,0,0,1,0,0,0,1,0,1,0,0,0,0,1,0,1,0,1,0,0,0,0,0,0.4787,0.5045,0
ID-004768,1,0,1,0,0.2083,1,0,1,0,1,0,0,1,0,1,0,0,1,0,0,1,0,0,0,1,0,0,1,0,1,0,0.5541,0.1297,0
ID-004769,0,0,0,0,0.1806,0,0,1,0,2,0,1,0,1,0,0,1,0,0,1,0,0,0,1,0,1,0,0,1,0,1,0.6001,0.1195,0
ID-004770,0,0,1,1,0.6944,0,0,0,1,1,1,0,0,0,1,0,0,0,1,0,1,0,0,0,1,1,0,0,2,0,3,0.6701,0.5007,0
ID-004771,1,0,1,0,0.1389,1,1,0,0,1,0,1,0,0,1,0,0,1,0,0,0,1,0,1,0,0,0,1,2,1,2,0.7689,0.1118,0
ID-004772,1,0,0,1,0.1389,1,1,0,0,0,0,0,1,1,0,0,0,0,1,0,1,0,0,0,1,0,1,0,0,0,0,0.703,0.104,0
ID-004773,1,1,1,0,0.2222,1,0,1,0,2,1,0,0,0,0,1,0,0,1,0,0,1,1,0,0,1,0,0,2,0,3,0.9682,0.2164,0
ID-004774,0,0,0,1,0.375,1,1,0,0,2,1,0,0,0,0,1,1,0,0,0,0,1,1,0,0,1,0,0,0,1,0,0.0824,0.0835,0
ID-004775,1,1,0,0,0.9444,1,1,0,0,0,0,0,1,0,0,1,0,0,1,0,1,0,1,0,0,0,1,0,1,0,1,0.0986,0.2233,0
ID-004776,1,0,1,1,0.0278,1,0,0,1,2,0,1,0,0,1,0,1,0,0,0,1,0,0,1,0,1,0,0,2,0,0,0.5779,0.0179,0
ID-004777,1,0,1,0,0.8056,0,0,1,0,1,1,0,0,0,0,1,0,1,0,0,0,1,1,0,0,0,1,0,1,0,0,0.7102,0.6083,0
ID-004778,1,0,0,1,0.8056,0,0,1,0,1,0,0,1,0,0,1,0,0,1,1,0,0,0,1,0,0,1,0,1,0,2,0.696,0.5986,0
ID-004779,0,1,0,1,0.6528,1,0,0,1,1,0,1,0,0,0,1,0,1,0,0,0,1,0,1,0,0,0,1,2,1,1,0.4739,0.3621,0
ID-004780,0,1,1,1,0.3194,1,1,0,0,2,1,0,0,1,0,0,0,1,0,1,0,0,1,0,0,0,0,1,1,1,3,0.1775,0.0969,0
ID-004781,1,0,1,0,0.9444,1,1,0,0,0,0,0,1,0,1,0,0,0,1,0,1,0,1,0,0,1,0,0,0,0,3,0.697,0.7026,0
ID-004782,0,0,1,0,0.375,0,0,1,0,0,1,0,0,0,0,1,0,0,1,1,0,0,0,1,0,0,1,0,0,0,0,0.1276,0.0979,0
ID-004783,0,1,1,1,0.1667,0,0,1,0,1,0,0,1,1,0,0,0,0,1,0,1,0,0,0,1,0,1,0,0,1,0,0.9507,0.1598,0
ID-004784,1,0,0,0,0.875,1,1,0,0,1,0,1,0,0,0,1,0,0,1,0,1,0,0,0,1,0,0,1,0,0,2,0.4623,0.4768,0
ID-004785,0,1,0,0,0.9028,1,0,0,1,1,0,1,0,1,0,0,0,1,0,0,1,0,0,0,1,0,0,1,1,0,2,0.9197,0.842,0
ID-004786,0,1,1,0,0.1528,0,0,1,0,0,1,0,0,1,0,0,0,1,0,1,0,0,1,0,0,0,1,0,0,0,1,0.4642,0.0835,0
ID-004787,1,0,1,0,0.1944,0,0,0,1,0,1,0,0,0,0,1,0,0,1,0,0,1,0,0,1,1,0,0,0,1,1,0.2931,0.078,0
ID-004788,1,1,1,1,0.4861,0,1,0,0,2,0,0,1,1,0,0,1,0,0,1,0,0,0,0,1,1,0,0,1,0,0,0.1042,0.1172,0
ID-004789,0,0,0,0,0.3889,1,1,0,0,1,0,0,1,0,0,1,0,0,1,0,0,1,1,0,0,1,0,0,0,0,3,0.3493,0.1746,0
ID-004790,1,0,1,0,0.4583,0,1,0,0,2,1,0,0,0,1,0,0,1,0,0,1,0,1,0,0,0,0,1,2,0,0,0.582,0.2962,0
ID-004791,0,1,0,1,1.0,0,0,1,0,0,0,1,0,0,1,0,0,1,0,1,0,0,0,0,1,1,0,0,0,1,0,0.0653,0.2082,0
ID-004792,0,0,1,1,0.2778,1,1,0,0,0,0,1,0,0,1,0,0,0,1,1,0,0,0,0,1,0,1,0,1,1,3,0.6331,0.1916,0
ID-004793,0,0,1,0,0.6667,1,0,1,0,2,0,1,0,0,0,1,0,1,0,0,1,0,0,0,1,1,0,0,0,0,2,0.8284,0.5702,0
ID-004794,0,0,0,1,0.4722,1,0,1,0,0,0,1,0,1,0,0,0,0,1,1,0,0,0,0,1,0,0,1,1,0,2,0.9788,0.4641,0
ID-004795,1,0,0,0,0.1944,0,1,0,0,0,0,0,1,0,0,1,0,0,1,0,1,0,1,0,0,0,1,0,1,0,3,0.3748,0.0915,0
ID-004796,0,1,0,1,0.4306,1,1,0,0,1,0,0,1,0,0,1,0,0,1,1,0,0,1,0,0,1,0,0,1,1,2,0.5145,0.2536,0
ID-004797,0,1,0,0,0.6389,0,0,1,0,1,0,0,1,0,1,0,0,1,0,0,1,0,0,0,1,0,0,1,2,1,2,0.2463,0.231,0
ID-004798,1,0,1,0,0.1806,1,0,1,0,0,0,0,1,0,1,0,0,0,1,0,1,0,0,0,1,1,0,0,0,1,2,0.4196,0.0918,0
ID-004799,1,1,1,0,0.1389,0,0,1,0,1,0,1,0,1,0,0,0,1,0,1,0,0,0,0,1,0,0,1,2,0,1,0.1928,0.0439,0
ID-004800,1,0,0,1,0.1944,1,0,0,1,2,0,0,1,0,0,1,0,1,0,0,1,0,0,1,0,0,1,0,2,1,3,0.8682,0.1729,0
ID-004801,1,1,1,0,0.9583,0,0,0,1,0,0,0,1,1,0,0,1,0,0,0,0,1,0,0,1,0,0,1,2,1,0,0.7172,0.7293,0
ID-004802,0,1,0,1,0.9722,1,0,0,1,2,1,0,0,0,1,0,0,1,0,1,0,0,0,0,1,0,1,0,0,0,2,0.3561,0.4422,0
ID-004803,1,0,1,0,0.8056,1,1,0,0,1,0,0,1,0,0,1,0,0,1,1,0,0,0,0,1,0,1,0,2,1,2,0.9218,0.7528,0
ID-004804,1,0,0,1,0.1528,1,0,1,0,0,0,0,1,1,0,0,1,0,0,0,1,0,0,1,0,0,0,1,0,1,3,0.8403,0.1322,0
ID-004805,0,1,0,1,0.6111,1,0,1,0,0,0,1,0,0,1,0,0,1,0,0,0,1,1,0,0,1,0,0,0,1,1,0.701,0.4567,0
ID-004806,1,1,1,0,0.9722,0,1,0,0,2,1,0,0,0,1,0,1,0,0,0,1,0,0,1,0,0,0,1,0,0,3,0.6048,0.6472,0
ID-004807,1,0,0,0,0.2083,1,0,0,1,2,1,0,0,1,0,0,0,0,1,1,0,0,0,1,0,1,0,0,2,1,3,0.7383,0.1623,0
ID-004808,1,0,1,1,0.5556,1,1,0,0,0,0,1,0,0,1,0,0,0,1,0,1,0,0,1,0,0,1,0,0,1,2,0.3674,0.258,0
ID-004809,1,0,0,0,0.9722,1,1,0,0,0,0,0,1,0,1,0,1,0,0,0,0,1,0,0,1,1,0,0,0,0,3,0.6292,0.6673,0
ID-004810,0,1,0,1,0.2083,1,1,0,0,2,0,0,1,1,0,0,1,0,0,1,0,0,1,0,0,0,0,1,1,1,0,0.1933,0.066,0
ID-004811,0,0,0,1,0.1528,1,0,1,0,1,0,1,0,1,0,0,0,0,1,0,1,0,0,0,1,1,0,0,1,1,1,0.7815,0.1246,0
ID-004812,1,0,1,0,0.9028,0,1,0,0,1,0,0,1,0,0,1,0,0,1,1,0,0,1,0,0,0,1,0,1,0,3,0.5566,0.564,0
ID-004813,1,0,1,0,0.8333,0,0,1,0,2,0,0,1,1,0,0,0,1,0,1,0,0,1,0,0,1,0,0,2,1,3,0.9712,0.8137,0
ID-004814,0,0,0,0,0.2917,0,0,0,1,2,1,0,0,0,1,0,1,0,0,0,0,1,0,0,1,0,0,1,0,0,1,0.8634,0.2581,0
ID-004815,0,0,1,1,0.3889,0,0,1,0,2,1,0,0,0,1,0,0,1,0,0,0,1,0,0,1,0,0,1,2,1,1,0.6911,0.2873,0
ID-004816,1,0,0,0,0.7778,1,0,0,1,0,0,1,0,1,0,0,0,1,0,0,1,0,0,1,0,0,0,1,0,1,1,0.1368,0.2091,0
ID-004817,1,1,1,1,0.5972,1,1,0,0,0,0,0,1,1,0,0,1,0,0,1,0,0,1,0,0,0,1,0,1,1,1,0.2141,0.1997,0
ID-004818,0,0,0,0,0.7917,0,0,0,1,2,0,1,0,1,0,0,1,0,0,0,0,1,0,1,0,1,0,0,0,0,2,0.8704,0.7053,0
ID-004819,1,0,1,1,0.4028,1,1,0,0,2,0,0,1,0,1,0,0,0,1,0,1,0,0,1,0,0,1,0,0,1,0,0.0525,0.0795,0
ID-004820,0,0,0,0,0.8889,0,1,0,0,2,0,0,1,0,0,1,0,1,0,1,0,0,0,0,1,1,0,0,0,1,0,0.4154,0.449,0
ID-004821,0,1,1,0,0.3889,1,0,1,0,2,1,0,0,1,0,0,0,0,1,0,1,0,0,1,0,0,0,1,0,1,1,0.6559,0.2757,0
ID-004822,1,0,0,0,0.6528,1,1,0,0,2,0,1,0,0,0,1,0,0,1,0,0,1,1,0,0,1,0,0,1,1,3,0.8844,0.5893,0
ID-004823,0,0,0,1,0.0,0,0,0,1,0,0,0,1,0,0,1,0,0,1,0,1,0,1,0,0,1,0,0,2,1,1,0.7692,0.0,0
ID-004824,0,0,1,1,0.3889,0,0,1,0,1,0,1,0,0,1,0,1,0,0,0,1,0,0,1,0,0,0,1,1,0,1,0.7495,0.3066,0
ID-004825,0,1,0,0,0.2778,1,0,1,0,2,1,0,0,0,1,0,0,0,1,0,1,0,0,1,0,0,0,1,0,0,3,0.1039,0.0669,0
ID-004826,1,1,1,1,0.0833,1,0,0,1,1,0,0,1,1,0,0,0,0,1,1,0,0,1,0,0,1,0,0,1,1,0,0.9964,0.0831,0
ID-004827,1,0,1,1,0.0417,0,0,0,1,1,0,1,0,1,0,0,1,0,0,0,1,0,0,1,0,1,0,0,2,0,3,0.8712,0.0371,0
ID-004828,1,1,1,0,0.2639,1,0,1,0,0,0,1,0,0,1,0,0,1,0,0,1,0,1,0,0,1,0,0,1,0,0,0.5539,0.1643,0
ID-004829,1,1,0,0,0.9583,1,0,1,0,0,1,0,0,0,0,1,0,0,1,0,0,1,0,1,0,1,0,0,1,0,2,0.1809,0.2934,0
ID-004830,0,1,1,1,0.9167,0,1,0,0,1,1,0,0,0,1,0,0,1,0,0,0,1,1,0,0,0,0,1,0,1,2,0.3364,0.4016,0
ID-004831,1,0,1,0,0.1806,0,0,1,0,2,0,1,0,0,1,0,1,0,0,1,0,0,0,0,1,1,0,0,1,0,1,0.7586,0.1437,0
ID-004832,0,0,1,0,0.0556,1,0,0,1,2,0,0,1,0,1,0,1,0,0,0,0,1,0,0,1,0,0,1,1,0,0,0.3772,0.0263,0
ID-004833,1,0,1,1,0.0972,1,0,0,1,2,1,0,0,0,0,1,1,0,0,1,0,0,0,0,1,0,1,0,0,1,1,0.0743,0.021,0
ID-004834,0,0,0,0,0.7917,1,0,1,0,2,0,0,1,0,1,0,0,1,0,0,1,0,0,1,0,0,0,1,0,1,3,0.2278,0.2739,0
ID-004835,1,1,1,0,0.9444,0,0,1,0,0,0,1,0,1,0,0,0,1,0,0,1,0,0,1,0,0,1,0,2,0,1,0.2613,0.3536,0
ID-004836,1,0,1,0,0.0694,1,0,1,0,0,0,0,1,0,0,1,1,0,0,0,0,1,0,1,0,0,0,1,2,1,2,0.7005,0.0519,0
ID-004837,0,1,1,0,0.3889,0,1,0,0,0,0,0,1,1,0,0,1,0,0,1,0,0,1,0,0,0,0,1,2,1,1,0.1258,0.1009,0
ID-004838,0,0,1,0,0.3333,0,1,0,0,2,1,0,0,1,0,0,0,0,1,1,0,0,1,0,0,1,0,0,1,1,1,0.3987,0.1636,0
ID-004839,0,0,0,1,0.8333,1,0,1,0,0,1,0,0,0,1,0,0,1,0,0,1,0,0,1,0,1,0,0,2,1,2,0.2034,0.271,0
ID-004840,0,0,0,1,0.375,1,1,0,0,2,1,0,0,0,1,0,0,0,1,1,0,0,1,0,0,0,0,1,0,0,1,0.4738,0.208,0
ID-004841,0,0,0,0,0.8472,1,0,1,0,0,0,0,1,0,0,1,1,0,0,1,0,0,0,1,0,1,0,0,1,1,3,0.4118,0.4253,0
ID-004842,1,1,1,1,0.8333,1,1,0,0,1,0,0,1,0,0,1,0,0,1,1,0,0,0,0,1,1,0,0,0,1,3,0.4908,0.4742,0
ID-004843,0,1,1,1,0.8472,0,0,1,0,0,1,0,0,0,0,1,1,0,0,0,1,0,1,0,0,0,0,1,1,0,2,0.2599,0.3162,0
ID-004844,1,0,1,0,0.1389,1,1,0,0,1,1,0,0,0,1,0,1,0,0,1,0,0,1,0,0,0,0,1,2,1,1,0.3371,0.0609,0
ID-004845,1,1,0,0,0.9861,0,1,0,0,2,0,1,0,0,0,1,1,0,0,1,0,0,1,0,0,0,0,1,1,1,1,0.9409,0.9375,0
ID-004846,0,1,0,0,0.1528,1,0,0,1,0,1,0,0,1,0,0,1,0,0,0,1,0,0,1,0,0,1,0,2,0,2,0.9702,0.149,0
ID-004847,0,1,0,1,0.4861,0,1,0,0,1,0,0,1,0,1,0,0,0,1,0,0,1,0,0,1,1,0,0,2,0,1,0.6465,0.3408,0
ID-004848,0,0,0,0,0.9028,1,0,0,1,1,1,0,0,0,0,1,1,0,0,0,0,1,0,0,1,0,1,0,2,0,0,0.7578,0.7181,0
ID-004849,0,0,0,1,0.6944,0,1,0,0,1,1,0,0,0,0,1,0,0,1,0,1,0,0,0,1,0,1,0,2,0,3,0.757,0.5519,0
ID-004850,1,0,1,1,0.6667,1,0,0,1,2,0,0,1,0,1,0,0,0,1,0,1,0,0,1,0,0,1,0,0,1,2,0.4179,0.3381,0
ID-004851,0,0,0,0,0.5556,0,0,1,0,2,0,0,1,0,1,0,0,1,0,1,0,0,0,1,0,0,1,0,1,0,1,0.0312,0.0996,0
ID-004852,1,1,0,0,0.5278,1,1,0,0,0,0,0,1,0,1,0,0,0,1,0,1,0,0,1,0,0,1,0,0,0,3,0.1502,0.1479,0
ID-004853,0,1,1,0,1.0,0,1,0,0,1,1,0,0,0,1,0,0,1,0,1,0,0,0,1,0,0,0,1,2,1,3,0.6026,0.6638,0
ID-004854,1,0,1,1,0.6528,1,1,0,0,1,0,0,1,0,0,1,1,0,0,0,0,1,0,0,1,0,1,0,1,1,2,0.9823,0.6435,0
ID-004855,1,1,1,1,0.9167,1,0,0,1,0,0,0,1,0,1,0,1,0,0,0,1,0,1,0,0,0,0,1,0,1,2,0.2822,0.3594,0
ID-004856,1,1,0,0,0.1806,1,0,1,0,2,0,1,0,0,0,1,1,0,0,0,1,0,1,0,0,1,0,0,0,0,2,0.4298,0.0934,0
ID-004857,0,0,1,1,0.2222,1,0,1,0,0,1,0,0,0,0,1,0,1,0,0,0,1,0,0,1,1,0,0,2,1,3,0.5205,0.132,0
ID-004858,0,0,1,0,0.0417,1,0,0,1,2,0,0,1,1,0,0,1,0,0,1,0,0,0,0,1,0,1,0,2,0,1,0.4978,0.024,0
ID-004859,0,0,1,1,0.25,1,1,0,0,0,0,1,0,0,0,1,0,0,1,0,0,1,0,0,1,0,0,1,1,1,2,0.4974,0.1437,0
ID-004860,0,1,1,0,0.4306,1,0,1,0,0,1,0,0,0,1,0,1,0,0,1,0,0,1,0,0,0,1,0,0,1,3,0.3989,0.2114,0
ID-004861,0,0,0,0,0.4444,1,0,1,0,0,0,0,1,0,0,1,1,0,0,1,0,0,0,0,1,0,0,1,2,0,0,0.1768,0.1345,0
ID-004862,1,0,1,0,0.7917,1,1,0,0,1,0,0,1,0,0,1,0,0,1,0,1,0,1,0,0,0,0,1,0,0,1,0.5372,0.4816,0
ID-004863,1,1,1,0,0.8333,1,0,0,1,2,1,0,0,0,1,0,0,0,1,0,0,1,1,0,0,1,0,0,0,1,0,0.7889,0.6849,0
ID-004864,0,0,0,1,0.8333,0,0,0,1,2,0,0,1,0,1,0,0,1,0,1,0,0,1,0,0,0,1,0,1,0,2,0.2925,0.334,0
ID-004865,0,1,1,0,0.4028,1,0,1,0,2,0,0,1,0,0,1,1,0,0,0,0,1,0,0,1,1,0,0,1,0,2,0.213,0.1343,0
ID-004866,0,0,1,1,0.9167,0,0,0,1,1,1,0,0,0,0,1,0,1,0,0,1,0,0,1,0,1,0,0,0,1,2,0.8813,0.8251,0
ID-004867,0,0,0,0,0.5833,1,0,1,0,0,0,1,0,1,0,0,1,0,0,0,0,1,1,0,0,1,0,0,2,1,0,0.6449,0.4082,0
ID-004868,1,0,1,0,0.2639,1,0,0,1,2,0,0,1,0,1,0,0,0,1,1,0,0,1,0,0,0,0,1,1,0,0,0.035,0.0482,0
ID-004869,0,0,0,1,0.0,0,0,0,1,2,0,1,0,0,1,0,0,1,0,1,0,0,1,0,0,0,1,0,2,1,0,0.6519,0.0,0
ID-004870,1,1,0,0,1.0,1,1,0,0,0,0,0,1,0,1,0,1,0,0,0,0,1,0,0,1,1,0,0,1,0,1,0.5783,0.6432,0
ID-004871,1,0,1,0,0.6528,0,0,0,1,1,0,1,0,0,0,1,0,0,1,0,1,0,1,0,0,0,1,0,0,0,1,0.0984,0.1542,0
ID-004872,0,1,1,0,0.0,1,1,0,0,1,0,1,0,1,0,0,0,1,0,0,1,0,1,0,0,0,1,0,2,1,2,0.3673,0.0,0
ID-004873,1,0,1,0,0.0556,1,1,0,0,2,0,0,1,0,1,0,1,0,0,1,0,0,0,1,0,0,1,0,2,0,0,0.2023,0.018,0
ID-004874,0,1,0,0,0.2222,0,0,1,0,0,0,0,1,0,1,0,0,1,0,0,1,0,1,0,0,0,1,0,2,1,3,0.6887,0.1637,0
ID-004875,1,0,1,0,0.7639,1,1,0,0,2,0,0,1,0,1,0,0,0,1,1,0,0,0,1,0,0,1,0,0,0,0,0.4807,0.4281,0
ID-004876,1,0,1,0,0.5417,1,1,0,0,2,0,1,0,0,1,0,1,0,0,0,1,0,0,1,0,1,0,0,1,1,1,0.4483,0.2887,0
ID-004877,0,1,0,1,0.7917,0,0,1,0,1,1,0,0,0,1,0,1,0,0,0,1,0,1,0,0,1,0,0,0,0,3,0.9666,0.7699,0
ID-004878,0,0,1,0,0.9167,0,0,1,0,1,1,0,0,0,1,0,0,0,1,0,1,0,0,1,0,1,0,0,0,1,2,0.5653,0.5795,0
ID-004879,1,1,1,0,0.2917,0,0,0,1,2,0,1,0,0,0,1,1,0,0,1,0,0,0,0,1,0,0,1,2,1,1,0.1902,0.0916,0
ID-004880,1,1,1,1,0.4306,1,0,1,0,1,0,0,1,1,0,0,0,0,1,1,0,0,0,1,0,0,1,0,1,1,3,0.7699,0.3469,0
ID-004881,0,1,0,0,0.5278,1,0,0,1,0,1,0,0,1,0,0,0,1,0,1,0,0,0,1,0,0,0,1,2,0,0,0.5837,0.3419,0
ID-004882,1,1,1,0,0.7361,1,0,0,1,1,1,0,0,1,0,0,0,1,0,0,0,1,0,1,0,0,1,0,0,1,1,0.1159,0.1848,0
ID-004883,0,1,0,0,0.6667,0,1,0,0,2,0,0,1,0,1,0,1,0,0,0,1,0,0,0,1,1,0,0,2,0,1,0.0987,0.1577,0
ID-004884,1,1,1,0,0.0139,0,0,1,0,0,0,1,0,0,0,1,1,0,0,0,1,0,0,0,1,1,0,0,0,1,2,0.9655,0.0135,0
ID-004885,1,1,1,0,0.2361,0,0,1,0,1,1,0,0,0,1,0,0,1,0,0,0,1,0,0,1,0,1,0,1,1,1,0.4768,0.1316,0
ID-004886,0,1,0,1,0.4583,0,0,0,1,1,1,0,0,0,0,1,0,0,1,0,0,1,0,1,0,1,0,0,2,1,2,0.6004,0.3034,0
ID-004887,0,0,0,1,0.0972,1,0,1,0,1,0,1,0,1,0,0,1,0,0,0,1,0,0,1,0,0,0,1,1,0,1,0.2614,0.0364,0
ID-004888,0,1,1,1,0.0139,1,0,1,0,2,0,1,0,0,0,1,0,0,1,0,0,1,1,0,0,1,0,0,1,0,1,0.4193,0.0071,0
ID-004889,1,0,0,0,0.5694,1,0,1,0,0,0,1,0,1,0,0,0,1,0,0,1,0,0,0,1,0,1,0,0,1,3,0.1021,0.1363,0
ID-004890,1,0,1,1,0.6111,0,1,0,0,2,1,0,0,0,0,1,0,1,0,0,0,1,1,0,0,0,0,1,1,0,3,0.9717,0.597,0
ID-004891,1,1,1,1,0.1528,1,0,1,0,2,0,1,0,0,0,1,0,0,1,0,1,0,0,0,1,0,0,1,0,0,1,0.893,0.139,0
ID-004892,0,1,0,0,0.75,0,1,0,0,0,1,0,0,1,0,0,1,0,0,0,1,0,0,1,0,0,0,1,1,1,1,0.8172,0.6344,0
ID-004893,0,1,0,0,0.7917,0,1,0,0,2,0,1,0,0,0,1,1,0,0,0,1,0,0,0,1,0,0,1,2,0,2,0.6523,0.5589,0
ID-004894,0,0,0,0,0.125,1,1,0,0,0,1,0,0,0,1,0,1,0,0,0,1,0,1,0,0,1,0,0,0,0,2,0.4054,0.0621,0
ID-004895,1,1,0,1,0.0139,1,0,0,1,2,1,0,0,0,0,1,1,0,0,0,1,0,0,1,0,0,1,0,2,0,1,0.2155,0.0047,0
ID-004896,1,1,0,0,0.2778,0,0,0,1,1,0,1,0,1,0,0,0,0,1,0,0,1,0,1,0,0,1,0,0,0,2,0.2108,0.0921,0
ID-004897,0,1,1,0,1.0,0,0,0,1,2,0,0,1,0,1,0,1,0,0,1,0,0,1,0,0,1,0,0,1,0,2,0.6296,0.6867,0
ID-004898,0,1,0,1,0.4306,0,0,0,1,2,0,1,0,0,0,1,0,0,1,0,0,1,1,0,0,0,0,1,0,1,2,0.1343,0.1148,0
ID-004899,1,1,0,0,0.9167,0,1,0,0,2,1,0,0,0,0,1,0,0,1,1,0,0,0,1,0,0,1,0,0,0,3,0.456,0.4946,0
ID-004900,0,0,1,0,0.9722,1,0,0,1,2,0,1,0,0,0,1,1,0,0,0,1,0,1,0,0,1,0,0,2,0,3,0.8528,0.8516,0
ID-004901,1,1,0,0,0.3472,1,0,0,1,2,0,0,1,0,0,1,1,0,0,1,0,0,0,1,0,1,0,0,0,0,1,0.4985,0.1999,0
ID-004902,0,0,0,0,0.4028,0,1,0,0,0,1,0,0,0,1,0,1,0,0,0,0,1,1,0,0,1,0,0,1,1,2,0.4199,0.205,0
ID-004903,1,1,0,0,0.3056,0,0,1,0,2,1,0,0,1,0,0,1,0,0,0,1,0,1,0,0,0,1,0,1,0,2,0.5016,0.1767,0
ID-004904,1,0,1,0,0.625,0,0,0,1,1,1,0,0,1,0,0,0,0,1,1,0,0,0,0,1,0,1,0,1,0,1,0.1545,0.1774,0
ID-004905,0,0,0,0,0.0278,0,1,0,0,0,1,0,0,1,0,0,0,0,1,0,1,0,0,1,0,0,1,0,0,0,1,0.6339,0.0192,0
ID-004906,0,1,1,1,0.1667,0,1,0,0,0,1,0,0,1,0,0,0,0,1,0,0,1,0,1,0,1,0,0,0,1,2,0.2391,0.0593,0
ID-004907,1,0,0,0,0.0833,1,1,0,0,0,1,0,0,1,0,0,0,0,1,0,0,1,1,0,0,1,0,0,1,0,2,0.1814,0.0255,0
ID-004908,1,1,1,1,0.2778,1,0,0,1,2,1,0,0,0,1,0,1,0,0,0,0,1,0,0,1,0,0,1,0,1,0,0.6664,0.1994,0
ID-004909,0,0,1,0,0.75,0,0,0,1,1,1,0,0,0,0,1,0,1,0,0,0,1,0,0,1,0,0,1,0,1,1,0.7201,0.5726,0
ID-004910,1,1,0,1,0.2361,0,0,0,1,1,0,0,1,0,1,0,0,0,1,0,1,0,0,1,0,0,0,1,0,0,2,0.895,0.2153,0
ID-004911,0,0,0,0,0.1667,1,1,0,0,2,0,1,0,1,0,0,0,1,0,0,1,0,0,0,1,0,0,1,0,1,0,0.1713,0.0497,0
ID-004912,1,1,0,0,0.7778,1,0,1,0,1,0,0,1,0,0,1,0,1,0,0,1,0,1,0,0,0,0,1,2,1,1,0.2015,0.2517,0
ID-004913,0,1,0,1,0.5417,0,1,0,0,1,0,0,1,1,0,0,0,0,1,0,0,1,0,0,1,0,0,1,0,0,2,0.7586,0.4312,0
ID-004914,0,1,1,1,0.8194,1,1,0,0,1,0,0,1,0,1,0,0,0,1,1,0,0,0,0,1,0,0,1,0,0,3,0.4072,0.4082,0
ID-004915,1,0,1,0,0.1389,0,1,0,0,2,0,1,0,0,0,1,0,0,1,0,0,1,1,0,0,1,0,0,1,0,0,0.0556,0.0278,0
ID-004916,0,1,0,0,0.8056,1,0,0,1,2,1,0,0,1,0,0,0,0,1,0,0,1,1,0,0,0,1,0,2,0,2,0.5636,0.5081,0
ID-004917,1,0,0,0,0.6111,1,0,1,0,1,0,1,0,0,0,1,0,1,0,1,0,0,0,0,1,0,1,0,1,1,3,0.0665,0.1278,0
ID-004918,1,1,1,0,0.1667,1,0,0,1,0,1,0,0,1,0,0,0,1,0,0,0,1,0,1,0,0,0,1,1,1,1,0.7403,0.1301,0
ID-004919,1,1,1,1,0.0,0,0,0,1,0,0,0,1,1,0,0,0,1,0,1,0,0,0,0,1,0,0,1,0,0,1,0.502,0.0,0
ID-004920,0,1,1,0,0.0833,0,0,1,0,2,0,1,0,0,0,1,0,0,1,0,0,1,0,0,1,0,1,0,0,0,3,0.8443,0.0724,0
ID-004921,0,0,0,1,0.9306,0,0,1,0,1,0,0,1,0,0,1,0,0,1,0,1,0,1,0,0,0,0,1,1,0,1,0.5319,0.5619,0
ID-004922,0,0,0,1,0.3472,1,0,0,1,0,0,0,1,0,0,1,0,0,1,0,0,1,1,0,0,0,1,0,0,0,3,0.7318,0.2685,0
ID-004923,1,1,1,0,0.125,0,0,1,0,0,1,0,0,0,1,0,1,0,0,0,1,0,0,1,0,0,0,1,1,0,1,0.7818,0.102,0
ID-004924,1,1,0,0,0.2083,0,0,0,1,2,0,0,1,0,0,1,0,0,1,1,0,0,1,0,0,0,1,0,0,0,1,0.5139,0.1226,0
ID-004925,0,1,1,0,0.2083,1,1,0,0,2,0,1,0,0,1,0,1,0,0,1,0,0,0,1,0,0,1,0,0,1,1,0.8102,0.175,0
ID-004926,1,0,1,1,0.9028,0,0,0,1,1,0,0,1,1,0,0,1,0,0,1,0,0,0,1,0,1,0,0,2,0,3,0.2418,0.323,0
ID-004927,0,0,1,1,0.6667,0,1,0,0,1,0,1,0,1,0,0,0,0,1,0,0,1,0,0,1,0,1,0,0,1,0,0.6852,0.4893,0
ID-004928,1,1,0,0,0.75,1,0,1,0,0,0,1,0,0,0,1,1,0,0,0,0,1,0,0,1,1,0,0,2,0,2,0.4211,0.3824,0
ID-004929,0,1,1,0,0.9583,0,0,1,0,1,0,0,1,0,0,1,1,0,0,0,0,1,0,1,0,0,1,0,2,1,3,0.1511,0.2693,0
ID-004930,1,1,0,1,0.8889,0,1,0,0,2,0,1,0,1,0,0,0,0,1,1,0,0,1,0,0,0,1,0,0,0,1,0.9407,0.8449,0
ID-004931,0,0,1,1,0.6528,0,0,1,0,2,0,1,0,0,0,1,0,1,0,1,0,0,0,1,0,0,0,1,1,1,3,0.8668,0.5796,0
ID-004932,1,1,0,1,0.4167,0,0,1,0,0,1,0,0,0,0,1,0,0,1,0,1,0,1,0,0,1,0,0,2,0,2,0.0861,0.0941,0
ID-004933,0,0,0,0,0.6111,1,0,0,1,0,0,0,1,0,0,1,0,0,1,1,0,0,1,0,0,0,0,1,1,0,1,0.8925,0.5559,0
ID-004934,1,1,0,1,0.7639,1,0,0,1,2,0,1,0,0,1,0,0,0,1,0,1,0,0,0,1,0,1,0,0,1,0,0.2667,0.2895,0
ID-004935,1,1,0,1,0.0417,1,0,1,0,1,0,1,0,0,1,0,0,0,1,0,0,1,0,1,0,0,1,0,2,1,0,0.4449,0.0221,0
ID-004936,0,1,1,1,0.3056,1,0,0,1,0,0,1,0,0,1,0,1,0,0,0,1,0,0,0,1,0,0,1,0,1,1,0.706,0.2296,0
ID-004937,0,1,0,0,0.9583,1,0,0,1,2,0,1,0,0,1,0,1,0,0,0,0,1,0,0,1,0,0,1,2,0,0,0.7349,0.7437,0
ID-004938,0,0,0,1,0.0972,0,0,1,0,0,1,0,0,0,1,0,1,0,0,1,0,0,1,0,0,0,1,0,2,1,1,0.0547,0.0194,0
ID-004939,1,1,0,1,0.5556,1,0,0,1,0,0,0,1,0,1,0,1,0,0,0,0,1,1,0,0,0,1,0,1,1,3,0.4831,0.3125,0
ID-004940,0,1,1,1,0.0556,1,0,0,1,1,0,0,1,1,0,0,1,0,0,1,0,0,0,1,0,1,0,0,2,0,2,0.0941,0.0129,0
ID-004941,1,0,0,0,0.8611,1,0,1,0,2,0,0,1,0,0,1,0,1,0,0,0,1,0,1,0,1,0,0,2,1,3,0.4129,0.4331,0
ID-004942,1,1,1,0,0.7083,0,0,1,0,0,1,0,0,1,0,0,0,1,0,0,1,0,0,0,1,0,1,0,0,1,1,0.0961,0.166,0
ID-004943,1,0,0,1,0.8194,1,0,1,0,0,0,0,1,0,1,0,0,0,1,0,0,1,1,0,0,0,0,1,2,0,2,0.9446,0.7816,0
ID-004944,1,1,1,0,0.8056,1,0,0,1,1,0,1,0,0,0,1,0,0,1,0,0,1,0,0,1,0,1,0,0,0,0,0.2972,0.3261,0
ID-004945,1,1,1,1,0.1389,0,0,0,1,0,0,0,1,1,0,0,0,1,0,0,0,1,1,0,0,0,0,1,0,1,2,0.3523,0.0627,0
ID-004946,1,0,1,1,0.5,1,0,0,1,1,1,0,0,0,1,0,0,1,0,0,1,0,1,0,0,0,1,0,2,1,3,0.4207,0.2548,0
ID-004947,1,0,1,0,0.3889,0,0,1,0,2,1,0,0,0,0,1,1,0,0,1,0,0,1,0,0,1,0,0,0,1,1,0.8133,0.3277,0
ID-004948,0,0,1,1,0.0694,1,0,1,0,2,1,0,0,1,0,0,0,1,0,0,1,0,0,0,1,1,0,0,1,1,2,0.0759,0.0151,0
ID-004949,1,1,0,0,0.9167,0,0,1,0,2,1,0,0,1,0,0,0,1,0,0,1,0,1,0,0,0,0,1,1,1,1,0.6228,0.6242,0
ID-004950,0,1,0,1,0.9306,0,0,0,1,1,0,0,1,0,0,1,0,1,0,0,1,0,1,0,0,0,0,1,1,0,0,0.1515,0.2618,0
ID-004951,0,1,0,0,0.8333,1,1,0,0,1,0,0,1,0,0,1,1,0,0,1,0,0,0,1,0,0,0,1,1,0,0,0.6428,0.5816,0
ID-004952,0,0,0,1,0.8472,1,0,1,0,0,0,0,1,1,0,0,0,1,0,0,1,0,0,0,1,0,1,0,1,0,0,0.3708,0.3959,0
ID-004953,0,1,1,1,0.4861,0,1,0,0,0,0,1,0,0,1,0,0,0,1,0,0,1,0,1,0,0,1,0,1,0,2,0.6057,0.324,0
ID-004954,0,1,1,1,0.8472,0,0,1,0,1,0,0,1,1,0,0,1,0,0,1,0,0,1,0,0,0,1,0,2,1,1,0.9538,0.8147,0
ID-004955,1,0,0,1,0.8194,0,1,0,0,0,0,0,1,1,0,0,0,1,0,0,0,1,1,0,0,0,0,1,0,0,3,0.3638,0.378,0
ID-004956,0,0,0,1,0.4722,0,0,0,1,2,0,0,1,0,1,0,0,0,1,0,1,0,0,1,0,0,1,0,2,1,2,0.5764,0.303,0
ID-004957,0,0,0,0,0.9167,1,1,0,0,0,1,0,0,0,1,0,1,0,0,0,0,1,0,1,0,0,0,1,2,1,2,0.9019,0.8412,0
ID-004958,1,0,1,0,0.8333,1,0,1,0,0,0,0,1,0,0,1,0,0,1,0,1,0,1,0,0,0,0,1,0,1,1,0.6667,0.5985,0
ID-004959,1,1,0,1,0.9583,1,1,0,0,1,0,0,1,1,0,0,1,0,0,0,1,0,1,0,0,1,0,0,2,1,1,0.5958,0.6306,0
ID-004960,0,0,0,0,0.8194,0,1,0,0,0,1,0,0,0,0,1,0,0,1,0,1,0,1,0,0,0,1,0,1,0,2,0.0911,0.1885,0
ID-004961,1,0,0,0,0.7778,0,1,0,0,1,1,0,0,1,0,0,1,0,0,0,1,0,0,1,0,0,1,0,0,0,0,0.2515,0.2847,0
ID-004962,1,0,0,0,0.4861,1,0,0,1,1,0,0,1,1,0,0,0,1,0,1,0,0,0,1,0,1,0,0,0,1,3,0.692,0.3596,0
ID-004963,1,1,0,0,0.3056,0,1,0,0,0,0,0,1,1,0,0,0,1,0,1,0,0,0,1,0,1,0,0,0,0,2,0.4998,0.1762,0
ID-004964,1,1,0,0,0.9167,1,0,1,0,2,0,0,1,0,0,1,1,0,0,0,1,0,0,0,1,0,1,0,2,0,2,0.2111,0.3041,0
ID-004965,0,0,0,1,0.4861,0,0,1,0,2,1,0,0,0,1,0,0,0,1,0,1,0,0,0,1,0,1,0,0,1,2,0.988,0.4816,0
ID-004966,0,0,0,0,0.7222,1,0,0,1,1,1,0,0,0,0,1,0,1,0,0,0,1,1,0,0,0,0,1,1,1,3,0.3413,0.3194,0
ID-004967,1,0,0,1,0.4306,0,0,0,1,0,0,0,1,0,0,1,0,0,1,1,0,0,1,0,0,1,0,0,2,0,1,0.7452,0.3379,0
ID-004968,0,1,1,0,0.8472,1,0,1,0,2,1,0,0,0,0,1,0,1,0,0,1,0,1,0,0,1,0,0,2,1,3,0.2253,0.2913,0
ID-004969,0,1,1,0,0.1389,0,0,0,1,0,0,0,1,0,1,0,1,0,0,0,1,0,0,0,1,0,0,1,2,1,2,0.2664,0.0526,0
ID-004970,0,1,0,1,0.1944,1,1,0,0,0,0,0,1,0,0,1,0,0,1,0,0,1,0,1,0,0,1,0,2,1,3,0.9876,0.1926,0
ID-004971,1,0,1,0,0.5417,0,1,0,0,0,1,0,0,1,0,0,0,0,1,0,0,1,0,0,1,1,0,0,1,1,1,0.6167,0.366,0
ID-004972,0,0,0,1,0.1667,1,0,1,0,2,0,1,0,0,1,0,0,0,1,0,1,0,1,0,0,0,1,0,2,1,1,0.107,0.0406,0
ID-004973,0,1,0,1,0.0139,0,1,0,0,2,1,0,0,1,0,0,0,1,0,0,0,1,0,1,0,0,0,1,0,0,3,0.5803,0.009,0
ID-004974,0,0,0,0,0.1806,0,0,1,0,1,1,0,0,1,0,0,0,1,0,1,0,0,1,0,0,0,0,1,0,1,3,0.2802,0.0705,0
ID-004975,0,0,1,1,0.8194,1,0,0,1,0,0,0,1,0,0,1,0,0,1,0,0,1,0,0,1,0,1,0,2,0,1,0.3804,0.3896,0
ID-004976,0,1,0,1,1.0,1,0,1,0,0,1,0,0,1,0,0,0,1,0,1,0,0,1,0,0,1,0,0,2,0,1,0.3372,0.4388,0
ID-004977,0,0,1,1,0.4583,0,0,1,0,0,0,1,0,1,0,0,0,0,1,1,0,0,0,0,1,0,0,1,0,1,3,0.19,0.1439,0
ID-004978,0,1,0,0,0.1806,0,1,0,0,2,0,1,0,1,0,0,0,0,1,0,0,1,0,0,1,0,0,1,0,1,2,0.5256,0.1081,0
ID-004979,1,1,0,0,0.5833,0,0,1,0,2,1,0,0,0,0,1,0,0,1,0,0,1,0,1,0,0,0,1,2,1,0,0.3209,0.2479,0
ID-004980,1,1,1,1,0.5417,1,0,1,0,0,0,1,0,0,0,1,0,0,1,1,0,0,1,0,0,0,1,0,1,0,1,0.4557,0.2921,0
ID-004981,1,1,0,1,0.7361,1,0,0,1,0,0,0,1,1,0,0,1,0,0,1,0,0,0,1,0,1,0,0,0,0,0,0.9684,0.717,0
ID-004982,1,1,1,1,0.8889,0,0,0,1,1,0,0,1,0,1,0,1,0,0,0,1,0,0,1,0,0,0,1,2,1,1,0.7048,0.6671,0
ID-004983,1,1,1,1,0.9306,1,0,1,0,0,0,0,1,0,1,0,0,0,1,0,0,1,0,0,1,0,1,0,2,0,2,0.0919,0.2147,0
ID-004984,0,1,0,0,0.0694,0,1,0,0,2,0,0,1,1,0,0,0,0,1,0,1,0,0,1,0,0,0,1,2,1,2,0.2037,0.0226,0
ID-004985,0,0,1,1,0.0278,0,0,0,1,2,1,0,0,0,1,0,0,1,0,0,1,0,0,1,0,1,0,0,2,0,2,0.0139,0.0046,0
ID-004986,0,1,1,1,0.625,1,1,0,0,0,0,0,1,0,0,1,0,0,1,0,0,1,1,0,0,1,0,0,2,0,1,0.9689,0.609,0
ID-004987,0,0,0,0,0.25,0,0,1,0,2,0,1,0,0,0,1,0,0,1,0,0,1,0,1,0,0,0,1,1,1,1,0.0113,0.0406,0
ID-004988,1,1,1,1,1.0,1,1,0,0,0,0,1,0,0,0,1,0,1,0,1,0,0,1,0,0,0,0,1,2,1,2,0.4723,0.5534,0
ID-004989,0,1,0,0,0.5833,1,1,0,0,0,0,1,0,0,1,0,0,0,1,1,0,0,0,1,0,1,0,0,1,1,0,0.7746,0.4723,0
ID-004990,1,0,0,0,0.4028,0,0,1,0,0,1,0,0,1,0,0,0,0,1,0,1,0,0,1,0,0,0,1,0,0,2,0.8218,0.3423,0
ID-004991,0,1,1,1,0.5,1,0,1,0,2,0,1,0,0,1,0,1,0,0,1,0,0,0,0,1,0,1,0,1,1,2,0.3489,0.2243,0
ID-004992,0,0,1,0,0.0694,0,1,0,0,2,0,0,1,0,1,0,0,1,0,0,1,0,1,0,0,1,0,0,2,0,0,0.1737,0.0208,0
ID-004993,1,0,1,0,0.9306,1,1,0,0,1,0,0,1,1,0,0,1,0,0,1,0,0,0,1,0,0,0,1,0,1,3,0.1417,0.254,0
ID-004994,1,0,1,1,0.7639,1,0,0,1,1,0,0,1,1,0,0,0,1,0,0,0,1,0,1,0,0,1,0,1,1,3,0.4941,0.4368,0
ID-004995,0,1,1,1,0.2222,1,1,0,0,0,0,1,0,0,0,1,0,0,1,0,1,0,0,1,0,1,0,0,0,0,2,0.771,0.1793,0
ID-004996,1,0,0,1,0.9444,0,0,0,1,2,0,1,0,1,0,0,0,0,1,0,0,1,0,0,1,1,0,0,1,0,0,0.8879,0.8554,0
ID-004997,0,1,0,1,0.2361,0,0,1,0,0,1,0,0,1,0,0,1,0,0,0,1,0,0,0,1,1,0,0,0,1,3,0.9293,0.2222,0
ID-004998,1,1,1,0,0.9583,1,1,0,0,0,0,0,1,1,0,0,0,1,0,0,0,1,0,0,1,0,1,0,0,1,0,0.1904,0.3011,0
ID-004999,0,1,0,1,0.5833,0,0,0,1,2,0,0,1,1,0,0,1,0,0,0,0,1,1,0,0,0,1,0,0,1,3,0.5234,0.348,0
ID-005000,1,1,0,1,0.3611,1,0,1,0,0,0,1,0,0,0,1,0,1,0,0,1,0,1,0,0,1,0,0,0,0,1,0.5628,0.2275,0
ID-005001,1,0,1,0,0.2083,0,1,0,0,2,1,0,0,1,0,0,0,0,1,1,0,0,0,1,0,1,0,0,2,0,1,0.0454,0.0399,0
ID-005002,0,1,1,1,0.5139,0,1,0,0,2,1,0,0,0,1,0,0,0,1,1,0,0,0,0,1,1,0,0,1,0,2,0.194,0.163,0
ID-005003,1,1,1,1,0.0,1,0,0,1,0,0,1,0,1,0,0,0,0,1,0,1,0,0,0,1,1,0,0,2,1,2,0.2948,0.0,0
ID-005004,0,1,0,1,0.1111,0,1,0,0,0,1,0,0,0,0,1,0,0,1,0,0,1,0,1,0,0,0,1,0,1,1,0.6626,0.0794,0
ID-005005,1,1,1,1,0.5694,1,1,0,0,0,0,0,1,1,0,0,0,1,0,1,0,0,0,1,0,1,0,0,0,1,2,0.7289,0.439,0
ID-005006,0,0,0,0,0.6111,0,0,1,0,0,0,1,0,0,0,1,0,1,0,1,0,0,0,1,0,0,1,0,2,0,0,0.7107,0.4617,0
ID-005007,1,0,1,0,0.1806,0,0,1,0,1,0,0,1,0,0,1,1,0,0,0,0,1,0,0,1,1,0,0,1,0,3,0.9786,0.1774,0
ID-005008,0,0,0,1,0.5417,1,0,1,0,1,0,0,1,0,1,0,0,1,0,0,1,0,0,0,1,1,0,0,1,0,3,0.7151,0.4113,0
ID-005009,1,0,1,0,0.9028,0,1,0,0,2,0,1,0,1,0,0,0,1,0,0,0,1,1,0,0,0,1,0,1,0,3,0.9075,0.8327,0
ID-005010,0,1,0,1,0.8194,0,0,1,0,2,0,1,0,1,0,0,0,1,0,0,0,1,0,1,0,0,1,0,1,1,1,0.5155,0.4834,0
ID-005011,1,1,1,0,0.0972,1,0,0,1,0,0,1,0,0,0,1,1,0,0,1,0,0,0,1,0,0,1,0,1,1,1,0.7436,0.0762,0
ID-005012,0,0,0,0,0.4306,1,0,0,1,1,0,0,1,1,0,0,0,0,1,0,1,0,0,1,0,0,1,0,1,0,2,0.404,0.2133,0
ID-005013,1,0,1,0,0.3472,0,0,1,0,2,0,0,1,0,1,0,0,1,0,0,1,0,1,0,0,1,0,0,0,1,1,0.5379,0.2114,0
ID-005014,1,0,1,1,0.625,1,0,1,0,0,0,1,0,1,0,0,0,1,0,0,1,0,1,0,0,0,1,0,2,1,1,0.951,0.5996,0
ID-005015,0,1,0,1,0.0139,0,0,0,1,0,1,0,0,1,0,0,1,0,0,1,0,0,1,0,0,0,1,0,0,1,2,0.8442,0.0121,0
ID-005016,0,0,0,0,0.5972,1,0,0,1,2,0,1,0,0,0,1,1,0,0,0,1,0,1,0,0,0,0,1,0,1,0,0.2954,0.2409,0
ID-005017,0,0,0,0,0.8889,1,0,0,1,0,0,0,1,0,0,1,0,0,1,0,0,1,0,1,0,0,1,0,1,1,3,0.3112,0.3704,0
ID-005018,0,0,0,1,0.4722,0,0,0,1,2,1,0,0,0,0,1,0,1,0,1,0,0,0,0,1,1,0,0,0,0,1,0.2138,0.1578,0
ID-005019,0,0,0,0,0.1389,1,1,0,0,2,1,0,0,1,0,0,1,0,0,0,1,0,0,1,0,1,0,0,0,0,2,0.5491,0.0859,0
ID-005020,1,0,0,1,0.6667,0,0,1,0,0,1,0,0,0,0,1,1,0,0,0,0,1,1,0,0,1,0,0,0,0,1,0.068,0.1403,0
ID-005021,1,0,0,1,0.5972,0,0,0,1,0,0,1,0,0,0,1,0,1,0,1,0,0,1,0,0,1,0,0,0,0,1,0.6424,0.4166,0
ID-005022,1,0,0,0,0.4861,1,0,0,1,2,1,0,0,0,1,0,1,0,0,0,0,1,0,0,1,1,0,0,0,1,2,0.773,0.393,0
ID-005023,1,0,0,1,0.9306,0,1,0,0,2,1,0,0,1,0,0,0,0,1,0,1,0,1,0,0,1,0,0,1,1,2,0.3152,0.3909,0
ID-005024,0,0,1,1,0.7222,1,0,1,0,0,0,1,0,0,1,0,0,1,0,0,1,0,0,0,1,0,1,0,0,1,0,0.4624,0.3936,0
ID-005025,1,1,0,1,0.6389,0,0,1,0,1,1,0,0,0,1,0,1,0,0,0,0,1,0,0,1,0,0,1,0,1,0,0.6423,0.4456,0
ID-005026,1,1,0,0,0.7917,0,0,1,0,0,0,0,1,0,1,0,1,0,0,1,0,0,0,0,1,1,0,0,0,1,0,0.8344,0.6811,0
ID-005027,0,1,1,1,0.8333,0,0,1,0,1,0,0,1,1,0,0,0,0,1,1,0,0,0,0,1,0,1,0,2,0,3,0.1805,0.2548,0
ID-005028,0,0,0,0,0.2639,1,0,0,1,1,0,0,1,1,0,0,0,0,1,1,0,0,1,0,0,1,0,0,2,1,0,0.9179,0.2457,0
ID-005029,0,0,0,0,0.9167,0,0,0,1,1,0,0,1,0,0,1,0,1,0,1,0,0,0,0,1,0,1,0,1,1,0,0.2945,0.369,0
ID-005030,1,0,1,1,0.3056,0,1,0,0,2,0,0,1,0,1,0,1,0,0,1,0,0,0,1,0,0,1,0,0,1,1,0.7,0.2281,0
ID-005031,0,1,0,0,0.4444,0,1,0,0,1,1,0,0,1,0,0,0,1,0,0,1,0,0,0,1,0,0,1,1,0,3,0.6626,0.3176,0
ID-005032,0,0,0,1,0.5,1,0,0,1,2,1,0,0,1,0,0,0,0,1,0,1,0,0,1,0,0,1,0,0,1,0,0.3441,0.2223,0
ID-005033,0,0,0,1,0.1528,1,1,0,0,2,0,0,1,1,0,0,0,0,1,0,1,0,1,0,0,0,1,0,1,0,1,0.3963,0.0747,0
ID-005034,0,0,0,0,0.9167,1,0,0,1,1,1,0,0,0,1,0,0,1,0,0,1,0,0,0,1,1,0,0,1,1,1,0.7313,0.7086,0
ID-005035,1,1,0,0,0.5833,1,0,1,0,0,0,0,1,0,1,0,0,0,1,0,1,0,0,1,0,0,0,1,2,0,2,0.8901,0.5294,0
ID-005036,0,0,0,0,0.8889,1,1,0,0,1,1,0,0,0,0,1,0,1,0,1,0,0,0,1,0,0,0,1,1,0,0,0.7944,0.7347,0
ID-005037,1,0,0,1,0.5833,1,0,0,1,1,0,1,0,0,1,0,1,0,0,1,0,0,1,0,0,0,1,0,1,1,2,0.5413,0.3569,0
ID-005038,1,1,1,0,0.625,0,0,0,1,1,0,0,1,1,0,0,0,1,0,0,1,0,0,1,0,0,1,0,1,0,1,0.8341,0.5376,0
ID-005039,0,1,1,1,0.25,0,0,0,1,1,0,1,0,1,0,0,0,1,0,1,0,0,0,1,0,1,0,0,0,0,0,0.706,0.1879,0
ID-005040,1,0,1,0,0.4444,1,0,0,1,1,1,0,0,0,0,1,1,0,0,0,1,0,0,1,0,0,0,1,0,1,0,0.9928,0.4421,0
ID-005041,0,1,1,1,0.9306,0,0,0,1,2,1,0,0,0,0,1,0,1,0,1,0,0,0,1,0,0,1,0,1,1,3,0.2719,0.3567,0
ID-005042,1,0,1,0,0.0,1,1,0,0,0,0,0,1,1,0,0,0,0,1,0,1,0,0,0,1,1,0,0,0,0,1,0.7361,0.0,0
ID-005043,0,1,1,1,0.9167,0,1,0,0,0,1,0,0,0,1,0,0,0,1,1,0,0,1,0,0,1,0,0,2,0,3,0.6306,0.6303,0
ID-005044,1,1,0,0,0.5278,0,1,0,0,2,0,0,1,0,1,0,0,1,0,1,0,0,0,0,1,0,1,0,2,0,3,0.2834,0.2075,0
ID-005045,1,0,1,1,0.2917,0,0,1,0,1,0,0,1,1,0,0,0,1,0,1,0,0,0,1,0,0,0,1,2,1,2,0.1809,0.0893,0
ID-005046,1,1,0,1,0.0,1,0,0,1,0,0,1,0,1,0,0,0,0,1,0,1,0,1,0,0,1,0,0,2,0,3,0.9562,0.0,0
ID-005047,1,1,0,0,0.6667,0,0,0,1,2,0,0,1,0,1,0,0,1,0,0,0,1,1,0,0,1,0,0,1,0,3,0.4694,0.3673,0
ID-005048,1,0,0,0,0.0556,1,0,1,0,1,0,0,1,0,0,1,1,0,0,0,0,1,0,1,0,1,0,0,1,0,0,0.6453,0.0389,0
ID-005049,1,0,1,1,0.1389,1,0,0,1,2,0,0,1,1,0,0,0,0,1,0,0,1,0,1,0,0,1,0,0,1,3,0.487,0.0786,0
ID-005050,0,1,1,1,0.7778,1,0,1,0,0,1,0,0,0,0,1,0,1,0,0,0,1,0,1,0,0,0,1,0,1,2,0.7041,0.5833,0
ID-005051,0,0,0,1,0.875,0,0,1,0,2,0,1,0,0,1,0,0,1,0,1,0,0,0,1,0,0,0,1,1,1,3,0.7335,0.678,0
ID-005052,0,1,0,1,0.5833,1,1,0,0,1,0,1,0,0,0,1,0,0,1,1,0,0,0,0,1,1,0,0,0,0,1,0.4608,0.3171,0
ID-005053,0,1,0,1,0.25,1,1,0,0,0,0,0,1,1,0,0,0,0,1,0,1,0,0,0,1,0,1,0,2,0,3,0.4207,0.1274,0
ID-005054,1,1,0,1,0.6667,1,0,0,1,0,1,0,0,0,1,0,1,0,0,1,0,0,1,0,0,0,1,0,0,1,3,0.8428,0.5783,0
ID-005055,0,1,0,0,0.7778,0,1,0,0,1,0,0,1,0,0,1,0,1,0,1,0,0,1,0,0,0,1,0,1,0,0,0.8645,0.689,0
ID-005056,1,1,0,0,0.9861,1,0,1,0,2,0,0,1,1,0,0,0,0,1,1,0,0,1,0,0,1,0,0,1,1,1,0.7617,0.7877,0
ID-005057,1,0,0,0,0.6528,0,0,1,0,1,0,0,1,1,0,0,0,1,0,1,0,0,0,1,0,0,1,0,2,1,2,0.4037,0.3232,0
ID-005058,1,0,0,1,0.3333,1,1,0,0,2,0,1,0,0,0,1,0,1,0,0,0,1,0,1,0,0,1,0,1,1,1,0.993,0.3316,0
ID-005059,0,0,1,0,0.75,1,0,0,1,0,0,0,1,1,0,0,0,0,1,0,1,0,1,0,0,0,0,1,0,1,1,0.6034,0.4984,0
ID-005060,1,1,1,0,0.5278,1,0,1,0,2,0,0,1,0,1,0,0,0,1,0,0,1,0,1,0,0,0,1,2,1,1,0.9768,0.5178,0
ID-005061,1,1,1,0,0.8333,0,0,1,0,2,0,0,1,1,0,0,1,0,0,1,0,0,0,0,1,0,0,1,1,1,0,0.9567,0.8034,0
ID-005062,1,0,1,0,0.1806,1,1,0,0,0,0,1,0,1,0,0,0,1,0,1,0,0,0,0,1,1,0,0,0,1,3,0.001,0.0277,0
ID-005063,0,1,0,0,0.5556,1,1,0,0,0,1,0,0,0,0,1,1,0,0,0,0,1,1,0,0,0,0,1,2,0,1,0.5668,0.3519,0
ID-005064,0,1,0,1,0.2778,0,0,0,1,1,0,0,1,0,1,0,0,1,0,1,0,0,1,0,0,0,1,0,2,0,2,0.8956,0.2534,0
ID-005065,0,1,0,0,0.3611,1,1,0,0,2,0,1,0,0,1,0,0,1,0,1,0,0,0,1,0,0,0,1,1,1,0,0.9175,0.3361,0
ID-005066,1,1,0,0,0.7778,0,1,0,0,0,0,1,0,0,0,1,1,0,0,0,0,1,1,0,0,0,1,0,0,1,2,0.8057,0.6503,0
ID-005067,0,1,1,1,0.8472,0,0,0,1,0,0,0,1,0,1,0,0,1,0,1,0,0,0,0,1,1,0,0,2,1,0,0.908,0.7818,0
ID-005068,0,1,0,1,0.9444,1,1,0,0,2,1,0,0,1,0,0,0,0,1,0,1,0,1,0,0,1,0,0,1,1,3,0.2694,0.3601,0
ID-005069,0,0,0,1,0.75,1,0,0,1,2,1,0,0,0,1,0,0,0,1,0,0,1,0,1,0,0,1,0,1,0,1,0.5201,0.4454,0
ID-005070,0,0,0,1,0.1111,0,0,0,1,2,0,1,0,0,1,0,1,0,0,0,1,0,0,0,1,1,0,0,1,0,0,0.3779,0.0526,0
ID-005071,0,1,1,0,0.7083,0,1,0,0,2,0,0,1,0,1,0,0,1,0,0,1,0,0,1,0,0,1,0,0,0,2,0.2527,0.26,0
ID-005072,0,1,0,0,0.9306,0,0,0,1,1,0,0,1,0,1,0,0,1,0,0,1,0,0,0,1,0,0,1,2,1,1,0.6887,0.6857,0
ID-005073,1,1,0,1,0.8611,0,0,1,0,0,0,1,0,0,1,0,0,0,1,1,0,0,1,0,0,1,0,0,0,0,0,0.5105,0.5043,0
ID-005074,1,1,1,0,0.5694,0,0,0,1,0,0,1,0,0,0,1,0,1,0,1,0,0,0,0,1,0,0,1,1,0,3,0.2677,0.2163,0
ID-005075,0,0,0,1,0.2639,0,0,1,0,2,0,1,0,0,0,1,0,1,0,1,0,0,0,1,0,1,0,0,2,1,2,0.7555,0.2094,0
ID-005076,1,1,1,1,0.2361,1,0,1,0,0,0,0,1,0,0,1,0,0,1,1,0,0,0,1,0,0,1,0,2,1,3,0.3233,0.1008,0
ID-005077,1,1,1,0,0.6806,1,0,1,0,2,0,1,0,0,0,1,0,1,0,0,1,0,1,0,0,0,1,0,2,0,3,0.7977,0.5644,0
ID-005078,0,1,1,1,0.3472,1,1,0,0,0,0,1,0,0,1,0,0,1,0,1,0,0,1,0,0,0,1,0,1,0,0,0.0072,0.0552,0
ID-005079,1,1,0,0,0.5556,0,0,0,1,2,0,1,0,0,0,1,1,0,0,0,0,1,0,0,1,0,1,0,0,1,1,0.0934,0.1289,0
ID-005080,1,0,1,0,0.9167,0,1,0,0,2,0,0,1,1,0,0,0,0,1,0,1,0,0,1,0,0,0,1,2,1,2,0.4231,0.469,0
ID-005081,1,1,0,0,0.2778,1,0,0,1,0,0,1,0,1,0,0,1,0,0,1,0,0,0,1,0,0,1,0,2,0,1,0.287,0.11,0
ID-005082,1,1,1,1,0.0417,1,0,0,1,2,1,0,0,0,1,0,0,1,0,0,0,1,1,0,0,0,1,0,1,1,1,0.6074,0.0278,0
ID-005083,0,0,1,1,0.1944,1,1,0,0,1,1,0,0,0,1,0,0,0,1,0,0,1,0,1,0,1,0,0,2,0,1,0.2807,0.076,0
ID-005084,0,1,0,1,0.0556,1,0,0,1,0,1,0,0,1,0,0,0,1,0,0,0,1,0,0,1,0,1,0,2,0,1,0.5193,0.033,0
ID-005085,0,0,0,0,0.1806,0,0,1,0,0,1,0,0,1,0,0,0,1,0,0,0,1,0,1,0,1,0,0,0,1,3,0.6077,0.1206,0
ID-005086,0,0,0,0,0.3194,0,0,1,0,1,0,1,0,1,0,0,0,0,1,0,0,1,0,0,1,0,1,0,1,1,1,0.2307,0.1113,0
ID-005087,1,1,0,0,0.8056,0,0,1,0,0,1,0,0,1,0,0,1,0,0,1,0,0,0,0,1,0,0,1,2,1,2,0.7031,0.6034,0
ID-005088,1,1,0,0,0.4722,1,1,0,0,0,0,1,0,0,1,0,1,0,0,0,1,0,0,0,1,1,0,0,2,0,3,0.2841,0.1859,0
ID-005089,0,1,1,0,0.125,1,1,0,0,0,0,1,0,0,0,1,1,0,0,0,0,1,0,1,0,0,1,0,0,0,1,0.0063,0.0198,0
ID-005090,1,0,1,1,0.9028,0,1,0,0,1,0,1,0,0,1,0,0,0,1,0,0,1,0,0,1,0,0,1,0,0,2,0.3451,0.4021,0
ID-005091,1,1,1,0,0.8611,1,0,0,1,2,0,0,1,0,0,1,0,0,1,0,0,1,0,1,0,0,0,1,2,0,3,0.5342,0.5216,0
ID-005092,0,1,0,1,0.8333,1,1,0,0,1,0,1,0,0,1,0,1,0,0,0,0,1,0,0,1,0,1,0,0,1,3,0.3339,0.3633,0
ID-005093,0,0,0,0,0.3889,0,1,0,0,0,1,0,0,0,0,1,0,1,0,0,1,0,1,0,0,0,0,1,1,1,0,0.5666,0.2463,0
ID-005094,0,1,0,1,0.6389,1,1,0,0,1,0,1,0,1,0,0,0,1,0,0,0,1,0,0,1,1,0,0,2,1,2,0.5361,0.3881,0
ID-005095,0,0,0,1,0.6111,1,0,0,1,2,1,0,0,0,0,1,0,0,1,0,0,1,0,0,1,0,0,1,0,0,0,0.0175,0.1024,0
ID-005096,0,0,0,0,0.2917,1,0,1,0,0,0,0,1,0,0,1,1,0,0,0,0,1,1,0,0,1,0,0,2,1,0,0.4243,0.1495,0
ID-005097,1,1,0,0,0.9444,0,0,1,0,2,0,1,0,0,1,0,0,1,0,1,0,0,0,0,1,0,0,1,1,1,0,0.743,0.7394,0
ID-005098,1,1,0,1,0.3611,0,0,1,0,0,1,0,0,0,1,0,0,1,0,0,0,1,1,0,0,0,1,0,2,1,2,0.5735,0.2308,0
ID-005099,1,1,0,1,0.0139,0,1,0,0,0,0,0,1,0,0,1,0,0,1,1,0,0,0,1,0,0,0,1,1,1,2,0.4256,0.0071,0
ID-005100,1,1,1,1,0.7917,1,0,1,0,2,0,0,1,1,0,0,0,1,0,0,1,0,0,1,0,0,0,1,1,0,3,0.1077,0.1933,0
ID-005101,0,1,0,0,0.9583,0,0,1,0,0,0,1,0,0,0,1,1,0,0,0,1,0,1,0,0,0,1,0,1,0,1,0.6569,0.6803,0
ID-005102,1,0,1,1,0.1111,1,0,1,0,1,0,1,0,0,0,1,0,1,0,1,0,0,0,0,1,0,0,1,2,0,0,0.9884,0.1101,0
ID-005103,0,1,0,0,0.1667,0,0,1,0,1,1,0,0,0,0,1,1,0,0,1,0,0,1,0,0,0,1,0,1,0,3,0.297,0.0674,0
ID-005104,0,1,1,0,0.9306,1,1,0,0,1,1,0,0,1,0,0,0,0,1,0,0,1,1,0,0,0,1,0,0,1,0,0.6446,0.6509,0
ID-005105,0,0,1,0,0.7778,0,0,1,0,1,0,1,0,1,0,0,1,0,0,0,0,1,1,0,0,0,1,0,0,1,2,0.8828,0.7011,0
ID-005106,1,1,1,1,0.375,1,0,0,1,0,1,0,0,0,0,1,0,0,1,0,0,1,0,1,0,0,1,0,1,0,0,0.932,0.3537,0
ID-005107,1,1,0,1,0.4583,0,0,1,0,1,1,0,0,1,0,0,0,1,0,0,1,0,0,0,1,0,0,1,2,1,2,0.4413,0.2416,0
ID-005108,1,1,0,1,0.625,0,1,0,0,2,1,0,0,1,0,0,1,0,0,1,0,0,0,0,1,1,0,0,2,0,2,0.7608,0.4988,0
ID-005109,0,0,1,1,0.3472,0,1,0,0,0,1,0,0,0,0,1,0,0,1,1,0,0,0,1,0,0,1,0,2,0,0,0.6126,0.2334,0
ID-005110,0,0,1,0,0.4028,0,1,0,0,2,0,0,1,1,0,0,0,0,1,1,0,0,0,1,0,0,1,0,2,0,3,0.9328,0.3802,0
ID-005111,1,1,1,0,0.3056,1,0,1,0,1,0,0,1,0,1,0,0,1,0,1,0,0,1,0,0,0,0,1,2,0,0,0.3785,0.1448,0
ID-005112,1,0,0,0,0.3611,1,0,0,1,0,1,0,0,0,1,0,0,0,1,0,1,0,0,0,1,0,0,1,1,0,3,0.6379,0.2505,0
ID-005113,0,1,1,0,0.8333,1,0,0,1,0,1,0,0,0,0,1,0,1,0,1,0,0,0,1,0,0,0,1,1,0,3,0.2018,0.2699,0
ID-005114,0,1,0,1,0.0139,0,0,1,0,0,1,0,0,1,0,0,0,0,1,0,0,1,0,1,0,1,0,0,1,0,1,0.9782,0.0136,0
ID-005115,1,0,1,1,1.0,1,0,0,1,2,0,0,1,1,0,0,0,1,0,1,0,0,1,0,0,0,0,1,0,1,2,0.6756,0.7257,0
ID-005116,0,0,1,1,0.8889,1,0,1,0,0,1,0,0,1,0,0,1,0,0,1,0,0,0,1,0,0,0,1,1,1,3,0.4845,0.5011,0
ID-005117,0,1,1,1,0.6667,0,1,0,0,2,0,1,0,0,0,1,0,0,1,0,1,0,0,0,1,1,0,0,2,0,2,0.6199,0.4523,0
ID-005118,0,1,1,0,0.2222,0,1,0,0,2,0,0,1,1,0,0,0,1,0,0,1,0,0,0,1,1,0,0,0,1,3,0.1459,0.0615,0
ID-005119,1,0,0,0,0.0694,1,0,0,1,0,0,1,0,0,0,1,1,0,0,0,1,0,1,0,0,1,0,0,1,0,1,0.9126,0.0644,0
ID-005120,1,1,0,1,0.9028,1,1,0,0,2,0,1,0,1,0,0,0,0,1,1,0,0,1,0,0,0,1,0,1,1,1,0.9376,0.8558,0
ID-005121,1,0,1,0,0.3889,0,0,0,1,1,1,0,0,1,0,0,1,0,0,0,0,1,0,1,0,1,0,0,2,1,0,0.7768,0.3156,0
ID-005122,0,1,1,0,0.8889,0,0,0,1,0,0,1,0,0,1,0,0,1,0,0,1,0,0,0,1,0,1,0,0,0,2,0.3046,0.3654,0
ID-005123,1,0,1,0,0.4861,1,1,0,0,2,1,0,0,1,0,0,0,1,0,0,0,1,0,0,1,0,1,0,1,1,2,0.195,0.1546,0
ID-005124,1,1,0,1,0.8889,0,0,1,0,1,0,0,1,1,0,0,1,0,0,1,0,0,0,1,0,1,0,0,1,1,1,0.5927,0.5826,0
ID-005125,0,0,0,0,0.9306,1,0,0,1,2,1,0,0,0,1,0,0,0,1,1,0,0,0,1,0,1,0,0,1,0,3,0.1778,0.2825,0
ID-005126,1,0,0,0,0.5,0,0,1,0,0,1,0,0,1,0,0,1,0,0,0,0,1,1,0,0,0,0,1,2,0,2,0.4326,0.2598,0
ID-005127,0,1,1,0,0.0833,1,1,0,0,1,0,0,1,0,0,1,1,0,0,1,0,0,0,1,0,0,0,1,1,1,3,0.0499,0.0163,0
ID-005128,1,0,1,1,0.9861,0,0,1,0,1,0,0,1,1,0,0,0,0,1,0,0,1,0,1,0,0,1,0,1,0,2,0.6127,0.663,0
ID-005129,1,0,0,1,0.9028,0,1,0,0,2,1,0,0,0,0,1,0,1,0,0,0,1,0,1,0,0,0,1,0,0,1,0.5477,0.5572,0
ID-005130,1,1,1,1,0.1389,1,1,0,0,1,0,0,1,1,0,0,0,1,0,1,0,0,0,1,0,0,0,1,2,0,0,0.6753,0.1008,0
ID-005131,0,1,1,0,0.1111,0,0,0,1,1,1,0,0,1,0,0,1,0,0,1,0,0,0,1,0,1,0,0,2,0,3,0.2597,0.0414,0
ID-005132,0,1,1,1,0.6944,1,1,0,0,0,0,0,1,1,0,0,1,0,0,0,0,1,0,1,0,1,0,0,1,1,0,0.2546,0.256,0
ID-005133,1,0,0,0,0.9306,1,0,0,1,0,0,0,1,1,0,0,1,0,0,0,0,1,1,0,0,0,1,0,0,1,0,0.6935,0.6895,0
ID-005134,1,1,1,0,0.875,0,0,1,0,1,1,0,0,0,0,1,1,0,0,0,1,0,0,1,0,0,0,1,0,0,2,0.8375,0.7551,0
ID-005135,0,0,1,0,0.3472,0,1,0,0,2,0,1,0,0,0,1,0,1,0,0,1,0,1,0,0,0,0,1,0,0,2,0.6951,0.2577,0
ID-005136,1,1,0,0,0.1111,0,0,0,1,2,1,0,0,0,0,1,0,0,1,0,0,1,1,0,0,0,0,1,1,0,1,0.2839,0.0437,0
ID-005137,0,1,0,0,0.0694,1,0,1,0,1,0,1,0,0,1,0,0,0,1,0,1,0,0,1,0,0,0,1,2,0,3,0.5375,0.0423,0
ID-005138,1,0,1,1,0.6111,0,0,1,0,1,0,1,0,0,1,0,0,1,0,0,0,1,0,0,1,1,0,0,0,0,3,0.4503,0.3268,0
ID-005139,1,1,0,0,0.0833,1,1,0,0,2,0,0,1,1,0,0,0,1,0,1,0,0,0,0,1,0,0,1,2,0,1,0.9329,0.0787,0
ID-005140,0,0,0,1,0.0833,0,0,1,0,2,0,0,1,0,0,1,0,0,1,0,1,0,1,0,0,1,0,0,0,0,3,0.308,0.0345,0
ID-005141,1,1,1,1,0.625,0,1,0,0,0,0,0,1,0,0,1,0,1,0,0,0,1,0,0,1,1,0,0,2,0,1,0.6575,0.444,0
ID-005142,0,0,0,0,0.4722,0,1,0,0,0,0,1,0,0,0,1,1,0,0,1,0,0,0,1,0,1,0,0,0,1,2,0.0116,0.0768,0
ID-005143,1,1,1,1,0.3056,1,1,0,0,2,1,0,0,0,0,1,0,1,0,0,0,1,0,1,0,1,0,0,1,1,3,0.0102,0.0493,0
ID-005144,0,0,1,1,0.6667,1,0,1,0,0,0,1,0,0,0,1,1,0,0,1,0,0,0,0,1,0,1,0,0,0,1,0.7871,0.5469,0
ID-005145,0,0,1,0,0.1111,1,1,0,0,1,0,0,1,0,0,1,0,0,1,0,0,1,1,0,0,0,1,0,2,0,2,0.9492,0.1064,0
ID-005146,0,0,0,0,0.2639,0,1,0,0,1,0,0,1,0,0,1,1,0,0,0,0,1,0,0,1,0,1,0,0,1,1,0.5401,0.1612,0
ID-005147,0,0,1,1,0.9306,1,1,0,0,0,0,0,1,0,0,1,0,0,1,0,0,1,1,0,0,0,0,1,0,0,2,0.2987,0.3779,0
ID-005148,1,0,1,0,0.1389,0,0,0,1,1,1,0,0,0,1,0,0,1,0,1,0,0,1,0,0,0,1,0,1,0,1,0.5869,0.0903,0
ID-005149,1,1,0,1,0.7917,0,0,0,1,2,0,1,0,0,0,1,1,0,0,0,1,0,1,0,0,0,1,0,2,1,3,0.8599,0.6982,0
ID-005150,1,0,0,0,0.8889,0,0,0,1,0,0,0,1,0,0,1,1,0,0,1,0,0,1,0,0,0,0,1,2,1,1,0.5204,0.5281,0
ID-005151,1,1,0,1,0.5833,1,1,0,0,0,0,1,0,0,0,1,0,1,0,0,0,1,0,1,0,0,1,0,2,1,0,0.7392,0.4548,0
ID-005152,0,0,1,0,0.2639,0,1,0,0,0,0,1,0,0,1,0,1,0,0,1,0,0,0,0,1,1,0,0,1,0,1,0.3421,0.1169,0
ID-005153,0,0,0,1,0.7639,0,0,1,0,2,1,0,0,1,0,0,0,1,0,0,0,1,1,0,0,0,1,0,1,0,2,0.5131,0.4491,0
ID-005154,0,0,0,1,0.6389,1,0,1,0,0,0,0,1,1,0,0,1,0,0,0,1,0,1,0,0,0,0,1,0,0,1,0.1588,0.1837,0
ID-005155,0,0,0,1,0.5694,1,1,0,0,0,1,0,0,1,0,0,0,0,1,0,0,1,0,0,1,1,0,0,1,0,3,0.7878,0.4675,0
ID-005156,0,1,1,1,0.7083,1,1,0,0,2,0,1,0,0,1,0,1,0,0,0,0,1,1,0,0,0,0,1,2,1,1,0.0242,0.1228,0
ID-005157,0,1,0,0,0.8472,1,0,0,1,1,0,0,1,0,1,0,1,0,0,1,0,0,0,0,1,0,0,1,0,0,0,0.164,0.2473,0
ID-005158,1,1,0,0,0.8333,0,1,0,0,2,0,1,0,0,0,1,0,0,1,0,1,0,0,0,1,0,1,0,1,0,1,0.2514,0.305,0
ID-005159,1,1,0,0,0.0278,1,1,0,0,0,0,0,1,0,1,0,0,0,1,1,0,0,0,1,0,1,0,0,2,0,1,0.6895,0.0205,0
ID-005160,1,0,1,1,0.4028,1,0,0,1,1,0,1,0,0,1,0,1,0,0,1,0,0,0,1,0,1,0,0,1,0,3,0.9479,0.3853,0
ID-005161,1,0,1,0,0.3056,0,1,0,0,2,0,1,0,0,0,1,0,0,1,0,0,1,0,1,0,0,0,1,1,0,2,0.8493,0.2668,0
ID-005162,0,0,1,0,0.9583,1,1,0,0,0,0,1,0,0,0,1,0,0,1,0,1,0,0,0,1,0,1,0,0,0,2,0.2711,0.3667,0
ID-005163,0,0,1,1,0.1667,0,1,0,0,0,0,0,1,0,1,0,0,0,1,1,0,0,0,1,0,1,0,0,1,0,1,0.3621,0.0766,0
ID-005164,0,1,1,1,0.8472,0,0,0,1,1,1,0,0,0,0,1,0,0,1,0,0,1,0,1,0,0,0,1,0,1,0,0.096,0.1984,0
ID-005165,0,0,0,0,0.2361,1,0,1,0,2,1,0,0,0,0,1,0,1,0,0,1,0,1,0,0,0,0,1,1,0,0,0.5803,0.1523,0
ID-005166,1,0,1,0,0.4028,1,0,0,1,1,0,1,0,0,0,1,0,1,0,0,1,0,1,0,0,0,1,0,0,1,2,0.5209,0.2395,0
ID-005167,1,0,1,0,0.7917,1,1,0,0,2,0,0,1,1,0,0,1,0,0,0,1,0,1,0,0,0,0,1,1,1,2,0.6067,0.5283,0
ID-005168,1,1,1,1,0.9444,1,0,0,1,2,0,1,0,0,0,1,1,0,0,0,0,1,0,1,0,0,0,1,1,0,1,0.8737,0.8441,0
ID-005169,1,0,1,1,0.125,0,0,0,1,1,0,1,0,1,0,0,0,0,1,1,0,0,0,1,0,0,0,1,1,0,0,0.8979,0.1143,0
ID-005170,1,0,1,1,0.9583,1,0,0,1,1,0,1,0,0,0,1,0,1,0,0,0,1,0,0,1,0,1,0,1,0,3,0.703,0.7178,0
ID-005171,1,1,0,1,0.7639,0,1,0,0,1,1,0,0,0,1,0,0,0,1,0,1,0,0,0,1,0,1,0,2,1,2,0.3417,0.3381,0
ID-005172,0,1,0,1,0.2639,1,1,0,0,0,1,0,0,0,1,0,1,0,0,1,0,0,1,0,0,1,0,0,2,1,2,0.5686,0.1676,0
ID-005173,1,1,0,1,0.4028,0,1,0,0,1,0,0,1,0,0,1,1,0,0,0,1,0,0,0,1,0,1,0,1,0,2,0.0062,0.0637,0
ID-005174,0,0,0,0,0.625,1,1,0,0,1,0,1,0,0,0,1,0,1,0,0,1,0,0,0,1,1,0,0,1,1,1,0.3296,0.2702,0
ID-005175,0,0,0,0,0.1667,0,0,0,1,0,1,0,0,0,1,0,0,1,0,0,0,1,0,0,1,1,0,0,2,1,3,0.5096,0.0975,0
ID-005176,1,0,0,1,0.9306,0,0,0,1,2,0,0,1,1,0,0,0,0,1,1,0,0,0,1,0,1,0,0,2,1,2,0.5115,0.5458,0
ID-005177,0,0,1,1,0.625,0,0,1,0,1,1,0,0,1,0,0,0,1,0,0,0,1,0,1,0,0,0,1,0,0,2,0.5045,0.3629,0
ID-005178,1,0,0,1,1.0,1,0,1,0,0,1,0,0,0,0,1,0,0,1,0,0,1,0,1,0,0,0,1,0,0,1,0.0618,0.2052,0
ID-005179,1,1,1,1,0.5556,1,1,0,0,2,0,1,0,1,0,0,0,1,0,0,0,1,0,0,1,0,1,0,2,1,3,0.5599,0.3487,0
ID-005180,0,1,0,0,0.3194,0,1,0,0,1,0,0,1,0,0,1,1,0,0,0,0,1,0,1,0,0,1,0,0,0,1,0.7699,0.2574,0
ID-005181,1,0,1,0,0.6667,1,1,0,0,0,1,0,0,0,0,1,0,0,1,0,0,1,1,0,0,0,1,0,1,0,0,0.7526,0.5274,0
ID-005182,1,0,1,0,0.1389,1,0,0,1,2,0,1,0,0,0,1,0,0,1,0,0,1,0,0,1,1,0,0,2,1,3,0.4335,0.0723,0
ID-005183,1,1,1,0,0.875,1,0,0,1,2,0,1,0,0,1,0,1,0,0,0,0,1,1,0,0,1,0,0,2,0,2,0.4421,0.4618,0
ID-005184,1,1,0,1,0.875,0,0,1,0,1,1,0,0,0,1,0,1,0,0,0,0,1,1,0,0,1,0,0,0,0,2,0.3051,0.3601,0
ID-005185,1,0,0,1,0.3056,1,0,1,0,1,1,0,0,0,1,0,0,1,0,0,0,1,0,1,0,0,1,0,2,1,1,0.0133,0.0501,0
ID-005186,0,0,0,1,0.9722,1,1,0,0,2,1,0,0,0,1,0,1,0,0,0,0,1,1,0,0,1,0,0,2,0,2,0.6295,0.6676,0
ID-005187,0,1,0,1,0.9722,1,0,1,0,2,1,0,0,1,0,0,1,0,0,0,0,1,0,0,1,1,0,0,0,1,2,0.3834,0.4647,0
ID-005188,0,1,1,1,0.3333,1,0,0,1,2,1,0,0,1,0,0,0,1,0,1,0,0,0,1,0,0,0,1,0,1,2,0.7214,0.2549,0
ID-005189,0,0,0,0,1.0,1,0,0,1,2,1,0,0,0,0,1,0,1,0,0,1,0,1,0,0,0,0,1,2,1,0,0.9498,0.9583,0
ID-005190,0,0,0,0,0.1944,1,1,0,0,1,0,0,1,0,1,0,0,0,1,0,0,1,0,1,0,1,0,0,2,0,3,0.6704,0.1403,0
ID-005191,0,0,1,1,0.4167,1,0,0,1,1,0,1,0,0,0,1,0,0,1,1,0,0,1,0,0,1,0,0,0,0,0,0.8059,0.3484,0
ID-005192,0,0,0,0,0.9167,0,1,0,0,0,0,1,0,0,0,1,1,0,0,1,0,0,0,0,1,1,0,0,0,1,2,0.9832,0.9044,0
ID-005193,1,1,1,1,0.6111,1,1,0,0,1,1,0,0,1,0,0,0,0,1,1,0,0,0,0,1,1,0,0,2,0,3,0.9226,0.5715,0
ID-005194,1,0,1,0,0.7778,0,1,0,0,0,0,0,1,0,0,1,0,1,0,0,1,0,0,0,1,0,1,0,2,0,0,0.8912,0.7067,0
ID-005195,1,1,1,0,0.2222,0,0,0,1,1,0,0,1,0,1,0,0,0,1,0,0,1,0,0,1,0,0,1,1,0,3,0.9505,0.2131,0
ID-005196,0,1,1,1,0.1944,0,0,0,1,0,0,0,1,0,0,1,0,0,1,1,0,0,0,1,0,0,1,0,0,1,2,0.2543,0.0716,0
ID-005197,0,0,0,1,0.2639,0,0,0,1,1,0,0,1,0,0,1,0,1,0,0,1,0,0,0,1,0,1,0,2,0,2,0.3602,0.1209,0
ID-005198,0,0,1,0,0.625,0,0,0,1,0,0,1,0,1,0,0,1,0,0,1,0,0,1,0,0,1,0,0,2,1,0,0.1483,0.1741,0
ID-005199,1,0,0,0,0.7778,0,0,1,0,0,0,0,1,0,1,0,0,0,1,1,0,0,0,0,1,0,0,1,1,1,1,0.13,0.2046,0
ID-005200,0,0,0,0,0.1944,1,1,0,0,0,0,0,1,1,0,0,0,0,1,1,0,0,0,1,0,0,0,1,1,1,0,0.3374,0.0853,0
ID-005201,1,1,0,0,0.6806,0,0,0,1,1,1,0,0,0,1,0,1,0,0,1,0,0,0,0,1,0,1,0,0,1,3,0.6925,0.5037,0
ID-005202,0,1,0,0,0.2083,1,0,0,1,0,1,0,0,0,1,0,0,1,0,0,1,0,0,1,0,1,0,0,2,0,1,0.6362,0.1442,0
ID-005203,0,1,1,1,0.4306,1,0,1,0,2,0,1,0,1,0,0,0,0,1,1,0,0,1,0,0,0,1,0,0,0,2,0.8141,0.3631,0
ID-005204,1,1,1,0,0.375,1,0,1,0,2,1,0,0,0,0,1,0,0,1,0,0,1,0,1,0,1,0,0,1,0,0,0.3272,0.1614,0
ID-005205,0,0,0,0,0.1944,1,0,0,1,0,0,1,0,1,0,0,0,1,0,0,0,1,0,0,1,0,0,1,2,0,1,0.6116,0.1306,0
ID-005206,0,1,1,1,0.4722,0,0,1,0,2,0,1,0,1,0,0,0,0,1,0,1,0,1,0,0,0,1,0,2,0,2,0.728,0.3637,0
ID-005207,0,1,0,1,0.7778,0,0,1,0,2,1,0,0,1,0,0,0,0,1,1,0,0,0,1,0,1,0,0,0,1,2,0.3206,0.3303,0
ID-005208,0,1,0,0,0.375,1,0,1,0,2,0,1,0,1,0,0,0,0,1,0,0,1,0,0,1,0,1,0,1,0,3,0.1837,0.1157,0
ID-005209,1,1,1,1,0.4306,0,0,1,0,0,0,0,1,0,1,0,1,0,0,1,0,0,1,0,0,0,1,0,0,0,0,0.5881,0.2805,0
ID-005210,1,1,0,0,0.1806,1,0,0,1,1,0,1,0,0,0,1,0,1,0,1,0,0,0,1,0,1,0,0,2,1,0,0.0581,0.0365,0
ID-005211,0,1,0,0,0.625,0,1,0,0,0,1,0,0,0,1,0,1,0,0,0,1,0,0,1,0,0,1,0,0,0,0,0.0398,0.1166,0
ID-005212,0,1,1,0,0.1806,1,0,1,0,0,1,0,0,0,0,1,1,0,0,0,1,0,0,1,0,1,0,0,1,1,1,0.2293,0.0627,0
ID-005213,0,0,1,0,0.4306,0,0,0,1,1,0,1,0,0,1,0,0,0,1,0,1,0,0,1,0,0,0,1,1,0,1,0.3495,0.1934,0
ID-005214,1,1,1,1,0.7639,0,1,0,0,2,0,0,1,0,0,1,1,0,0,1,0,0,0,0,1,0,0,1,1,1,2,0.3703,0.3566,0
ID-005215,1,1,0,0,0.2361,1,0,1,0,2,0,0,1,0,1,0,0,0,1,1,0,0,0,1,0,0,0,1,1,0,0,0.9253,0.2213,0
ID-005216,0,1,0,0,0.125,0,0,1,0,2,0,0,1,0,0,1,1,0,0,1,0,0,0,0,1,0,0,1,2,1,0,0.1944,0.0397,0
ID-005217,0,0,0,1,0.125,0,0,0,1,0,0,1,0,0,0,1,0,1,0,0,0,1,0,1,0,0,1,0,0,0,0,0.1136,0.0311,0
ID-005218,0,0,0,0,0.0694,0,1,0,0,2,1,0,0,1,0,0,0,0,1,0,0,1,0,1,0,1,0,0,0,1,0,0.5061,0.0404,0
ID-005219,0,0,1,0,0.0556,1,1,0,0,2,0,1,0,0,1,0,0,1,0,1,0,0,1,0,0,0,0,1,0,1,3,0.5733,0.0355,0
ID-005220,0,1,1,1,0.9722,0,0,0,1,2,0,0,1,0,1,0,0,0,1,0,0,1,0,0,1,0,1,0,0,0,2,0.8956,0.8869,0
ID-005221,1,0,1,1,0.1528,1,0,1,0,1,1,0,0,0,1,0,0,1,0,1,0,0,1,0,0,0,1,0,1,1,0,0.1522,0.0431,0
ID-005222,1,1,1,0,0.1806,0,1,0,0,2,0,0,1,0,1,0,0,1,0,0,1,0,1,0,0,1,0,0,0,0,3,0.821,0.1533,0
ID-005223,1,1,0,1,0.2778,0,0,1,0,1,0,0,1,1,0,0,0,1,0,0,0,1,0,0,1,1,0,0,1,0,0,0.7341,0.2154,0
ID-005224,0,1,0,0,0.0278,1,0,1,0,1,1,0,0,0,0,1,0,1,0,0,1,0,1,0,0,0,0,1,0,0,3,0.0369,0.0051,0
ID-005225,0,1,1,1,0.5833,0,0,1,0,0,0,0,1,1,0,0,0,1,0,1,0,0,1,0,0,1,0,0,2,1,0,0.1923,0.1842,0
ID-005226,1,0,1,1,0.9861,1,0,0,1,1,0,1,0,1,0,0,0,0,1,0,1,0,1,0,0,1,0,0,1,1,1,0.8658,0.8747,0
ID-005227,0,0,0,1,0.2917,1,1,0,0,1,0,0,1,0,1,0,0,0,1,1,0,0,1,0,0,0,0,1,1,1,1,0.1352,0.078,0
ID-005228,1,1,0,0,0.0,0,1,0,0,0,0,0,1,1,0,0,0,0,1,0,0,1,1,0,0,1,0,0,0,0,3,0.182,0.0,0
ID-005229,0,1,0,0,0.6528,1,0,0,1,2,0,0,1,0,0,1,0,0,1,0,0,1,0,1,0,0,0,1,0,0,2,0.7477,0.5137,0
ID-005230,1,0,1,0,0.0833,0,0,0,1,2,1,0,0,1,0,0,0,0,1,0,0,1,0,1,0,0,0,1,1,0,2,0.6646,0.0597,0
ID-005231,0,1,1,1,0.1528,1,1,0,0,2,0,0,1,1,0,0,0,0,1,1,0,0,0,1,0,1,0,0,0,0,3,0.299,0.0621,0
ID-005232,0,0,0,0,0.1389,0,0,0,1,0,0,1,0,0,1,0,1,0,0,0,0,1,0,1,0,0,1,0,1,0,2,0.8843,0.1254,0
ID-005233,1,0,1,0,0.75,0,0,1,0,1,1,0,0,0,1,0,0,1,0,0,1,0,1,0,0,0,0,1,2,1,0,0.0403,0.1402,0
ID-005234,1,1,1,0,0.6111,0,0,0,1,2,1,0,0,0,0,1,0,1,0,1,0,0,0,1,0,1,0,0,1,0,2,0.2147,0.2046,0
ID-005235,1,0,1,0,0.5,1,1,0,0,0,0,1,0,0,0,1,0,1,0,0,1,0,1,0,0,1,0,0,1,1,3,0.5219,0.2977,0
ID-005236,0,1,0,1,0.0556,0,0,0,1,2,0,1,0,0,0,1,1,0,0,0,0,1,0,1,0,1,0,0,2,0,0,0.3961,0.0272,0
ID-005237,0,1,0,1,0.4306,1,0,1,0,1,1,0,0,1,0,0,1,0,0,0,1,0,0,0,1,0,1,0,2,0,1,0.1364,0.1156,0
ID-005238,1,0,0,1,0.0694,1,0,1,0,0,1,0,0,0,0,1,1,0,0,0,0,1,1,0,0,0,0,1,1,0,0,0.3273,0.0299,0
ID-005239,0,0,0,1,0.4861,1,0,1,0,1,0,0,1,0,0,1,1,0,0,1,0,0,0,0,1,0,0,1,0,1,3,0.0967,0.1141,0
ID-005240,0,0,1,0,0.375,1,1,0,0,2,1,0,0,0,0,1,1,0,0,1,0,0,1,0,0,1,0,0,2,0,0,0.0511,0.0735,0
ID-005241,0,0,0,0,0.0972,0,0,0,1,2,1,0,0,0,1,0,0,0,1,0,0,1,1,0,0,1,0,0,0,1,3,0.7103,0.0734,0
ID-005242,0,0,0,0,0.6944,0,1,0,0,1,0,0,1,0,1,0,0,0,1,0,1,0,1,0,0,1,0,0,0,0,1,0.7929,0.5731,0
ID-005243,1,0,1,1,0.4167,1,0,1,0,0,1,0,0,0,1,0,0,0,1,0,0,1,1,0,0,1,0,0,1,1,1,0.0556,0.0833,0
ID-005244,0,0,1,0,0.7222,1,0,0,1,2,0,0,1,0,1,0,0,1,0,0,1,0,0,1,0,1,0,0,2,0,2,0.9365,0.6839,0
ID-005245,1,1,0,1,0.1667,1,1,0,0,0,0,0,1,1,0,0,1,0,0,0,0,1,0,1,0,0,0,1,0,1,2,0.8552,0.1463,0
ID-005246,0,1,1,1,0.7083,0,0,1,0,0,0,0,1,0,1,0,0,0,1,0,1,0,0,0,1,1,0,0,1,0,1,0.2365,0.2503,0
ID-005247,1,0,1,0,0.5556,1,0,1,0,1,1,0,0,0,1,0,1,0,0,1,0,0,1,0,0,0,0,1,0,0,2,0.5358,0.3373,0
ID-005248,0,1,0,0,0.3333,1,0,1,0,0,1,0,0,1,0,0,0,1,0,0,1,0,0,1,0,0,0,1,2,0,2,0.2193,0.1129,0
ID-005249,1,0,0,0,0.3194,1,1,0,0,0,0,0,1,1,0,0,0,1,0,1,0,0,0,0,1,0,1,0,1,1,3,0.9528,0.3069,0
ID-005250,1,0,0,0,0.4167,0,0,1,0,1,0,0,1,0,1,0,0,0,1,0,0,1,0,0,1,1,0,0,2,0,2,0.2051,0.1361,0
ID-005251,1,1,0,0,0.9861,0,0,0,1,1,0,1,0,0,1,0,0,0,1,0,0,1,1,0,0,1,0,0,0,1,3,0.6075,0.6587,0
ID-005252,1,0,0,0,0.9861,1,0,0,1,0,0,0,1,1,0,0,0,0,1,1,0,0,0,0,1,0,0,1,2,0,0,0.5558,0.6154,0
ID-005253,0,0,1,0,0.5,0,1,0,0,1,0,1,0,1,0,0,1,0,0,1,0,0,0,1,0,0,0,1,2,1,2,0.4338,0.2603,0
ID-005254,1,1,0,0,0.9722,0,1,0,0,1,0,0,1,0,1,0,0,0,1,0,0,1,0,0,1,1,0,0,0,1,3,0.2755,0.3757,0
ID-005255,1,0,1,1,0.9167,0,0,0,1,0,1,0,0,0,1,0,0,1,0,0,0,1,0,0,1,0,0,1,0,0,3,0.5671,0.5809,0
ID-005256,0,0,0,1,0.9583,0,1,0,0,2,0,1,0,0,0,1,0,1,0,0,1,0,0,1,0,0,1,0,0,1,0,0.9471,0.9161,0
ID-005257,0,0,1,1,0.7917,1,0,1,0,2,0,1,0,0,0,1,0,1,0,1,0,0,0,0,1,0,0,1,0,0,2,0.2729,0.3042,0
ID-005258,1,0,0,0,0.7917,0,0,1,0,1,1,0,0,0,1,0,0,0,1,1,0,0,0,1,0,0,0,1,0,0,1,0.2548,0.292,0
ID-005259,0,1,1,0,0.4444,1,0,0,1,1,0,0,1,0,1,0,1,0,0,1,0,0,0,1,0,1,0,0,0,1,3,0.3352,0.1942,0
ID-005260,0,0,1,0,1.0,0,0,1,0,2,1,0,0,1,0,0,0,0,1,0,1,0,0,0,1,0,1,0,2,1,0,0.0087,0.1602,0
ID-005261,1,1,1,1,0.6528,1,0,1,0,0,0,0,1,0,0,1,0,1,0,0,1,0,0,0,1,1,0,0,2,0,1,0.1346,0.1743,0
ID-005262,1,0,1,1,0.1389,0,0,1,0,2,0,0,1,1,0,0,0,1,0,0,1,0,1,0,0,0,0,1,1,0,3,0.7935,0.1147,0
ID-005263,0,0,0,1,0.8611,1,1,0,0,0,0,1,0,1,0,0,1,0,0,0,1,0,0,1,0,0,0,1,0,1,3,0.6311,0.5924,0
ID-005264,1,0,0,1,0.9028,1,0,1,0,1,0,0,1,0,1,0,0,0,1,0,0,1,1,0,0,1,0,0,0,0,2,0.5482,0.5576,0
ID-005265,0,1,1,1,0.4722,0,0,0,1,0,0,1,0,0,0,1,0,0,1,0,1,0,1,0,0,1,0,0,1,1,2,0.2241,0.1619,0
ID-005266,1,0,1,0,0.7222,0,1,0,0,1,0,1,0,0,0,1,0,0,1,1,0,0,0,0,1,1,0,0,0,0,1,0.6412,0.5031,0
ID-005267,1,0,1,0,0.3194,1,0,0,1,0,1,0,0,0,0,1,0,0,1,1,0,0,0,1,0,0,1,0,2,1,1,0.9517,0.3066,0
ID-005268,0,0,1,0,0.8472,0,0,1,0,1,1,0,0,0,1,0,0,1,0,0,1,0,1,0,0,0,0,1,2,0,2,0.8644,0.7505,0
ID-005269,0,1,0,1,0.3889,0,1,0,0,2,1,0,0,0,0,1,0,1,0,1,0,0,0,0,1,0,0,1,1,0,2,0.025,0.0677,0
ID-005270,0,1,0,0,0.0278,1,0,1,0,1,1,0,0,1,0,0,0,0,1,0,1,0,0,0,1,0,1,0,2,0,0,0.7602,0.0222,0
ID-005271,1,1,0,1,0.1389,1,1,0,0,2,1,0,0,1,0,0,1,0,0,1,0,0,0,0,1,1,0,0,0,1,1,0.77,0.1119,0
ID-005272,0,1,0,1,0.6528,0,0,0,1,2,0,0,1,0,1,0,0,1,0,0,0,1,1,0,0,0,1,0,0,1,3,0.8312,0.5599,0
ID-005273,0,0,1,0,0.2778,1,0,1,0,0,0,0,1,0,1,0,0,0,1,0,0,1,0,1,0,0,0,1,1,0,0,0.3736,0.1305,0
ID-005274,1,0,1,0,0.4306,0,0,0,1,1,0,0,1,1,0,0,1,0,0,0,0,1,0,1,0,1,0,0,0,0,0,0.2487,0.1566,0
ID-005275,1,1,0,1,0.375,1,0,1,0,0,0,0,1,1,0,0,0,0,1,1,0,0,0,1,0,1,0,0,1,1,0,0.8822,0.3378,0
ID-005276,0,0,1,1,0.1389,1,0,1,0,1,0,1,0,0,0,1,1,0,0,0,0,1,0,1,0,1,0,0,2,0,0,0.7632,0.1111,0
ID-005277,0,1,1,1,0.0139,0,0,1,0,2,1,0,0,0,1,0,1,0,0,0,1,0,0,0,1,0,1,0,2,1,2,0.4444,0.0074,0
ID-005278,0,0,0,1,0.4861,0,0,1,0,2,0,1,0,1,0,0,0,1,0,0,0,1,1,0,0,1,0,0,0,0,0,0.8637,0.4303,0
ID-005279,0,0,1,1,0.6944,1,0,0,1,0,0,1,0,0,0,1,1,0,0,0,1,0,1,0,0,1,0,0,1,1,0,0.4109,0.3481,0
ID-005280,0,0,1,1,0.4583,0,0,1,0,2,0,0,1,0,1,0,0,0,1,0,1,0,1,0,0,0,1,0,0,1,2,0.1725,0.1371,0
ID-005281,1,1,0,1,0.0417,0,0,0,1,1,1,0,0,0,0,1,0,1,0,0,0,1,0,0,1,1,0,0,1,0,1,0.9136,0.0386,0
ID-005282,0,0,0,1,0.7639,1,1,0,0,1,0,1,0,1,0,0,1,0,0,1,0,0,0,1,0,1,0,0,0,0,1,0.4808,0.4282,0
ID-005283,0,1,0,1,0.8056,0,0,1,0,0,1,0,0,1,0,0,0,1,0,0,0,1,1,0,0,0,1,0,1,0,0,0.4915,0.4589,0
ID-005284,0,1,0,1,0.125,0,0,0,1,0,0,0,1,0,0,1,1,0,0,1,0,0,1,0,0,0,1,0,2,1,1,0.5595,0.0784,0
ID-005285,1,1,0,0,0.5,0,0,0,1,2,0,0,1,0,1,0,0,0,1,0,1,0,0,1,0,0,0,1,0,1,2,0.6193,0.339,0
ID-005286,0,0,0,0,0.6667,1,0,1,0,0,1,0,0,0,1,0,0,1,0,0,1,0,0,1,0,1,0,0,0,1,0,0.1916,0.2102,0
ID-005287,0,0,0,0,0.3056,0,0,0,1,1,0,1,0,1,0,0,0,1,0,0,1,0,0,1,0,0,0,1,0,1,2,0.9092,0.2823,0
ID-005288,0,1,0,1,0.6667,1,0,1,0,0,0,1,0,0,0,1,1,0,0,0,1,0,0,1,0,0,1,0,2,1,3,0.8925,0.6064,0
ID-005289,0,1,0,0,0.375,0,0,0,1,1,0,0,1,1,0,0,0,1,0,0,1,0,1,0,0,1,0,0,1,1,2,0.2141,0.1254,0
ID-005290,1,0,1,0,0.2778,1,0,1,0,1,0,1,0,0,0,1,0,1,0,0,0,1,0,1,0,1,0,0,1,1,0,0.3111,0.1157,0
ID-005291,1,0,1,1,0.7222,1,0,0,1,1,1,0,0,1,0,0,0,1,0,0,0,1,0,0,1,0,0,1,2,1,2,0.3858,0.3467,0
ID-005292,1,0,1,0,0.7917,1,0,1,0,2,0,1,0,0,0,1,0,0,1,1,0,0,0,0,1,1,0,0,0,0,0,0.4584,0.4287,0
ID-005293,0,1,0,1,0.6806,0,0,1,0,2,0,0,1,0,1,0,0,1,0,0,0,1,0,1,0,1,0,0,1,0,0,0.1149,0.1703,0
ID-005294,1,1,0,0,0.9583,1,1,0,0,1,1,0,0,0,0,1,0,0,1,1,0,0,1,0,0,0,1,0,1,1,2,0.0258,0.1674,0
ID-005295,0,0,0,1,0.125,0,0,1,0,1,1,0,0,1,0,0,0,0,1,0,0,1,1,0,0,0,0,1,2,0,3,0.1753,0.0377,0
ID-005296,1,1,1,1,0.4444,0,0,0,1,1,1,0,0,1,0,0,0,1,0,0,0,1,0,0,1,1,0,0,0,1,0,0.2647,0.1677,0
ID-005297,1,1,0,0,0.6528,0,0,0,1,2,1,0,0,1,0,0,0,1,0,0,1,0,0,0,1,0,1,0,0,0,3,0.262,0.2448,0
ID-005298,1,1,1,1,0.0556,0,0,0,1,1,0,0,1,0,0,1,1,0,0,1,0,0,1,0,0,1,0,0,0,0,2,0.9465,0.0531,0
ID-005299,0,1,1,1,0.875,1,0,0,1,1,1,0,0,0,0,1,0,1,0,0,1,0,1,0,0,0,1,0,2,0,2,0.3758,0.4126,0
ID-005300,0,0,0,1,0.25,0,0,0,1,2,1,0,0,1,0,0,1,0,0,0,0,1,0,1,0,0,1,0,0,1,3,0.6336,0.1725,0
ID-005301,1,0,1,1,0.1944,0,0,0,1,2,0,0,1,1,0,0,0,0,1,0,1,0,0,1,0,1,0,0,0,0,2,0.1974,0.0623,0
ID-005302,1,1,1,1,0.6806,1,1,0,0,1,1,0,0,0,0,1,1,0,0,0,1,0,0,0,1,0,1,0,2,1,3,0.1549,0.1934,0
ID-005303,1,1,1,1,0.0417,1,1,0,0,2,0,1,0,0,0,1,0,1,0,1,0,0,0,0,1,0,1,0,0,0,0,0.4842,0.0235,0
ID-005304,0,0,0,0,0.3472,0,0,0,1,0,1,0,0,0,0,1,0,0,1,1,0,0,1,0,0,0,0,1,1,1,0,0.4198,0.1767,0
ID-005305,1,0,1,0,0.0694,1,1,0,0,1,0,1,0,0,1,0,0,1,0,0,1,0,0,1,0,1,0,0,2,0,1,0.6574,0.0493,0
ID-005306,1,1,1,0,0.7083,0,0,0,1,1,0,0,1,0,1,0,0,1,0,0,1,0,0,1,0,1,0,0,2,1,1,0.5072,0.4129,0
ID-005307,1,0,1,0,0.0972,1,1,0,0,2,0,1,0,0,1,0,0,1,0,1,0,0,1,0,0,0,0,1,2,0,0,0.0011,0.0149,0
ID-005308,1,0,0,1,0.4583,1,1,0,0,0,0,0,1,0,0,1,0,0,1,0,0,1,0,0,1,0,1,0,2,0,1,0.8849,0.414,0
ID-005309,1,0,0,1,0.1806,1,0,1,0,2,0,1,0,0,0,1,0,0,1,1,0,0,0,1,0,1,0,0,2,1,3,0.9158,0.1678,0
ID-005310,0,0,0,1,0.8472,1,1,0,0,2,1,0,0,1,0,0,0,0,1,1,0,0,1,0,0,0,0,1,1,0,3,0.9916,0.8419,0
ID-005311,0,0,0,0,0.3056,1,0,0,1,0,0,0,1,0,1,0,0,0,1,0,1,0,1,0,0,0,1,0,0,0,1,0.3002,0.1245,0
ID-005312,1,1,1,1,0.4722,0,1,0,0,2,0,1,0,0,0,1,0,1,0,0,0,1,0,0,1,0,0,1,2,0,3,0.3145,0.1981,0
ID-005313,1,0,0,0,0.1528,1,0,0,1,1,0,1,0,0,0,1,1,0,0,1,0,0,0,0,1,1,0,0,0,0,0,0.6656,0.1096,0
ID-005314,0,1,0,1,0.6528,1,0,0,1,1,0,1,0,0,0,1,0,0,1,1,0,0,0,1,0,0,1,0,2,0,0,0.3346,0.285,0
ID-005315,1,1,0,0,0.5972,0,0,0,1,2,0,0,1,1,0,0,1,0,0,0,1,0,1,0,0,1,0,0,2,1,3,0.373,0.2802,0
ID-005316,1,0,0,0,0.7639,1,1,0,0,0,0,0,1,0,0,1,0,0,1,0,0,1,1,0,0,1,0,0,2,1,2,0.4309,0.3959,0
ID-005317,0,0,0,1,0.8889,1,0,1,0,1,1,0,0,0,0,1,0,0,1,1,0,0,1,0,0,0,0,1,2,0,2,0.9201,0.8294,0
ID-005318,1,0,1,0,0.0556,1,0,1,0,0,1,0,0,0,0,1,1,0,0,1,0,0,0,0,1,0,0,1,0,1,2,0.358,0.0254,0
ID-005319,1,1,0,0,0.4167,1,0,1,0,2,1,0,0,0,0,1,0,1,0,0,1,0,0,1,0,1,0,0,0,1,0,0.5129,0.2449,0
ID-005320,0,0,1,0,0.9722,1,1,0,0,0,1,0,0,0,1,0,0,0,1,0,0,1,1,0,0,0,0,1,1,1,3,0.5007,0.5613,0
ID-005321,0,1,0,0,0.3333,0,1,0,0,0,0,1,0,0,1,0,0,0,1,0,1,0,0,0,1,0,1,0,2,0,1,0.7149,0.253,0
ID-005322,1,1,0,0,0.0833,1,1,0,0,1,0,1,0,0,1,0,0,1,0,1,0,0,0,1,0,0,1,0,0,0,2,0.8455,0.0725,0
ID-005323,0,0,0,0,0.0694,1,0,1,0,1,1,0,0,1,0,0,0,0,1,1,0,0,0,1,0,0,1,0,1,0,2,0.2412,0.0248,0
ID-005324,1,1,1,1,0.2222,0,1,0,0,2,0,1,0,0,0,1,1,0,0,0,0,1,1,0,0,0,1,0,0,1,3,0.314,0.0931,0
ID-005325,0,0,0,0,0.6111,0,1,0,0,2,0,1,0,1,0,0,1,0,0,0,1,0,0,0,1,1,0,0,1,1,1,0.3218,0.2601,0
ID-005326,1,1,1,1,0.8472,0,0,0,1,2,1,0,0,1,0,0,1,0,0,1,0,0,1,0,0,0,0,1,1,1,0,0.843,0.7351,0
ID-005327,0,1,0,1,0.7361,1,0,1,0,0,0,0,1,0,1,0,1,0,0,0,1,0,0,1,0,1,0,0,0,0,0,0.3789,0.349,0
ID-005328,1,0,1,1,0.8472,0,0,0,1,2,1,0,0,0,1,0,0,0,1,0,0,1,1,0,0,0,1,0,2,1,0,0.1077,0.2068,0
ID-005329,1,0,1,1,0.4028,0,0,1,0,2,1,0,0,0,0,1,0,1,0,1,0,0,0,0,1,0,0,1,2,1,0,0.8498,0.3518,0
ID-005330,0,0,1,1,0.375,1,0,0,1,2,0,1,0,1,0,0,0,0,1,0,0,1,0,1,0,1,0,0,0,1,2,0.1704,0.1115,0
ID-005331,1,0,1,0,0.5972,0,0,0,1,0,0,0,1,0,1,0,0,1,0,0,0,1,0,0,1,0,1,0,0,1,1,0.211,0.1981,0
ID-005332,0,0,1,0,0.0833,0,0,0,1,2,0,0,1,0,0,1,1,0,0,1,0,0,0,1,0,0,0,1,1,1,0,0.7479,0.0656,0
ID-005333,0,1,1,0,0.875,0,0,0,1,0,1,0,0,0,0,1,1,0,0,1,0,0,1,0,0,1,0,0,0,0,2,0.8969,0.7992,0
ID-005334,1,0,1,0,0.6944,1,0,0,1,2,0,0,1,1,0,0,0,1,0,0,0,1,0,0,1,1,0,0,1,1,2,0.3651,0.3211,0
ID-005335,1,1,1,1,0.8611,1,0,1,0,1,0,1,0,0,1,0,0,0,1,0,1,0,0,1,0,0,1,0,2,0,0,0.7558,0.6835,0
ID-005336,1,1,1,0,0.4306,0,1,0,0,2,0,0,1,0,0,1,1,0,0,0,0,1,0,0,1,0,1,0,0,1,3,0.914,0.3995,0
ID-005337,0,0,0,1,0.4583,1,0,1,0,0,0,0,1,0,0,1,1,0,0,1,0,0,1,0,0,1,0,0,0,1,3,0.3052,0.1887,0
ID-005338,0,0,0,1,0.9028,0,1,0,0,1,0,1,0,0,1,0,1,0,0,0,1,0,0,1,0,0,0,1,0,1,0,0.519,0.5352,0
ID-005339,1,0,1,0,0.6111,0,1,0,0,1,0,1,0,1,0,0,0,0,1,0,0,1,0,0,1,0,1,0,1,0,1,0.6745,0.4429,0
ID-005340,1,1,1,1,0.3472,0,0,0,1,0,0,1,0,0,0,1,1,0,0,1,0,0,0,0,1,0,1,0,0,1,2,0.28,0.1355,0
ID-005341,1,1,0,0,0.2778,0,0,0,1,0,0,0,1,0,0,1,1,0,0,0,0,1,0,1,0,0,0,1,2,0,0,0.2856,0.1097,0
ID-005342,1,0,1,1,0.1944,0,0,1,0,1,1,0,0,0,1,0,0,1,0,1,0,0,1,0,0,1,0,0,0,1,2,0.1635,0.0567,0
ID-005343,0,0,1,0,0.2222,0,0,0,1,0,0,1,0,0,0,1,1,0,0,0,1,0,0,1,0,0,1,0,1,1,0,0.6128,0.1494,0
ID-005344,0,0,0,0,0.1667,0,0,0,1,0,0,0,1,1,0,0,0,0,1,1,0,0,1,0,0,0,0,1,2,1,3,0.9099,0.1541,0
ID-005345,1,1,1,1,0.6806,1,1,0,0,0,0,1,0,0,1,0,1,0,0,0,0,1,0,1,0,0,1,0,1,0,1,0.1182,0.1722,0
ID-005346,1,0,0,1,0.375,0,0,1,0,1,0,0,1,0,0,1,1,0,0,1,0,0,0,0,1,0,0,1,2,1,2,0.8863,0.3391,0
ID-005347,0,1,1,1,0.9583,1,1,0,0,2,1,0,0,0,0,1,1,0,0,0,0,1,0,1,0,0,0,1,1,0,3,0.9048,0.8818,0
ID-005348,0,0,1,1,0.0417,0,0,0,1,2,0,1,0,0,1,0,1,0,0,0,1,0,0,0,1,0,0,1,1,0,1,0.2835,0.0164,0
ID-005349,1,0,0,0,0.6944,0,1,0,0,2,1,0,0,1,0,0,1,0,0,0,1,0,1,0,0,1,0,0,2,1,1,0.1393,0.1882,0
ID-005350,1,0,0,0,0.6667,0,0,1,0,0,0,0,1,0,0,1,1,0,0,1,0,0,0,0,1,0,1,0,1,1,2,0.2576,0.2475,0
ID-005351,0,0,0,1,0.8611,1,0,1,0,0,1,0,0,0,0,1,1,0,0,1,0,0,0,0,1,0,1,0,2,1,3,0.8674,0.765,0
ID-005352,0,0,0,0,0.6944,1,0,1,0,1,1,0,0,0,0,1,0,0,1,1,0,0,0,0,1,1,0,0,2,0,3,0.9984,0.6941,0
ID-005353,0,0,0,0,0.1667,1,0,1,0,0,0,1,0,0,1,0,0,0,1,0,0,1,0,1,0,0,1,0,0,0,1,0.8824,0.1502,0
ID-005354,1,0,1,1,0.1111,0,0,0,1,2,0,1,0,1,0,0,0,1,0,1,0,0,1,0,0,0,0,1,2,0,3,0.9664,0.108,0
ID-005355,0,0,1,0,0.0139,0,0,0,1,0,1,0,0,1,0,0,1,0,0,0,0,1,0,0,1,0,0,1,1,1,2,0.1786,0.0042,0
ID-005356,0,1,0,0,0.7639,0,0,1,0,0,0,0,1,0,0,1,0,1,0,1,0,0,0,1,0,0,0,1,0,1,3,0.5128,0.4489,0
ID-005357,1,0,0,1,0.8194,0,1,0,0,0,1,0,0,0,0,1,1,0,0,1,0,0,0,1,0,0,0,1,2,0,1,0.5181,0.4852,0
ID-005358,1,1,0,0,0.5972,0,0,1,0,0,0,0,1,0,0,1,1,0,0,0,0,1,0,1,0,1,0,0,1,1,3,0.4117,0.2998,0
ID-005359,1,0,1,0,0.3194,1,0,1,0,0,1,0,0,0,1,0,1,0,0,0,0,1,0,1,0,0,0,1,1,0,0,0.5039,0.1853,0
ID-005360,1,0,0,0,0.5972,1,0,1,0,2,0,0,1,0,0,1,0,0,1,0,1,0,1,0,0,0,1,0,0,1,0,0.9241,0.5593,0
ID-005361,0,0,0,1,0.5,1,0,1,0,1,1,0,0,0,1,0,0,0,1,0,0,1,0,1,0,0,0,1,0,1,2,0.0483,0.0969,0
ID-005362,0,1,0,1,0.875,0,0,0,1,0,1,0,0,1,0,0,0,1,0,0,1,0,1,0,0,1,0,0,0,1,2,0.319,0.3704,0
ID-005363,0,0,1,1,0.4167,0,0,1,0,0,1,0,0,1,0,0,0,0,1,1,0,0,0,0,1,1,0,0,2,1,1,0.5701,0.2651,0
ID-005364,0,1,1,1,0.6111,0,1,0,0,1,0,0,1,0,0,1,0,0,1,0,1,0,0,0,1,0,0,1,0,1,0,0.9341,0.5775,0
ID-005365,1,0,0,1,0.6806,0,0,0,1,1,0,0,1,1,0,0,1,0,0,0,0,1,0,0,1,1,0,0,0,0,3,0.4325,0.3536,0
ID-005366,1,1,1,1,0.5833,0,0,0,1,1,0,1,0,1,0,0,0,0,1,0,0,1,1,0,0,0,1,0,2,0,3,0.56,0.3661,0
ID-005367,0,0,1,1,0.1389,0,0,1,0,2,1,0,0,1,0,0,1,0,0,0,0,1,0,0,1,0,0,1,1,0,1,0.3252,0.0595,0
ID-005368,1,0,0,0,0.9167,0,0,0,1,0,0,0,1,0,0,1,0,0,1,0,0,1,0,1,0,0,1,0,0,1,1,0.8758,0.8209,0
ID-005369,1,0,1,1,0.2083,0,0,1,0,1,1,0,0,0,0,1,1,0,0,0,1,0,0,1,0,1,0,0,0,1,2,0.8901,0.1891,0
ID-005370,0,0,0,0,0.6667,0,1,0,0,2,1,0,0,0,0,1,0,1,0,0,0,1,0,1,0,1,0,0,0,0,3,0.3397,0.2939,0
ID-005371,0,1,1,0,0.0139,0,1,0,0,2,0,1,0,0,0,1,0,1,0,0,0,1,0,0,1,1,0,0,2,1,0,0.2401,0.0049,0
ID-005372,0,0,1,0,0.5972,0,1,0,0,1,0,0,1,0,1,0,1,0,0,0,1,0,0,1,0,1,0,0,1,0,2,0.6761,0.4337,0
ID-005373,1,1,0,0,0.375,0,0,1,0,1,1,0,0,0,0,1,0,1,0,0,0,1,0,1,0,0,1,0,0,0,3,0.2218,0.1278,0
ID-005374,1,0,0,0,0.625,1,0,1,0,1,1,0,0,0,1,0,0,0,1,0,1,0,0,1,0,1,0,0,2,0,2,0.1979,0.2004,0
ID-005375,0,1,1,1,0.6389,1,0,0,1,0,0,0,1,1,0,0,1,0,0,1,0,0,0,0,1,0,0,1,2,1,2,0.9463,0.6103,0
ID-005376,1,0,1,1,0.6944,0,0,1,0,0,1,0,0,1,0,0,0,0,1,1,0,0,1,0,0,1,0,0,1,0,1,0.6025,0.4609,0
ID-005377,0,0,0,1,0.1667,0,1,0,0,0,1,0,0,0,0,1,1,0,0,0,1,0,0,0,1,0,0,1,2,1,3,0.3699,0.0777,0
ID-005378,1,0,1,0,0.6944,1,0,0,1,2,1,0,0,0,0,1,1,0,0,0,1,0,1,0,0,1,0,0,2,0,2,0.7115,0.5251,0
ID-005379,1,1,1,0,0.7361,1,0,1,0,0,1,0,0,0,0,1,0,0,1,0,1,0,0,1,0,0,0,1,0,1,1,0.2616,0.2758,0
ID-005380,1,1,0,0,0.5,0,0,0,1,0,0,0,1,0,0,1,0,1,0,1,0,0,0,0,1,0,0,1,1,1,3,0.3172,0.2109,0
ID-005381,1,0,0,1,0.8472,1,0,1,0,1,0,1,0,1,0,0,0,0,1,0,1,0,0,1,0,0,1,0,1,0,1,0.2696,0.3231,0
ID-005382,1,0,1,0,0.4583,0,0,0,1,1,0,1,0,0,0,1,1,0,0,0,1,0,1,0,0,1,0,0,2,0,0,0.937,0.4342,0
ID-005383,0,1,0,0,0.8194,0,0,0,1,1,0,1,0,1,0,0,0,1,0,1,0,0,0,0,1,1,0,0,0,1,1,0.0663,0.1713,0
ID-005384,0,1,1,0,0.0694,1,0,1,0,2,0,0,1,0,0,1,0,0,1,0,0,1,0,0,1,0,0,1,1,0,1,0.6517,0.049,0
ID-005385,0,0,0,1,0.8194,0,0,0,1,0,0,1,0,0,1,0,0,1,0,0,1,0,0,0,1,0,0,1,2,0,1,0.5995,0.5418,0
ID-005386,0,0,0,0,0.1806,0,0,0,1,0,0,1,0,0,0,1,1,0,0,1,0,0,0,0,1,0,1,0,0,1,2,0.1784,0.0549,0
ID-005387,0,0,1,1,0.0972,1,1,0,0,2,0,1,0,1,0,0,1,0,0,0,1,0,0,1,0,0,1,0,1,0,0,0.5205,0.0578,0
ID-005388,1,0,0,0,0.7083,0,0,1,0,2,0,0,1,0,0,1,0,1,0,1,0,0,0,0,1,0,1,0,2,0,2,0.3235,0.3025,0
ID-005389,1,0,0,1,0.9444,0,0,0,1,1,0,1,0,1,0,0,0,1,0,0,0,1,0,1,0,1,0,0,1,1,0,0.0492,0.1837,0
ID-005390,1,0,1,1,0.8056,0,1,0,0,1,1,0,0,1,0,0,0,0,1,1,0,0,0,0,1,1,0,0,2,1,3,0.8944,0.7341,0
ID-005391,0,1,1,1,0.3472,1,1,0,0,2,1,0,0,0,1,0,0,1,0,1,0,0,0,0,1,1,0,0,2,1,3,0.8692,0.309,0
ID-005392,1,0,1,0,0.0694,0,0,0,1,2,0,0,1,1,0,0,0,1,0,1,0,0,0,0,1,0,0,1,0,0,0,0.1082,0.017,0
ID-005393,1,0,0,0,0.5139,0,1,0,0,0,0,0,1,1,0,0,0,0,1,0,0,1,0,0,1,0,0,1,1,1,3,0.5704,0.3271,0
ID-005394,0,0,1,1,0.5278,1,1,0,0,2,1,0,0,0,1,0,0,1,0,1,0,0,0,0,1,0,1,0,1,0,1,0.5759,0.3384,0
ID-005395,0,0,1,1,0.9861,1,1,0,0,2,1,0,0,0,1,0,0,1,0,0,0,1,0,1,0,0,1,0,2,1,0,0.0658,0.2057,0
ID-005396,0,0,1,1,0.3889,1,1,0,0,0,0,0,1,0,1,0,1,0,0,1,0,0,0,1,0,1,0,0,1,0,0,0.817,0.3289,0
ID-005397,0,1,1,1,0.5139,1,1,0,0,0,0,1,0,0,0,1,0,0,1,1,0,0,0,1,0,0,1,0,2,0,2,0.605,0.3422,0
ID-005398,0,1,1,1,0.3611,0,1,0,0,1,1,0,0,0,0,1,1,0,0,0,1,0,0,0,1,0,1,0,1,0,1,0.6775,0.2627,0
ID-005399,0,1,1,0,1.0,0,0,1,0,2,0,0,1,0,0,1,1,0,0,1,0,0,0,0,1,0,1,0,2,1,0,0.3329,0.4351,0
ID-005400,0,0,0,1,0.2222,1,0,1,0,1,0,0,1,0,1,0,1,0,0,0,0,1,0,0,1,1,0,0,2,0,0,0.8889,0.2015,0
ID-005401,0,1,1,0,0.1944,0,0,1,0,0,1,0,0,1,0,0,1,0,0,0,0,1,0,0,1,0,0,1,1,1,1,0.0029,0.0302,0
ID-005402,1,1,0,0,0.1806,1,1,0,0,1,1,0,0,0,0,1,0,1,0,0,0,1,0,1,0,1,0,0,1,0,2,0.3873,0.0869,0
ID-005403,1,1,0,0,0.3194,0,0,0,1,1,1,0,0,1,0,0,0,0,1,0,1,0,1,0,0,0,1,0,2,0,2,0.0834,0.0714,0
ID-005404,0,0,0,1,0.9167,0,0,0,1,2,1,0,0,0,0,1,0,0,1,1,0,0,1,0,0,1,0,0,0,0,3,0.324,0.3919,0
ID-005405,0,1,1,1,0.7361,1,0,0,1,1,1,0,0,0,1,0,0,0,1,0,1,0,0,1,0,0,0,1,0,1,1,0.9957,0.7341,0
ID-005406,0,0,1,0,0.0417,0,0,1,0,1,0,1,0,1,0,0,1,0,0,1,0,0,0,0,1,0,1,0,0,0,3,0.2043,0.0136,0
ID-005407,1,0,0,0,0.4583,0,1,0,0,1,1,0,0,0,1,0,1,0,0,1,0,0,0,1,0,1,0,0,1,1,3,0.8312,0.3931,0
ID-005408,1,0,0,0,0.5139,1,0,0,1,2,0,0,1,1,0,0,0,1,0,1,0,0,0,0,1,1,0,0,2,0,2,0.1335,0.1367,0
ID-005409,1,1,0,1,0.8472,1,0,1,0,0,0,0,1,0,1,0,0,1,0,0,1,0,1,0,0,1,0,0,2,1,2,0.6345,0.5853,0
ID-005410,1,0,0,1,0.4444,1,0,0,1,1,1,0,0,1,0,0,1,0,0,1,0,0,1,0,0,0,1,0,0,1,1,0.7289,0.3426,0
ID-005411,0,0,1,0,0.4722,1,0,0,1,0,0,0,1,0,1,0,1,0,0,0,0,1,1,0,0,0,0,1,1,1,1,0.7171,0.3593,0
ID-005412,0,0,0,0,0.8889,0,0,1,0,2,1,0,0,0,0,1,0,1,0,0,0,1,0,0,1,0,1,0,0,1,3,0.754,0.7042,0
ID-005413,1,0,0,0,0.125,0,0,1,0,0,0,1,0,0,1,0,1,0,0,1,0,0,1,0,0,1,0,0,0,0,0,0.6771,0.0909,0
ID-005414,0,0,1,0,1.0,0,1,0,0,0,1,0,0,0,0,1,0,0,1,0,1,0,1,0,0,1,0,0,0,0,0,0.1418,0.2731,0
ID-005415,1,0,1,0,0.5139,1,0,1,0,0,0,1,0,0,1,0,1,0,0,0,0,1,1,0,0,1,0,0,0,0,0,0.1128,0.1277,0
ID-005416,1,1,1,1,0.4722,0,1,0,0,2,0,0,1,1,0,0,0,0,1,0,0,1,0,1,0,0,0,1,0,0,2,0.6274,0.3234,0
ID-005417,1,0,1,0,0.8056,0,1,0,0,1,0,1,0,1,0,0,1,0,0,0,1,0,0,1,0,1,0,0,2,1,1,0.5875,0.5244,0
ID-005418,0,0,1,0,0.9444,1,0,1,0,0,0,0,1,1,0,0,1,0,0,0,0,1,0,0,1,0,1,0,0,0,1,0.1614,0.2736,0
ID-005419,0,0,0,0,0.8333,1,0,0,1,0,1,0,0,1,0,0,0,0,1,0,0,1,1,0,0,1,0,0,2,0,3,0.8255,0.7108,0
ID-005420,1,0,0,0,0.5556,1,0,1,0,2,0,0,1,0,1,0,0,1,0,0,0,1,1,0,0,0,1,0,0,1,1,0.5686,0.3528,0
ID-005421,0,0,1,1,0.3889,0,0,0,1,2,0,1,0,0,0,1,0,1,0,0,1,0,1,0,0,0,0,1,0,0,3,0.7529,0.3077,0
ID-005422,1,1,1,1,0.0139,1,0,1,0,1,0,1,0,0,0,1,0,1,0,1,0,0,0,0,1,1,0,0,1,1,0,0.2249,0.0048,0
ID-005423,0,0,1,1,0.2639,0,0,0,1,0,0,1,0,0,1,0,1,0,0,1,0,0,1,0,0,0,0,1,1,0,2,0.5282,0.1585,0
ID-005424,1,0,0,0,0.0139,1,0,1,0,2,1,0,0,1,0,0,1,0,0,0,1,0,1,0,0,1,0,0,1,1,3,0.6382,0.0096,0
ID-005425,0,1,1,1,0.5,0,0,0,1,2,0,1,0,0,1,0,1,0,0,0,0,1,0,1,0,0,1,0,2,1,3,0.6054,0.3331,0
ID-005426,1,0,1,1,0.6111,1,0,0,1,0,1,0,0,1,0,0,0,1,0,0,0,1,1,0,0,0,0,1,0,1,0,0.247,0.2214,0
ID-005427,0,1,0,1,0.4583,1,0,0,1,1,0,0,1,1,0,0,0,0,1,1,0,0,0,0,1,1,0,0,2,0,3,0.465,0.2508,0
ID-005428,1,0,0,0,0.6944,1,1,0,0,1,0,1,0,0,0,1,0,1,0,0,1,0,1,0,0,0,0,1,1,1,3,0.8088,0.5825,0
ID-005429,1,0,0,0,0.7917,0,0,1,0,1,0,1,0,0,1,0,0,1,0,0,1,0,1,0,0,0,0,1,0,0,3,0.9565,0.7631,0
ID-005430,1,0,0,0,0.3472,1,1,0,0,2,1,0,0,0,1,0,1,0,0,0,0,1,0,1,0,0,1,0,1,1,1,0.1053,0.0841,0
ID-005431,1,0,1,1,0.9028,1,0,0,1,2,0,0,1,0,1,0,0,1,0,0,0,1,0,0,1,0,0,1,2,1,0,0.7066,0.6789,0
ID-005432,1,1,0,1,0.7083,0,0,1,0,2,0,0,1,1,0,0,0,1,0,0,1,0,1,0,0,0,1,0,2,1,1,0.3149,0.2974,0
ID-005433,1,1,0,1,0.7639,0,0,1,0,0,0,0,1,1,0,0,1,0,0,1,0,0,0,1,0,1,0,0,2,1,2,0.1011,0.1822,0
ID-005434,1,0,1,0,0.5139,1,1,0,0,2,1,0,0,1,0,0,0,0,1,1,0,0,0,1,0,0,0,1,2,0,2,0.7197,0.3922,0
ID-005435,1,1,1,0,0.6389,0,1,0,0,2,1,0,0,1,0,0,0,1,0,0,1,0,0,0,1,0,1,0,0,0,3,0.6042,0.425,0
ID-005436,0,1,0,1,0.5972,1,0,0,1,2,1,0,0,0,0,1,1,0,0,0,1,0,0,0,1,0,0,1,0,1,1,0.1437,0.164,0
ID-005437,1,0,1,1,0.2778,1,1,0,0,0,1,0,0,1,0,0,1,0,0,0,0,1,0,1,0,1,0,0,1,1,3,0.3693,0.1294,0
ID-005438,0,0,1,1,0.4583,0,0,0,1,2,0,0,1,0,0,1,0,0,1,0,0,1,0,1,0,0,0,1,2,0,1,0.5086,0.2677,0
ID-005439,1,0,0,0,0.625,1,1,0,0,0,0,1,0,0,1,0,0,0,1,0,1,0,1,0,0,0,1,0,0,1,2,0.7669,0.502,0
ID-005440,0,0,1,0,0.0972,1,1,0,0,2,0,1,0,0,0,1,0,1,0,0,0,1,0,1,0,1,0,0,1,1,1,0.6204,0.066,0
ID-005441,1,1,0,1,0.2639,1,1,0,0,0,0,0,1,0,0,1,0,0,1,1,0,0,0,1,0,0,1,0,2,1,0,0.7727,0.2133,0
ID-005442,1,1,1,1,0.0972,0,0,1,0,1,0,0,1,1,0,0,0,1,0,0,0,1,0,0,1,0,1,0,0,1,1,0.7184,0.0741,0
ID-005443,0,0,0,0,0.75,0,1,0,0,1,0,0,1,0,0,1,1,0,0,0,1,0,0,1,0,0,0,1,1,1,0,0.0868,0.1698,0
ID-005444,0,1,1,0,0.0833,1,0,0,1,2,1,0,0,0,1,0,0,0,1,0,0,1,1,0,0,0,1,0,1,1,2,0.4803,0.0467,0
ID-005445,0,1,1,1,0.9444,1,0,1,0,0,1,0,0,1,0,0,1,0,0,0,1,0,0,1,0,0,1,0,0,0,3,0.6437,0.6599,0
ID-005446,0,1,0,1,0.3056,1,0,1,0,0,1,0,0,1,0,0,1,0,0,0,0,1,0,0,1,1,0,0,1,1,1,0.4061,0.1519,0
ID-005447,1,0,1,0,0.5139,0,1,0,0,0,0,0,1,0,1,0,0,0,1,0,1,0,1,0,0,0,1,0,2,0,1,0.5464,0.3166,0
ID-005448,0,1,1,1,0.1944,1,0,0,1,2,0,1,0,1,0,0,0,1,0,0,0,1,1,0,0,1,0,0,0,1,0,0.1518,0.0547,0
ID-005449,0,0,1,0,0.0139,1,1,0,0,1,0,1,0,0,1,0,0,1,0,0,0,1,0,1,0,0,0,1,0,1,1,0.7537,0.011,0
ID-005450,1,0,0,0,0.7917,0,0,0,1,1,0,1,0,0,0,1,0,0,1,0,0,1,0,0,1,0,0,1,1,0,1,0.8958,0.7224,0
ID-005451,0,1,0,0,0.2361,0,0,1,0,0,1,0,0,0,0,1,0,1,0,0,1,0,1,0,0,0,0,1,0,0,1,0.0297,0.042,0
ID-005452,1,0,1,0,0.0139,0,1,0,0,2,1,0,0,1,0,0,1,0,0,0,0,1,0,0,1,1,0,0,2,0,3,0.5061,0.0081,0
ID-005453,1,1,0,1,0.0556,1,1,0,0,1,0,1,0,1,0,0,0,0,1,0,0,1,1,0,0,0,0,1,2,1,1,0.3411,0.0246,0
ID-005454,0,1,0,0,0.125,0,0,0,1,2,0,1,0,1,0,0,0,0,1,0,1,0,0,0,1,0,0,1,0,0,2,0.0588,0.0253,0
ID-005455,0,1,0,1,0.1389,0,0,0,1,0,0,1,0,1,0,0,0,1,0,0,1,0,0,1,0,1,0,0,2,1,2,0.3542,0.0629,0
ID-005456,1,0,0,1,0.2083,1,1,0,0,0,0,0,1,0,0,1,0,0,1,0,1,0,0,1,0,0,1,0,1,1,0,0.3304,0.0902,0
ID-005457,0,0,1,0,0.4167,0,0,0,1,0,1,0,0,0,0,1,0,0,1,0,1,0,1,0,0,0,0,1,0,0,0,0.8657,0.3695,0
ID-005458,0,1,0,0,0.6528,1,0,1,0,2,0,0,1,1,0,0,0,1,0,0,0,1,0,0,1,0,0,1,1,1,2,0.7562,0.5184,0
ID-005459,1,0,0,0,0.8194,0,0,1,0,2,1,0,0,0,0,1,0,0,1,0,0,1,1,0,0,0,1,0,1,0,2,0.6194,0.5556,0
ID-005460,1,1,0,1,0.0417,1,1,0,0,0,0,1,0,0,0,1,0,0,1,1,0,0,0,0,1,0,1,0,1,1,3,0.2267,0.0144,0
ID-005461,0,0,0,0,0.7917,0,1,0,0,1,0,0,1,0,1,0,1,0,0,0,0,1,1,0,0,1,0,0,2,1,2,0.141,0.2156,0
ID-005462,0,0,1,0,0.7222,1,1,0,0,2,0,1,0,0,1,0,0,1,0,1,0,0,0,1,0,1,0,0,2,0,2,0.6499,0.5084,0
ID-005463,1,0,0,1,0.4167,1,0,1,0,2,1,0,0,0,1,0,0,0,1,0,0,1,0,1,0,1,0,0,0,0,3,0.4714,0.2302,0
ID-005464,1,1,0,1,0.3889,1,0,1,0,0,0,1,0,0,1,0,0,1,0,0,1,0,1,0,0,0,1,0,2,1,2,0.0707,0.0827,0
ID-005465,0,0,0,1,0.9722,1,0,1,0,1,1,0,0,0,0,1,0,0,1,1,0,0,0,1,0,1,0,0,2,0,0,0.6604,0.693,0
ID-005466,1,1,1,1,0.4861,0,1,0,0,0,1,0,0,0,0,1,0,1,0,0,0,1,0,0,1,0,0,1,0,0,0,0.7728,0.3929,0
ID-005467,0,1,1,1,0.1389,0,1,0,0,0,1,0,0,0,1,0,1,0,0,1,0,0,0,0,1,1,0,0,2,0,3,0.8794,0.1248,0
ID-005468,0,0,1,1,0.5694,1,0,1,0,2,0,1,0,0,1,0,1,0,0,0,0,1,0,1,0,0,0,1,0,1,2,0.0715,0.1215,0
ID-005469,1,0,1,0,0.8056,0,0,1,0,0,1,0,0,0,0,1,1,0,0,0,1,0,0,0,1,1,0,0,2,0,1,0.1337,0.2144,0
ID-005470,0,0,1,0,0.5556,0,0,0,1,0,1,0,0,1,0,0,0,1,0,1,0,0,0,1,0,0,0,1,1,0,3,0.0049,0.0872,0
ID-005471,0,0,0,1,0.7639,1,1,0,0,1,1,0,0,0,0,1,0,0,1,0,1,0,0,1,0,0,1,0,1,1,2,0.8075,0.6399,0
ID-005472,0,1,1,1,0.9306,1,0,1,0,0,1,0,0,1,0,0,1,0,0,1,0,0,1,0,0,0,0,1,1,0,2,0.2141,0.3111,0
ID-005473,0,0,1,1,0.7083,0,1,0,0,1,1,0,0,1,0,0,0,0,1,0,1,0,1,0,0,0,1,0,2,1,3,0.4796,0.3963,0
ID-005474,1,0,0,0,0.4861,1,0,0,1,1,0,0,1,0,0,1,1,0,0,1,0,0,0,0,1,0,1,0,1,1,0,0.3343,0.2121,0
ID-005475,0,1,0,0,0.5278,1,0,1,0,1,0,0,1,0,0,1,1,0,0,0,1,0,0,1,0,1,0,0,2,1,0,0.456,0.2848,0
ID-005476,0,1,1,0,0.0556,1,1,0,0,2,1,0,0,0,1,0,0,1,0,1,0,0,1,0,0,1,0,0,1,1,1,0.1804,0.017,0
ID-005477,0,1,1,1,0.75,0,1,0,0,2,0,0,1,0,1,0,0,0,1,1,0,0,1,0,0,0,0,1,1,0,1,0.2576,0.2784,0
ID-005478,1,1,1,0,0.4306,0,0,1,0,2,1,0,0,0,1,0,0,0,1,0,0,1,0,1,0,1,0,0,0,1,0,0.0673,0.0904,0
ID-005479,0,0,0,1,0.8889,0,0,0,1,2,1,0,0,0,0,1,1,0,0,1,0,0,0,0,1,1,0,0,1,1,0,0.9655,0.8636,0
ID-005480,1,0,0,1,0.0417,0,1,0,0,1,1,0,0,1,0,0,0,1,0,1,0,0,0,0,1,1,0,0,0,1,3,0.7382,0.0325,0
ID-005481,1,0,0,1,0.5694,0,0,0,1,2,1,0,0,1,0,0,1,0,0,0,0,1,0,1,0,1,0,0,1,0,3,0.7733,0.4605,0
ID-005482,0,1,1,1,0.4583,0,1,0,0,2,1,0,0,1,0,0,0,1,0,0,1,0,1,0,0,0,0,1,2,0,0,0.4599,0.2488,0
ID-005483,0,0,1,1,0.4444,0,0,1,0,1,1,0,0,0,0,1,0,0,1,0,0,1,0,0,1,0,0,1,0,0,3,0.5886,0.2897,0
ID-005484,0,0,1,0,0.6111,1,0,1,0,2,0,0,1,0,1,0,0,1,0,0,1,0,0,0,1,0,0,1,2,0,2,0.2398,0.2176,0
ID-005485,1,1,1,0,0.5417,0,0,0,1,2,0,1,0,0,0,1,0,1,0,0,0,1,0,1,0,1,0,0,0,0,3,0.8112,0.4554,0
ID-005486,0,1,1,1,0.2917,0,1,0,0,2,1,0,0,0,1,0,1,0,0,0,1,0,0,1,0,0,0,1,2,0,1,0.0931,0.0676,0
ID-005487,0,1,0,1,0.1111,0,0,1,0,0,1,0,0,1,0,0,0,0,1,0,0,1,0,0,1,0,1,0,2,1,3,0.9365,0.1052,0
ID-005488,1,0,1,1,0.7917,1,0,1,0,1,0,0,1,0,1,0,0,1,0,1,0,0,1,0,0,1,0,0,0,1,0,0.5367,0.4813,0
ID-005489,1,0,0,0,0.375,1,1,0,0,1,0,1,0,1,0,0,0,0,1,0,0,1,1,0,0,0,0,1,1,1,3,0.9773,0.3681,0
ID-005490,0,1,0,0,0.5694,1,0,0,1,1,0,1,0,1,0,0,0,0,1,1,0,0,0,1,0,0,1,0,2,0,0,0.2052,0.1861,0
ID-005491,1,1,1,1,0.4306,0,0,0,1,2,0,1,0,0,0,1,0,0,1,0,1,0,0,0,1,0,0,1,1,1,3,0.3414,0.1904,0
ID-005492,1,0,0,1,0.2222,1,0,1,0,2,0,0,1,1,0,0,0,0,1,0,0,1,0,1,0,0,1,0,2,1,3,0.8856,0.2008,0
ID-005493,0,1,0,1,0.6389,1,1,0,0,2,0,1,0,1,0,0,0,0,1,0,1,0,1,0,0,0,0,1,0,1,3,0.164,0.1865,0
ID-005494,0,0,1,1,0.2222,0,0,0,1,0,0,0,1,1,0,0,0,1,0,0,0,1,0,0,1,0,1,0,1,0,1,0.5051,0.1291,0
ID-005495,0,1,0,1,0.5417,0,1,0,0,2,0,0,1,0,0,1,1,0,0,0,0,1,1,0,0,1,0,0,2,1,2,0.8742,0.4843,0
ID-005496,1,0,0,0,0.1944,1,0,0,1,0,1,0,0,1,0,0,0,1,0,1,0,0,1,0,0,0,1,0,0,1,0,0.669,0.14,0
ID-005497,1,0,1,0,0.375,0,1,0,0,1,0,1,0,0,0,1,1,0,0,0,0,1,1,0,0,0,1,0,0,0,2,0.493,0.2141,0
ID-005498,1,1,0,0,0.5417,0,0,0,1,1,0,0,1,0,1,0,0,1,0,1,0,0,0,0,1,1,0,0,1,0,2,0.0459,0.1038,0
ID-005499,0,0,1,1,0.625,1,0,0,1,1,1,0,0,0,0,1,0,1,0,0,1,0,1,0,0,0,1,0,2,0,0,0.0464,0.1201,0
ID-005500,0,0,1,0,0.8472,1,0,0,1,2,0,0,1,1,0,0,0,1,0,1,0,0,0,0,1,1,0,0,0,1,1,0.6438,0.592,0
ID-005501,1,1,0,1,0.5278,1,1,0,0,0,0,0,1,0,0,1,0,0,1,0,1,0,0,0,1,0,1,0,2,1,2,0.2286,0.1829,0
ID-005502,0,1,0,0,0.4583,1,0,0,1,0,0,0,1,1,0,0,0,1,0,0,0,1,1,0,0,0,1,0,1,1,3,0.9307,0.4318,0
ID-005503,0,0,0,1,0.0278,1,0,1,0,0,0,1,0,0,0,1,0,0,1,0,0,1,1,0,0,0,1,0,0,0,1,0.8079,0.0233,0
ID-005504,0,0,0,1,0.9722,0,0,0,1,1,0,0,1,1,0,0,0,0,1,0,0,1,0,1,0,0,0,1,2,0,3,0.5445,0.5975,0
ID-005505,1,1,1,1,0.1528,0,0,1,0,1,1,0,0,1,0,0,1,0,0,1,0,0,1,0,0,0,0,1,1,0,3,0.2121,0.0508,0
ID-005506,0,0,0,1,0.9722,0,0,0,1,2,0,0,1,0,0,1,0,1,0,0,0,1,0,0,1,1,0,0,0,0,3,0.3744,0.4572,0
ID-005507,1,1,0,0,0.9167,1,1,0,0,0,1,0,0,0,0,1,1,0,0,0,1,0,0,0,1,1,0,0,2,1,0,0.2083,0.302,0
ID-005508,0,1,0,0,0.0833,1,1,0,0,0,0,1,0,1,0,0,0,1,0,0,0,1,1,0,0,0,0,1,2,0,1,0.575,0.0534,0
ID-005509,1,0,1,1,0.4722,0,1,0,0,1,0,0,1,0,1,0,1,0,0,0,1,0,0,0,1,0,1,0,2,0,2,0.502,0.2732,0
ID-005510,0,1,0,1,0.1389,1,0,0,1,0,1,0,0,0,0,1,0,1,0,0,0,1,0,0,1,0,0,1,0,0,0,0.8852,0.1255,0
ID-005511,1,0,1,0,0.7639,1,0,1,0,0,0,0,1,1,0,0,0,0,1,0,0,1,0,0,1,0,1,0,1,1,3,0.3031,0.3131,0
ID-005512,1,0,1,1,0.9444,1,1,0,0,1,0,1,0,1,0,0,0,1,0,1,0,0,0,1,0,0,1,0,1,0,0,0.7397,0.7368,0
ID-005513,0,1,1,1,0.4306,1,1,0,0,0,0,0,1,1,0,0,1,0,0,1,0,0,1,0,0,0,0,1,2,1,3,0.4369,0.2253,0
ID-005514,0,0,1,1,0.25,1,1,0,0,2,0,1,0,0,1,0,1,0,0,1,0,0,0,1,0,0,0,1,1,0,2,0.4856,0.1412,0
ID-005515,1,0,0,1,0.125,0,0,0,1,1,0,1,0,0,0,1,0,0,1,0,0,1,1,0,0,1,0,0,2,0,2,0.497,0.0718,0
ID-005516,1,0,0,1,0.3056,0,0,1,0,2,0,0,1,0,1,0,0,0,1,0,0,1,0,0,1,0,0,1,2,0,2,0.2163,0.1027,0
ID-005517,0,1,1,0,0.7361,0,0,0,1,1,0,0,1,0,0,1,1,0,0,1,0,0,0,1,0,1,0,0,2,0,2,0.743,0.5763,0
ID-005518,1,0,1,1,0.4444,1,0,1,0,0,1,0,0,0,0,1,0,1,0,0,0,1,0,0,1,1,0,0,0,0,3,0.4629,0.2424,0
ID-005519,1,0,0,0,0.8611,1,0,1,0,2,0,1,0,0,1,0,0,1,0,1,0,0,0,0,1,0,1,0,2,1,0,0.4308,0.4462,0
ID-005520,0,0,1,0,0.9861,0,1,0,0,0,0,0,1,0,1,0,0,0,1,1,0,0,1,0,0,0,1,0,2,1,2,0.5621,0.6207,0
ID-005521,1,1,0,0,0.6111,0,0,0,1,0,0,0,1,0,1,0,0,0,1,0,0,1,0,1,0,1,0,0,0,0,1,0.1889,0.1912,0
ID-005522,0,1,0,0,0.7083,0,0,1,0,1,0,1,0,0,1,0,0,0,1,0,1,0,0,1,0,0,1,0,1,0,0,0.7554,0.562,0
ID-005523,0,0,1,0,0.0417,0,0,0,1,0,1,0,0,0,1,0,0,1,0,0,1,0,0,1,0,0,0,1,0,1,3,0.6305,0.0286,0
ID-005524,0,0,0,1,0.8194,0,0,0,1,1,1,0,0,1,0,0,1,0,0,1,0,0,1,0,0,0,0,1,2,0,3,0.2715,0.3139,0
ID-005525,0,1,1,0,0.2083,1,1,0,0,2,1,0,0,1,0,0,1,0,0,0,0,1,1,0,0,0,1,0,1,1,3,0.5457,0.1282,0
ID-005526,0,1,1,0,0.5,0,1,0,0,2,0,1,0,0,0,1,0,1,0,0,0,1,0,0,1,1,0,0,1,0,1,0.5769,0.321,0
ID-005527,1,1,0,1,0.75,1,0,0,1,0,0,1,0,1,0,0,1,0,0,0,1,0,1,0,0,0,1,0,1,0,0,0.6897,0.5533,0
ID-005528,0,1,0,0,0.5833,1,1,0,0,2,0,0,1,0,1,0,0,1,0,0,1,0,0,1,0,0,0,1,2,1,2,0.5782,0.3751,0
ID-005529,1,1,1,1,0.7639,1,0,0,1,0,0,1,0,0,1,0,0,0,1,1,0,0,0,1,0,1,0,0,1,0,0,0.1618,0.2216,0
ID-005530,1,0,1,1,0.7639,1,0,1,0,1,0,0,1,0,1,0,1,0,0,1,0,0,0,0,1,1,0,0,0,1,3,0.7782,0.6209,0
ID-005531,0,0,0,0,0.9722,1,1,0,0,0,1,0,0,0,1,0,0,0,1,1,0,0,0,1,0,0,0,1,0,1,2,0.7701,0.7835,0
ID-005532,0,0,0,0,0.6111,1,0,1,0,1,1,0,0,0,1,0,1,0,0,0,1,0,0,1,0,0,0,1,2,1,1,0.7998,0.5079,0
ID-005533,1,0,1,1,0.8333,1,0,1,0,1,1,0,0,0,0,1,0,0,1,0,0,1,1,0,0,0,1,0,1,1,0,0.6486,0.5857,0
ID-005534,1,1,0,0,0.7361,1,1,0,0,2,0,0,1,0,0,1,0,1,0,0,1,0,0,1,0,1,0,0,1,1,2,0.8624,0.6508,0
ID-005535,0,0,0,1,0.9444,1,0,0,1,1,1,0,0,1,0,0,0,1,0,0,1,0,0,0,1,1,0,0,2,0,2,0.4995,0.5444,0
ID-005536,0,0,1,0,0.7222,0,1,0,0,2,0,1,0,1,0,0,0,0,1,1,0,0,1,0,0,0,1,0,1,0,2,0.504,0.419,0
ID-005537,0,0,0,0,0.25,1,0,0,1,0,0,1,0,0,0,1,0,1,0,0,0,1,1,0,0,0,1,0,2,1,0,0.0273,0.044,0
ID-005538,1,0,1,0,0.2361,0,1,0,0,0,0,0,1,1,0,0,0,1,0,0,1,0,0,1,0,1,0,0,0,1,2,0.6546,0.1671,0
ID-005539,0,0,1,0,0.8472,0,0,1,0,2,1,0,0,0,1,0,1,0,0,1,0,0,0,1,0,0,0,1,2,0,3,0.258,0.3148,0
ID-005540,1,1,0,0,0.4167,0,0,0,1,2,0,1,0,0,0,1,0,0,1,0,1,0,0,1,0,1,0,0,2,0,3,0.1009,0.0993,0
ID-005541,1,1,0,1,0.8194,0,1,0,0,2,1,0,0,0,0,1,0,1,0,0,1,0,0,0,1,0,1,0,1,1,0,0.7706,0.6607,0
ID-005542,1,1,0,0,0.7639,0,0,0,1,2,1,0,0,1,0,0,0,1,0,0,1,0,0,0,1,0,1,0,1,1,1,0.6192,0.5178,0
ID-005543,1,0,1,0,0.2917,1,0,1,0,2,0,1,0,0,1,0,0,0,1,0,0,1,0,1,0,0,0,1,2,0,1,0.9427,0.2777,0
ID-005544,1,0,1,1,0.6667,1,0,1,0,1,1,0,0,1,0,0,1,0,0,1,0,0,1,0,0,0,1,0,2,1,3,0.6355,0.4611,0
ID-005545,0,0,0,0,0.3611,1,0,0,1,2,0,0,1,1,0,0,0,1,0,0,1,0,0,0,1,1,0,0,1,0,1,0.7429,0.2827,0
ID-005546,1,0,1,0,0.9722,0,1,0,0,0,0,1,0,0,0,1,0,0,1,1,0,0,0,0,1,0,0,1,1,1,0,0.4201,0.4949,0
ID-005547,0,1,1,0,0.2083,1,1,0,0,0,0,0,1,0,1,0,0,0,1,0,0,1,0,0,1,0,0,1,0,1,0,0.8068,0.1744,0
ID-005548,1,1,1,0,0.1667,1,0,0,1,1,0,0,1,0,0,1,0,1,0,0,1,0,0,0,1,0,1,0,0,1,3,0.526,0.0998,0
ID-005549,0,0,0,0,0.0417,1,0,1,0,0,0,0,1,0,0,1,1,0,0,0,1,0,1,0,0,0,1,0,2,0,0,0.8798,0.0375,0
ID-005550,1,0,1,1,0.9306,1,1,0,0,1,1,0,0,0,1,0,0,0,1,0,1,0,0,1,0,1,0,0,0,0,3,0.2872,0.3688,0
ID-005551,1,1,1,1,0.7639,0,1,0,0,1,0,1,0,0,0,1,0,0,1,0,1,0,0,1,0,1,0,0,1,1,1,0.7402,0.5962,0
ID-005552,0,1,1,1,0.4028,0,1,0,0,1,0,1,0,0,1,0,1,0,0,0,1,0,1,0,0,0,0,1,0,1,3,0.5577,0.252,0
ID-005553,0,0,0,0,0.8889,0,1,0,0,0,0,1,0,0,1,0,0,1,0,0,0,1,0,1,0,0,0,1,2,0,0,0.9451,0.8482,0
ID-005554,0,1,0,0,0.9167,0,0,1,0,2,1,0,0,0,0,1,0,0,1,1,0,0,1,0,0,0,0,1,0,0,0,0.633,0.6321,0
ID-005555,0,0,1,1,0.25,0,0,1,0,0,0,0,1,0,1,0,1,0,0,1,0,0,0,1,0,1,0,0,2,1,0,0.5158,0.1475,0
ID-005556,1,1,0,0,0.2222,0,0,0,1,0,1,0,0,1,0,0,0,1,0,0,1,0,0,1,0,0,1,0,2,0,0,0.2269,0.0767,0
ID-005557,0,1,0,0,0.7917,1,1,0,0,2,0,0,1,0,0,1,0,0,1,1,0,0,0,0,1,0,0,1,0,0,0,0.6374,0.5489,0
ID-005558,1,0,0,0,0.5694,0,1,0,0,1,1,0,0,0,1,0,1,0,0,1,0,0,0,1,0,0,1,0,2,0,2,0.6086,0.3809,0
ID-005559,1,1,0,0,0.7361,1,1,0,0,0,1,0,0,1,0,0,0,1,0,0,1,0,1,0,0,0,1,0,1,0,1,0.9486,0.7046,0
ID-005560,0,0,1,1,0.1806,1,0,1,0,2,0,0,1,0,1,0,1,0,0,0,1,0,1,0,0,1,0,0,0,0,2,0.6623,0.129,0
ID-005561,1,0,0,0,0.0417,1,0,0,1,1,0,0,1,1,0,0,0,1,0,0,1,0,1,0,0,0,0,1,1,1,1,0.4267,0.0214,0
ID-005562,1,1,0,1,0.1111,0,0,1,0,1,0,1,0,1,0,0,0,1,0,0,0,1,0,0,1,1,0,0,1,0,3,0.126,0.0289,0
ID-005563,0,1,1,0,0.1389,0,0,0,1,0,0,0,1,1,0,0,0,0,1,0,0,1,0,1,0,1,0,0,1,1,0,0.4038,0.0688,0
ID-005564,0,1,1,0,0.9861,0,0,1,0,2,0,0,1,0,0,1,0,1,0,0,1,0,1,0,0,0,1,0,0,1,2,0.4987,0.5678,0
ID-005565,1,1,0,0,0.1944,1,0,1,0,1,0,1,0,0,0,1,0,0,1,1,0,0,0,1,0,0,1,0,2,1,0,0.8793,0.1747,0
ID-005566,0,0,0,1,0.7639,0,0,0,1,0,1,0,0,0,1,0,0,0,1,0,1,0,0,1,0,0,0,1,2,1,3,0.5471,0.4711,0
ID-005567,1,0,1,0,0.0833,0,0,0,1,0,0,1,0,1,0,0,1,0,0,1,0,0,0,0,1,0,0,1,2,1,3,0.5018,0.0482,0
ID-005568,0,1,1,0,0.9861,1,0,0,1,1,0,0,1,0,1,0,1,0,0,0,1,0,0,1,0,0,0,1,1,0,3,0.692,0.7294,0
ID-005569,1,0,1,0,0.6111,0,0,0,1,2,0,0,1,0,1,0,1,0,0,0,0,1,1,0,0,1,0,0,1,0,3,0.4777,0.341,0
ID-005570,0,0,0,1,0.3472,0,0,0,1,0,0,0,1,0,1,0,1,0,0,0,0,1,0,1,0,0,0,1,0,0,3,0.8179,0.2939,0
ID-005571,1,0,0,1,0.2361,1,1,0,0,1,0,1,0,0,0,1,1,0,0,0,1,0,1,0,0,0,0,1,0,0,1,0.3408,0.1043,0
ID-005572,1,0,1,0,0.2222,0,1,0,0,1,0,0,1,0,0,1,1,0,0,1,0,0,0,0,1,0,1,0,1,1,3,0.2105,0.0736,0
ID-005573,1,1,1,1,0.4028,1,1,0,0,2,0,1,0,1,0,0,1,0,0,1,0,0,0,0,1,1,0,0,0,0,1,0.041,0.0755,0
ID-005574,0,0,0,0,0.3194,0,1,0,0,1,1,0,0,0,1,0,1,0,0,1,0,0,0,0,1,0,0,1,0,0,1,0.7079,0.2406,0
ID-005575,1,1,1,1,0.1944,1,0,1,0,1,0,0,1,1,0,0,0,1,0,1,0,0,0,1,0,0,0,1,2,0,1,0.7803,0.1584,0
ID-005576,1,1,0,0,0.1528,1,1,0,0,1,1,0,0,1,0,0,1,0,0,1,0,0,0,1,0,0,0,1,0,0,0,0.6438,0.1068,0
ID-005577,1,1,1,0,0.5417,0,0,1,0,2,1,0,0,0,1,0,0,1,0,1,0,0,1,0,0,0,1,0,2,0,3,0.8957,0.4942,0
ID-005578,0,1,0,1,0.3333,1,1,0,0,2,0,1,0,0,0,1,0,0,1,0,1,0,0,0,1,0,0,1,1,1,3,0.3606,0.1529,0
ID-005579,0,1,0,1,0.2083,0,1,0,0,0,1,0,0,0,0,1,0,0,1,0,1,0,0,1,0,0,0,1,1,0,2,0.2306,0.0726,0
ID-005580,0,1,0,1,0.5417,0,0,1,0,0,1,0,0,0,1,0,0,0,1,1,0,0,0,1,0,0,1,0,0,1,3,0.2302,0.1885,0
ID-005581,0,0,0,1,0.2361,1,0,0,1,2,1,0,0,0,0,1,1,0,0,0,0,1,1,0,0,1,0,0,2,1,1,0.8709,0.2105,0
ID-005582,1,1,1,1,0.7639,1,0,0,1,1,0,1,0,1,0,0,1,0,0,0,0,1,0,1,0,0,1,0,1,1,1,0.4853,0.4311,0
ID-005583,1,0,1,1,0.7639,1,0,0,1,1,0,1,0,0,1,0,0,1,0,0,0,1,0,0,1,1,0,0,2,1,0,0.1447,0.2105,0
ID-005584,1,0,0,1,0.6806,0,0,0,1,1,0,0,1,0,1,0,0,1,0,0,0,1,0,1,0,0,0,1,1,1,3,0.756,0.5403,0
ID-005585,0,1,1,1,0.5556,1,0,0,1,1,1,0,0,1,0,0,0,1,0,0,0,1,0,0,1,0,0,1,2,1,3,0.4919,0.3167,0
ID-005586,0,0,0,0,0.5833,0,0,0,1,1,0,1,0,0,0,1,0,1,0,1,0,0,0,0,1,1,0,0,1,1,2,0.9568,0.5625,0
ID-005587,1,1,1,0,0.3056,1,0,1,0,1,1,0,0,1,0,0,1,0,0,1,0,0,1,0,0,0,1,0,0,1,1,0.3931,0.1486,0
ID-005588,1,1,0,0,0.0278,0,0,1,0,2,0,0,1,0,0,1,1,0,0,0,1,0,0,1,0,1,0,0,1,1,0,0.8569,0.0244,0
ID-005589,1,1,0,0,0.6806,1,0,0,1,2,0,1,0,0,0,1,0,0,1,1,0,0,0,0,1,0,0,1,0,0,1,0.5627,0.4287,0
ID-005590,0,0,1,0,0.9583,1,0,1,0,1,1,0,0,0,1,0,1,0,0,0,0,1,0,0,1,0,0,1,2,0,2,0.0375,0.1769,0
ID-005591,1,0,1,0,0.9028,0,1,0,0,1,0,1,0,0,0,1,0,0,1,1,0,0,1,0,0,0,1,0,2,0,2,0.9668,0.8781,0
ID-005592,0,0,1,1,0.9306,0,1,0,0,2,1,0,0,0,0,1,0,0,1,0,1,0,1,0,0,1,0,0,0,0,2,0.7609,0.7427,0
ID-005593,1,0,1,1,0.8889,1,1,0,0,0,1,0,0,0,0,1,0,0,1,1,0,0,0,1,0,1,0,0,0,0,3,0.6476,0.624,0
ID-005594,1,1,1,1,0.9583,0,1,0,0,0,1,0,0,0,1,0,0,1,0,0,0,1,0,0,1,0,1,0,1,1,2,0.8544,0.8408,0
ID-005595,1,1,1,1,0.7917,0,1,0,0,2,1,0,0,0,1,0,1,0,0,0,0,1,1,0,0,1,0,0,2,1,2,0.2011,0.2559,0
ID-005596,1,0,1,0,0.9583,0,1,0,0,0,0,0,1,0,1,0,0,0,1,0,0,1,0,0,1,0,1,0,2,1,2,0.6284,0.6571,0
ID-005597,1,0,0,0,0.5,0,0,0,1,2,0,0,1,0,0,1,0,1,0,1,0,0,0,1,0,0,0,1,0,0,2,0.9708,0.488,0
ID-005598,1,0,0,1,0.1944,0,0,0,1,1,1,0,0,1,0,0,0,1,0,0,1,0,1,0,0,1,0,0,0,0,0,0.9659,0.189,0
ID-005599,0,1,0,0,0.0694,1,0,0,1,1,1,0,0,0,0,1,1,0,0,0,0,1,0,0,1,1,0,0,0,0,1,0.8057,0.0581,0
ID-005600,1,1,0,1,0.0,0,0,1,0,2,0,0,1,1,0,0,0,1,0,1,0,0,0,0,1,1,0,0,0,0,1,0.5447,0.0,0
ID-005601,1,1,1,0,0.0139,1,0,0,1,1,0,1,0,1,0,0,1,0,0,1,0,0,1,0,0,0,0,1,0,0,0,0.8123,0.0117,0
ID-005602,0,1,1,1,0.0417,0,0,1,0,0,0,1,0,0,0,1,0,0,1,0,1,0,0,1,0,1,0,0,2,1,1,0.9425,0.0397,0
ID-005603,1,0,1,0,0.7222,0,0,0,1,1,0,1,0,0,0,1,0,1,0,0,1,0,0,1,0,1,0,0,0,1,2,0.4541,0.3885,0
ID-005604,1,0,0,0,0.4028,1,0,1,0,0,1,0,0,0,1,0,0,0,1,0,1,0,0,1,0,1,0,0,0,1,2,0.7823,0.3288,0
ID-005605,0,0,1,1,0.5278,0,1,0,0,0,1,0,0,0,0,1,0,0,1,0,0,1,0,1,0,1,0,0,1,0,3,0.217,0.1777,0
ID-005606,0,0,0,1,0.4444,1,1,0,0,2,1,0,0,0,0,1,1,0,0,0,0,1,0,1,0,0,1,0,1,0,0,0.601,0.2944,0
ID-005607,1,1,1,0,0.25,1,1,0,0,2,1,0,0,1,0,0,0,1,0,0,0,1,0,1,0,1,0,0,0,1,3,0.4396,0.1314,0
ID-005608,0,1,1,1,0.625,0,0,1,0,1,0,0,1,0,0,1,0,1,0,0,0,1,1,0,0,0,1,0,1,0,3,0.5735,0.3995,0
ID-005609,0,1,1,0,0.1389,0,0,0,1,0,0,0,1,0,1,0,0,1,0,1,0,0,1,0,0,0,1,0,2,1,0,0.0827,0.031,0
ID-005610,0,0,0,0,0.625,1,1,0,0,0,0,1,0,0,0,1,1,0,0,0,1,0,0,0,1,0,1,0,2,1,2,0.5772,0.4014,0
ID-005611,0,1,1,1,0.0,1,0,0,1,0,1,0,0,1,0,0,0,1,0,1,0,0,0,0,1,0,0,1,2,1,0,0.6399,0.0,0
ID-005612,1,0,0,1,0.6111,1,0,1,0,2,0,0,1,1,0,0,0,1,0,1,0,0,1,0,0,0,1,0,0,0,2,0.0065,0.0967,0
ID-005613,0,0,1,0,0.75,0,1,0,0,2,1,0,0,1,0,0,0,1,0,0,1,0,1,0,0,0,0,1,2,1,1,0.2912,0.2998,0
ID-005614,1,1,1,0,0.4861,0,0,1,0,2,1,0,0,0,1,0,0,0,1,0,0,1,0,0,1,1,0,0,0,1,0,0.082,0.1081,0
ID-005615,0,0,1,1,0.5833,1,0,0,1,1,1,0,0,0,1,0,1,0,0,0,1,0,0,1,0,0,0,1,1,1,1,0.0791,0.1283,0
ID-005616,0,1,1,1,0.9306,1,1,0,0,0,0,1,0,0,0,1,0,0,1,1,0,0,1,0,0,0,1,0,1,1,2,0.1469,0.2581,0
ID-005617,1,0,0,0,0.6667,0,0,1,0,0,0,0,1,0,1,0,0,1,0,0,0,1,0,0,1,0,0,1,1,1,2,0.1471,0.185,0
ID-005618,0,1,1,1,0.6528,1,0,1,0,2,1,0,0,1,0,0,1,0,0,0,0,1,0,1,0,0,1,0,2,0,2,0.8568,0.574,0
ID-005619,0,1,0,0,0.0417,0,0,1,0,1,0,0,1,0,1,0,1,0,0,0,1,0,0,0,1,0,1,0,2,1,3,0.2684,0.0158,0
ID-005620,0,1,0,0,0.1806,0,0,0,1,0,0,1,0,0,1,0,0,1,0,0,1,0,0,0,1,0,1,0,0,1,2,0.0041,0.0282,0
ID-005621,1,1,0,0,0.9444,1,0,0,1,2,0,0,1,1,0,0,1,0,0,0,0,1,0,0,1,0,0,1,0,0,3,0.6023,0.6267,0
ID-005622,0,1,0,0,0.0,1,0,1,0,2,0,1,0,0,1,0,0,0,1,0,1,0,1,0,0,1,0,0,0,1,0,0.5534,0.0,0
ID-005623,0,1,0,1,0.3333,1,0,0,1,0,0,0,1,1,0,0,0,0,1,1,0,0,1,0,0,0,1,0,2,1,1,0.9029,0.3062,0
ID-005624,0,1,1,0,0.1528,1,0,0,1,1,0,0,1,0,1,0,0,1,0,1,0,0,0,1,0,1,0,0,0,1,1,0.2368,0.054,0
ID-005625,0,1,0,0,0.9444,1,0,0,1,2,0,0,1,1,0,0,1,0,0,0,1,0,0,1,0,0,1,0,1,0,1,0.4335,0.4915,0
ID-005626,0,0,1,1,0.3889,1,1,0,0,1,0,0,1,0,1,0,1,0,0,1,0,0,1,0,0,0,1,0,2,1,3,0.8753,0.3481,0
ID-005627,1,1,1,1,0.3472,0,1,0,0,2,0,0,1,0,1,0,0,1,0,0,1,0,0,1,0,0,0,1,2,1,1,0.9521,0.3334,0
ID-005628,1,0,1,0,0.9028,0,1,0,0,2,0,0,1,0,0,1,1,0,0,1,0,0,0,0,1,1,0,0,1,0,3,0.9008,0.8276,0
ID-005629,0,0,1,0,0.125,1,0,1,0,2,0,0,1,0,1,0,1,0,0,0,0,1,1,0,0,0,0,1,0,0,0,0.2467,0.0452,0
ID-005630,1,0,1,1,0.6806,1,1,0,0,0,0,1,0,0,1,0,1,0,0,0,0,1,0,0,1,1,0,0,2,1,0,0.7492,0.5364,0
ID-005631,0,0,0,1,0.0972,1,0,1,0,1,0,1,0,0,0,1,1,0,0,0,0,1,0,1,0,1,0,0,2,1,2,0.7968,0.0806,0
ID-005632,0,1,1,1,0.5556,1,0,1,0,0,0,0,1,1,0,0,0,1,0,0,0,1,1,0,0,0,1,0,0,1,0,0.5505,0.3442,0
ID-005633,0,0,0,0,0.7778,0,1,0,0,1,1,0,0,1,0,0,0,1,0,0,1,0,0,1,0,0,1,0,1,0,2,0.4456,0.4128,0
ID-005634,1,0,0,0,0.1389,0,0,1,0,2,0,0,1,1,0,0,0,1,0,0,0,1,0,1,0,1,0,0,0,1,1,0.128,0.0363,0
ID-005635,1,0,1,0,0.6806,0,0,0,1,2,0,1,0,0,1,0,0,0,1,0,1,0,0,1,0,0,1,0,1,0,2,0.4957,0.3901,0
ID-005636,1,1,0,0,0.0139,1,1,0,0,2,0,0,1,0,1,0,1,0,0,1,0,0,0,0,1,0,0,1,1,0,3,0.395,0.0068,0
ID-005637,0,0,0,1,0.7778,0,0,1,0,1,0,1,0,0,0,1,0,1,0,1,0,0,1,0,0,1,0,0,0,0,1,0.3508,0.3502,0
ID-005638,1,0,0,1,0.8056,0,0,0,1,1,0,0,1,1,0,0,0,1,0,0,1,0,0,1,0,1,0,0,2,1,2,0.595,0.5295,0
ID-005639,0,0,1,0,0.3611,0,0,0,1,1,1,0,0,0,0,1,1,0,0,0,1,0,0,1,0,0,1,0,1,1,3,0.6659,0.2591,0
ID-005640,1,0,1,1,0.0694,1,0,1,0,2,0,0,1,0,0,1,0,1,0,0,0,1,1,0,0,0,1,0,0,0,3,0.4604,0.0377,0
ID-005641,1,1,0,1,0.3056,1,1,0,0,2,0,0,1,0,0,1,0,0,1,0,0,1,1,0,0,0,1,0,0,0,2,0.0319,0.055,0
ID-005642,0,1,1,1,0.1111,1,1,0,0,2,0,1,0,0,1,0,0,1,0,0,0,1,0,1,0,0,1,0,1,1,1,0.2188,0.0376,0
ID-005643,0,1,0,1,0.2639,1,0,0,1,1,0,1,0,0,1,0,0,1,0,1,0,0,1,0,0,0,0,1,1,1,3,0.0226,0.0454,0
ID-005644,0,0,1,0,0.125,0,0,0,1,1,1,0,0,0,0,1,1,0,0,0,0,1,1,0,0,1,0,0,0,1,3,0.9667,0.1216,0
ID-005645,0,0,0,1,0.2083,1,1,0,0,1,0,1,0,1,0,0,1,0,0,0,0,1,0,1,0,0,0,1,0,0,3,0.9457,0.1989,0
ID-005646,0,1,1,0,0.8194,0,0,0,1,2,1,0,0,1,0,0,0,0,1,0,0,1,0,1,0,0,1,0,1,0,1,0.8337,0.7045,0
ID-005647,1,0,1,0,1.0,1,0,0,1,2,0,0,1,0,0,1,1,0,0,0,0,1,1,0,0,0,1,0,1,1,0,0.0821,0.2224,0
ID-005648,0,0,1,1,0.9167,1,0,0,1,0,1,0,0,0,1,0,1,0,0,1,0,0,1,0,0,0,1,0,2,0,2,0.8081,0.7683,0
ID-005649,0,1,1,0,0.4306,0,0,1,0,1,0,1,0,1,0,0,0,0,1,0,1,0,0,1,0,1,0,0,1,0,2,0.8115,0.3621,0
ID-005650,1,0,0,0,0.4028,1,0,1,0,1,0,0,1,1,0,0,1,0,0,1,0,0,0,1,0,0,0,1,1,1,1,0.5493,0.2492,0
ID-005651,1,0,0,1,0.3889,1,0,0,1,1,0,1,0,0,1,0,0,0,1,0,0,1,1,0,0,0,0,1,1,1,2,0.0997,0.0923,0
ID-005652,0,1,1,1,0.0278,0,0,1,0,1,0,1,0,0,1,0,0,0,1,0,0,1,0,1,0,0,1,0,0,0,0,0.2977,0.0113,0
ID-005653,1,0,0,1,0.3889,0,0,0,1,2,0,1,0,0,1,0,0,1,0,0,0,1,0,0,1,1,0,0,1,1,1,0.3811,0.1851,0
ID-005654,1,0,1,0,0.6528,1,0,1,0,2,0,0,1,0,0,1,0,1,0,0,0,1,0,0,1,1,0,0,1,0,3,0.8728,0.5829,0
ID-005655,1,0,1,0,0.5139,1,0,1,0,2,0,0,1,1,0,0,0,0,1,0,1,0,0,0,1,1,0,0,2,1,1,0.1173,0.1296,0
ID-005656,0,1,0,0,0.4028,0,1,0,0,1,0,1,0,0,0,1,0,0,1,1,0,0,0,1,0,1,0,0,1,0,0,0.5139,0.2371,0
ID-005657,0,1,1,0,0.4722,0,1,0,0,1,1,0,0,1,0,0,0,1,0,0,1,0,1,0,0,0,1,0,2,1,0,0.9865,0.4672,0
ID-005658,1,0,1,1,0.9028,1,0,0,1,2,0,0,1,0,0,1,1,0,0,0,0,1,1,0,0,1,0,0,0,0,1,0.7817,0.7364,0
ID-005659,1,0,1,1,0.1111,1,0,0,1,2,1,0,0,0,0,1,1,0,0,0,0,1,0,0,1,0,1,0,2,0,0,0.509,0.0649,0
ID-005660,1,1,1,1,0.7222,1,1,0,0,1,1,0,0,0,0,1,0,1,0,0,1,0,1,0,0,1,0,0,2,0,0,0.9451,0.6892,0
ID-005661,0,1,1,1,0.5417,0,0,0,1,1,1,0,0,0,1,0,0,1,0,0,0,1,1,0,0,0,1,0,2,1,0,0.1886,0.1694,0
ID-005662,1,1,0,1,0.9861,1,0,1,0,1,0,0,1,1,0,0,0,1,0,1,0,0,0,0,1,0,1,0,2,0,0,0.4941,0.5639,0
ID-005663,1,0,1,0,0.3333,1,1,0,0,1,0,0,1,0,1,0,1,0,0,0,0,1,0,1,0,0,0,1,1,1,0,0.9943,0.332,0
ID-005664,0,1,0,1,0.9167,1,0,0,1,1,0,1,0,0,0,1,1,0,0,0,0,1,1,0,0,0,0,1,1,1,1,0.0675,0.1925,0
ID-005665,1,0,1,0,0.3333,1,1,0,0,0,1,0,0,0,0,1,0,0,1,1,0,0,0,1,0,0,1,0,0,0,1,0.2981,0.1352,0
ID-005666,1,0,0,0,0.0972,1,0,0,1,1,1,0,0,0,0,1,0,1,0,0,0,1,0,0,1,1,0,0,0,0,3,0.692,0.0719,0
ID-005667,0,0,1,0,0.2361,1,0,0,1,1,0,0,1,0,1,0,0,0,1,0,0,1,0,0,1,1,0,0,1,0,2,0.1178,0.0597,0
ID-005668,1,0,0,1,0.125,0,0,1,0,2,0,0,1,1,0,0,0,1,0,1,0,0,1,0,0,0,0,1,1,0,2,0.9786,0.1228,0
ID-005669,0,0,0,1,0.1111,1,0,0,1,0,0,0,1,1,0,0,0,1,0,0,0,1,1,0,0,0,0,1,0,0,2,0.4604,0.0604,0
ID-005670,0,1,1,0,0.2917,0,0,0,1,2,0,0,1,0,1,0,1,0,0,0,0,1,1,0,0,1,0,0,2,0,1,0.027,0.0512,0
ID-005671,0,0,0,1,0.0833,0,0,1,0,1,0,1,0,0,1,0,1,0,0,1,0,0,1,0,0,0,0,1,0,0,3,0.018,0.014,0
ID-005672,1,0,0,1,0.8056,1,0,1,0,1,0,1,0,0,0,1,0,1,0,0,0,1,0,1,0,1,0,0,1,1,2,0.5478,0.4973,0
ID-005673,0,0,0,0,0.7083,0,0,1,0,2,0,1,0,0,1,0,1,0,0,0,0,1,0,1,0,0,1,0,0,0,1,0.7139,0.5371,0
ID-005674,0,0,1,0,0.5278,0,0,1,0,0,1,0,0,1,0,0,0,1,0,0,1,0,0,1,0,0,0,1,1,1,1,0.7328,0.4086,0
ID-005675,0,1,0,1,1.0,0,0,1,0,0,0,0,1,1,0,0,0,0,1,1,0,0,0,0,1,0,0,1,2,1,3,0.1916,0.3152,0
ID-005676,0,1,0,1,0.2083,0,1,0,0,0,0,0,1,1,0,0,0,1,0,1,0,0,0,1,0,1,0,0,1,1,2,0.8747,0.1864,0
ID-005677,1,0,1,1,0.875,1,0,0,1,1,0,0,1,0,0,1,1,0,0,0,1,0,1,0,0,0,1,0,0,1,0,0.0832,0.1954,0
ID-005678,0,0,1,0,0.4583,0,1,0,0,1,0,1,0,0,1,0,0,0,1,1,0,0,0,0,1,1,0,0,2,0,0,0.9721,0.4479,0
ID-005679,0,0,0,0,0.8472,0,0,0,1,2,0,0,1,0,0,1,1,0,0,0,1,0,0,1,0,0,1,0,0,0,1,0.1076,0.2068,0
ID-005680,1,1,1,0,0.5972,0,0,0,1,1,0,1,0,0,1,0,1,0,0,1,0,0,1,0,0,0,1,0,1,0,0,0.398,0.2928,0
ID-005681,1,0,0,1,0.0,0,0,1,0,0,0,0,1,0,1,0,1,0,0,1,0,0,0,1,0,0,0,1,2,1,3,0.1077,0.0,0
ID-005682,1,1,1,1,0.8194,1,1,0,0,0,1,0,0,0,0,1,1,0,0,0,0,1,0,1,0,0,1,0,0,1,0,0.8296,0.7018,0
ID-005683,0,0,1,1,0.1528,1,1,0,0,2,0,0,1,1,0,0,0,0,1,0,1,0,0,1,0,0,1,0,0,1,1,0.174,0.0459,0
ID-005684,0,0,1,0,0.4861,0,0,1,0,0,0,0,1,0,1,0,1,0,0,0,1,0,0,0,1,0,1,0,2,1,2,0.6311,0.3344,0
ID-005685,0,0,0,1,0.8472,1,1,0,0,0,0,0,1,0,1,0,0,0,1,0,0,1,0,1,0,0,0,1,2,1,0,0.7766,0.6875,0
ID-005686,1,1,1,1,0.2222,0,1,0,0,0,0,1,0,0,1,0,1,0,0,0,1,0,0,1,0,1,0,0,2,0,0,0.739,0.1732,0
ID-005687,1,1,0,0,0.25,1,1,0,0,1,0,1,0,0,0,1,0,0,1,1,0,0,0,1,0,0,0,1,1,1,0,0.5925,0.1638,0
ID-005688,1,0,1,1,0.4722,1,0,1,0,2,1,0,0,0,1,0,1,0,0,1,0,0,0,0,1,0,0,1,2,0,1,0.6271,0.3233,0
ID-005689,0,1,1,1,0.8194,1,0,1,0,1,0,1,0,0,0,1,1,0,0,0,0,1,1,0,0,1,0,0,1,1,3,0.8906,0.7441,0
ID-005690,1,1,1,1,0.8611,0,0,1,0,2,0,1,0,0,0,1,0,1,0,1,0,0,0,1,0,0,0,1,2,1,3,0.9946,0.8579,0
ID-005691,0,1,1,1,0.2778,0,0,0,1,0,0,1,0,0,1,0,0,1,0,0,1,0,1,0,0,0,1,0,0,1,1,0.7432,0.2175,0
ID-005692,0,0,1,1,0.3611,0,0,0,1,2,0,1,0,0,1,0,0,1,0,1,0,0,0,1,0,0,1,0,1,0,1,0.0352,0.066,0
ID-005693,1,0,1,0,0.7361,1,0,1,0,1,1,0,0,0,1,0,0,0,1,1,0,0,0,1,0,0,0,1,1,1,2,0.7196,0.5617,0
ID-005694,0,1,1,1,0.2361,0,1,0,0,2,0,1,0,1,0,0,1,0,0,1,0,0,0,0,1,0,0,1,2,0,0,0.1829,0.0727,0
ID-005695,1,0,0,0,0.5,0,0,1,0,2,0,1,0,0,0,1,0,0,1,1,0,0,0,0,1,0,1,0,1,0,3,0.2335,0.1754,0
ID-005696,0,0,0,0,0.6389,1,0,1,0,0,0,0,1,0,0,1,1,0,0,1,0,0,1,0,0,0,1,0,2,1,0,0.4329,0.3322,0
ID-005697,1,0,0,0,0.0278,1,1,0,0,2,0,1,0,0,0,1,0,1,0,1,0,0,0,1,0,1,0,0,0,1,0,0.4745,0.0154,0
ID-005698,1,0,0,1,0.4583,1,1,0,0,1,0,1,0,1,0,0,0,0,1,0,0,1,1,0,0,0,0,1,0,0,0,0.643,0.32,0
ID-005699,1,0,0,1,0.6667,0,1,0,0,2,0,1,0,0,0,1,1,0,0,0,0,1,0,0,1,0,1,0,1,1,1,0.5549,0.4156,0
ID-005700,1,0,0,0,0.5278,0,0,0,1,0,0,1,0,1,0,0,0,1,0,0,1,0,1,0,0,1,0,0,1,0,2,0.3706,0.2465,0
ID-005701,0,0,0,0,0.6389,1,0,0,1,2,0,0,1,0,1,0,0,1,0,0,0,1,1,0,0,1,0,0,0,0,3,0.7742,0.5171,0
ID-005702,1,0,1,0,0.4861,0,0,0,1,1,1,0,0,1,0,0,1,0,0,1,0,0,0,1,0,1,0,0,0,0,3,0.9738,0.4757,0
ID-005703,1,1,1,0,0.0417,0,0,0,1,0,0,0,1,0,1,0,1,0,0,0,0,1,1,0,0,0,0,1,2,1,1,0.7836,0.0341,0
ID-005704,0,0,0,0,0.3333,0,0,1,0,0,0,0,1,0,0,1,1,0,0,0,1,0,0,0,1,1,0,0,0,0,3,0.0868,0.0755,0
ID-005705,0,1,0,1,0.4722,0,0,0,1,1,0,1,0,1,0,0,1,0,0,0,0,1,0,1,0,0,1,0,2,0,0,0.9049,0.4345,0
ID-005706,0,1,1,0,0.1944,1,0,1,0,0,0,1,0,0,0,1,1,0,0,1,0,0,0,0,1,0,0,1,2,1,2,0.6857,0.1428,0
ID-005707,0,1,0,0,0.3472,1,1,0,0,2,0,0,1,0,0,1,1,0,0,0,0,1,0,0,1,0,0,1,0,1,2,0.2296,0.1207,0
ID-005708,0,0,0,0,0.6528,0,0,1,0,2,0,0,1,0,1,0,0,1,0,0,0,1,1,0,0,1,0,0,1,0,1,0.2631,0.2454,0
ID-005709,0,1,0,1,0.4444,0,0,0,1,2,0,1,0,1,0,0,1,0,0,1,0,0,0,1,0,0,0,1,1,1,2,0.6736,0.3218,0
ID-005710,1,0,1,1,0.25,0,0,0,1,0,0,1,0,0,0,1,1,0,0,0,0,1,1,0,0,1,0,0,1,0,2,0.6324,0.1723,0
ID-005711,1,0,0,0,0.4444,0,1,0,0,1,0,1,0,0,1,0,0,1,0,0,1,0,1,0,0,0,0,1,2,0,0,0.3641,0.2051,0
ID-005712,1,1,0,0,0.1944,1,0,0,1,0,1,0,0,0,1,0,0,1,0,0,0,1,0,0,1,1,0,0,1,1,2,0.3145,0.0816,0
ID-005713,0,1,0,0,0.0417,0,1,0,0,0,0,0,1,1,0,0,1,0,0,0,0,1,1,0,0,0,1,0,2,1,1,0.6678,0.03,0
ID-005714,1,1,1,1,0.9722,1,0,0,1,2,0,0,1,0,0,1,0,1,0,0,0,1,0,0,1,0,0,1,2,1,0,0.8698,0.8657,0
ID-005715,1,1,0,0,0.4861,1,0,0,1,1,0,1,0,0,1,0,0,0,1,1,0,0,1,0,0,0,0,1,1,0,2,0.11,0.1196,0
ID-005716,0,0,0,1,0.3889,0,0,1,0,1,0,1,0,0,0,1,0,0,1,1,0,0,0,1,0,0,1,0,0,1,0,0.1234,0.1001,0
ID-005717,0,0,0,1,0.5278,0,0,0,1,0,0,1,0,0,0,1,0,0,1,0,1,0,1,0,0,0,0,1,2,0,1,0.5144,0.3109,0
ID-005718,1,0,1,0,0.4167,0,0,0,1,1,1,0,0,0,0,1,1,0,0,0,1,0,0,0,1,0,1,0,1,1,3,0.6258,0.2848,0
ID-005719,1,0,0,1,0.2222,1,0,1,0,0,1,0,0,0,1,0,0,1,0,1,0,0,0,1,0,0,1,0,2,0,3,0.3018,0.0908,0
ID-005720,1,0,1,1,0.9167,0,0,0,1,1,0,1,0,1,0,0,0,0,1,0,1,0,1,0,0,0,0,1,2,1,2,0.0706,0.195,0
ID-005721,0,0,0,0,0.0139,1,0,0,1,2,1,0,0,0,1,0,0,1,0,1,0,0,1,0,0,1,0,0,0,0,1,0.2611,0.0052,0
ID-005722,1,1,0,1,0.7222,0,0,0,1,0,0,0,1,0,1,0,0,1,0,1,0,0,0,0,1,1,0,0,2,1,3,0.3132,0.3022,0
ID-005723,0,1,0,0,0.7222,1,0,0,1,2,1,0,0,1,0,0,0,0,1,1,0,0,0,0,1,1,0,0,2,1,1,0.2403,0.2575,0
ID-005724,0,1,1,0,0.4028,1,0,1,0,2,1,0,0,0,1,0,1,0,0,0,0,1,0,0,1,0,0,1,0,0,3,0.6131,0.271,0
ID-005725,1,1,1,0,0.875,0,0,0,1,2,1,0,0,0,1,0,1,0,0,1,0,0,1,0,0,0,1,0,2,0,0,0.3846,0.4191,0
ID-005726,1,1,1,1,0.5556,0,0,1,0,1,1,0,0,0,0,1,0,0,1,0,1,0,1,0,0,0,0,1,0,1,0,0.1144,0.1388,0
ID-005727,0,0,0,0,0.5139,0,0,0,1,0,1,0,0,1,0,0,0,1,0,1,0,0,1,0,0,0,1,0,1,1,3,0.5028,0.2976,0
ID-005728,1,0,0,1,0.7778,1,1,0,0,2,0,1,0,1,0,0,0,0,1,0,1,0,0,1,0,0,1,0,0,0,0,0.9706,0.759,0
ID-005729,1,1,1,0,0.4444,0,0,0,1,2,0,1,0,1,0,0,0,1,0,0,1,0,0,1,0,0,0,1,0,1,0,0.6822,0.325,0
ID-005730,1,1,0,1,0.2222,0,1,0,0,1,0,0,1,0,0,1,1,0,0,0,0,1,1,0,0,1,0,0,0,0,1,0.6467,0.1558,0
ID-005731,1,1,1,1,0.5556,1,0,0,1,2,0,0,1,0,0,1,1,0,0,0,0,1,1,0,0,0,0,1,0,0,3,0.9088,0.513,0
ID-005732,1,0,0,1,0.6528,0,1,0,0,2,1,0,0,0,0,1,1,0,0,0,1,0,0,0,1,0,0,1,2,0,0,0.2722,0.2504,0
ID-005733,1,0,0,0,0.5556,1,0,1,0,1,0,0,1,0,0,1,0,0,1,1,0,0,1,0,0,1,0,0,1,0,3,0.2014,0.1797,0
ID-005734,1,0,0,0,0.6944,1,1,0,0,2,0,1,0,1,0,0,1,0,0,1,0,0,0,0,1,0,0,1,1,0,0,0.3956,0.3391,0
ID-005735,0,0,0,1,0.5417,0,0,0,1,0,0,1,0,0,1,0,1,0,0,0,0,1,0,1,0,0,0,1,0,1,3,0.7275,0.417,0
ID-005736,0,1,1,0,0.5,0,0,0,1,0,0,0,1,1,0,0,0,1,0,0,0,1,0,1,0,0,1,0,0,1,0,0.3477,0.2238,0
ID-005737,0,0,0,0,1.0,0,1,0,0,2,0,0,1,1,0,0,0,1,0,1,0,0,1,0,0,0,0,1,1,1,0,0.3635,0.4611,0
ID-005738,0,0,1,1,1.0,0,0,1,0,0,0,0,1,0,1,0,0,1,0,0,1,0,0,0,1,0,0,1,2,0,3,0.4827,0.5622,0
ID-005739,1,1,1,0,0.3056,0,0,1,0,1,0,0,1,0,1,0,1,0,0,1,0,0,0,0,1,0,1,0,1,1,2,0.7535,0.2419,0
ID-005740,1,1,1,1,0.7222,0,0,1,0,2,1,0,0,1,0,0,0,1,0,0,1,0,1,0,0,0,0,1,0,1,0,0.0787,0.1586,0
ID-005741,1,1,0,1,0.4583,0,0,1,0,0,0,0,1,0,1,0,1,0,0,1,0,0,0,1,0,1,0,0,0,0,1,0.9481,0.4385,0
ID-005742,1,0,0,1,0.0417,0,0,0,1,1,0,0,1,0,1,0,1,0,0,1,0,0,0,1,0,0,1,0,2,0,0,0.6321,0.0287,0
ID-005743,0,0,1,0,0.3056,1,0,0,1,2,0,0,1,1,0,0,0,0,1,0,1,0,0,0,1,0,0,1,1,1,2,0.0742,0.0659,0
ID-005744,1,1,1,1,0.8889,0,1,0,0,0,1,0,0,0,0,1,0,1,0,0,1,0,0,0,1,1,0,0,2,0,2,0.9935,0.8847,0
ID-005745,0,1,0,0,0.25,1,0,1,0,0,1,0,0,1,0,0,1,0,0,0,0,1,0,1,0,1,0,0,0,1,1,0.1527,0.0706,0
ID-005746,1,1,0,0,0.4861,1,1,0,0,0,0,1,0,0,0,1,0,1,0,0,1,0,0,0,1,1,0,0,1,0,0,0.4618,0.2647,0
ID-005747,1,1,1,1,0.9861,0,0,1,0,1,0,0,1,0,0,1,0,0,1,0,1,0,1,0,0,0,0,1,2,0,0,0.4782,0.5506,0
ID-005748,0,0,0,1,0.0139,0,1,0,0,1,0,0,1,0,0,1,0,0,1,0,1,0,0,0,1,1,0,0,2,0,1,0.9557,0.0134,0
ID-005749,1,0,1,1,0.125,0,0,1,0,2,0,1,0,0,1,0,1,0,0,0,0,1,0,1,0,1,0,0,0,1,0,0.438,0.0655,0
ID-005750,1,1,0,0,0.7639,0,1,0,0,2,0,1,0,0,1,0,0,1,0,0,1,0,0,0,1,0,1,0,0,0,3,0.4256,0.3924,0
ID-005751,0,1,1,1,0.8889,0,1,0,0,2,0,1,0,0,0,1,1,0,0,0,0,1,0,0,1,1,0,0,2,1,0,0.8984,0.813,0
ID-005752,0,1,1,1,0.1806,1,1,0,0,2,1,0,0,0,1,0,0,1,0,1,0,0,0,1,0,1,0,0,0,1,3,0.832,0.155,0
ID-005753,0,0,0,0,0.0417,1,1,0,0,0,1,0,0,0,0,1,0,1,0,1,0,0,0,0,1,1,0,0,0,1,1,0.1481,0.0116,0
ID-005754,0,1,1,1,0.0833,1,0,0,1,1,0,1,0,0,1,0,1,0,0,0,0,1,1,0,0,0,1,0,0,0,2,0.6398,0.0579,0
ID-005755,0,1,1,0,0.1806,1,1,0,0,1,1,0,0,1,0,0,0,0,1,0,1,0,1,0,0,1,0,0,0,1,3,0.761,0.1441,0
ID-005756,1,0,1,0,0.8333,0,1,0,0,1,1,0,0,0,1,0,0,1,0,0,1,0,1,0,0,0,1,0,0,0,0,0.4574,0.4506,0
ID-005757,0,1,1,0,0.6944,0,0,1,0,2,0,1,0,1,0,0,0,1,0,0,1,0,1,0,0,0,0,1,2,1,3,0.3025,0.2842,0
ID-005758,0,0,0,0,0.4861,1,0,1,0,1,0,0,1,1,0,0,0,1,0,0,1,0,0,1,0,1,0,0,1,0,3,0.1,0.1155,0
ID-005759,1,0,1,0,0.6389,1,0,1,0,2,1,0,0,1,0,0,0,0,1,0,1,0,0,0,1,1,0,0,0,0,3,0.1941,0.2028,0
ID-005760,0,1,0,0,0.25,1,0,0,1,2,0,0,1,0,0,1,0,1,0,0,0,1,1,0,0,1,0,0,2,0,3,0.5462,0.154,0
ID-005761,1,1,0,0,0.0972,0,0,0,1,0,1,0,0,0,0,1,1,0,0,0,0,1,0,0,1,1,0,0,2,1,1,0.7244,0.0746,0
ID-005762,0,0,1,0,0.6667,0,0,0,1,0,0,1,0,1,0,0,0,1,0,1,0,0,0,0,1,1,0,0,1,1,0,0.6649,0.4778,0
ID-005763,1,1,1,1,0.3194,1,1,0,0,0,0,0,1,0,0,1,0,0,1,0,1,0,0,1,0,0,0,1,2,1,0,0.9053,0.2941,0
ID-005764,0,1,0,1,0.7778,1,0,1,0,1,0,0,1,0,1,0,0,0,1,0,1,0,0,1,0,0,0,1,0,1,1,0.5116,0.4563,0
ID-005765,0,1,0,1,0.3056,1,0,0,1,2,0,1,0,1,0,0,0,0,1,1,0,0,0,0,1,0,1,0,1,1,0,0.2833,0.1201,0
ID-005766,0,1,0,0,0.9444,0,0,1,0,0,0,0,1,0,0,1,1,0,0,1,0,0,0,1,0,0,1,0,1,1,1,0.4906,0.5373,0
ID-005767,1,0,1,0,0.8333,0,0,1,0,1,1,0,0,1,0,0,1,0,0,1,0,0,0,1,0,0,0,1,1,1,3,0.0601,0.1698,0
ID-005768,1,0,0,0,0.1806,0,1,0,0,0,1,0,0,0,1,0,0,0,1,0,0,1,1,0,0,1,0,0,0,0,0,0.3856,0.0866,0
ID-005769,1,0,0,1,0.5278,1,1,0,0,2,0,0,1,0,1,0,0,0,1,0,0,1,0,1,0,0,1,0,2,1,2,0.5735,0.3373,0
ID-005770,0,1,1,0,0.1111,0,0,1,0,2,0,1,0,0,1,0,1,0,0,1,0,0,0,0,1,1,0,0,0,0,2,0.7316,0.0859,0
ID-005771,0,1,0,0,0.6528,0,0,1,0,1,1,0,0,0,1,0,1,0,0,0,0,1,1,0,0,0,1,0,0,0,2,0.3975,0.3198,0
ID-005772,1,0,0,0,0.8472,0,0,1,0,0,1,0,0,0,0,1,0,0,1,1,0,0,0,1,0,0,1,0,1,1,0,0.3058,0.3492,0
ID-005773,1,1,0,0,0.9028,1,0,0,1,1,0,0,1,0,1,0,1,0,0,1,0,0,0,1,0,0,1,0,0,1,2,0.1579,0.2589,0
ID-005774,1,0,0,0,0.2083,1,0,1,0,1,0,1,0,0,1,0,1,0,0,1,0,0,0,0,1,0,1,0,0,0,0,0.722,0.1594,0
ID-005775,0,1,0,1,0.5,0,0,0,1,1,0,1,0,0,0,1,0,0,1,0,0,1,1,0,0,0,1,0,2,1,3,0.044,0.0951,0
ID-005776,0,0,0,0,0.6667,0,0,1,0,2,0,0,1,1,0,0,0,0,1,0,0,1,1,0,0,0,0,1,1,0,1,0.2509,0.2437,0
ID-005777,1,0,0,1,0.25,1,1,0,0,0,0,1,0,0,1,0,0,0,1,0,0,1,0,0,1,1,0,0,0,0,0,0.2279,0.0865,0
ID-005778,0,1,0,0,0.7222,1,1,0,0,1,1,0,0,0,0,1,1,0,0,0,0,1,0,1,0,0,1,0,0,0,3,0.8914,0.6563,0
ID-005779,1,0,0,1,0.2361,0,1,0,0,2,0,1,0,1,0,0,1,0,0,0,0,1,1,0,0,0,0,1,1,0,1,0.1496,0.066,0
ID-005780,0,0,0,1,0.6111,1,0,0,1,0,0,0,1,0,0,1,0,1,0,1,0,0,0,0,1,1,0,0,1,0,1,0.232,0.2136,0
ID-005781,0,1,1,1,0.3611,0,0,1,0,0,0,1,0,0,1,0,0,1,0,1,0,0,0,1,0,0,0,1,1,1,3,0.0232,0.0623,0
ID-005782,1,0,1,0,0.9444,0,1,0,0,1,0,1,0,0,0,1,1,0,0,0,0,1,1,0,0,1,0,0,1,0,0,0.0874,0.2143,0
ID-005783,1,1,0,1,0.625,1,1,0,0,0,1,0,0,0,0,1,0,0,1,0,0,1,0,0,1,1,0,0,2,1,2,0.9868,0.6185,0
ID-005784,1,0,0,0,0.4028,0,0,1,0,1,1,0,0,1,0,0,1,0,0,1,0,0,0,0,1,0,0,1,0,1,0,0.4077,0.2008,0
ID-005785,1,1,0,1,0.0694,1,1,0,0,0,0,0,1,1,0,0,1,0,0,0,0,1,0,0,1,0,1,0,1,0,3,0.7923,0.0573,0
ID-005786,1,1,0,1,0.6389,1,1,0,0,0,1,0,0,0,0,1,1,0,0,1,0,0,0,0,1,0,1,0,2,0,3,0.6863,0.4695,0
ID-005787,0,0,1,0,0.0972,1,1,0,0,0,0,1,0,1,0,0,0,0,1,1,0,0,0,0,1,1,0,0,2,0,1,0.8987,0.0889,0
ID-005788,0,1,0,1,0.5139,1,0,1,0,0,0,1,0,0,1,0,0,0,1,0,1,0,0,0,1,1,0,0,0,1,2,0.6529,0.3631,0
ID-005789,0,0,1,1,0.1944,0,0,0,1,1,0,1,0,1,0,0,0,1,0,0,0,1,0,0,1,0,0,1,2,0,1,0.9844,0.192,0
ID-005790,0,1,1,0,0.5278,0,0,1,0,2,1,0,0,0,1,0,1,0,0,0,1,0,1,0,0,1,0,0,0,0,1,0.8076,0.4421,0
ID-005791,1,1,0,1,0.8472,1,0,0,1,0,0,1,0,0,0,1,0,1,0,0,1,0,1,0,0,1,0,0,1,1,0,0.0922,0.1957,0
ID-005792,0,0,1,1,0.5278,1,0,0,1,1,0,0,1,1,0,0,1,0,0,1,0,0,0,0,1,0,1,0,1,1,0,0.0126,0.0863,0
ID-005793,0,1,0,0,0.3472,1,0,0,1,1,0,0,1,0,1,0,0,1,0,0,0,1,0,1,0,0,1,0,1,1,2,0.3426,0.1539,0
ID-005794,0,0,0,0,0.5972,0,0,1,0,1,0,0,1,0,0,1,0,1,0,0,1,0,1,0,0,0,0,1,2,1,0,0.6993,0.4454,0
ID-005795,0,0,1,1,0.0833,1,0,0,1,0,0,0,1,1,0,0,1,0,0,1,0,0,0,1,0,0,0,1,1,0,1,0.5202,0.0495,0
ID-005796,1,0,0,1,0.7222,1,1,0,0,0,0,1,0,0,0,1,0,1,0,0,1,0,1,0,0,0,1,0,2,1,1,0.3383,0.3175,0
ID-005797,1,1,0,1,0.75,1,0,0,1,2,0,1,0,0,1,0,1,0,0,0,1,0,0,1,0,0,0,1,1,0,2,0.3957,0.3663,0
ID-005798,0,0,1,1,0.7639,1,0,0,1,2,1,0,0,0,1,0,0,1,0,0,0,1,1,0,0,0,1,0,1,0,2,0.9389,0.7249,0
ID-005799,0,0,0,1,0.9861,0,0,0,1,2,0,0,1,0,1,0,0,0,1,0,0,1,0,1,0,0,1,0,0,0,1,0.583,0.6382,0
ID-005800,0,1,0,1,0.6944,0,0,1,0,2,1,0,0,0,1,0,0,1,0,0,0,1,0,0,1,0,0,1,2,0,1,0.3072,0.287,0
ID-005801,0,1,1,0,0.5417,1,1,0,0,0,0,0,1,1,0,0,0,1,0,1,0,0,0,1,0,1,0,0,2,1,0,0.4045,0.2686,0
ID-005802,1,1,0,1,0.8611,1,1,0,0,0,0,1,0,0,0,1,1,0,0,0,1,0,0,1,0,0,1,0,2,0,2,0.9023,0.7905,0
ID-005803,0,1,0,0,0.8194,1,1,0,0,1,0,0,1,0,0,1,0,0,1,0,1,0,0,1,0,0,1,0,2,0,2,0.3575,0.3736,0
ID-005804,1,0,1,0,0.7917,1,1,0,0,1,1,0,0,1,0,0,0,0,1,1,0,0,0,1,0,0,1,0,2,1,3,0.4354,0.4133,0
ID-005805,1,0,0,0,0.7917,0,0,1,0,1,0,1,0,0,0,1,1,0,0,1,0,0,0,1,0,0,1,0,1,1,2,0.6435,0.553,0
ID-005806,0,0,1,1,0.3889,1,1,0,0,1,1,0,0,0,1,0,0,1,0,0,0,1,0,0,1,1,0,0,1,1,3,0.8213,0.3303,0
ID-005807,0,0,1,0,0.2361,0,1,0,0,0,1,0,0,1,0,0,1,0,0,1,0,0,0,0,1,0,1,0,1,0,1,0.1033,0.0568,0
ID-005808,1,0,1,0,0.7083,1,1,0,0,2,0,1,0,1,0,0,0,1,0,0,1,0,0,0,1,0,1,0,1,1,2,0.0931,0.1642,0
ID-005809,1,1,1,0,0.3472,0,0,1,0,1,0,1,0,0,0,1,0,0,1,0,0,1,1,0,0,0,1,0,2,0,0,0.2525,0.1274,0
ID-005810,1,0,0,0,0.2917,1,0,0,1,2,0,1,0,1,0,0,0,1,0,1,0,0,0,1,0,0,0,1,0,1,0,0.0868,0.066,0
ID-005811,0,1,0,0,0.2778,1,0,0,1,0,0,0,1,0,1,0,0,1,0,0,1,0,0,0,1,0,0,1,2,1,1,0.8086,0.2329,0
ID-005812,0,0,1,0,0.7917,0,0,0,1,2,1,0,0,0,1,0,0,0,1,0,0,1,0,0,1,0,1,0,0,0,2,0.9998,0.7922,0
ID-005813,0,0,1,0,0.0972,1,0,0,1,1,0,0,1,0,1,0,0,0,1,1,0,0,0,0,1,0,1,0,1,1,1,0.479,0.0544,0
ID-005814,1,1,1,1,0.2361,0,0,0,1,0,0,1,0,0,1,0,0,1,0,0,1,0,0,1,0,0,1,0,0,1,1,0.6888,0.174,0
ID-005815,1,0,0,0,0.9028,0,0,0,1,1,0,1,0,1,0,0,0,0,1,1,0,0,0,1,0,0,0,1,0,1,1,0.8374,0.779,0
ID-005816,1,1,0,0,0.3333,0,1,0,0,1,0,0,1,0,1,0,0,0,1,1,0,0,0,0,1,0,0,1,1,0,2,0.8998,0.3053,0
ID-005817,1,1,0,1,0.6944,1,1,0,0,0,1,0,0,0,1,0,1,0,0,0,1,0,0,1,0,1,0,0,2,1,2,0.8754,0.6216,0
ID-005818,1,0,1,1,0.9444,1,0,0,1,1,0,0,1,0,1,0,1,0,0,0,1,0,0,1,0,0,1,0,2,0,1,0.5824,0.6107,0
ID-005819,1,0,1,1,0.6528,0,0,0,1,0,0,1,0,0,0,1,0,1,0,1,0,0,0,0,1,0,1,0,2,0,0,0.4217,0.3332,0
ID-005820,1,1,1,1,0.6944,0,1,0,0,2,1,0,0,0,0,1,0,0,1,1,0,0,0,1,0,0,1,0,1,1,3,0.693,0.5142,0
ID-005821,0,0,0,0,0.1389,0,1,0,0,1,0,0,1,0,0,1,0,0,1,0,1,0,1,0,0,0,1,0,0,1,0,0.8608,0.1226,0
ID-005822,1,1,0,0,0.4306,1,0,0,1,0,0,1,0,1,0,0,0,1,0,0,1,0,0,0,1,0,1,0,0,1,2,0.2013,0.1393,0
ID-005823,0,0,1,1,0.6111,0,0,1,0,2,0,0,1,0,1,0,0,1,0,1,0,0,1,0,0,0,0,1,1,0,2,0.6903,0.4511,0
ID-005824,0,0,0,0,0.5,1,0,1,0,1,0,1,0,0,1,0,1,0,0,0,1,0,0,0,1,0,0,1,0,0,0,0.6064,0.3335,0
ID-005825,0,1,0,0,0.2639,0,1,0,0,0,1,0,0,1,0,0,0,0,1,1,0,0,0,1,0,0,1,0,0,1,2,0.0662,0.0551,0
ID-005826,0,1,0,0,0.0278,1,0,0,1,1,0,1,0,0,1,0,0,1,0,1,0,0,0,0,1,0,0,1,2,1,1,0.962,0.0269,0
ID-005827,0,1,1,0,0.25,0,1,0,0,2,1,0,0,0,1,0,0,1,0,0,1,0,1,0,0,0,0,1,1,0,0,0.3003,0.1019,0
ID-005828,1,1,0,0,0.9583,0,0,1,0,0,1,0,0,1,0,0,0,1,0,0,1,0,0,0,1,1,0,0,2,0,0,0.8359,0.8257,0
ID-005829,0,1,0,0,0.2639,1,0,0,1,0,1,0,0,0,1,0,0,0,1,0,1,0,1,0,0,0,1,0,0,0,1,0.7059,0.1983,0
ID-005830,1,1,0,1,0.2639,0,0,1,0,0,0,0,1,0,0,1,1,0,0,0,1,0,0,1,0,0,1,0,2,1,3,0.3759,0.1244,0
ID-005831,1,0,0,1,0.7917,0,0,1,0,1,0,0,1,1,0,0,1,0,0,1,0,0,0,1,0,0,0,1,0,0,3,0.4162,0.4004,0
ID-005832,1,0,1,1,1.0,0,0,1,0,0,0,1,0,0,0,1,0,1,0,1,0,0,0,0,1,0,1,0,0,1,1,0.1059,0.2426,0
ID-005833,0,0,0,1,0.8611,0,0,0,1,0,0,0,1,1,0,0,1,0,0,0,0,1,0,1,0,1,0,0,0,0,1,0.9677,0.8382,0
ID-005834,0,0,1,1,0.5972,1,0,0,1,0,1,0,0,0,0,1,0,1,0,0,1,0,1,0,0,1,0,0,2,0,0,0.5966,0.3934,0
ID-005835,0,0,0,1,0.7222,1,0,0,1,2,0,0,1,1,0,0,0,0,1,0,0,1,1,0,0,0,0,1,1,0,0,0.7038,0.5414,0
ID-005836,1,0,1,1,0.3056,1,1,0,0,1,0,1,0,0,0,1,0,0,1,1,0,0,0,0,1,1,0,0,0,1,3,0.1463,0.0846,0
ID-005837,1,0,1,0,0.75,1,0,1,0,0,0,0,1,0,1,0,1,0,0,0,1,0,1,0,0,0,0,1,2,1,0,0.0405,0.1404,0
ID-005838,1,1,0,1,0.9861,1,0,1,0,0,0,0,1,0,1,0,1,0,0,1,0,0,0,0,1,0,1,0,1,1,2,0.6486,0.6931,0
ID-005839,1,1,1,1,0.7917,0,0,0,1,0,0,1,0,1,0,0,0,0,1,1,0,0,1,0,0,0,0,1,0,0,1,0.1003,0.1883,0
ID-005840,1,1,1,0,0.0,0,0,1,0,1,0,1,0,1,0,0,0,0,1,0,1,0,1,0,0,1,0,0,0,1,1,0.1547,0.0,0
ID-005841,0,1,0,1,0.4306,0,1,0,0,0,0,1,0,1,0,0,1,0,0,0,0,1,0,1,0,0,1,0,2,1,0,0.3381,0.1892,0
ID-005842,0,0,0,1,0.0972,0,1,0,0,1,1,0,0,0,0,1,0,0,1,0,0,1,1,0,0,0,1,0,1,0,3,0.5422,0.0596,0
ID-005843,0,1,0,0,0.6528,0,0,1,0,2,1,0,0,0,1,0,0,1,0,1,0,0,0,0,1,0,1,0,1,0,2,0.5379,0.3975,0
ID-005844,0,1,1,0,0.3472,0,0,0,1,0,1,0,0,0,1,0,1,0,0,0,0,1,1,0,0,0,1,0,1,1,0,0.4113,0.1742,0
ID-005845,1,1,0,1,0.5556,0,0,1,0,0,0,0,1,0,0,1,0,1,0,0,0,1,0,0,1,0,1,0,2,0,3,0.1906,0.1747,0
ID-005846,0,1,1,1,0.75,0,0,0,1,0,1,0,0,0,0,1,0,1,0,0,0,1,0,0,1,0,1,0,1,0,0,0.5255,0.4488,0
ID-005847,0,0,1,1,0.2778,0,0,1,0,2,1,0,0,1,0,0,1,0,0,1,0,0,1,0,0,0,0,1,2,1,1,0.3643,0.1283,0
ID-005848,0,1,1,0,0.5694,0,1,0,0,2,1,0,0,0,0,1,0,0,1,1,0,0,0,0,1,0,0,1,2,0,3,0.0933,0.1321,0
ID-005849,0,0,1,1,0.1806,1,0,0,1,0,0,1,0,0,1,0,0,1,0,0,0,1,1,0,0,1,0,0,1,1,1,0.6032,0.1199,0
ID-005850,1,0,1,1,0.8472,1,0,0,1,0,0,1,0,1,0,0,1,0,0,0,0,1,0,0,1,1,0,0,2,1,0,0.6785,0.6169,0
ID-005851,0,1,0,0,1.0,0,0,0,1,0,1,0,0,0,1,0,0,0,1,0,0,1,0,1,0,0,1,0,1,1,0,0.3545,0.4534,0
ID-005852,1,0,0,0,0.0417,1,0,1,0,1,0,0,1,1,0,0,0,0,1,1,0,0,0,0,1,0,0,1,0,1,3,0.6113,0.028,0
ID-005853,1,0,1,0,0.1667,1,0,1,0,0,0,1,0,1,0,0,0,1,0,1,0,0,1,0,0,0,0,1,1,1,2,0.3937,0.0811,0
ID-005854,0,1,0,1,0.3889,1,0,1,0,1,1,0,0,0,1,0,1,0,0,1,0,0,0,1,0,1,0,0,0,0,2,0.1804,0.1189,0
ID-005855,1,1,0,0,0.9028,1,1,0,0,1,0,1,0,1,0,0,0,0,1,1,0,0,1,0,0,1,0,0,1,1,2,0.8207,0.7663,0
ID-005856,1,1,0,1,0.8056,1,1,0,0,2,1,0,0,0,0,1,0,0,1,0,0,1,0,1,0,0,0,1,2,1,0,0.3682,0.3746,0
ID-005857,1,1,1,1,0.5694,0,0,0,1,1,1,0,0,0,1,0,0,0,1,0,1,0,1,0,0,1,0,0,2,1,2,0.8739,0.509,0
ID-005858,0,0,1,0,0.0972,0,0,0,1,1,0,0,1,0,0,1,0,0,1,0,0,1,0,0,1,0,1,0,0,1,3,0.5544,0.0606,0
ID-005859,1,1,0,0,0.25,0,0,1,0,0,0,1,0,0,1,0,1,0,0,1,0,0,0,1,0,0,0,1,2,0,1,0.0169,0.0418,0
ID-005860,0,0,1,0,0.9167,1,0,0,1,0,0,0,1,0,0,1,0,0,1,0,0,1,1,0,0,0,1,0,1,1,3,0.1495,0.2563,0
ID-005861,1,1,0,0,0.6944,0,0,0,1,2,1,0,0,0,1,0,1,0,0,1,0,0,1,0,0,0,1,0,1,0,2,0.5028,0.4022,0
ID-005862,0,0,1,0,0.2639,0,1,0,0,0,1,0,0,1,0,0,0,0,1,0,1,0,1,0,0,0,1,0,2,1,2,0.7921,0.2176,0
ID-005863,1,0,0,0,0.1667,1,1,0,0,1,0,0,1,0,0,1,0,1,0,1,0,0,0,0,1,0,0,1,0,1,2,0.3554,0.0757,0
ID-005864,1,1,1,0,1.0,0,1,0,0,1,1,0,0,0,1,0,0,0,1,0,1,0,1,0,0,1,0,0,2,0,2,0.3568,0.4554,0
ID-005865,0,0,0,0,0.2639,0,0,1,0,1,0,0,1,1,0,0,0,1,0,0,0,1,0,0,1,0,1,0,0,1,0,0.9642,0.2561,0
ID-005866,1,0,0,1,0.5833,0,0,1,0,1,0,0,1,0,0,1,1,0,0,0,0,1,0,1,0,0,0,1,2,0,1,0.0456,0.1117,0
ID-005867,1,1,1,0,0.5972,0,1,0,0,2,0,0,1,0,0,1,1,0,0,1,0,0,0,0,1,1,0,0,0,1,1,0.1211,0.1526,0
ID-005868,0,0,1,0,0.6111,0,0,0,1,2,0,1,0,1,0,0,0,0,1,0,1,0,0,1,0,0,1,0,1,1,2,0.9206,0.5705,0
ID-005869,0,0,0,0,0.2222,0,0,0,1,0,0,0,1,1,0,0,0,0,1,0,1,0,0,1,0,0,1,0,1,1,1,0.0026,0.0344,0
ID-005870,0,0,1,0,0.25,0,1,0,0,0,1,0,0,0,1,0,1,0,0,0,1,0,0,0,1,0,1,0,2,0,0,0.7319,0.1934,0
ID-005871,0,0,1,1,0.6667,1,0,0,1,1,0,0,1,1,0,0,0,1,0,1,0,0,1,0,0,0,0,1,2,0,2,0.3027,0.273,0
ID-005872,0,1,1,0,0.1528,1,1,0,0,2,0,1,0,0,1,0,0,1,0,1,0,0,1,0,0,0,1,0,2,1,2,0.3602,0.07,0
ID-005873,0,0,1,1,0.7917,1,0,0,1,0,1,0,0,0,0,1,1,0,0,0,1,0,0,1,0,0,0,1,2,1,0,0.4102,0.3964,0
ID-005874,1,0,1,0,0.0833,0,0,0,1,2,0,0,1,1,0,0,0,1,0,0,0,1,0,0,1,0,0,1,1,1,1,0.1995,0.0268,0
ID-005875,1,0,1,1,0.375,0,1,0,0,0,0,0,1,0,1,0,0,1,0,0,0,1,0,0,1,0,0,1,0,0,3,0.6396,0.2607,0
ID-005876,1,0,1,0,0.1389,1,0,0,1,2,0,0,1,0,0,1,0,0,1,0,1,0,0,1,0,1,0,0,1,0,2,0.1307,0.0366,0
ID-005877,1,1,1,0,0.5139,0,0,1,0,2,0,0,1,0,1,0,0,1,0,0,0,1,1,0,0,1,0,0,2,0,3,0.3074,0.2125,0
ID-005878,1,1,0,0,0.7361,0,0,1,0,2,1,0,0,0,0,1,0,0,1,1,0,0,0,0,1,0,0,1,0,0,1,0.1174,0.1858,0
ID-005879,0,1,1,0,0.8056,0,0,0,1,2,1,0,0,0,0,1,0,1,0,0,1,0,0,1,0,0,1,0,2,1,0,0.8459,0.7009,0
ID-005880,0,1,1,1,0.5833,0,1,0,0,0,1,0,0,1,0,0,1,0,0,0,0,1,0,0,1,0,0,1,1,0,2,0.7177,0.4442,0
ID-005881,1,1,0,0,0.9167,1,0,0,1,1,1,0,0,1,0,0,0,1,0,0,0,1,0,1,0,0,1,0,1,0,2,0.391,0.444,0
ID-005882,1,0,0,0,0.2639,0,0,1,0,0,0,0,1,0,0,1,0,1,0,0,1,0,1,0,0,0,0,1,1,1,1,0.4552,0.1422,0
ID-005883,1,0,1,0,0.3333,1,0,0,1,2,0,1,0,1,0,0,0,0,1,1,0,0,1,0,0,0,0,1,2,0,3,0.293,0.1338,0
ID-005884,0,0,0,1,0.5278,1,0,1,0,2,0,1,0,0,1,0,1,0,0,1,0,0,0,1,0,0,1,0,2,0,3,0.9563,0.5087,0
ID-005885,1,1,0,1,0.1944,0,0,1,0,1,1,0,0,0,1,0,1,0,0,0,1,0,0,0,1,0,0,1,2,0,2,0.6872,0.143,0
ID-005886,0,1,1,0,0.3333,1,0,0,1,2,1,0,0,1,0,0,0,0,1,0,0,1,0,1,0,1,0,0,2,0,1,0.7624,0.2665,0
ID-005887,1,1,1,1,0.3472,1,0,1,0,0,0,1,0,0,0,1,0,1,0,0,0,1,1,0,0,0,0,1,1,1,2,0.8845,0.3135,0
ID-005888,1,0,0,1,0.8194,1,0,0,1,0,1,0,0,0,0,1,0,1,0,1,0,0,0,1,0,0,1,0,0,0,2,0.1911,0.258,0
ID-005889,0,0,1,0,0.6111,0,0,1,0,2,0,0,1,1,0,0,0,0,1,0,0,1,0,0,1,0,1,0,0,1,1,0.9557,0.5887,0
ID-005890,1,1,0,1,0.2361,0,0,0,1,0,1,0,0,1,0,0,1,0,0,1,0,0,0,1,0,1,0,0,1,0,1,0.8377,0.2038,0
ID-005891,1,1,0,0,0.3056,0,0,1,0,0,0,1,0,0,0,1,0,1,0,0,0,1,0,0,1,0,0,1,0,1,0,0.8962,0.2789,0
ID-005892,1,0,1,0,0.2222,0,0,0,1,2,0,1,0,0,0,1,0,1,0,1,0,0,1,0,0,0,1,0,2,1,3,0.5219,0.1323,0
ID-005893,1,1,0,0,0.4167,1,1,0,0,0,1,0,0,0,1,0,0,0,1,0,1,0,0,0,1,0,1,0,2,0,2,0.7097,0.3144,0
ID-005894,0,1,1,1,0.0278,1,1,0,0,2,1,0,0,0,0,1,0,1,0,0,0,1,0,0,1,0,1,0,2,0,1,0.672,0.0201,0
ID-005895,0,0,1,0,0.5972,0,1,0,0,0,1,0,0,0,1,0,1,0,0,0,1,0,1,0,0,0,1,0,0,0,1,0.87,0.5319,0
ID-005896,0,0,1,1,0.5833,0,0,0,1,1,0,1,0,0,1,0,0,0,1,0,0,1,0,1,0,1,0,0,0,1,3,0.3575,0.266,0
ID-005897,1,1,0,0,0.6389,1,0,1,0,1,0,0,1,1,0,0,1,0,0,0,0,1,0,0,1,1,0,0,1,0,0,0.4582,0.3459,0
ID-005898,0,1,0,0,0.375,1,0,0,1,2,1,0,0,1,0,0,0,0,1,1,0,0,1,0,0,0,0,1,0,1,1,0.4067,0.1866,0
ID-005899,1,0,1,1,0.3472,1,0,1,0,1,1,0,0,0,1,0,0,1,0,0,1,0,1,0,0,0,0,1,2,1,1,0.0169,0.058,0
ID-005900,0,1,0,1,0.5694,0,1,0,0,2,0,0,1,1,0,0,0,0,1,0,0,1,0,0,1,0,1,0,1,0,0,0.8262,0.486,0
ID-005901,1,1,0,1,0.6944,0,0,0,1,0,1,0,0,0,0,1,1,0,0,0,0,1,1,0,0,0,0,1,0,1,1,0.5193,0.4119,0
ID-005902,0,1,1,0,0.5278,0,0,1,0,2,0,0,1,0,0,1,0,1,0,1,0,0,0,0,1,0,0,1,1,1,2,0.4701,0.2911,0
ID-005903,1,1,0,0,0.6528,1,0,1,0,0,0,1,0,1,0,0,1,0,0,0,1,0,0,1,0,0,1,0,2,1,3,0.1933,0.2067,0
ID-005904,0,1,1,1,0.3611,1,0,0,1,1,0,0,1,0,1,0,1,0,0,0,1,0,0,1,0,0,0,1,2,1,2,0.8659,0.3203,0
ID-005905,0,1,0,1,0.2917,1,0,1,0,0,0,1,0,1,0,0,0,1,0,1,0,0,0,0,1,1,0,0,0,1,3,0.1009,0.0695,0
ID-005906,1,1,1,0,0.9306,0,0,1,0,2,0,1,0,1,0,0,0,1,0,0,1,0,0,1,0,0,1,0,1,1,1,0.457,0.5029,0
ID-005907,0,0,0,1,0.2083,1,0,0,1,2,0,0,1,0,1,0,0,1,0,0,0,1,0,1,0,0,1,0,1,1,3,0.691,0.1539,0
ID-005908,0,0,0,1,0.0833,1,0,0,1,0,0,1,0,0,1,0,0,1,0,0,0,1,0,0,1,0,0,1,0,0,2,0.8033,0.0695,0
ID-005909,0,0,0,1,0.7361,1,0,0,1,1,0,1,0,1,0,0,1,0,0,0,0,1,1,0,0,1,0,0,0,1,3,0.0775,0.1609,0
ID-005910,0,1,1,0,0.6667,0,0,1,0,0,1,0,0,0,1,0,0,1,0,1,0,0,1,0,0,1,0,0,0,0,0,0.4951,0.3818,0
ID-005911,1,0,0,0,0.1111,0,0,1,0,1,1,0,0,1,0,0,0,1,0,1,0,0,0,1,0,0,0,1,0,0,1,0.5264,0.0666,0
ID-005912,0,1,1,0,0.0972,0,0,0,1,0,1,0,0,0,0,1,0,0,1,1,0,0,1,0,0,0,0,1,0,1,2,0.4601,0.0528,0
ID-005913,1,0,0,0,0.4722,0,0,1,0,0,0,0,1,1,0,0,0,1,0,1,0,0,1,0,0,0,1,0,2,1,0,0.5987,0.3119,0
ID-005914,0,0,0,0,0.125,0,0,1,0,2,0,1,0,0,1,0,0,0,1,0,0,1,0,0,1,1,0,0,0,1,0,0.2075,0.0411,0
ID-005915,1,0,1,0,0.7083,0,0,0,1,1,0,1,0,0,0,1,0,1,0,0,0,1,0,0,1,1,0,0,1,1,0,0.2645,0.2671,0
ID-005916,0,0,1,0,0.1667,0,1,0,0,1,0,0,1,1,0,0,0,0,1,0,1,0,0,0,1,1,0,0,0,0,2,0.8741,0.149,0
ID-005917,1,1,0,1,0.8611,1,0,1,0,1,0,1,0,0,1,0,0,0,1,0,1,0,0,1,0,0,0,1,2,1,0,0.6205,0.5847,0
ID-005918,1,0,0,0,0.3194,0,0,1,0,2,0,1,0,0,1,0,1,0,0,0,1,0,0,1,0,0,0,1,1,1,0,0.7981,0.265,0
ID-005919,0,0,0,0,0.6389,1,0,0,1,0,1,0,0,1,0,0,0,1,0,0,0,1,0,1,0,0,0,1,2,0,2,0.5828,0.4134,0
ID-005920,0,0,1,1,0.1806,0,1,0,0,0,0,0,1,0,1,0,0,0,1,0,1,0,0,1,0,0,1,0,0,0,0,0.3908,0.0874,0
ID-005921,0,1,1,0,0.6944,0,0,0,1,0,0,1,0,0,0,1,0,0,1,0,1,0,0,0,1,0,0,1,1,0,1,0.1054,0.1682,0
ID-005922,1,0,1,0,0.5972,1,1,0,0,0,0,1,0,1,0,0,0,1,0,1,0,0,1,0,0,0,0,1,2,0,0,0.0092,0.0959,0
ID-005923,0,0,0,0,0.7222,0,1,0,0,0,0,1,0,1,0,0,1,0,0,1,0,0,1,0,0,1,0,0,2,1,1,0.1364,0.1939,0
ID-005924,1,0,1,1,0.8889,1,0,0,1,0,0,1,0,0,1,0,0,0,1,1,0,0,0,1,0,0,1,0,1,0,0,0.6408,0.6189,0
ID-005925,0,0,1,1,0.1944,0,1,0,0,0,0,0,1,0,1,0,0,0,1,1,0,0,0,1,0,0,0,1,1,1,2,0.3652,0.0899,0
ID-005926,0,0,1,0,0.75,0,0,0,1,0,1,0,0,0,1,0,1,0,0,0,0,1,1,0,0,0,1,0,1,1,2,0.9664,0.7293,0
ID-005927,1,1,1,0,0.1111,0,1,0,0,0,0,0,1,0,0,1,0,1,0,0,1,0,1,0,0,1,0,0,0,1,3,0.6802,0.0811,0
ID-005928,1,0,1,0,0.875,0,0,1,0,0,0,1,0,0,1,0,0,1,0,1,0,0,1,0,0,0,0,1,2,1,0,0.0858,0.1974,0
ID-005929,0,1,0,1,0.7778,1,0,0,1,2,1,0,0,0,1,0,1,0,0,0,1,0,0,0,1,0,0,1,2,0,0,0.1047,0.1879,0
ID-005930,1,1,1,1,0.8611,1,1,0,0,0,1,0,0,0,1,0,0,1,0,1,0,0,0,0,1,0,0,1,2,1,1,0.3746,0.4051,0
ID-005931,1,0,0,1,0.2917,1,1,0,0,2,0,0,1,0,0,1,0,1,0,0,1,0,0,1,0,0,0,1,1,0,2,0.0549,0.0581,0
ID-005932,0,1,0,0,0.3056,0,0,0,1,1,0,1,0,0,0,1,0,0,1,0,1,0,1,0,0,0,1,0,2,1,0,0.4784,0.1707,0
ID-005933,0,1,1,0,0.75,0,0,1,0,2,0,0,1,0,1,0,1,0,0,0,0,1,0,1,0,0,1,0,1,1,1,0.5571,0.4689,0
ID-005934,0,1,0,1,0.8056,1,0,1,0,1,1,0,0,0,1,0,0,1,0,0,1,0,1,0,0,0,0,1,1,0,3,0.108,0.1969,0
ID-005935,0,1,1,1,0.9861,1,0,1,0,1,0,1,0,1,0,0,1,0,0,1,0,0,0,1,0,0,0,1,0,0,2,0.6383,0.6845,0
ID-005936,0,0,1,1,0.0,0,0,0,1,0,1,0,0,0,1,0,0,0,1,1,0,0,0,1,0,1,0,0,0,0,1,0.5262,0.0,0
ID-005937,0,0,0,1,0.7778,0,0,1,0,2,0,0,1,0,0,1,0,0,1,0,1,0,0,0,1,0,0,1,1,0,3,0.2729,0.2988,0
ID-005938,0,1,0,0,0.0,0,0,1,0,0,1,0,0,0,0,1,0,1,0,0,0,1,0,0,1,1,0,0,0,1,2,0.6307,0.0,0
ID-005939,1,0,0,1,0.8472,0,0,1,0,0,0,1,0,0,1,0,1,0,0,0,1,0,1,0,0,0,0,1,2,0,2,0.8079,0.7099,0
ID-005940,0,0,0,0,0.5139,1,0,0,1,0,1,0,0,1,0,0,0,1,0,0,0,1,0,0,1,0,1,0,1,1,3,0.6738,0.3722,0
ID-005941,1,1,1,1,0.75,1,1,0,0,1,0,0,1,0,0,1,1,0,0,0,0,1,0,0,1,1,0,0,2,0,2,0.7051,0.5631,0
ID-005942,0,0,1,0,0.6667,0,1,0,0,0,1,0,0,1,0,0,0,1,0,0,0,1,1,0,0,0,1,0,2,1,3,0.7388,0.5196,0
ID-005943,1,0,0,0,0.4861,0,0,1,0,1,0,1,0,1,0,0,0,1,0,0,1,0,0,0,1,1,0,0,1,1,0,0.6393,0.3378,0
ID-005944,1,1,1,0,0.7917,1,0,1,0,1,0,1,0,0,1,0,1,0,0,0,1,0,0,0,1,0,1,0,1,0,1,0.6074,0.5287,0
ID-005945,1,1,0,1,0.3472,0,0,1,0,1,0,1,0,1,0,0,1,0,0,1,0,0,0,0,1,0,1,0,2,0,0,0.0591,0.0705,0
ID-005946,1,1,1,1,0.3194,0,0,1,0,1,1,0,0,0,0,1,0,0,1,0,0,1,0,1,0,0,1,0,0,1,1,0.6981,0.2379,0
ID-005947,1,1,1,1,0.4861,0,0,1,0,0,1,0,0,1,0,0,1,0,0,0,0,1,0,1,0,1,0,0,2,1,3,0.1553,0.1383,0
ID-005948,1,0,0,1,0.1806,0,0,1,0,2,1,0,0,0,1,0,0,1,0,0,1,0,1,0,0,0,0,1,0,1,2,0.6911,0.1334,0
ID-005949,0,1,1,0,0.2083,0,0,1,0,0,0,1,0,1,0,0,0,1,0,0,1,0,0,0,1,0,1,0,0,1,0,0.5179,0.1233,0
ID-005950,1,1,1,0,0.5972,0,1,0,0,1,0,0,1,0,1,0,1,0,0,0,1,0,0,0,1,1,0,0,0,1,2,0.5491,0.3693,0
ID-005951,1,1,0,0,0.3889,1,1,0,0,1,0,1,0,0,0,1,0,1,0,1,0,0,0,1,0,0,0,1,0,0,0,0.4346,0.2028,0
ID-005952,0,1,1,1,0.9306,1,0,1,0,0,0,0,1,0,1,0,0,1,0,0,1,0,0,1,0,0,1,0,1,0,3,0.6411,0.6481,0
ID-005953,0,1,0,1,0.0556,0,0,0,1,2,0,1,0,1,0,0,1,0,0,1,0,0,1,0,0,0,0,1,1,0,3,0.661,0.0396,0
ID-005954,0,0,0,0,0.7083,1,1,0,0,2,0,1,0,0,0,1,1,0,0,1,0,0,0,1,0,0,0,1,2,1,2,0.1057,0.1717,0
ID-005955,0,0,1,1,0.4167,1,1,0,0,2,0,1,0,0,1,0,0,0,1,0,0,1,1,0,0,1,0,0,2,1,2,0.5146,0.2455,0
ID-005956,0,1,0,1,0.1528,1,0,0,1,1,0,0,1,0,1,0,1,0,0,0,0,1,0,1,0,0,1,0,1,0,0,0.6918,0.113,0
ID-005957,1,0,1,0,0.3333,1,0,1,0,0,1,0,0,1,0,0,0,1,0,1,0,0,0,0,1,1,0,0,2,1,1,0.5903,0.2178,0
ID-005958,0,1,1,1,0.0694,1,0,0,1,0,0,1,0,0,0,1,1,0,0,0,0,1,1,0,0,1,0,0,0,1,0,0.4514,0.0372,0
ID-005959,0,1,1,0,0.9583,1,0,0,1,1,0,1,0,0,1,0,0,0,1,0,1,0,0,1,0,1,0,0,1,1,0,0.8102,0.8049,0
ID-005960,0,1,0,0,0.3611,0,1,0,0,1,0,1,0,0,1,0,0,0,1,0,0,1,0,1,0,0,0,1,1,1,0,0.7427,0.2826,0
ID-005961,0,1,1,1,0.7639,0,0,1,0,0,0,0,1,0,0,1,1,0,0,0,1,0,1,0,0,1,0,0,0,1,0,0.5363,0.4641,0
ID-005962,0,1,1,0,0.2222,0,0,0,1,2,0,0,1,0,0,1,0,1,0,0,1,0,0,1,0,0,0,1,2,1,1,0.7491,0.1751,0
ID-005963,1,0,0,0,1.0,1,0,1,0,2,0,0,1,0,1,0,0,1,0,0,0,1,0,0,1,0,1,0,2,0,2,0.9578,0.965,0
ID-005964,1,1,0,1,0.0694,0,0,1,0,0,0,1,0,1,0,0,0,0,1,1,0,0,1,0,0,0,1,0,1,0,1,0.8317,0.0596,0
ID-005965,1,1,0,0,0.7917,1,0,1,0,2,1,0,0,0,1,0,1,0,0,0,0,1,0,1,0,0,1,0,0,0,3,0.7841,0.6474,0
ID-005966,0,0,0,0,1.0,0,1,0,0,2,1,0,0,0,1,0,0,0,1,1,0,0,1,0,0,0,0,1,2,1,2,0.8628,0.8845,0
ID-005967,1,0,1,1,0.4028,1,0,0,1,0,0,0,1,0,0,1,0,0,1,0,1,0,0,0,1,1,0,0,0,0,3,0.1883,0.1258,0
ID-005968,1,0,1,0,0.5417,0,0,0,1,0,0,1,0,0,0,1,0,0,1,0,0,1,0,0,1,0,0,1,0,1,0,0.2895,0.2157,0
ID-005969,0,0,1,0,0.0833,0,0,0,1,0,0,0,1,1,0,0,0,0,1,0,0,1,0,0,1,0,0,1,0,1,3,0.876,0.0746,0
ID-005970,1,1,1,0,0.4028,1,0,0,1,1,1,0,0,0,0,1,1,0,0,0,1,0,0,1,0,0,0,1,1,0,2,0.7709,0.3249,0
ID-005971,0,0,1,1,0.7361,0,1,0,0,0,0,0,1,1,0,0,0,1,0,0,0,1,0,0,1,1,0,0,1,1,1,0.0415,0.1384,0
ID-005972,0,1,1,1,0.1667,0,1,0,0,0,0,1,0,1,0,0,0,0,1,0,0,1,0,1,0,0,0,1,0,1,2,0.9736,0.1631,0
ID-005973,0,0,1,0,0.3472,0,0,1,0,0,0,1,0,1,0,0,0,0,1,0,0,1,0,1,0,0,0,1,1,0,2,0.2893,0.1382,0
ID-005974,0,1,0,0,0.4028,0,0,1,0,0,1,0,0,0,0,1,0,1,0,0,1,0,0,0,1,0,0,1,0,1,3,0.3536,0.1823,0
ID-005975,1,1,0,1,0.7083,1,0,1,0,0,0,0,1,0,1,0,0,0,1,1,0,0,1,0,0,1,0,0,0,1,1,0.0071,0.1125,0
ID-005976,1,0,1,1,0.1111,0,0,0,1,2,0,0,1,1,0,0,0,1,0,0,1,0,0,0,1,1,0,0,2,1,1,0.7422,0.0869,0
ID-005977,1,0,1,1,0.1111,1,0,1,0,1,0,1,0,0,1,0,0,1,0,0,1,0,0,0,1,0,0,1,0,0,3,0.5226,0.0662,0
ID-005978,1,0,1,1,0.2917,0,0,1,0,2,0,1,0,1,0,0,0,0,1,0,1,0,1,0,0,0,1,0,0,1,2,0.8845,0.2633,0
ID-005979,0,0,1,0,0.7083,1,0,0,1,1,0,1,0,1,0,0,0,1,0,0,1,0,0,1,0,0,1,0,1,0,0,0.3362,0.3102,0
ID-005980,1,1,0,1,0.9861,1,1,0,0,0,1,0,0,1,0,0,0,0,1,1,0,0,0,0,1,0,0,1,1,0,1,0.428,0.5086,0
ID-005981,1,0,0,0,0.8472,0,1,0,0,2,0,0,1,1,0,0,0,0,1,0,0,1,0,0,1,0,1,0,1,1,1,0.7251,0.6504,0
ID-005982,0,1,1,1,0.5278,1,0,1,0,1,0,0,1,1,0,0,1,0,0,0,0,1,0,1,0,1,0,0,2,0,0,0.7844,0.4317,0
ID-005983,0,0,1,1,0.125,1,1,0,0,2,0,0,1,0,0,1,1,0,0,0,0,1,0,1,0,0,0,1,1,1,3,0.038,0.0231,0
ID-005984,1,1,0,1,0.7639,1,0,1,0,2,0,0,1,1,0,0,0,0,1,0,1,0,1,0,0,0,0,1,0,1,2,0.5787,0.4916,0
ID-005985,1,1,0,1,0.8889,0,0,0,1,1,0,1,0,0,1,0,0,1,0,0,0,1,0,0,1,0,1,0,1,1,2,0.4308,0.4606,0
ID-005986,1,0,0,1,0.1667,1,0,0,1,0,1,0,0,0,1,0,0,1,0,1,0,0,0,1,0,0,1,0,0,1,3,0.5841,0.108,0
ID-005987,1,0,0,1,0.5694,1,0,1,0,0,0,1,0,1,0,0,0,1,0,1,0,0,0,0,1,0,0,1,2,0,0,0.8897,0.5166,0
ID-005988,0,0,1,0,0.0694,1,0,0,1,0,0,0,1,0,0,1,0,1,0,1,0,0,0,1,0,0,0,1,2,0,3,0.7776,0.0564,0
ID-005989,1,0,0,1,0.7917,1,0,1,0,1,0,0,1,0,0,1,0,1,0,0,1,0,0,1,0,1,0,0,2,0,1,0.224,0.2713,0
ID-005990,1,0,0,0,0.0694,1,0,0,1,0,1,0,0,0,0,1,1,0,0,1,0,0,0,0,1,0,1,0,2,0,2,0.0865,0.0157,0
ID-005991,1,1,1,1,0.1389,0,1,0,0,0,0,1,0,0,1,0,0,0,1,1,0,0,0,1,0,1,0,0,0,1,0,0.8892,0.126,0
ID-005992,0,1,0,1,0.9722,1,0,0,1,2,1,0,0,1,0,0,0,0,1,0,1,0,1,0,0,0,1,0,2,0,3,0.0942,0.2262,0
ID-005993,1,0,0,0,0.25,0,0,1,0,2,1,0,0,0,0,1,0,0,1,0,0,1,0,0,1,0,0,1,1,1,3,0.2245,0.0858,0
ID-005994,1,1,0,1,0.5417,0,0,1,0,0,1,0,0,0,1,0,1,0,0,1,0,0,0,0,1,1,0,0,1,1,0,0.5378,0.3298,0
ID-005995,1,0,1,1,1.0,1,1,0,0,0,1,0,0,0,0,1,0,0,1,0,1,0,0,0,1,0,0,1,0,1,3,0.9072,0.9221,0
ID-005996,0,1,1,0,0.0139,1,1,0,0,1,0,1,0,0,0,1,0,1,0,0,0,1,1,0,0,1,0,0,0,0,2,0.1468,0.0039,0
ID-005997,1,1,0,1,0.9583,1,1,0,0,1,0,0,1,0,1,0,1,0,0,0,0,1,0,1,0,0,0,1,2,1,1,0.8198,0.8127,0
ID-005998,0,1,0,1,0.5,0,0,0,1,1,0,0,1,0,1,0,1,0,0,0,0,1,0,0,1,0,1,0,1,1,2,0.0818,0.1111,0
ID-005999,1,1,0,1,0.0694,0,1,0,0,2,1,0,0,1,0,0,0,0,1,0,1,0,0,1,0,0,1,0,1,0,0,0.9716,0.0678,0
ID-006000,0,0,0,0,0.3889,0,1,0,0,2,0,1,0,1,0,0,0,0,1,1,0,0,0,1,0,1,0,0,1,0,0,0.7904,0.3201,0
ID-006001,0,0,0,1,0.9722,0,0,1,0,1,0,1,0,0,0,1,0,1,0,1,0,0,1,0,0,0,0,1,2,1,0,0.9022,0.8924,0
ID-006002,0,1,1,1,0.0139,1,1,0,0,0,1,0,0,0,0,1,1,0,0,0,1,0,0,1,0,1,0,0,2,1,1,0.7072,0.0105,0
ID-006003,1,0,1,0,0.625,0,0,1,0,1,0,1,0,1,0,0,0,0,1,1,0,0,1,0,0,1,0,0,1,0,3,0.6274,0.428,0
ID-006004,1,0,1,1,1.0,0,0,0,1,2,1,0,0,0,1,0,0,1,0,0,0,1,0,0,1,0,1,0,1,0,0,0.7746,0.8097,0
ID-006005,0,1,0,0,0.5694,1,0,0,1,2,0,1,0,1,0,0,0,1,0,0,1,0,1,0,0,1,0,0,1,1,3,0.8609,0.5027,0
ID-006006,0,0,1,1,0.0694,1,1,0,0,0,0,0,1,1,0,0,0,0,1,1,0,0,0,1,0,0,1,0,2,1,3,0.9603,0.0672,0
ID-006007,0,0,0,1,0.3611,1,1,0,0,1,0,0,1,0,1,0,0,1,0,0,1,0,1,0,0,1,0,0,1,0,1,0.4093,0.1805,0
ID-006008,0,1,1,1,0.5833,1,1,0,0,2,0,1,0,0,0,1,0,1,0,0,0,1,0,1,0,1,0,0,0,0,2,0.1808,0.1785,0
ID-006009,1,0,0,0,0.1667,0,0,0,1,1,0,0,1,1,0,0,0,1,0,0,1,0,1,0,0,0,0,1,0,1,0,0.0841,0.0374,0
ID-006010,1,1,1,0,1.0,1,0,0,1,1,1,0,0,1,0,0,0,1,0,0,1,0,0,0,1,0,1,0,0,1,3,0.4406,0.5265,0
ID-006011,1,0,1,1,0.3889,1,0,0,1,2,0,0,1,0,0,1,0,0,1,0,1,0,0,1,0,0,1,0,1,0,0,0.978,0.382,0
ID-006012,1,1,0,0,0.9583,0,0,1,0,1,0,1,0,0,1,0,0,1,0,0,1,0,0,1,0,1,0,0,2,1,0,0.3529,0.4332,0
ID-006013,0,0,1,1,0.9861,1,1,0,0,2,0,1,0,1,0,0,1,0,0,0,1,0,0,0,1,1,0,0,0,0,2,0.0818,0.2191,0
ID-006014,1,0,0,1,0.3889,1,0,1,0,1,0,0,1,0,1,0,0,1,0,0,1,0,0,1,0,0,0,1,1,0,2,0.4333,0.2023,0
ID-006015,1,0,1,0,0.0694,1,1,0,0,0,0,0,1,0,0,1,0,0,1,0,1,0,0,0,1,0,1,0,1,1,0,0.0177,0.0117,0
ID-006016,1,0,0,0,0.3056,1,1,0,0,0,0,1,0,1,0,0,0,1,0,1,0,0,1,0,0,0,0,1,2,0,1,0.7896,0.2513,0
ID-006017,1,1,0,0,0.9028,1,0,1,0,2,0,1,0,0,0,1,0,1,0,0,0,1,0,1,0,1,0,0,1,0,1,0.7093,0.681,0
ID-006018,1,0,0,1,0.1528,0,1,0,0,1,0,1,0,1,0,0,0,1,0,0,0,1,0,1,0,0,0,1,1,0,3,0.3312,0.0663,0
ID-006019,0,0,1,0,0.2222,0,0,1,0,1,0,0,1,1,0,0,0,0,1,0,1,0,0,0,1,0,0,1,0,0,3,0.7559,0.1764,0
ID-006020,1,1,1,1,0.2917,1,1,0,0,2,0,1,0,0,1,0,0,0,1,0,1,0,0,0,1,0,0,1,1,1,3,0.8037,0.2434,0
ID-006021,1,1,0,0,0.3472,0,0,1,0,2,0,0,1,1,0,0,0,1,0,0,1,0,1,0,0,0,1,0,2,0,1,0.6535,0.2455,0
ID-006022,1,1,0,0,0.9444,0,0,1,0,2,1,0,0,0,0,1,1,0,0,1,0,0,0,1,0,0,0,1,0,0,0,0.5969,0.6224,0
ID-006023,0,1,1,0,0.7917,0,0,1,0,1,0,0,1,0,1,0,0,0,1,0,1,0,1,0,0,0,0,1,0,1,3,0.5903,0.5173,0
ID-006024,0,0,1,0,0.0972,1,0,0,1,1,1,0,0,1,0,0,0,0,1,0,0,1,1,0,0,0,1,0,2,1,0,0.387,0.0468,0
ID-006025,1,0,1,1,0.7083,0,1,0,0,0,0,0,1,0,0,1,1,0,0,0,1,0,1,0,0,0,1,0,0,1,1,0.1485,0.1975,0
ID-006026,1,1,0,0,0.75,0,0,1,0,2,0,0,1,1,0,0,0,0,1,0,0,1,0,1,0,1,0,0,1,0,3,0.2615,0.2809,0
ID-006027,1,1,0,1,0.1944,0,1,0,0,2,0,1,0,1,0,0,1,0,0,0,1,0,0,1,0,1,0,0,2,0,1,0.3723,0.0911,0
ID-006028,0,1,0,0,0.4167,0,0,1,0,1,0,0,1,0,1,0,1,0,0,1,0,0,0,1,0,1,0,0,1,0,3,0.8682,0.3704,0
ID-006029,1,0,1,0,0.25,0,0,0,1,0,0,1,0,0,1,0,1,0,0,1,0,0,0,0,1,0,0,1,2,1,2,0.6603,0.1782,0
ID-006030,1,1,0,0,0.1389,0,0,1,0,2,0,0,1,0,1,0,1,0,0,1,0,0,1,0,0,0,0,1,0,0,2,0.5978,0.0916,0
ID-006031,0,1,0,0,0.9444,0,0,1,0,1,1,0,0,0,0,1,0,0,1,0,1,0,1,0,0,1,0,0,1,0,2,0.5924,0.6188,0
ID-006032,0,1,1,1,0.625,0,0,1,0,1,0,0,1,0,1,0,1,0,0,0,1,0,0,1,0,1,0,0,1,0,0,0.8023,0.5208,0
ID-006033,1,0,0,1,0.3056,1,0,0,1,1,0,0,1,0,1,0,1,0,0,0,1,0,1,0,0,0,0,1,1,0,2,0.5511,0.1895,0
ID-006034,0,1,0,1,0.3194,0,0,1,0,0,0,1,0,0,1,0,0,0,1,1,0,0,0,1,0,0,1,0,1,1,1,0.8299,0.2736,0
ID-006035,1,1,0,0,0.3056,0,0,1,0,2,0,1,0,0,1,0,0,0,1,0,0,1,1,0,0,0,1,0,1,1,2,0.4944,0.1748,0
ID-006036,1,1,0,0,0.0833,1,0,1,0,1,1,0,0,0,0,1,1,0,0,1,0,0,0,0,1,0,1,0,0,0,0,0.4759,0.0464,0
ID-006037,0,1,1,1,0.8056,0,0,0,1,2,0,1,0,1,0,0,0,1,0,0,1,0,0,1,0,0,1,0,2,0,0,0.0536,0.1597,0
ID-006038,1,0,0,0,0.2361,1,1,0,0,0,0,1,0,0,0,1,1,0,0,0,1,0,1,0,0,0,1,0,1,0,2,0.3188,0.0999,0
ID-006039,0,1,0,1,0.8333,1,0,1,0,2,0,1,0,0,0,1,1,0,0,0,1,0,0,1,0,0,1,0,2,1,3,0.8438,0.7236,0
ID-006040,0,1,1,1,0.8056,1,0,0,1,0,1,0,0,0,0,1,1,0,0,1,0,0,1,0,0,0,0,1,2,1,1,0.4355,0.4206,0
ID-006041,0,1,1,0,0.8889,0,0,1,0,1,0,0,1,0,1,0,0,1,0,0,0,1,1,0,0,1,0,0,2,0,1,0.2657,0.3361,0
ID-006042,0,0,0,1,0.9861,0,1,0,0,1,0,1,0,0,0,1,0,1,0,1,0,0,0,1,0,0,1,0,2,1,3,0.2942,0.3967,0
ID-006043,0,0,0,1,0.375,1,0,0,1,2,0,1,0,0,1,0,0,0,1,0,1,0,1,0,0,0,0,1,0,1,1,0.8839,0.3384,0
ID-006044,1,1,0,1,0.3611,1,1,0,0,0,0,0,1,1,0,0,0,1,0,0,0,1,0,1,0,1,0,0,2,0,3,0.7802,0.2941,0
ID-006045,1,0,0,1,0.6389,0,0,0,1,2,0,1,0,0,1,0,1,0,0,0,0,1,0,1,0,0,1,0,2,1,3,0.0342,0.1161,0
ID-006046,1,0,0,1,0.7222,1,0,0,1,1,0,0,1,1,0,0,0,0,1,0,1,0,0,0,1,0,0,1,2,1,1,0.547,0.4454,0
ID-006047,1,0,1,1,0.0972,0,0,1,0,0,0,1,0,0,0,1,1,0,0,1,0,0,0,1,0,1,0,0,1,0,3,0.725,0.0746,0
ID-006048,0,0,0,1,0.25,0,0,0,1,2,1,0,0,0,1,0,0,1,0,1,0,0,0,1,0,1,0,0,1,1,1,0.4331,0.13,0
ID-006049,1,0,0,1,0.6389,1,0,1,0,1,0,1,0,0,0,1,0,0,1,1,0,0,0,1,0,1,0,0,0,1,2,0.6919,0.4725,0
ID-006050,1,0,1,0,0.875,0,1,0,0,2,1,0,0,0,1,0,0,0,1,0,0,1,1,0,0,0,1,0,0,0,0,0.3383,0.3847,0
ID-006051,0,0,0,1,0.8472,1,0,0,1,0,0,0,1,0,0,1,0,0,1,0,1,0,0,0,1,0,1,0,2,0,0,0.9391,0.8042,0
ID-006052,0,0,1,1,0.0694,1,0,0,1,1,0,0,1,0,0,1,1,0,0,1,0,0,0,1,0,0,0,1,0,1,1,0.9105,0.0642,0
ID-006053,1,0,1,1,0.1528,0,1,0,0,1,0,1,0,0,1,0,0,1,0,0,1,0,1,0,0,0,0,1,1,0,0,0.015,0.0253,0
ID-006054,1,0,0,1,0.8611,1,0,1,0,2,0,0,1,0,1,0,0,1,0,0,1,0,1,0,0,0,1,0,0,0,0,0.2263,0.2968,0
ID-006055,1,1,0,0,0.8889,0,1,0,0,0,0,1,0,1,0,0,1,0,0,0,1,0,1,0,0,0,0,1,2,0,3,0.4229,0.4546,0
ID-006056,1,0,1,1,0.1806,1,0,0,1,0,0,0,1,0,1,0,1,0,0,0,0,1,0,1,0,0,1,0,0,0,2,0.696,0.1342,0
ID-006057,1,0,0,1,0.0,0,1,0,0,2,0,1,0,0,1,0,0,1,0,0,0,1,1,0,0,0,0,1,2,1,2,0.9369,0.0,0
ID-006058,0,1,0,1,0.9306,1,0,1,0,2,1,0,0,0,1,0,1,0,0,1,0,0,1,0,0,1,0,0,2,1,0,0.501,0.5375,0
ID-006059,0,0,0,1,0.4444,1,1,0,0,1,0,0,1,0,1,0,0,1,0,0,1,0,0,1,0,0,1,0,0,0,2,0.6789,0.3238,0
ID-006060,1,1,0,0,0.0556,1,1,0,0,2,0,1,0,1,0,0,1,0,0,0,0,1,0,1,0,0,0,1,0,0,2,0.8629,0.0491,0
ID-006061,1,1,0,1,0.0556,1,0,1,0,0,0,0,1,0,0,1,0,1,0,1,0,0,1,0,0,1,0,0,2,1,0,0.8724,0.0496,0
ID-006062,1,1,1,0,0.8889,0,0,1,0,0,0,0,1,1,0,0,0,0,1,0,1,0,0,1,0,1,0,0,0,0,1,0.0041,0.1389,0
ID-006063,1,1,0,0,0.3611,0,1,0,0,2,0,1,0,0,1,0,1,0,0,1,0,0,0,1,0,0,0,1,2,0,3,0.2686,0.1374,0
ID-006064,1,0,0,1,0.7361,1,0,0,1,0,0,0,1,0,1,0,0,0,1,1,0,0,0,0,1,0,0,1,2,0,1,0.1147,0.1841,0
ID-006065,0,1,0,1,0.6667,0,0,1,0,1,0,1,0,1,0,0,0,1,0,1,0,0,1,0,0,0,1,0,2,0,1,0.2802,0.2603,0
ID-006066,0,1,0,1,0.4167,0,0,0,1,2,0,1,0,0,1,0,0,0,1,0,0,1,1,0,0,1,0,0,2,1,1,0.5695,0.2649,0
ID-006067,1,1,1,0,0.4444,0,1,0,0,0,1,0,0,0,1,0,1,0,0,0,0,1,1,0,0,0,1,0,2,1,1,0.2868,0.176,0
ID-006068,1,0,1,1,0.0417,1,0,1,0,1,0,1,0,0,0,1,0,0,1,0,1,0,1,0,0,0,1,0,2,1,1,0.6864,0.0306,0
ID-006069,1,1,1,1,0.5417,1,0,1,0,1,1,0,0,0,1,0,0,1,0,0,1,0,0,0,1,0,0,1,1,1,3,0.681,0.3956,0
ID-006070,1,1,1,1,0.8611,0,1,0,0,0,0,0,1,0,0,1,1,0,0,0,1,0,0,1,0,0,1,0,0,0,2,0.9668,0.8376,0
ID-006071,0,0,0,1,0.4028,0,1,0,0,1,0,0,1,0,1,0,0,1,0,0,1,0,1,0,0,1,0,0,0,0,1,0.1063,0.0979,0
ID-006072,1,1,1,0,0.7361,1,0,0,1,2,1,0,0,0,0,1,0,1,0,1,0,0,0,0,1,0,1,0,2,1,2,0.7144,0.5585,0
ID-006073,1,1,1,0,0.5833,1,0,1,0,0,0,0,1,0,0,1,1,0,0,0,1,0,0,1,0,0,1,0,0,0,1,0.6777,0.4244,0
ID-006074,1,0,1,1,0.5833,1,0,1,0,2,1,0,0,0,0,1,1,0,0,0,0,1,1,0,0,0,1,0,0,0,0,0.2014,0.1887,0
ID-006075,0,0,0,0,0.3611,1,1,0,0,0,0,1,0,1,0,0,0,1,0,0,0,1,0,0,1,0,0,1,2,1,2,0.0015,0.0556,0
ID-006076,1,1,0,1,0.6806,1,1,0,0,0,0,1,0,0,0,1,0,0,1,1,0,0,1,0,0,1,0,0,0,1,1,0.8263,0.5809,0
ID-006077,0,0,0,0,0.0,1,1,0,0,0,1,0,0,0,0,1,0,0,1,0,0,1,0,1,0,1,0,0,1,1,1,0.3719,0.0,0
ID-006078,0,0,1,1,0.0139,1,0,1,0,1,0,0,1,0,1,0,0,0,1,0,0,1,0,1,0,0,1,0,2,0,0,0.621,0.0094,0
ID-006079,0,1,0,1,0.75,1,0,0,1,0,0,0,1,0,0,1,0,0,1,0,1,0,1,0,0,0,1,0,0,0,1,0.2615,0.2809,0
ID-006080,1,0,0,1,0.1806,0,0,1,0,1,1,0,0,1,0,0,0,0,1,0,1,0,0,1,0,1,0,0,2,1,0,0.0139,0.0297,0
ID-006081,0,1,0,1,0.9028,0,0,1,0,0,0,1,0,0,1,0,0,0,1,0,0,1,1,0,0,1,0,0,1,1,3,0.326,0.3875,0
ID-006082,1,1,1,1,0.0139,1,0,0,1,0,0,1,0,0,1,0,0,0,1,0,1,0,1,0,0,0,1,0,2,1,1,0.5785,0.0089,0
ID-006083,0,0,1,1,0.4306,0,0,0,1,2,0,1,0,0,0,1,0,0,1,0,1,0,0,1,0,0,1,0,1,1,0,0.7683,0.3463,0
ID-006084,1,0,1,0,0.5278,0,0,0,1,0,0,1,0,0,1,0,0,1,0,0,0,1,0,0,1,0,0,1,1,1,3,0.6065,0.3521,0
ID-006085,1,1,0,1,0.5278,0,0,0,1,1,1,0,0,0,1,0,0,1,0,1,0,0,0,1,0,0,1,0,1,1,1,0.9061,0.4862,0
ID-006086,0,0,0,0,0.25,0,0,0,1,2,0,1,0,1,0,0,0,0,1,1,0,0,1,0,0,0,1,0,2,0,2,0.5658,0.1581,0
ID-006087,1,1,1,0,0.9167,0,1,0,0,1,0,1,0,0,0,1,0,0,1,0,1,0,1,0,0,0,0,1,0,1,1,0.0618,0.1881,0
ID-006088,1,0,0,1,0.4167,1,1,0,0,2,0,1,0,1,0,0,1,0,0,0,0,1,1,0,0,1,0,0,0,1,0,0.1567,0.119,0
ID-006089,0,0,1,1,0.8611,0,1,0,0,2,1,0,0,1,0,0,0,0,1,0,0,1,0,0,1,0,0,1,0,1,3,0.101,0.2053,0
ID-006090,0,0,1,1,0.0972,0,0,0,1,2,0,1,0,0,1,0,0,1,0,0,1,0,0,0,1,0,1,0,2,0,3,0.736,0.0755,0
ID-006091,0,0,0,1,0.7917,1,0,0,1,2,0,1,0,1,0,0,0,0,1,0,1,0,1,0,0,1,0,0,2,0,1,0.1612,0.2292,0
ID-006092,0,1,1,0,0.5,1,1,0,0,0,1,0,0,0,1,0,0,0,1,1,0,0,0,0,1,1,0,0,1,0,2,0.4585,0.2708,0
ID-006093,1,1,1,0,0.4167,1,0,1,0,1,0,1,0,1,0,0,0,0,1,1,0,0,0,0,1,1,0,0,1,0,3,0.2782,0.162,0
ID-006094,0,0,0,0,0.0278,0,0,1,0,2,0,0,1,0,1,0,1,0,0,0,1,0,0,0,1,0,0,1,2,1,2,0.8023,0.0231,0
ID-006095,1,1,0,1,0.0556,0,0,1,0,2,0,0,1,0,0,1,1,0,0,0,0,1,0,1,0,0,1,0,0,0,3,0.2727,0.0213,0
ID-006096,1,0,0,0,0.7917,0,1,0,0,2,0,0,1,0,0,1,1,0,0,1,0,0,0,0,1,1,0,0,1,1,0,0.1124,0.1964,0
ID-006097,0,0,0,1,0.3889,0,1,0,0,0,1,0,0,0,1,0,0,0,1,0,1,0,0,0,1,0,1,0,2,0,2,0.7848,0.3183,0
ID-006098,0,1,1,1,0.3472,0,1,0,0,0,0,1,0,1,0,0,1,0,0,0,0,1,0,0,1,0,1,0,0,1,2,0.5467,0.214,0
ID-006099,1,0,1,0,0.9583,1,1,0,0,0,0,0,1,0,0,1,0,0,1,1,0,0,1,0,0,1,0,0,0,0,0,0.7845,0.784,0
ID-006100,0,0,0,0,0.7361,0,0,1,0,0,0,0,1,1,0,0,0,1,0,1,0,0,0,1,0,1,0,0,0,0,1,0.3791,0.3491,0
ID-006101,0,0,1,1,0.0278,0,0,0,1,0,0,1,0,0,0,1,0,0,1,0,1,0,0,1,0,0,0,1,0,1,3,0.0812,0.0062,0
ID-006102,1,0,1,0,0.375,0,0,0,1,2,0,1,0,0,0,1,0,1,0,0,1,0,0,0,1,0,1,0,0,1,0,0.5399,0.229,0
ID-006103,0,1,0,1,0.1389,1,1,0,0,1,1,0,0,1,0,0,0,1,0,1,0,0,0,0,1,1,0,0,1,1,2,0.0078,0.0221,0
ID-006104,0,0,0,0,0.4306,1,0,1,0,0,0,0,1,1,0,0,0,0,1,0,0,1,0,1,0,1,0,0,1,1,0,0.6218,0.2928,0
ID-006105,0,0,0,1,0.8333,1,0,1,0,2,0,1,0,1,0,0,0,1,0,0,1,0,0,1,0,0,0,1,2,1,3,0.3653,0.3855,0
ID-006106,1,1,1,0,0.6944,0,0,0,1,2,0,1,0,0,0,1,0,0,1,0,1,0,1,0,0,0,1,0,1,1,3,0.1637,0.2025,0
ID-006107,0,1,1,1,0.8333,0,0,1,0,2,0,1,0,0,0,1,0,0,1,0,0,1,1,0,0,1,0,0,2,1,1,0.7822,0.6801,0
ID-006108,1,0,0,1,0.5972,0,0,0,1,1,0,1,0,1,0,0,0,0,1,1,0,0,1,0,0,0,1,0,1,1,0,0.4846,0.3367,0
ID-006109,0,1,1,1,0.9861,1,1,0,0,1,0,1,0,0,1,0,0,1,0,1,0,0,0,0,1,0,0,1,1,1,3,0.4164,0.4989,0
ID-006110,0,1,1,0,0.7639,1,0,0,1,1,0,0,1,0,0,1,0,0,1,0,0,1,1,0,0,1,0,0,1,0,1,0.6921,0.5651,0
ID-006111,1,1,1,1,0.8472,0,1,0,0,1,1,0,0,0,0,1,0,1,0,1,0,0,0,0,1,0,1,0,2,0,1,0.1732,0.2539,0
ID-006112,1,1,1,1,0.4444,1,1,0,0,2,0,1,0,1,0,0,0,0,1,0,0,1,0,0,1,1,0,0,2,0,2,0.5568,0.2778,0
ID-006113,1,1,0,1,0.4167,1,0,1,0,0,0,0,1,0,0,1,0,1,0,0,0,1,0,1,0,0,0,1,2,1,2,0.985,0.4117,0
ID-006114,1,0,1,1,0.4167,1,0,1,0,0,0,1,0,0,0,1,0,1,0,0,1,0,0,0,1,1,0,0,1,1,3,0.8614,0.368,0
ID-006115,1,1,0,1,0.9861,0,0,0,1,0,1,0,0,0,0,1,1,0,0,0,0,1,1,0,0,0,1,0,0,0,1,0.6174,0.667,0
ID-006116,1,0,1,0,0.7361,1,0,1,0,0,0,0,1,0,0,1,0,1,0,0,0,1,0,1,0,0,1,0,0,0,2,0.7079,0.5544,0
ID-006117,0,1,1,0,0.7222,1,0,0,1,2,0,1,0,0,1,0,1,0,0,0,1,0,0,0,1,0,0,1,0,0,3,0.437,0.378,0
ID-006118,0,0,1,0,0.4861,0,0,1,0,1,1,0,0,1,0,0,1,0,0,0,1,0,1,0,0,0,0,1,2,1,2,0.0836,0.1087,0
ID-006119,1,0,1,1,0.9028,0,1,0,0,2,1,0,0,1,0,0,0,1,0,0,1,0,1,0,0,0,1,0,2,1,3,0.3143,0.3786,0
ID-006120,1,0,0,1,0.4861,0,1,0,0,0,0,1,0,0,0,1,1,0,0,0,0,1,1,0,0,1,0,0,1,1,0,0.7596,0.3874,0
ID-006121,0,1,1,1,0.6806,0,0,0,1,1,1,0,0,0,0,1,0,1,0,0,0,1,0,1,0,1,0,0,2,0,0,0.2454,0.2456,0
ID-006122,1,1,1,0,0.8889,1,1,0,0,2,0,0,1,1,0,0,0,0,1,0,1,0,0,1,0,1,0,0,1,0,1,0.8793,0.7986,0
ID-006123,1,0,1,1,0.2083,1,1,0,0,1,0,0,1,0,0,1,0,1,0,0,1,0,0,0,1,0,1,0,1,1,2,0.4394,0.1095,0
ID-006124,0,0,1,0,0.5972,0,1,0,0,0,0,0,1,0,1,0,1,0,0,0,1,0,0,0,1,0,0,1,0,1,1,0.2743,0.2302,0
ID-006125,0,1,0,0,0.1528,0,0,0,1,2,0,1,0,0,1,0,1,0,0,0,1,0,0,0,1,0,1,0,0,0,0,0.6649,0.1095,0
ID-006126,1,1,0,0,0.4861,0,1,0,0,1,0,0,1,0,0,1,0,0,1,0,0,1,1,0,0,1,0,0,2,1,0,0.8135,0.4097,0
ID-006127,1,1,1,0,0.3194,0,0,0,1,1,1,0,0,0,0,1,1,0,0,1,0,0,1,0,0,1,0,0,2,0,1,0.3567,0.1454,0
ID-006128,1,0,0,0,0.0417,0,1,0,0,1,0,1,0,1,0,0,1,0,0,1,0,0,1,0,0,0,0,1,1,1,3,0.8895,0.0378,0
ID-006129,1,0,1,1,0.1944,1,0,1,0,1,0,0,1,0,1,0,0,0,1,1,0,0,0,0,1,0,1,0,1,0,3,0.8287,0.1664,0
ID-006130,0,1,1,1,0.0833,0,1,0,0,2,0,1,0,1,0,0,0,0,1,0,0,1,0,0,1,0,0,1,0,1,3,0.1689,0.0247,0
ID-006131,1,1,1,0,0.2639,0,0,0,1,1,1,0,0,0,0,1,0,1,0,0,0,1,1,0,0,0,0,1,0,0,2,0.1057,0.064,0
ID-006132,0,1,0,0,0.5556,1,1,0,0,2,0,0,1,0,0,1,0,1,0,1,0,0,1,0,0,1,0,0,0,0,1,0.5351,0.337,0
ID-006133,1,0,0,0,0.2222,1,0,0,1,0,0,1,0,0,1,0,0,1,0,0,1,0,1,0,0,0,0,1,1,1,2,0.6923,0.1644,0
ID-006134,1,1,1,0,0.1944,1,0,0,1,0,0,0,1,0,0,1,0,0,1,0,0,1,1,0,0,1,0,0,0,1,3,0.8266,0.166,0
ID-006135,0,1,1,1,0.6111,1,1,0,0,0,0,1,0,0,1,0,1,0,0,0,0,1,0,1,0,1,0,0,0,0,2,0.5667,0.3871,0
ID-006136,1,1,1,1,0.8194,1,0,1,0,0,0,1,0,1,0,0,1,0,0,1,0,0,1,0,0,0,1,0,0,1,2,0.0429,0.155,0
ID-006137,0,0,1,0,0.4583,0,0,0,1,2,1,0,0,1,0,0,0,1,0,0,1,0,0,1,0,1,0,0,0,1,0,0.9429,0.4365,0
ID-006138,1,0,0,0,0.2778,0,0,0,1,2,0,0,1,0,1,0,0,0,1,0,1,0,0,1,0,1,0,0,1,0,2,0.9028,0.2551,0
ID-006139,1,1,1,0,0.375,1,0,1,0,1,0,0,1,0,0,1,0,0,1,1,0,0,0,0,1,0,1,0,2,0,2,0.0253,0.0653,0
ID-006140,0,0,1,0,0.5417,0,1,0,0,1,0,0,1,1,0,0,0,1,0,1,0,0,1,0,0,0,0,1,1,0,0,0.4262,0.2786,0
ID-006141,1,1,0,0,0.5278,0,0,0,1,2,0,0,1,1,0,0,0,0,1,0,1,0,0,1,0,1,0,0,2,1,1,0.7908,0.4346,0
ID-006142,0,1,1,0,0.5833,1,1,0,0,0,0,0,1,1,0,0,0,1,0,0,1,0,0,0,1,1,0,0,1,1,3,0.934,0.5512,0
ID-006143,0,0,0,1,0.7778,0,1,0,0,2,1,0,0,0,0,1,0,0,1,0,1,0,0,0,1,1,0,0,2,0,3,0.8532,0.6816,0
ID-006144,0,1,1,0,0.2361,0,1,0,0,2,1,0,0,1,0,0,0,1,0,0,0,1,1,0,0,1,0,0,2,1,1,0.5658,0.1494,0
ID-006145,1,1,1,1,0.25,1,0,1,0,1,0,1,0,0,1,0,0,0,1,0,0,1,0,0,1,0,0,1,2,1,1,0.1618,0.0725,0
ID-006146,0,1,0,1,0.5139,0,0,1,0,0,0,0,1,1,0,0,1,0,0,0,0,1,1,0,0,1,0,0,1,0,3,0.3403,0.2268,0
ID-006147,1,0,1,0,0.5972,0,0,0,1,0,0,0,1,0,0,1,1,0,0,0,1,0,0,1,0,0,0,1,0,1,0,0.5965,0.3934,0
ID-006148,1,0,1,0,0.9306,0,1,0,0,0,0,1,0,0,0,1,0,1,0,1,0,0,0,1,0,1,0,0,0,1,0,0.2922,0.3728,0
ID-006149,1,1,1,1,0.1806,1,0,0,1,0,0,1,0,1,0,0,1,0,0,0,1,0,0,0,1,1,0,0,2,0,1,0.394,0.0879,0
ID-006150,0,0,0,1,0.3611,1,0,1,0,1,0,0,1,0,1,0,0,1,0,0,0,1,1,0,0,0,0,1,2,0,3,0.8647,0.32,0
ID-006151,0,1,1,1,0.2639,0,0,1,0,1,0,1,0,1,0,0,1,0,0,1,0,0,0,1,0,1,0,0,1,1,3,0.5402,0.1612,0
ID-006152,1,0,1,0,0.3056,0,0,1,0,1,0,1,0,0,1,0,1,0,0,0,0,1,0,0,1,0,0,1,2,0,1,0.9096,0.2824,0
ID-006153,0,1,1,1,0.6389,1,1,0,0,1,0,0,1,1,0,0,0,1,0,0,1,0,0,1,0,0,0,1,0,1,0,0.2673,0.2424,0
ID-006154,0,0,1,1,0.1111,0,0,1,0,1,0,0,1,1,0,0,0,0,1,0,0,1,0,0,1,0,1,0,2,1,2,0.3307,0.0481,0
ID-006155,0,0,1,0,0.6528,0,0,0,1,0,0,0,1,0,1,0,0,0,1,0,0,1,1,0,0,0,1,0,1,0,0,0.1185,0.1654,0
ID-006156,1,1,0,0,0.5833,1,0,0,1,0,0,1,0,1,0,0,0,0,1,0,0,1,0,1,0,1,0,0,0,0,3,0.6544,0.4129,0
ID-006157,1,1,1,0,0.875,0,0,0,1,1,0,1,0,0,1,0,0,1,0,0,0,1,0,1,0,1,0,0,0,1,3,0.055,0.1745,0
ID-006158,0,0,0,0,0.0278,1,0,0,1,2,0,1,0,0,0,1,0,1,0,0,1,0,1,0,0,0,1,0,0,0,3,0.6786,0.0202,0
ID-006159,1,1,1,0,0.0417,0,0,1,0,1,0,0,1,1,0,0,0,1,0,0,1,0,1,0,0,0,0,1,1,1,3,0.5308,0.0251,0
ID-006160,1,0,1,0,0.2361,0,0,0,1,1,0,0,1,0,1,0,0,0,1,0,0,1,0,0,1,0,0,1,0,1,1,0.5197,0.1401,0
ID-006161,1,1,1,1,0.5833,1,0,1,0,2,1,0,0,1,0,0,1,0,0,0,0,1,0,0,1,0,1,0,1,0,1,0.1991,0.1876,0
ID-006162,0,0,0,1,0.8472,1,0,0,1,1,1,0,0,0,1,0,0,1,0,1,0,0,1,0,0,0,1,0,1,0,2,0.933,0.7998,0
ID-006163,0,0,0,0,0.8611,0,0,0,1,1,0,1,0,0,0,1,0,1,0,0,1,0,0,1,0,0,0,1,2,1,0,0.3331,0.3748,0
ID-006164,1,0,1,1,0.8611,1,0,1,0,0,0,1,0,1,0,0,1,0,0,0,1,0,1,0,0,0,1,0,2,1,0,0.2196,0.2919,0
ID-006165,0,0,0,1,0.0,0,0,1,0,1,0,0,1,1,0,0,0,0,1,0,0,1,0,0,1,0,0,1,0,0,3,0.0566,0.0,0
ID-006166,0,1,0,0,0.0278,0,1,0,0,1,0,1,0,0,0,1,1,0,0,1,0,0,1,0,0,1,0,0,2,1,2,0.1324,0.0074,0
ID-006167,1,1,1,0,0.2222,1,0,1,0,1,0,1,0,0,0,1,1,0,0,1,0,0,1,0,0,0,1,0,0,0,1,0.4897,0.1262,0
ID-006168,1,1,0,1,0.8333,1,0,0,1,1,0,0,1,0,1,0,0,1,0,1,0,0,1,0,0,0,0,1,0,1,0,0.6497,0.5865,0
ID-006169,1,1,1,0,0.125,0,0,1,0,1,1,0,0,0,1,0,0,1,0,0,0,1,0,1,0,0,0,1,1,1,0,0.181,0.0383,0
ID-006170,1,0,0,0,0.6944,1,1,0,0,2,0,1,0,0,0,1,0,1,0,1,0,0,1,0,0,0,1,0,2,1,3,0.7375,0.5405,0
ID-006171,0,1,1,1,0.9583,1,0,0,1,1,1,0,0,0,1,0,0,0,1,0,1,0,0,0,1,0,0,1,2,1,1,0.4213,0.4888,0
ID-006172,0,0,1,0,0.8611,1,1,0,0,0,0,1,0,0,0,1,0,1,0,0,0,1,0,1,0,1,0,0,0,1,0,0.0643,0.1785,0
ID-006173,0,0,0,0,0.9861,0,1,0,0,2,1,0,0,0,1,0,0,1,0,1,0,0,0,0,1,0,1,0,1,0,3,0.8959,0.8999,0
ID-006174,0,0,1,1,0.6667,0,1,0,0,1,0,0,1,0,0,1,1,0,0,0,1,0,0,0,1,0,0,1,1,1,3,0.026,0.1166,0
ID-006175,0,0,1,0,0.5972,1,0,0,1,1,0,0,1,1,0,0,0,1,0,0,1,0,1,0,0,0,0,1,0,1,3,0.1561,0.1703,0
ID-006176,1,1,1,0,0.1944,1,1,0,0,2,0,0,1,0,1,0,1,0,0,0,1,0,0,0,1,0,0,1,2,1,2,0.0453,0.0372,0
ID-006177,0,0,0,0,0.3333,0,0,1,0,0,1,0,0,0,0,1,0,0,1,1,0,0,0,1,0,1,0,0,1,0,0,0.5097,0.195,0
ID-006178,1,0,1,0,0.4861,0,1,0,0,1,1,0,0,0,0,1,0,1,0,1,0,0,0,0,1,0,0,1,1,0,2,0.98,0.4783,0
ID-006179,0,0,0,1,0.6111,1,1,0,0,2,0,0,1,0,1,0,0,1,0,1,0,0,1,0,0,0,0,1,2,0,2,0.6291,0.4194,0
ID-006180,1,0,0,1,0.6389,1,1,0,0,2,0,0,1,0,1,0,0,1,0,1,0,0,0,1,0,0,0,1,1,1,3,0.5255,0.3823,0
ID-006181,0,1,0,0,0.3611,0,0,1,0,0,1,0,0,1,0,0,1,0,0,1,0,0,0,1,0,0,0,1,1,1,1,0.3252,0.1548,0
ID-006182,0,1,1,0,0.3472,1,1,0,0,0,0,1,0,0,0,1,1,0,0,0,1,0,0,1,0,1,0,0,2,1,2,0.0093,0.0558,0
ID-006183,0,0,0,1,0.7083,1,0,0,1,2,0,0,1,0,1,0,0,1,0,0,0,1,0,1,0,0,0,1,1,0,0,0.666,0.5083,0
ID-006184,1,0,0,1,0.4583,0,0,1,0,2,0,0,1,0,1,0,0,1,0,1,0,0,0,1,0,1,0,0,2,1,2,0.3531,0.2073,0
ID-006185,0,0,0,1,0.5694,1,1,0,0,0,1,0,0,0,1,0,0,1,0,0,1,0,0,0,1,0,1,0,2,1,3,0.787,0.4671,0
ID-006186,1,0,1,1,0.6528,0,0,1,0,2,1,0,0,0,0,1,1,0,0,0,0,1,1,0,0,1,0,0,2,0,1,0.6757,0.4738,0
ID-006187,1,0,0,1,1.0,0,1,0,0,1,0,1,0,1,0,0,0,1,0,0,1,0,1,0,0,1,0,0,0,0,3,0.7641,0.8008,0
ID-006188,0,0,0,1,0.375,0,0,0,1,1,0,1,0,1,0,0,0,1,0,0,0,1,1,0,0,0,1,0,2,1,1,0.7197,0.2862,0
ID-006189,1,1,0,0,0.9306,0,1,0,0,0,1,0,0,1,0,0,1,0,0,0,1,0,0,1,0,0,0,1,2,0,3,0.0121,0.1517,0
ID-006190,0,1,1,0,0.9861,1,0,0,1,1,0,0,1,0,0,1,0,1,0,1,0,0,0,1,0,0,0,1,2,1,3,0.1763,0.2981,0
ID-006191,0,1,0,0,0.1806,0,1,0,0,1,0,0,1,0,0,1,0,1,0,1,0,0,1,0,0,0,1,0,2,1,0,0.1066,0.0439,0
ID-006192,1,1,0,0,0.4444,0,0,0,1,0,0,1,0,1,0,0,0,1,0,1,0,0,1,0,0,1,0,0,2,1,1,0.2696,0.1695,0
ID-006193,1,1,0,1,0.3611,1,1,0,0,1,0,1,0,0,0,1,1,0,0,0,1,0,0,0,1,1,0,0,0,0,3,0.1313,0.0954,0
ID-006194,1,1,1,1,0.9167,1,1,0,0,0,1,0,0,0,0,1,0,1,0,1,0,0,0,0,1,1,0,0,1,1,2,0.7443,0.7187,0
ID-006195,0,1,1,1,0.5417,1,0,1,0,1,1,0,0,1,0,0,1,0,0,0,0,1,1,0,0,0,0,1,1,0,3,0.0631,0.1118,0
ID-006196,0,1,0,0,0.5972,1,1,0,0,2,0,0,1,1,0,0,1,0,0,0,1,0,0,1,0,1,0,0,1,0,0,0.9196,0.557,0
ID-006197,0,0,0,1,0.7917,0,1,0,0,0,0,0,1,0,1,0,1,0,0,1,0,0,0,0,1,0,1,0,1,0,1,0.7593,0.6308,0
ID-006198,1,0,0,0,0.1528,1,1,0,0,2,1,0,0,1,0,0,0,0,1,0,1,0,1,0,0,0,0,1,1,1,2,0.935,0.1445,0
ID-006199,0,0,0,0,0.1806,1,0,0,1,2,1,0,0,0,0,1,0,1,0,1,0,0,1,0,0,1,0,0,1,0,1,0.6172,0.1221,0
ID-006200,0,1,1,1,0.8472,1,0,1,0,2,0,1,0,0,0,1,0,1,0,0,1,0,0,1,0,1,0,0,0,0,1,0.2567,0.3139,0
ID-006201,1,1,0,0,0.1389,0,1,0,0,2,0,1,0,0,0,1,0,1,0,0,1,0,0,0,1,0,1,0,0,0,1,0.9675,0.1352,0
ID-006202,0,1,1,1,0.9861,1,1,0,0,1,0,1,0,0,1,0,1,0,0,0,1,0,1,0,0,1,0,0,0,1,3,0.4419,0.5202,0
ID-006203,0,0,1,0,0.5833,1,1,0,0,0,0,0,1,0,1,0,1,0,0,0,0,1,1,0,0,1,0,0,0,1,2,0.08,0.1287,0
ID-006204,1,1,1,0,0.6528,1,0,0,1,0,0,0,1,0,0,1,0,0,1,0,1,0,1,0,0,0,1,0,1,1,2,0.786,0.5349,0
ID-006205,0,0,0,0,0.1806,0,0,1,0,1,0,1,0,1,0,0,1,0,0,0,0,1,1,0,0,0,1,0,1,1,2,0.3064,0.0745,0
ID-006206,0,0,0,1,0.7639,1,1,0,0,1,0,1,0,0,1,0,1,0,0,0,0,1,1,0,0,0,1,0,2,1,2,0.0127,0.1249,0
ID-006207,0,0,0,1,0.1111,1,0,0,1,1,0,0,1,1,0,0,1,0,0,0,0,1,0,1,0,0,1,0,0,1,1,0.3363,0.0487,0
ID-006208,0,0,1,0,0.7083,0,1,0,0,1,0,1,0,1,0,0,0,1,0,0,0,1,0,1,0,0,1,0,1,0,1,0.1892,0.2218,0
ID-006209,0,0,0,0,0.9306,0,1,0,0,1,0,1,0,1,0,0,1,0,0,0,0,1,1,0,0,0,0,1,1,1,0,0.1751,0.2803,0
ID-006210,1,0,1,1,0.8611,0,0,1,0,2,1,0,0,0,1,0,1,0,0,0,1,0,0,0,1,1,0,0,2,0,1,0.5269,0.5163,0
ID-006211,0,1,0,0,0.9861,1,0,0,1,2,1,0,0,1,0,0,1,0,0,0,1,0,0,1,0,0,0,1,1,0,0,0.6917,0.7291,0
ID-006212,0,1,1,0,0.7222,0,0,1,0,0,1,0,0,0,1,0,0,0,1,0,1,0,0,1,0,0,1,0,1,1,3,0.7059,0.5427,0
ID-006213,0,1,1,1,0.5972,1,0,1,0,1,0,0,1,0,1,0,1,0,0,0,0,1,1,0,0,1,0,0,1,0,0,0.5481,0.3688,0
ID-006214,0,0,0,1,0.9583,1,0,1,0,1,0,0,1,1,0,0,0,0,1,0,1,0,0,1,0,0,1,0,1,0,1,0.51,0.5609,0
ID-006215,0,0,0,1,0.5556,0,1,0,0,0,0,0,1,0,0,1,1,0,0,1,0,0,0,1,0,0,0,1,0,1,1,0.9816,0.5474,0
ID-006216,0,0,1,0,0.7361,0,0,1,0,2,0,1,0,1,0,0,0,1,0,0,1,0,0,0,1,0,1,0,0,1,3,0.885,0.6649,0
ID-006217,1,0,1,1,0.3056,0,0,0,1,2,0,1,0,1,0,0,0,1,0,1,0,0,0,1,0,0,1,0,0,1,0,0.8573,0.2688,0
ID-006218,1,0,0,0,0.75,1,0,0,1,1,1,0,0,1,0,0,1,0,0,1,0,0,1,0,0,0,0,1,2,0,0,0.1441,0.2063,0
ID-006219,0,0,0,1,0.375,1,0,1,0,1,1,0,0,1,0,0,0,0,1,0,0,1,0,0,1,0,1,0,0,0,3,0.2709,0.1434,0
ID-006220,0,1,1,1,0.3056,1,1,0,0,0,1,0,0,0,1,0,0,0,1,0,0,1,0,0,1,0,1,0,1,0,1,0.1214,0.0782,0
ID-006221,0,1,0,0,0.6944,0,0,0,1,0,0,0,1,0,0,1,1,0,0,0,1,0,0,1,0,0,0,1,2,1,2,0.6106,0.4657,0
ID-006222,1,1,0,1,0.7639,1,0,1,0,1,0,0,1,0,0,1,0,0,1,1,0,0,0,0,1,0,1,0,1,0,2,0.2014,0.2472,0
ID-006223,0,1,1,0,0.0,0,0,1,0,1,1,0,0,0,0,1,0,1,0,1,0,0,1,0,0,1,0,0,0,1,0,0.8889,0.0,0
ID-006224,1,1,1,1,0.5972,0,1,0,0,2,0,1,0,0,0,1,0,1,0,0,0,1,0,1,0,0,0,1,2,1,0,0.629,0.4098,0
ID-006225,0,0,1,0,0.1667,0,0,0,1,0,0,1,0,0,0,1,1,0,0,0,1,0,0,1,0,0,1,0,2,1,0,0.0252,0.029,0
ID-006226,1,0,0,1,0.9444,1,1,0,0,1,0,1,0,0,0,1,1,0,0,1,0,0,1,0,0,0,0,1,2,1,3,0.6857,0.6935,0
ID-006227,0,1,1,0,0.9306,0,0,1,0,0,0,0,1,0,1,0,1,0,0,0,1,0,0,0,1,1,0,0,0,0,2,0.9301,0.8762,0
ID-006228,1,0,0,0,0.6944,1,0,1,0,2,0,1,0,0,0,1,0,0,1,1,0,0,1,0,0,1,0,0,2,1,0,0.5396,0.4239,0
ID-006229,1,1,0,1,0.6944,0,0,1,0,0,0,1,0,1,0,0,0,0,1,0,0,1,0,1,0,0,1,0,1,0,1,0.5191,0.4118,0
ID-006230,1,1,1,1,0.8194,0,0,0,1,2,1,0,0,1,0,0,0,1,0,0,1,0,0,1,0,0,0,1,1,1,0,0.5398,0.5003,0
ID-006231,1,1,1,0,0.0139,1,0,0,1,2,1,0,0,0,0,1,0,1,0,0,0,1,1,0,0,0,0,1,1,0,3,0.9657,0.0135,0
ID-006232,0,0,1,0,0.9167,1,1,0,0,2,1,0,0,1,0,0,0,1,0,0,1,0,0,1,0,0,0,1,2,1,2,0.2717,0.3513,0
ID-006233,1,0,1,1,0.3889,0,1,0,0,1,0,0,1,1,0,0,1,0,0,0,1,0,1,0,0,1,0,0,0,1,2,0.634,0.2685,0
ID-006234,0,1,1,0,0.4306,0,0,1,0,0,0,1,0,0,0,1,0,0,1,0,0,1,0,1,0,0,1,0,1,0,2,0.5705,0.2741,0
ID-006235,1,0,1,1,0.5556,0,0,0,1,0,0,0,1,0,1,0,0,0,1,0,1,0,0,1,0,1,0,0,1,1,0,0.59,0.3628,0
ID-006236,0,0,1,0,0.0278,0,0,1,0,1,0,0,1,1,0,0,0,0,1,0,0,1,0,1,0,0,1,0,0,0,0,0.2239,0.0095,0
ID-006237,0,0,0,0,0.3472,1,0,1,0,0,1,0,0,1,0,0,0,0,1,1,0,0,0,0,1,0,1,0,1,1,3,0.1297,0.0913,0
ID-006238,1,1,0,0,0.9583,0,0,0,1,1,0,0,1,0,0,1,0,1,0,0,1,0,0,1,0,1,0,0,2,0,2,0.214,0.3203,0
ID-006239,1,0,0,0,0.5694,0,0,0,1,1,0,1,0,0,1,0,1,0,0,0,1,0,1,0,0,0,1,0,2,1,1,0.8544,0.4996,0
ID-006240,1,1,0,1,0.9306,1,0,1,0,1,1,0,0,0,1,0,0,1,0,1,0,0,1,0,0,1,0,0,0,0,2,0.3081,0.3853,0
ID-006241,1,1,0,1,0.8333,0,0,0,1,1,0,0,1,0,1,0,0,0,1,1,0,0,0,0,1,0,0,1,2,1,3,0.604,0.5542,0
ID-006242,1,0,0,0,0.5,1,0,0,1,1,1,0,0,1,0,0,0,1,0,0,1,0,0,1,0,1,0,0,1,1,3,0.4324,0.2598,0
ID-006243,0,0,1,1,0.1944,0,0,0,1,0,1,0,0,0,0,1,0,0,1,0,0,1,0,0,1,0,0,1,1,1,0,0.3312,0.0843,0
ID-006244,1,1,0,1,0.3611,1,1,0,0,0,1,0,0,0,0,1,1,0,0,1,0,0,1,0,0,0,1,0,1,1,1,0.6081,0.2414,0
ID-006245,1,1,1,1,0.9167,0,0,0,1,2,0,0,1,0,1,0,0,1,0,1,0,0,1,0,0,0,0,1,0,1,3,0.0672,0.1923,0
ID-006246,1,0,1,0,0.1528,0,0,0,1,0,0,0,1,0,1,0,1,0,0,0,1,0,0,0,1,0,0,1,0,0,3,0.1547,0.0434,0
ID-006247,0,1,1,0,0.3889,1,1,0,0,1,1,0,0,0,1,0,1,0,0,1,0,0,0,1,0,0,1,0,1,1,1,0.9531,0.3737,0
ID-006248,0,0,1,0,0.6389,1,0,0,1,1,0,0,1,1,0,0,1,0,0,0,1,0,1,0,0,0,0,1,0,0,2,0.2463,0.231,0
ID-006249,0,1,0,1,0.6389,1,1,0,0,0,0,0,1,0,0,1,0,0,1,1,0,0,0,1,0,1,0,0,1,0,1,0.0673,0.1341,0
ID-006250,0,1,0,1,0.1667,0,0,1,0,1,1,0,0,0,1,0,0,1,0,0,0,1,0,0,1,0,0,1,0,1,3,0.1708,0.0496,0
ID-006251,0,0,1,1,0.4167,1,0,1,0,1,0,0,1,0,0,1,0,0,1,0,0,1,0,1,0,0,0,1,2,1,3,0.3908,0.2018,0
ID-006252,1,1,1,1,0.8611,1,0,1,0,0,0,0,1,0,1,0,1,0,0,0,1,0,0,1,0,1,0,0,2,0,3,0.3538,0.3899,0
ID-006253,1,0,0,0,0.4583,1,0,1,0,0,0,0,1,0,1,0,0,1,0,0,0,1,1,0,0,1,0,0,1,1,2,0.3798,0.2177,0
ID-006254,0,1,0,0,0.1667,1,0,0,1,1,0,1,0,0,0,1,1,0,0,0,0,1,0,1,0,1,0,0,2,1,3,0.5532,0.1037,0
ID-006255,1,0,0,0,0.5278,1,1,0,0,2,0,0,1,0,1,0,1,0,0,0,1,0,0,1,0,0,1,0,0,1,0,0.1896,0.1655,0
ID-006256,0,1,1,0,0.0972,0,1,0,0,1,0,0,1,1,0,0,1,0,0,0,1,0,0,1,0,0,0,1,0,0,2,0.7673,0.0781,0
ID-006257,0,0,0,0,0.9444,0,0,0,1,1,0,0,1,0,1,0,0,1,0,1,0,0,0,1,0,1,0,0,2,0,2,0.0821,0.2101,0
ID-006258,1,1,1,1,1.0,1,1,0,0,1,0,0,1,0,0,1,0,1,0,0,0,1,1,0,0,1,0,0,0,0,1,0.0737,0.2153,0
ID-006259,0,0,1,1,0.2639,1,0,1,0,0,0,1,0,0,0,1,0,0,1,1,0,0,1,0,0,0,1,0,2,0,2,0.3574,0.1203,0
ID-006260,1,0,0,1,0.5833,1,0,0,1,0,1,0,0,0,0,1,0,1,0,0,1,0,1,0,0,0,0,1,1,1,1,0.5241,0.3484,0
ID-006261,0,0,0,1,0.7639,0,0,0,1,1,1,0,0,0,0,1,1,0,0,1,0,0,0,1,0,1,0,0,0,1,0,0.6118,0.513,0
ID-006262,0,1,1,1,0.1111,0,1,0,0,0,0,1,0,1,0,0,0,0,1,1,0,0,1,0,0,0,0,1,0,1,1,0.0369,0.0205,0
ID-006263,0,1,1,0,0.3194,1,1,0,0,1,1,0,0,0,0,1,1,0,0,0,1,0,0,0,1,0,0,1,2,1,1,0.8613,0.2821,0
ID-006264,0,0,1,0,0.375,0,1,0,0,2,1,0,0,1,0,0,1,0,0,0,0,1,0,0,1,0,1,0,1,1,3,0.3354,0.164,0
ID-006265,1,0,1,0,0.2778,1,0,0,1,2,0,0,1,0,0,1,1,0,0,1,0,0,0,0,1,0,1,0,1,0,3,0.1974,0.0889,0
ID-006266,0,1,1,1,0.0139,0,0,0,1,0,0,1,0,0,1,0,0,0,1,0,1,0,0,1,0,0,0,1,2,1,0,0.386,0.0067,0
ID-006267,0,0,1,0,0.0972,0,0,0,1,1,1,0,0,0,0,1,0,1,0,1,0,0,1,0,0,0,0,1,0,1,3,0.0995,0.0231,0
ID-006268,1,0,1,0,0.6528,0,1,0,0,0,0,1,0,1,0,0,0,0,1,0,0,1,0,0,1,1,0,0,2,1,1,0.0397,0.1217,0
ID-006269,0,0,1,1,0.4722,1,1,0,0,0,0,1,0,1,0,0,0,1,0,0,0,1,0,1,0,0,1,0,0,0,3,0.7101,0.3565,0
ID-006270,0,0,1,0,0.3889,0,1,0,0,2,1,0,0,0,0,1,0,1,0,0,1,0,0,1,0,0,1,0,1,0,2,0.7825,0.3175,0
ID-006271,1,1,1,1,0.1667,0,0,0,1,2,0,0,1,1,0,0,0,1,0,0,1,0,1,0,0,1,0,0,2,0,0,0.1227,0.0428,0
ID-006272,0,0,0,1,0.5139,1,0,1,0,1,0,1,0,0,1,0,0,0,1,1,0,0,1,0,0,0,0,1,2,1,2,0.5806,0.3315,0
ID-006273,1,1,1,0,0.3194,0,0,1,0,0,0,1,0,1,0,0,0,0,1,1,0,0,0,1,0,0,1,0,1,0,3,0.6598,0.2276,0
ID-006274,0,1,1,1,0.3889,1,0,1,0,1,0,0,1,1,0,0,1,0,0,0,1,0,0,1,0,0,0,1,0,1,2,0.1939,0.1234,0
ID-006275,1,0,0,0,0.2639,0,0,0,1,1,0,1,0,1,0,0,0,0,1,0,0,1,0,0,1,1,0,0,2,1,2,0.4968,0.1515,0
ID-006276,1,0,1,0,1.0,1,0,1,0,2,0,0,1,1,0,0,0,0,1,0,1,0,0,1,0,1,0,0,2,1,0,0.9003,0.9163,0
ID-006277,0,1,0,0,0.1806,0,0,0,1,0,0,1,0,0,1,0,0,0,1,1,0,0,1,0,0,0,0,1,1,0,2,0.4058,0.0897,0
ID-006278,1,0,0,1,1.0,0,0,0,1,2,1,0,0,0,1,0,0,0,1,1,0,0,0,0,1,1,0,0,0,0,3,0.9655,0.9716,0
ID-006279,0,0,0,1,0.2222,1,0,0,1,0,1,0,0,1,0,0,0,1,0,0,1,0,0,0,1,0,0,1,0,1,2,0.6778,0.1617,0
ID-006280,0,0,1,1,0.6389,1,0,1,0,1,1,0,0,0,0,1,1,0,0,1,0,0,1,0,0,1,0,0,2,0,2,0.2165,0.2149,0
ID-006281,1,0,0,1,0.5139,0,1,0,0,1,0,1,0,0,0,1,1,0,0,1,0,0,0,0,1,0,0,1,2,0,1,0.3955,0.2509,0
ID-006282,0,1,1,0,0.3194,1,1,0,0,0,0,0,1,1,0,0,1,0,0,0,1,0,1,0,0,1,0,0,2,0,0,0.6862,0.2347,0
ID-006283,1,0,1,1,0.3056,0,0,0,1,2,1,0,0,0,0,1,0,0,1,0,0,1,1,0,0,1,0,0,2,0,2,0.0324,0.0551,0
ID-006284,0,1,1,0,0.2917,0,1,0,0,1,1,0,0,1,0,0,0,0,1,1,0,0,1,0,0,1,0,0,0,1,2,0.149,0.0814,0
ID-006285,1,1,0,0,0.6389,1,0,0,1,1,1,0,0,0,0,1,1,0,0,1,0,0,0,0,1,0,0,1,1,0,2,0.2801,0.2494,0
ID-006286,0,1,1,1,0.0417,0,1,0,0,0,1,0,0,0,1,0,0,1,0,0,0,1,0,0,1,0,1,0,0,1,1,0.5014,0.0241,0
ID-006287,1,1,0,0,0.3194,1,0,1,0,1,0,0,1,0,1,0,1,0,0,1,0,0,0,0,1,1,0,0,2,0,2,0.4743,0.1773,0
ID-006288,1,1,1,0,0.1528,1,0,0,1,1,1,0,0,1,0,0,0,1,0,1,0,0,0,0,1,0,1,0,2,1,3,0.9895,0.1515,0
ID-006289,0,0,0,1,0.7083,1,1,0,0,1,0,0,1,0,1,0,0,0,1,1,0,0,0,1,0,0,1,0,2,0,3,0.4631,0.3864,0
ID-006290,1,0,0,0,0.9306,1,0,1,0,2,0,1,0,0,0,1,0,1,0,0,0,1,0,1,0,0,0,1,2,1,3,0.4086,0.4646,0
ID-006291,0,1,0,1,0.75,1,0,0,1,0,0,1,0,0,1,0,0,1,0,0,1,0,1,0,0,0,0,1,1,1,3,0.8016,0.6245,0
ID-006292,0,1,1,1,0.0139,0,0,1,0,0,0,0,1,1,0,0,0,1,0,0,1,0,0,1,0,0,1,0,1,1,2,0.5107,0.0081,0
ID-006293,1,1,0,1,0.3194,1,0,0,1,0,0,1,0,0,1,0,0,1,0,0,1,0,0,1,0,0,1,0,0,1,3,0.2463,0.1155,0
ID-006294,1,0,1,0,0.1111,0,0,1,0,0,0,1,0,0,1,0,0,1,0,0,0,1,0,1,0,1,0,0,1,1,0,0.6085,0.0743,0
ID-006295,1,0,1,0,0.0833,0,0,0,1,1,0,0,1,0,1,0,1,0,0,0,1,0,1,0,0,0,0,1,2,0,2,0.6446,0.0583,0
ID-006296,1,1,0,1,0.9028,0,1,0,0,2,1,0,0,1,0,0,0,1,0,1,0,0,1,0,0,1,0,0,0,1,0,0.3648,0.4172,0
ID-006297,1,0,0,0,0.1944,1,0,1,0,0,0,1,0,0,0,1,0,0,1,0,1,0,0,0,1,0,1,0,0,0,1,0.473,0.1077,0
ID-006298,0,0,1,0,0.4028,1,0,1,0,2,0,0,1,0,0,1,0,1,0,0,0,1,0,1,0,0,1,0,0,0,3,0.1178,0.1018,0
ID-006299,0,0,0,0,0.4028,0,0,1,0,2,0,0,1,1,0,0,0,1,0,1,0,0,0,0,1,0,1,0,1,1,2,0.3513,0.1815,0
ID-006300,1,1,0,1,0.6944,1,1,0,0,1,0,1,0,0,1,0,0,0,1,0,1,0,1,0,0,0,0,1,2,0,0,0.1494,0.1941,0
ID-006301,0,1,0,0,0.7083,0,0,0,1,1,1,0,0,0,0,1,0,0,1,0,0,1,0,1,0,1,0,0,0,0,0,0.2626,0.266,0
ID-006302,1,0,0,1,0.5139,0,0,1,0,2,0,1,0,0,0,1,0,1,0,1,0,0,0,1,0,0,1,0,2,1,3,0.362,0.2363,0
ID-006303,1,0,0,0,0.2083,0,0,0,1,1,0,0,1,1,0,0,0,1,0,0,0,1,0,1,0,1,0,0,0,1,2,0.7284,0.1605,0
ID-006304,0,0,0,1,0.9444,0,0,1,0,2,1,0,0,0,1,0,0,1,0,0,1,0,1,0,0,1,0,0,1,1,2,0.0804,0.2087,0
ID-006305,1,0,1,1,0.5,1,0,1,0,0,0,1,0,0,0,1,0,1,0,1,0,0,0,1,0,0,1,0,0,1,0,0.0011,0.0769,0
ID-006306,0,1,0,1,1.0,0,1,0,0,1,0,0,1,0,0,1,0,0,1,1,0,0,0,1,0,0,1,0,1,0,3,0.433,0.52,0
ID-006307,1,1,0,0,0.8194,1,1,0,0,1,0,0,1,0,1,0,1,0,0,0,1,0,1,0,0,0,0,1,2,0,3,0.1815,0.2513,0
ID-006308,0,0,0,0,0.2639,0,1,0,0,1,0,0,1,0,1,0,0,0,1,0,1,0,0,0,1,0,0,1,2,0,1,0.1835,0.0814,0
ID-006309,0,1,0,0,0.3889,0,0,0,1,1,0,0,1,0,0,1,0,1,0,0,1,0,1,0,0,0,1,0,2,1,1,0.6645,0.2786,0
ID-006310,1,0,1,1,0.5278,1,1,0,0,0,0,0,1,0,1,0,0,1,0,1,0,0,0,0,1,1,0,0,2,1,2,0.0968,0.124,0
ID-006311,1,1,1,0,0.0556,1,0,1,0,1,1,0,0,1,0,0,0,0,1,0,0,1,1,0,0,0,0,1,0,1,2,0.1528,0.0157,0
ID-006312,0,1,0,0,0.0972,1,1,0,0,0,0,1,0,0,1,0,0,0,1,1,0,0,0,0,1,0,0,1,1,1,3,0.4329,0.0505,0
ID-006313,1,1,0,1,0.4583,0,0,1,0,2,1,0,0,1,0,0,0,1,0,1,0,0,0,0,1,1,0,0,0,1,1,0.824,0.3903,0
ID-006314,0,1,0,0,0.25,1,0,1,0,0,0,0,1,1,0,0,0,1,0,0,0,1,1,0,0,1,0,0,1,1,1,0.4094,0.125,0
ID-006315,1,0,1,1,0.8194,1,1,0,0,2,1,0,0,1,0,0,0,1,0,1,0,0,0,0,1,1,0,0,1,1,3,0.9642,0.7953,0
ID-006316,1,0,0,1,0.5278,1,0,1,0,2,1,0,0,0,0,1,0,1,0,0,1,0,1,0,0,0,0,1,2,1,3,0.4168,0.2672,0
ID-006317,0,1,1,0,0.7222,1,0,1,0,0,1,0,0,1,0,0,1,0,0,1,0,0,0,1,0,0,0,1,2,0,2,0.3469,0.3228,0
ID-006318,0,1,1,1,0.3333,0,0,1,0,0,0,0,1,1,0,0,0,1,0,1,0,0,0,1,0,1,0,0,2,0,1,0.8646,0.2953,0
ID-006319,1,0,0,0,0.2639,1,0,0,1,0,0,0,1,0,0,1,0,1,0,0,0,1,0,1,0,0,1,0,1,0,0,0.3874,0.127,0
ID-006320,1,0,1,0,0.0417,1,0,0,1,1,0,1,0,0,1,0,1,0,0,0,0,1,1,0,0,0,0,1,2,0,0,0.6569,0.0296,0
ID-006321,1,0,0,1,1.0,0,0,1,0,2,1,0,0,0,1,0,1,0,0,0,0,1,0,0,1,0,0,1,0,1,2,0.0241,0.1732,0
ID-006322,1,0,0,0,0.0833,1,0,0,1,1,0,1,0,0,1,0,0,1,0,0,1,0,0,1,0,0,1,0,2,0,2,0.62,0.0565,0
ID-006323,1,1,1,0,0.8333,1,1,0,0,2,1,0,0,1,0,0,0,0,1,0,0,1,0,0,1,0,1,0,0,1,1,0.8054,0.6965,0
ID-006324,1,1,1,1,0.8333,0,0,1,0,0,0,1,0,0,1,0,1,0,0,0,0,1,1,0,0,1,0,0,2,1,2,0.0412,0.1564,0
ID-006325,1,1,1,1,1.0,0,0,1,0,0,0,1,0,0,0,1,1,0,0,0,0,1,0,0,1,1,0,0,1,1,3,0.4726,0.5536,0
ID-006326,1,0,0,0,0.5,0,0,1,0,2,1,0,0,1,0,0,0,1,0,0,0,1,0,1,0,1,0,0,1,1,1,0.9188,0.466,0
ID-006327,0,0,0,0,0.6806,1,0,1,0,1,0,1,0,0,1,0,0,1,0,1,0,0,0,1,0,0,1,0,1,1,1,0.9246,0.6376,0
ID-006328,0,1,0,1,0.6667,0,1,0,0,0,1,0,0,0,1,0,1,0,0,0,0,1,0,1,0,0,1,0,1,0,0,0.6662,0.4785,0
ID-006329,1,1,1,0,0.2778,0,0,1,0,0,1,0,0,1,0,0,1,0,0,1,0,0,0,1,0,0,0,1,0,0,2,0.3249,0.119,0
ID-006330,1,1,1,1,0.0,0,0,1,0,2,0,1,0,0,1,0,0,1,0,1,0,0,1,0,0,1,0,0,0,1,1,0.3383,0.0,0
ID-006331,0,1,1,1,0.9306,1,0,1,0,2,0,1,0,1,0,0,1,0,0,1,0,0,0,1,0,1,0,0,0,1,2,0.6335,0.6421,0
ID-006332,1,1,1,1,0.25,1,0,1,0,2,0,0,1,1,0,0,1,0,0,0,1,0,1,0,0,1,0,0,2,0,3,0.4263,0.1286,0
ID-006333,1,0,0,0,0.8333,0,1,0,0,2,0,0,1,1,0,0,1,0,0,1,0,0,0,1,0,0,1,0,2,0,0,0.0914,0.1919,0
ID-006334,1,0,0,0,0.5417,0,1,0,0,1,0,1,0,0,1,0,0,0,1,0,0,1,1,0,0,0,0,1,1,1,0,0.8976,0.4951,0
ID-006335,1,1,0,0,0.3611,0,0,0,1,0,0,1,0,0,1,0,1,0,0,0,0,1,0,1,0,0,1,0,2,0,3,0.1966,0.1154,0
ID-006336,0,0,0,1,0.7778,0,0,0,1,1,0,1,0,0,1,0,1,0,0,0,1,0,1,0,0,1,0,0,1,1,3,0.552,0.4829,0
ID-006337,0,0,0,1,0.6806,1,1,0,0,2,0,1,0,0,0,1,0,1,0,0,1,0,0,1,0,1,0,0,2,0,0,0.603,0.452,0
ID-006338,0,1,0,1,0.6806,1,0,1,0,1,0,1,0,0,1,0,0,0,1,0,0,1,1,0,0,1,0,0,0,1,0,0.8634,0.6023,0
ID-006339,0,0,0,1,0.7361,0,1,0,0,2,0,0,1,1,0,0,0,1,0,1,0,0,0,1,0,0,1,0,2,0,2,0.3329,0.3203,0
ID-006340,1,0,1,0,0.2917,1,0,0,1,2,1,0,0,0,0,1,0,1,0,0,1,0,0,1,0,0,1,0,1,1,0,0.5448,0.1793,0
ID-006341,1,0,1,0,0.0556,0,0,0,1,1,0,1,0,0,0,1,0,1,0,0,0,1,1,0,0,1,0,0,1,0,0,0.3833,0.0265,0
ID-006342,1,1,1,0,0.5556,0,1,0,0,2,0,1,0,1,0,0,1,0,0,1,0,0,0,1,0,1,0,0,1,0,3,0.3129,0.2323,0
ID-006343,1,1,1,1,0.375,1,1,0,0,2,0,0,1,0,1,0,0,0,1,0,1,0,0,1,0,1,0,0,1,1,3,0.6831,0.2745,0
ID-006344,0,1,1,1,0.8194,1,1,0,0,1,1,0,0,0,1,0,1,0,0,0,1,0,1,0,0,0,1,0,1,1,3,0.079,0.1801,0
ID-006345,0,1,1,1,0.2222,1,0,0,1,1,0,1,0,0,1,0,1,0,0,0,0,1,1,0,0,0,0,1,2,0,1,0.9069,0.2049,0
ID-006346,0,0,0,0,0.1667,1,1,0,0,1,1,0,0,0,0,1,0,0,1,1,0,0,1,0,0,0,0,1,1,1,2,0.1623,0.0484,0
ID-006347,1,0,0,1,0.1389,0,0,0,1,0,0,1,0,1,0,0,0,1,0,0,0,1,1,0,0,0,1,0,0,0,0,0.7141,0.1053,0
ID-006348,1,0,0,0,0.6528,0,0,0,1,2,0,1,0,0,0,1,0,0,1,0,0,1,0,0,1,0,0,1,1,1,1,0.6058,0.4351,0
ID-006349,0,0,0,0,0.4028,0,0,0,1,1,1,0,0,1,0,0,0,0,1,0,1,0,0,1,0,0,1,0,0,0,1,0.122,0.1032,0
ID-006350,1,0,1,1,0.9583,0,0,0,1,0,1,0,0,0,1,0,0,1,0,0,0,1,0,0,1,0,1,0,0,0,3,0.2214,0.3263,0
ID-006351,1,1,0,1,0.5972,0,0,0,1,0,0,0,1,0,1,0,0,0,1,1,0,0,0,0,1,1,0,0,2,1,3,0.0227,0.1027,0
ID-006352,1,0,0,1,0.8472,0,0,1,0,1,1,0,0,0,1,0,0,1,0,1,0,0,1,0,0,1,0,0,0,1,3,0.7461,0.6655,0
ID-006353,1,1,0,1,0.7778,1,0,0,1,0,1,0,0,0,0,1,0,0,1,0,1,0,0,0,1,1,0,0,2,0,2,0.3649,0.3595,0
ID-006354,1,0,1,0,0.8194,1,0,0,1,2,0,0,1,0,0,1,1,0,0,1,0,0,0,0,1,1,0,0,2,0,0,0.4185,0.416,0
ID-006355,0,0,0,1,0.25,0,0,1,0,0,0,1,0,0,1,0,1,0,0,1,0,0,0,0,1,0,0,1,1,1,2,0.7337,0.1938,0
ID-006356,0,0,0,0,0.75,0,0,1,0,0,1,0,0,0,0,1,0,1,0,0,1,0,1,0,0,1,0,0,2,1,2,0.2131,0.2501,0
ID-006357,0,1,1,1,0.2361,1,0,0,1,0,0,1,0,0,1,0,1,0,0,0,0,1,1,0,0,1,0,0,1,0,2,0.4166,0.1195,0
ID-006358,0,1,0,1,0.7639,0,1,0,0,0,0,0,1,0,0,1,0,1,0,0,1,0,0,1,0,0,1,0,0,0,1,0.9776,0.75,0
ID-006359,0,0,1,1,0.1389,1,1,0,0,0,1,0,0,1,0,0,0,0,1,1,0,0,0,0,1,0,0,1,0,1,1,0.4828,0.0781,0
ID-006360,1,1,0,1,0.6528,1,1,0,0,1,0,0,1,0,0,1,1,0,0,0,1,0,0,0,1,1,0,0,2,0,1,0.4933,0.3728,0
ID-006361,1,1,1,0,0.9583,0,0,0,1,1,0,0,1,0,1,0,0,0,1,0,1,0,0,1,0,0,0,1,0,1,1,0.6271,0.6561,0
ID-006362,1,1,0,0,0.3333,0,0,0,1,2,1,0,0,0,1,0,0,0,1,0,0,1,0,1,0,0,0,1,1,1,3,0.9917,0.3313,0
ID-006363,1,0,1,1,0.4028,1,1,0,0,0,0,0,1,0,0,1,0,0,1,0,0,1,0,1,0,0,1,0,1,1,0,0.2048,0.1315,0
ID-006364,1,0,1,0,0.25,0,0,1,0,0,0,1,0,1,0,0,1,0,0,1,0,0,1,0,0,1,0,0,2,0,3,0.5081,0.1459,0
ID-006365,1,0,0,0,0.9722,1,0,0,1,2,0,0,1,1,0,0,0,0,1,0,0,1,0,1,0,0,0,1,1,0,2,0.2254,0.3344,0
ID-006366,1,0,1,1,0.3056,0,1,0,0,2,0,1,0,0,1,0,1,0,0,0,0,1,0,1,0,1,0,0,2,1,3,0.8988,0.2796,0
ID-006367,1,1,1,0,0.0972,0,1,0,0,1,0,0,1,0,1,0,0,1,0,1,0,0,1,0,0,0,0,1,0,0,3,0.3287,0.042,0
ID-006368,1,0,1,1,0.0833,0,1,0,0,1,0,1,0,0,1,0,0,0,1,0,0,1,0,0,1,0,1,0,1,0,0,0.4296,0.0431,0
ID-006369,1,0,1,1,0.9861,1,0,0,1,0,1,0,0,0,1,0,1,0,0,0,1,0,1,0,0,1,0,0,0,1,1,0.0797,0.2173,0
ID-006370,1,1,1,0,0.2222,1,0,1,0,1,0,1,0,0,1,0,0,1,0,0,0,1,0,1,0,1,0,0,1,0,1,0.6608,0.1585,0
ID-006371,0,0,1,1,0.0972,1,0,1,0,0,1,0,0,0,0,1,1,0,0,0,0,1,0,0,1,1,0,0,2,1,3,0.1809,0.0298,0
ID-006372,1,1,0,1,0.25,0,0,1,0,2,0,1,0,0,1,0,1,0,0,1,0,0,0,1,0,0,1,0,0,0,0,0.8964,0.2282,0
ID-006373,0,1,0,0,0.8333,0,1,0,0,1,0,1,0,1,0,0,0,0,1,0,0,1,0,1,0,0,1,0,0,0,3,0.8562,0.7324,0
ID-006374,0,0,1,1,0.3333,0,1,0,0,2,1,0,0,0,0,1,0,0,1,0,1,0,1,0,0,0,1,0,1,1,0,0.1393,0.0903,0
ID-006375,0,1,0,0,0.0972,0,0,0,1,1,0,0,1,1,0,0,0,0,1,0,1,0,0,0,1,0,0,1,2,1,3,0.6385,0.0675,0
ID-006376,0,0,1,0,0.75,1,0,1,0,1,0,1,0,1,0,0,1,0,0,1,0,0,1,0,0,0,1,0,1,0,2,0.8909,0.6812,0
ID-006377,1,0,1,1,0.0694,0,0,1,0,0,0,0,1,0,0,1,0,0,1,0,0,1,0,1,0,0,1,0,2,1,3,0.5829,0.0449,0
ID-006378,0,1,1,0,0.1389,0,0,1,0,0,1,0,0,1,0,0,0,0,1,1,0,0,1,0,0,0,0,1,2,1,2,0.2888,0.0552,0
ID-006379,0,0,1,1,0.4444,0,0,0,1,2,0,1,0,0,1,0,0,1,0,1,0,0,1,0,0,0,1,0,2,0,3,0.8585,0.3915,0
ID-006380,0,0,0,0,0.4861,0,1,0,0,1,1,0,0,0,0,1,0,1,0,1,0,0,0,0,1,1,0,0,0,1,1,0.9353,0.4598,0
ID-006381,0,0,0,0,0.0833,1,0,0,1,0,0,1,0,1,0,0,0,1,0,1,0,0,0,1,0,0,1,0,0,0,1,0.5256,0.0499,0
ID-006382,1,1,1,0,0.9028,0,1,0,0,0,1,0,0,1,0,0,1,0,0,0,0,1,1,0,0,0,0,1,0,1,0,0.8405,0.7814,0
ID-006383,0,0,1,1,0.125,0,1,0,0,2,0,0,1,0,1,0,0,1,0,1,0,0,0,1,0,1,0,0,1,1,1,0.6779,0.091,0
ID-006384,0,0,0,1,0.0972,1,0,1,0,1,0,1,0,0,1,0,1,0,0,0,0,1,0,1,0,0,1,0,2,0,0,0.6006,0.0644,0
ID-006385,1,1,1,1,0.8472,1,0,1,0,1,0,1,0,0,1,0,1,0,0,0,1,0,1,0,0,1,0,0,0,0,1,0.1613,0.2454,0
ID-006386,0,0,1,1,1.0,1,0,0,1,1,1,0,0,1,0,0,0,1,0,1,0,0,0,1,0,0,1,0,2,0,0,0.5842,0.6482,0
ID-006387,1,1,0,1,0.5833,0,1,0,0,1,0,0,1,0,0,1,0,1,0,0,1,0,0,1,0,0,1,0,0,1,1,0.535,0.3538,0
ID-006388,1,0,0,1,0.0833,0,0,1,0,2,0,0,1,1,0,0,0,1,0,1,0,0,0,1,0,0,1,0,0,0,1,0.9859,0.0824,0
ID-006389,1,1,0,1,0.7639,1,0,1,0,0,0,1,0,0,0,1,1,0,0,0,0,1,0,1,0,1,0,0,1,0,3,0.7986,0.6341,0
ID-006390,1,1,1,0,0.9306,1,0,1,0,0,1,0,0,0,1,0,1,0,0,0,1,0,0,0,1,0,0,1,2,0,2,0.2934,0.3737,0
ID-006391,0,1,0,1,0.6667,0,0,1,0,2,1,0,0,0,1,0,1,0,0,1,0,0,1,0,0,1,0,0,2,0,0,0.144,0.1833,0
ID-006392,0,0,1,0,0.125,1,1,0,0,2,0,1,0,1,0,0,1,0,0,0,0,1,0,0,1,0,1,0,2,0,1,0.6628,0.0894,0
ID-006393,0,1,0,0,0.8889,1,0,1,0,1,1,0,0,1,0,0,0,1,0,1,0,0,0,0,1,0,1,0,0,0,2,0.1296,0.2335,0
ID-006394,1,0,1,0,0.2639,1,1,0,0,1,0,0,1,0,0,1,1,0,0,0,0,1,0,0,1,0,1,0,1,1,1,0.0261,0.0462,0
ID-006395,0,0,0,1,0.4028,1,0,1,0,0,0,1,0,1,0,0,1,0,0,1,0,0,0,1,0,0,0,1,1,0,2,0.4952,0.2307,0
ID-006396,0,0,0,0,0.8056,0,1,0,0,0,0,1,0,1,0,0,0,1,0,1,0,0,0,0,1,0,0,1,2,0,3,0.1491,0.225,0
ID-006397,0,1,1,1,0.0,1,0,0,1,1,0,1,0,1,0,0,1,0,0,1,0,0,1,0,0,0,0,1,0,1,2,0.0807,0.0,0
ID-006398,1,1,0,1,0.0417,1,0,0,1,0,0,0,1,1,0,0,0,1,0,1,0,0,0,0,1,1,0,0,1,0,0,0.3399,0.0184,0
ID-006399,1,1,0,0,0.1806,1,0,0,1,1,0,1,0,1,0,0,0,0,1,0,1,0,0,1,0,0,0,1,2,0,0,0.5502,0.1118,0
ID-006400,1,0,0,1,0.5278,1,1,0,0,2,1,0,0,1,0,0,1,0,0,1,0,0,0,1,0,1,0,0,2,1,3,0.3574,0.2406,0
ID-006401,1,0,0,1,0.7639,0,1,0,0,0,0,0,1,1,0,0,0,1,0,1,0,0,0,1,0,1,0,0,1,0,1,0.2652,0.2885,0
ID-006402,0,1,0,1,0.2083,0,0,1,0,0,1,0,0,0,0,1,1,0,0,0,1,0,0,1,0,0,0,1,2,0,2,0.2352,0.0734,0
ID-006403,1,0,0,0,0.5972,1,0,0,1,0,0,1,0,0,0,1,1,0,0,0,0,1,0,0,1,0,1,0,0,0,1,0.6606,0.4258,0
ID-006404,1,0,1,0,0.5694,1,0,0,1,2,0,1,0,0,0,1,0,1,0,0,1,0,0,1,0,0,0,1,1,1,3,0.6366,0.3944,0
ID-006405,1,1,0,0,0.6806,0,1,0,0,2,0,0,1,0,0,1,0,1,0,0,1,0,1,0,0,0,1,0,0,1,2,0.6597,0.4847,0
ID-006406,1,1,0,0,0.9722,0,1,0,0,1,0,1,0,1,0,0,0,1,0,0,0,1,0,1,0,0,0,1,0,1,2,0.4055,0.4829,0
ID-006407,0,0,1,1,0.5972,0,1,0,0,0,1,0,0,0,1,0,1,0,0,1,0,0,0,0,1,1,0,0,1,0,3,0.6479,0.4194,0
ID-006408,1,1,1,0,0.0972,1,0,0,1,0,1,0,0,1,0,0,0,1,0,0,0,1,1,0,0,1,0,0,1,0,2,0.4834,0.0547,0
ID-006409,0,0,1,1,0.9861,1,0,1,0,0,1,0,0,0,0,1,0,1,0,1,0,0,0,0,1,1,0,0,1,1,0,0.0199,0.1673,0
ID-006410,1,0,1,0,0.9861,0,1,0,0,2,1,0,0,0,1,0,1,0,0,0,0,1,0,0,1,0,0,1,2,1,2,0.7743,0.7982,0
ID-006411,0,0,1,1,0.1111,1,1,0,0,1,0,1,0,0,1,0,1,0,0,0,0,1,0,1,0,1,0,0,1,1,3,0.6077,0.0742,0
ID-006412,1,0,0,1,0.9306,1,1,0,0,0,0,1,0,1,0,0,1,0,0,0,1,0,0,1,0,1,0,0,2,1,3,0.6537,0.6581,0
ID-006413,1,0,1,0,0.3889,1,0,1,0,2,1,0,0,0,0,1,1,0,0,0,0,1,1,0,0,0,1,0,1,0,1,0.2328,0.1362,0
ID-006414,0,0,0,1,0.0972,0,0,1,0,0,1,0,0,1,0,0,1,0,0,0,1,0,0,1,0,1,0,0,2,0,1,0.3981,0.0477,0
ID-006415,1,1,1,0,0.9306,0,0,0,1,0,0,0,1,0,1,0,1,0,0,0,0,1,0,1,0,0,0,1,2,0,0,0.6323,0.6412,0
ID-006416,1,0,0,1,0.8194,0,1,0,0,2,1,0,0,1,0,0,1,0,0,1,0,0,1,0,0,0,0,1,1,0,1,0.7745,0.6635,0
ID-006417,1,0,0,1,0.1528,1,0,1,0,2,0,0,1,0,0,1,1,0,0,1,0,0,0,1,0,0,0,1,0,1,3,0.0149,0.0253,0
ID-006418,1,1,0,0,0.0833,1,0,0,1,0,0,0,1,1,0,0,0,1,0,0,1,0,0,1,0,1,0,0,0,0,2,0.9006,0.0764,0
ID-006419,1,0,0,0,0.8889,0,0,0,1,1,0,1,0,0,0,1,1,0,0,0,0,1,0,1,0,0,0,1,2,0,2,0.1708,0.2645,0
ID-006420,1,1,0,0,0.9167,1,0,0,1,1,1,0,0,1,0,0,0,0,1,0,0,1,1,0,0,0,1,0,1,0,0,0.9724,0.896,0
ID-006421,1,0,0,0,0.8056,1,0,0,1,2,0,0,1,0,1,0,1,0,0,1,0,0,1,0,0,0,0,1,2,0,1,0.0195,0.1364,0
ID-006422,0,0,0,1,0.4306,1,1,0,0,0,0,0,1,0,0,1,0,1,0,0,0,1,1,0,0,1,0,0,2,0,1,0.0903,0.0988,0
ID-006423,0,1,1,0,0.1806,1,0,0,1,2,0,1,0,1,0,0,0,0,1,0,0,1,0,1,0,0,0,1,2,1,3,0.6539,0.1277,0
ID-006424,0,1,0,1,1.0,1,0,1,0,1,0,0,1,1,0,0,0,1,0,1,0,0,1,0,0,1,0,0,2,1,2,0.037,0.1842,0
ID-006425,1,0,0,1,0.2222,1,0,1,0,2,1,0,0,0,1,0,1,0,0,0,1,0,0,1,0,0,1,0,2,1,1,0.86,0.196,0
ID-006426,0,0,1,1,0.7222,1,1,0,0,1,0,1,0,1,0,0,0,0,1,0,0,1,0,0,1,1,0,0,1,0,3,0.3299,0.3124,0
ID-006427,1,0,1,0,0.1667,0,1,0,0,1,0,1,0,1,0,0,0,0,1,0,1,0,1,0,0,1,0,0,2,0,2,0.7813,0.1359,0
ID-006428,1,1,0,1,0.5972,0,1,0,0,1,0,0,1,0,0,1,0,0,1,0,1,0,1,0,0,1,0,0,1,0,2,0.8263,0.5098,0
ID-006429,0,1,1,1,0.0972,1,0,0,1,0,1,0,0,0,0,1,0,1,0,0,1,0,1,0,0,0,0,1,0,0,0,0.373,0.0456,0
ID-006430,1,1,1,1,0.7083,1,0,1,0,1,1,0,0,0,0,1,0,0,1,1,0,0,0,1,0,0,0,1,2,0,2,0.7976,0.5874,0
ID-006431,0,0,0,1,0.875,0,1,0,0,2,1,0,0,0,0,1,0,0,1,1,0,0,1,0,0,1,0,0,1,1,1,0.447,0.4654,0
ID-006432,0,1,1,1,0.5417,0,0,1,0,0,0,1,0,0,0,1,0,0,1,0,1,0,0,0,1,0,1,0,0,1,0,0.4051,0.2689,0
ID-006433,1,0,1,1,0.3333,1,0,0,1,2,0,1,0,0,0,1,1,0,0,1,0,0,0,1,0,0,0,1,1,0,2,0.3605,0.1528,0
ID-006434,0,1,0,0,0.4444,1,1,0,0,2,1,0,0,0,0,1,1,0,0,1,0,0,0,0,1,0,1,0,1,0,0,0.861,0.3924,0
ID-006435,0,0,0,0,0.7778,1,1,0,0,1,0,1,0,0,0,1,0,1,0,0,1,0,0,1,0,0,1,0,0,0,1,0.3496,0.3494,0
ID-006436,1,0,0,0,0.2361,1,1,0,0,2,1,0,0,1,0,0,0,1,0,0,0,1,1,0,0,1,0,0,2,0,0,0.54,0.1442,0
ID-006437,1,0,0,0,0.9722,1,0,1,0,1,1,0,0,0,0,1,1,0,0,0,1,0,1,0,0,0,0,1,2,1,1,0.5846,0.6305,0
ID-006438,0,0,1,0,0.2917,0,0,1,0,2,1,0,0,1,0,0,1,0,0,0,0,1,0,0,1,0,0,1,0,1,2,0.5279,0.1751,0
ID-006439,0,0,0,0,0.3056,0,0,0,1,1,1,0,0,0,0,1,0,1,0,0,1,0,0,0,1,1,0,0,0,0,3,0.8172,0.2585,0
ID-006440,1,0,0,1,0.0139,0,0,1,0,0,0,0,1,1,0,0,0,1,0,0,0,1,0,1,0,1,0,0,1,1,3,0.2958,0.0056,0
ID-006441,1,0,0,1,0.0417,0,0,1,0,1,1,0,0,0,1,0,0,0,1,0,0,1,0,1,0,0,1,0,2,1,1,0.6435,0.0291,0
ID-006442,0,0,1,0,0.0694,0,0,0,1,2,1,0,0,1,0,0,0,0,1,0,0,1,1,0,0,0,1,0,1,1,3,0.4563,0.0375,0
ID-006443,1,0,0,0,1.0,0,1,0,0,0,1,0,0,0,1,0,0,1,0,0,0,1,0,0,1,1,0,0,1,0,3,0.9847,0.9879,0
ID-006444,0,0,1,1,0.4028,1,1,0,0,1,0,0,1,0,0,1,0,1,0,0,0,1,0,1,0,1,0,0,0,1,3,0.7105,0.3042,0
ID-006445,0,0,1,1,0.2639,1,0,1,0,2,0,1,0,1,0,0,0,0,1,1,0,0,0,1,0,1,0,0,2,0,1,0.6284,0.1809,0
ID-006446,0,0,0,0,0.7778,1,1,0,0,0,0,0,1,1,0,0,1,0,0,0,0,1,0,0,1,0,1,0,0,0,1,0.0517,0.1529,0
ID-006447,0,1,0,1,0.0556,1,0,0,1,0,0,1,0,0,1,0,0,0,1,0,0,1,1,0,0,1,0,0,0,1,0,0.9236,0.052,0
ID-006448,0,0,1,1,0.1389,0,1,0,0,0,1,0,0,0,0,1,0,0,1,0,0,1,0,0,1,0,1,0,1,1,3,0.3758,0.0655,0
ID-006449,0,1,1,1,0.4583,1,1,0,0,1,1,0,0,0,1,0,0,0,1,0,0,1,1,0,0,0,1,0,1,0,2,0.9882,0.4541,0
ID-006450,0,0,0,1,0.3333,1,0,0,1,2,1,0,0,0,0,1,0,1,0,0,0,1,1,0,0,0,0,1,0,0,0,0.3495,0.1497,0
ID-006451,0,1,1,1,0.6806,1,0,0,1,2,1,0,0,1,0,0,1,0,0,1,0,0,1,0,0,0,0,1,0,1,1,0.0903,0.1561,0
ID-006452,1,1,0,1,0.0694,0,0,0,1,0,1,0,0,0,1,0,1,0,0,0,1,0,0,0,1,0,0,1,2,0,2,0.868,0.0617,0
ID-006453,0,0,1,0,0.625,1,0,0,1,0,1,0,0,0,0,1,1,0,0,0,0,1,1,0,0,0,1,0,0,1,1,0.3371,0.2742,0
ID-006454,0,0,0,1,0.5,1,0,0,1,0,0,0,1,0,0,1,0,0,1,0,1,0,0,1,0,1,0,0,1,1,1,0.8487,0.4362,0
ID-006455,1,0,1,0,0.7222,0,0,0,1,2,0,0,1,0,0,1,1,0,0,1,0,0,1,0,0,1,0,0,1,0,1,0.7062,0.5429,0
ID-006456,0,1,0,1,0.2778,1,0,0,1,1,0,0,1,0,1,0,0,1,0,0,0,1,0,0,1,0,1,0,0,1,0,0.3056,0.1144,0
ID-006457,0,1,1,0,0.4722,0,0,1,0,2,0,0,1,0,1,0,0,0,1,0,1,0,0,1,0,0,1,0,1,0,0,0.146,0.1306,0
ID-006458,1,1,0,0,0.4167,0,0,0,1,2,0,1,0,1,0,0,0,0,1,0,1,0,1,0,0,0,1,0,2,0,1,0.2297,0.1448,0
ID-006459,0,0,0,0,0.9028,0,0,0,1,2,0,1,0,0,1,0,0,1,0,0,1,0,0,1,0,0,1,0,2,1,2,0.7417,0.7058,0
ID-006460,0,0,1,1,0.4444,0,0,0,1,1,1,0,0,0,0,1,1,0,0,0,1,0,1,0,0,1,0,0,1,1,3,0.1531,0.1256,0
ID-006461,1,1,0,0,0.9861,0,1,0,0,2,0,1,0,0,0,1,1,0,0,0,1,0,1,0,0,0,0,1,2,1,2,0.7526,0.7801,0
ID-006462,0,0,1,0,0.4583,1,1,0,0,0,0,1,0,0,1,0,1,0,0,0,0,1,0,1,0,1,0,0,1,0,1,0.2215,0.1561,0
ID-006463,0,0,0,1,0.0417,1,0,1,0,1,1,0,0,0,0,1,0,1,0,0,0,1,1,0,0,0,0,1,0,0,0,0.7641,0.0334,0
ID-006464,0,1,1,1,0.5139,0,1,0,0,2,0,0,1,0,1,0,1,0,0,0,1,0,0,0,1,1,0,0,0,0,2,0.2858,0.2031,0
ID-006465,0,1,1,1,0.7361,0,0,1,0,0,1,0,0,0,1,0,0,1,0,1,0,0,0,0,1,0,0,1,1,0,1,0.8935,0.6702,0
ID-006466,0,0,0,1,0.9028,0,0,1,0,2,0,0,1,0,1,0,0,0,1,0,1,0,0,0,1,1,0,0,0,1,2,0.0614,0.185,0
ID-006467,1,1,1,0,0.8056,0,1,0,0,0,1,0,0,0,1,0,0,1,0,0,0,1,0,0,1,0,0,1,0,0,2,0.8676,0.7158,0
ID-006468,1,1,0,0,0.5278,0,0,1,0,1,0,0,1,1,0,0,1,0,0,1,0,0,1,0,0,1,0,0,0,1,3,0.9575,0.5092,0
ID-006469,1,0,1,1,0.2917,1,1,0,0,1,0,0,1,1,0,0,0,1,0,0,1,0,1,0,0,0,1,0,0,0,3,0.0437,0.0554,0
ID-006470,1,0,1,1,0.4444,1,0,0,1,1,0,0,1,1,0,0,0,1,0,0,1,0,0,1,0,0,1,0,0,1,1,0.9665,0.4322,0
ID-006471,1,1,0,1,0.4306,0,0,0,1,2,1,0,0,0,1,0,1,0,0,0,0,1,0,1,0,0,0,1,0,1,1,0.9988,0.4305,0
ID-006472,0,0,0,1,0.2222,1,0,1,0,2,1,0,0,1,0,0,0,0,1,1,0,0,0,1,0,0,0,1,0,0,2,0.7203,0.1697,0
ID-006473,1,1,1,0,0.2222,1,0,1,0,1,0,1,0,0,0,1,0,1,0,0,1,0,0,1,0,0,0,1,0,1,0,0.5221,0.1323,0
ID-006474,1,0,0,1,0.75,1,1,0,0,2,1,0,0,1,0,0,0,0,1,0,0,1,0,1,0,1,0,0,1,0,0,0.5029,0.4344,0
ID-006475,1,0,0,0,0.6944,0,1,0,0,1,0,1,0,1,0,0,1,0,0,1,0,0,0,1,0,0,1,0,2,1,1,0.7747,0.5624,0
ID-006476,0,1,1,0,0.9167,0,0,1,0,1,1,0,0,0,1,0,1,0,0,0,0,1,0,0,1,0,0,1,2,1,0,0.2806,0.3582,0
ID-006477,1,0,1,0,0.8611,1,1,0,0,0,0,1,0,0,0,1,0,0,1,0,1,0,0,0,1,0,1,0,2,0,0,0.07,0.1827,0
ID-006478,1,0,1,0,0.4583,0,0,0,1,1,1,0,0,0,1,0,0,0,1,1,0,0,0,1,0,1,0,0,0,0,2,0.1551,0.1303,0
ID-006479,0,1,1,1,0.9167,0,1,0,0,1,0,0,1,0,0,1,0,1,0,0,1,0,0,0,1,1,0,0,0,1,1,0.9435,0.8735,0
ID-006480,0,1,0,0,0.3056,0,0,0,1,2,0,0,1,1,0,0,1,0,0,0,0,1,1,0,0,1,0,0,1,1,0,0.6015,0.2025,0
ID-006481,1,0,0,0,0.6389,0,0,1,0,1,0,0,1,1,0,0,0,1,0,1,0,0,0,0,1,0,1,0,0,1,2,0.5794,0.4115,0
ID-006482,1,1,0,1,0.9583,1,0,0,1,2,1,0,0,0,0,1,0,1,0,0,1,0,1,0,0,1,0,0,1,1,0,0.1611,0.2774,0
ID-006483,1,1,1,1,0.6389,1,1,0,0,0,1,0,0,0,0,1,1,0,0,0,0,1,1,0,0,0,0,1,1,0,1,0.6974,0.4755,0
ID-006484,1,0,0,0,0.4861,1,0,1,0,2,0,0,1,1,0,0,0,0,1,1,0,0,0,1,0,1,0,0,1,1,2,0.7043,0.3646,0
ID-006485,1,1,1,0,0.2083,1,0,1,0,2,0,1,0,1,0,0,0,1,0,1,0,0,1,0,0,0,0,1,2,1,1,0.579,0.1341,0
ID-006486,0,1,1,0,0.25,0,0,0,1,2,0,1,0,0,1,0,0,0,1,1,0,0,0,0,1,1,0,0,2,1,0,0.1849,0.0774,0
ID-006487,0,1,0,0,0.9861,0,1,0,0,2,0,1,0,0,0,1,1,0,0,0,1,0,1,0,0,0,1,0,2,1,2,0.3349,0.4307,0
ID-006488,1,1,0,0,0.5556,1,0,0,1,1,1,0,0,0,0,1,0,0,1,0,1,0,1,0,0,0,1,0,2,1,1,0.8793,0.4991,0
ID-006489,1,0,0,0,0.75,0,0,1,0,2,0,0,1,0,1,0,1,0,0,0,1,0,1,0,0,1,0,0,0,0,3,0.2841,0.2953,0
ID-006490,1,0,1,0,0.3333,0,0,0,1,1,1,0,0,1,0,0,1,0,0,0,0,1,0,1,0,0,0,1,1,0,3,0.1553,0.0948,0
ID-006491,0,0,0,0,0.1806,0,1,0,0,1,1,0,0,0,0,1,1,0,0,0,1,0,0,1,0,0,0,1,1,1,3,0.2702,0.069,0
ID-006492,1,1,0,1,0.3889,0,0,0,1,1,0,1,0,0,1,0,0,1,0,0,0,1,0,0,1,0,0,1,2,1,0,0.0095,0.0625,0
ID-006493,0,0,1,1,0.3194,1,1,0,0,0,1,0,0,0,0,1,0,0,1,0,0,1,1,0,0,0,0,1,2,0,1,0.7667,0.2565,0
ID-006494,0,0,1,0,0.625,0,1,0,0,2,0,1,0,0,0,1,0,0,1,0,1,0,0,0,1,0,0,1,1,1,0,0.8022,0.5207,0
ID-006495,0,1,0,0,0.0278,0,0,0,1,2,0,1,0,0,1,0,0,1,0,1,0,0,0,0,1,0,0,1,2,0,3,0.0031,0.0043,0
ID-006496,1,1,0,1,0.5556,1,0,0,1,0,0,0,1,0,1,0,1,0,0,1,0,0,0,0,1,1,0,0,1,0,2,0.7718,0.4485,0
ID-006497,1,0,1,1,0.2917,0,1,0,0,2,0,1,0,0,1,0,0,1,0,0,1,0,0,0,1,1,0,0,1,0,3,0.7154,0.2215,0
ID-006498,0,1,1,0,0.125,1,0,1,0,0,0,0,1,0,1,0,0,1,0,1,0,0,0,1,0,0,0,1,1,0,3,0.0394,0.0233,0
ID-006499,0,1,1,0,0.4722,0,0,0,1,1,0,1,0,1,0,0,0,0,1,1,0,0,0,1,0,1,0,0,1,1,2,0.8485,0.4119,0
ID-006500,1,0,1,0,0.3889,0,1,0,0,2,0,0,1,0,0,1,0,1,0,0,1,0,1,0,0,0,0,1,1,0,3,0.8542,0.3411,0
ID-006501,1,1,0,1,0.7083,0,1,0,0,0,0,0,1,0,1,0,0,0,1,1,0,0,1,0,0,0,0,1,2,0,0,0.486,0.4002,0
ID-006502,0,0,1,1,0.8611,1,1,0,0,1,0,1,0,0,0,1,0,1,0,0,0,1,0,1,0,0,1,0,2,0,3,0.7415,0.6731,0
ID-006503,0,0,1,1,0.9306,1,1,0,0,2,0,1,0,1,0,0,0,0,1,0,0,1,0,1,0,0,1,0,1,1,1,0.5369,0.5658,0
ID-006504,1,0,0,1,0.6806,1,0,0,1,0,0,0,1,0,1,0,0,0,1,0,0,1,0,0,1,0,1,0,2,1,2,0.2591,0.2535,0
ID-006505,0,0,1,1,0.5694,1,1,0,0,0,0,0,1,0,1,0,0,1,0,0,0,1,1,0,0,0,1,0,2,1,2,0.7084,0.4291,0
ID-006506,0,1,1,1,0.3194,1,1,0,0,2,0,1,0,0,0,1,1,0,0,1,0,0,1,0,0,0,1,0,1,0,1,0.5016,0.1847,0
ID-006507,1,0,1,0,0.0556,0,0,0,1,0,0,1,0,0,0,1,0,0,1,0,1,0,1,0,0,0,1,0,1,0,0,0.638,0.0385,0
ID-006508,0,1,0,0,0.3889,0,1,0,0,0,0,1,0,0,1,0,1,0,0,0,1,0,0,1,0,0,1,0,1,0,3,0.0955,0.0909,0
ID-006509,0,1,0,1,0.0556,0,1,0,0,1,1,0,0,0,0,1,1,0,0,0,0,1,0,0,1,1,0,0,2,0,3,0.0367,0.0102,0
ID-006510,0,0,0,0,0.0972,0,0,0,1,0,1,0,0,1,0,0,1,0,0,0,1,0,0,0,1,1,0,0,1,0,3,0.2353,0.0343,0
ID-006511,0,1,0,1,0.4861,1,0,0,1,1,0,0,1,0,0,1,1,0,0,1,0,0,0,0,1,0,1,0,1,1,1,0.7544,0.3853,0
ID-006512,0,1,0,0,0.625,1,0,1,0,1,0,1,0,1,0,0,0,0,1,0,0,1,1,0,0,0,1,0,2,0,0,0.6822,0.4571,0
ID-006513,0,1,1,0,0.0278,0,0,1,0,2,1,0,0,0,1,0,0,1,0,1,0,0,1,0,0,1,0,0,1,1,3,0.0353,0.0051,0
ID-006514,1,1,0,1,0.7917,1,0,0,1,1,0,0,1,0,1,0,0,1,0,0,0,1,0,1,0,0,1,0,1,1,1,0.1338,0.2108,0
ID-006515,0,1,0,0,0.4306,0,0,1,0,2,1,0,0,0,1,0,1,0,0,1,0,0,0,1,0,0,1,0,0,1,2,0.5215,0.2562,0
ID-006516,0,0,0,0,0.0694,0,0,1,0,0,1,0,0,0,0,1,0,0,1,0,1,0,0,0,1,0,0,1,2,0,3,0.4888,0.0394,0
ID-006517,1,1,1,1,0.1111,1,1,0,0,0,0,0,1,0,1,0,0,1,0,1,0,0,0,1,0,0,0,1,1,0,2,0.4846,0.0626,0
ID-006518,0,1,0,0,0.0972,1,0,0,1,1,0,0,1,0,0,1,1,0,0,1,0,0,0,0,1,0,0,1,2,1,2,0.5881,0.0633,0
ID-006519,1,0,1,0,0.4583,0,1,0,0,1,1,0,0,0,0,1,0,0,1,0,0,1,1,0,0,1,0,0,2,1,1,0.5992,0.3029,0
ID-006520,0,0,0,0,0.3194,0,0,0,1,0,1,0,0,0,0,1,1,0,0,0,0,1,1,0,0,1,0,0,0,1,0,0.3666,0.1481,0
ID-006521,1,1,1,1,0.3056,0,0,1,0,0,1,0,0,0,1,0,1,0,0,0,1,0,0,1,0,0,0,1,1,0,3,0.8187,0.2588,0
ID-006522,1,0,0,0,0.6528,0,0,0,1,1,0,1,0,1,0,0,0,1,0,0,0,1,0,1,0,0,1,0,0,1,1,0.6526,0.461,0
ID-006523,1,0,1,0,0.0972,1,0,0,1,1,1,0,0,1,0,0,0,0,1,0,1,0,0,0,1,0,1,0,0,0,3,0.6044,0.0647,0
ID-006524,0,1,0,1,0.4306,0,0,1,0,2,0,0,1,1,0,0,0,1,0,1,0,0,1,0,0,1,0,0,1,1,1,0.9374,0.4081,0
ID-006525,0,0,1,0,0.2222,0,1,0,0,0,0,1,0,0,1,0,0,0,1,0,1,0,0,1,0,0,0,1,1,1,2,0.728,0.1712,0
ID-006526,0,1,0,1,0.625,0,1,0,0,0,0,0,1,0,0,1,0,1,0,1,0,0,1,0,0,0,1,0,0,0,2,0.9411,0.5943,0
ID-006527,0,1,1,0,0.25,0,0,1,0,1,0,1,0,0,1,0,1,0,0,0,0,1,1,0,0,0,1,0,0,1,2,0.4597,0.1357,0
ID-006528,1,0,0,0,0.0,0,0,0,1,0,1,0,0,1,0,0,0,0,1,0,0,1,0,0,1,1,0,0,0,1,2,0.7414,0.0,0
ID-006529,1,1,0,1,0.1944,0,0,1,0,1,0,0,1,0,0,1,0,1,0,1,0,0,0,1,0,1,0,0,0,1,3,0.9618,0.1883,0
ID-006530,1,1,0,0,0.0972,1,0,1,0,2,0,1,0,1,0,0,1,0,0,1,0,0,1,0,0,1,0,0,2,1,0,0.6421,0.0678,0
ID-006531,0,0,1,0,0.4167,0,0,1,0,1,1,0,0,1,0,0,0,1,0,0,0,1,0,0,1,0,0,1,0,1,1,0.8995,0.3815,0
ID-006532,0,1,1,0,0.9028,1,0,1,0,2,0,1,0,0,1,0,0,1,0,0,1,0,0,1,0,0,1,0,2,0,0,0.0675,0.1896,0
ID-006533,0,1,0,0,0.3889,1,0,0,1,1,1,0,0,0,0,1,0,1,0,0,1,0,0,0,1,0,1,0,2,0,0,0.9119,0.3602,0
ID-006534,0,1,1,0,0.1944,1,0,0,1,1,0,1,0,1,0,0,1,0,0,1,0,0,0,0,1,1,0,0,2,1,3,0.7276,0.1497,0
ID-006535,0,0,1,1,0.9306,0,0,0,1,1,0,0,1,0,1,0,0,1,0,0,1,0,0,1,0,1,0,0,2,1,2,0.226,0.3205,0
ID-006536,1,1,1,1,0.4444,0,1,0,0,0,0,0,1,0,1,0,1,0,0,0,1,0,0,1,0,0,1,0,0,0,3,0.376,0.2096,0
ID-006537,0,0,1,0,0.8889,0,1,0,0,1,1,0,0,0,1,0,0,0,1,0,1,0,1,0,0,1,0,0,1,1,0,0.7731,0.7186,0
ID-006538,0,1,0,1,0.1806,1,1,0,0,2,0,1,0,0,0,1,0,1,0,0,1,0,0,0,1,0,1,0,1,1,2,0.7035,0.1353,0
ID-006539,1,1,0,1,0.4861,1,0,0,1,0,0,0,1,0,0,1,0,0,1,0,0,1,0,1,0,1,0,0,0,1,3,0.3532,0.2199,0
ID-006540,0,1,0,0,0.2361,0,0,1,0,2,0,0,1,1,0,0,0,1,0,1,0,0,0,0,1,0,0,1,2,0,1,0.2093,0.078,0
ID-006541,1,0,1,0,0.375,1,0,0,1,2,0,1,0,1,0,0,0,0,1,1,0,0,0,1,0,0,0,1,2,0,2,0.6581,0.2666,0
ID-006542,0,0,0,0,0.4722,1,0,1,0,0,0,1,0,0,1,0,1,0,0,1,0,0,1,0,0,0,0,1,2,1,1,0.1829,0.1454,0
ID-006543,1,1,0,1,0.25,0,1,0,0,2,1,0,0,0,1,0,0,1,0,1,0,0,1,0,0,0,0,1,0,0,3,0.0152,0.0414,0
ID-006544,1,0,1,1,0.2083,1,0,1,0,2,0,1,0,0,0,1,0,1,0,0,1,0,0,0,1,0,0,1,1,1,0,0.1684,0.0616,0
ID-006545,1,0,0,1,0.7778,1,0,0,1,2,0,0,1,1,0,0,0,1,0,1,0,0,0,1,0,0,0,1,1,0,3,0.3752,0.3663,0
ID-006546,0,1,1,1,0.2639,1,1,0,0,1,0,0,1,1,0,0,0,1,0,0,0,1,0,1,0,0,1,0,0,1,1,0.303,0.1081,0
ID-006547,0,1,1,0,0.7778,0,1,0,0,1,0,1,0,1,0,0,0,1,0,0,1,0,0,1,0,0,1,0,1,1,2,0.745,0.6103,0
ID-006548,0,1,1,1,0.9028,0,0,0,1,0,1,0,0,0,0,1,1,0,0,0,1,0,0,1,0,0,0,1,1,0,1,0.9381,0.8561,0
ID-006549,0,1,0,0,0.4028,1,0,0,1,0,1,0,0,0,1,0,0,0,1,0,1,0,0,0,1,0,1,0,0,0,0,0.448,0.2146,0
ID-006550,0,1,0,0,0.375,0,0,0,1,0,0,0,1,0,0,1,1,0,0,0,0,1,0,0,1,1,0,0,1,1,3,0.0343,0.0682,0
ID-006551,1,1,0,1,0.6528,1,0,0,1,0,0,1,0,0,1,0,0,1,0,0,0,1,0,0,1,0,0,1,1,0,1,0.0639,0.1351,0
ID-006552,1,0,0,1,0.25,0,0,1,0,1,0,0,1,0,0,1,0,0,1,0,0,1,1,0,0,1,0,0,0,0,1,0.6128,0.1681,0
ID-006553,1,1,0,0,0.0,1,1,0,0,0,0,1,0,0,0,1,0,1,0,1,0,0,1,0,0,0,0,1,2,1,1,0.649,0.0,0
ID-006554,1,0,1,1,0.2083,1,1,0,0,1,0,1,0,0,0,1,0,1,0,0,0,1,1,0,0,0,1,0,0,0,0,0.4233,0.1066,0
ID-006555,1,1,0,0,0.3194,0,0,0,1,1,0,1,0,0,1,0,1,0,0,1,0,0,1,0,0,0,0,1,0,1,0,0.3601,0.1464,0
ID-006556,0,0,1,1,0.4861,0,0,1,0,0,0,1,0,0,0,1,0,0,1,0,1,0,0,1,0,1,0,0,2,1,3,0.1888,0.1521,0
ID-006557,1,0,1,1,0.3889,0,0,0,1,0,1,0,0,0,0,1,0,1,0,1,0,0,0,1,0,1,0,0,2,0,2,0.2656,0.147,0
ID-006558,1,1,0,0,0.4722,0,0,1,0,0,0,1,0,1,0,0,0,1,0,0,1,0,0,0,1,0,1,0,1,0,3,0.1379,0.1274,0
ID-006559,1,0,0,1,0.1389,0,0,1,0,1,0,0,1,1,0,0,0,0,1,0,1,0,0,1,0,1,0,0,1,0,3,0.6599,0.0989,0
ID-006560,1,1,0,1,0.3056,0,0,0,1,1,0,1,0,0,1,0,0,0,1,0,1,0,1,0,0,1,0,0,2,1,1,0.4849,0.1723,0
ID-006561,0,1,0,0,0.8611,0,0,0,1,1,0,1,0,1,0,0,0,0,1,0,0,1,0,0,1,1,0,0,1,1,0,0.2709,0.3294,0
ID-006562,1,1,0,1,0.6667,1,1,0,0,0,0,1,0,0,1,0,0,0,1,0,0,1,0,1,0,0,1,0,0,0,0,0.9885,0.6607,0
ID-006563,0,0,1,0,0.2917,0,1,0,0,1,1,0,0,0,1,0,0,0,1,1,0,0,1,0,0,1,0,0,0,1,2,0.7121,0.2207,0
ID-006564,1,1,1,1,0.9861,1,0,0,1,1,1,0,0,0,1,0,1,0,0,0,1,0,0,0,1,0,1,0,2,1,0,0.2713,0.3775,0
ID-006565,1,1,1,1,0.5278,0,0,1,0,0,1,0,0,1,0,0,0,0,1,1,0,0,0,1,0,1,0,0,0,0,1,0.4825,0.2966,0
ID-006566,1,0,0,1,0.0972,1,0,1,0,1,1,0,0,0,1,0,0,1,0,0,0,1,0,0,1,1,0,0,0,0,0,0.143,0.0266,0
ID-006567,1,0,1,0,0.1667,1,0,0,1,0,0,1,0,0,1,0,0,1,0,1,0,0,0,1,0,0,1,0,1,1,2,0.7452,0.1308,0
ID-006568,0,1,1,1,0.3889,1,0,1,0,2,1,0,0,0,0,1,0,0,1,0,1,0,0,0,1,0,1,0,1,1,0,0.0537,0.0771,0
ID-006569,0,1,1,1,0.0972,0,1,0,0,0,0,1,0,0,0,1,0,0,1,1,0,0,0,0,1,1,0,0,1,1,2,0.9836,0.096,0
ID-006570,0,1,1,1,0.5556,1,0,1,0,2,0,0,1,0,0,1,0,0,1,0,0,1,0,1,0,0,0,1,0,0,1,0.8715,0.4955,0
ID-006571,0,1,0,0,0.25,1,0,0,1,1,1,0,0,0,0,1,0,0,1,0,1,0,0,1,0,1,0,0,0,0,0,0.4687,0.1376,0
ID-006572,1,0,1,1,0.9444,0,0,1,0,0,1,0,0,0,1,0,0,1,0,0,1,0,0,1,0,0,0,1,0,1,2,0.609,0.6321,0
ID-006573,1,0,0,1,0.625,0,1,0,0,1,0,1,0,1,0,0,0,0,1,0,1,0,0,1,0,0,0,1,2,0,3,0.0258,0.1092,0
ID-006574,0,0,1,0,0.1528,0,1,0,0,2,0,1,0,0,0,1,0,1,0,0,0,1,1,0,0,1,0,0,1,1,3,0.3852,0.0733,0
ID-006575,1,1,1,1,0.3194,0,0,1,0,2,0,1,0,1,0,0,1,0,0,0,1,0,0,0,1,0,1,0,0,0,2,0.4635,0.1744,0
ID-006576,0,0,0,0,0.4444,0,0,1,0,2,1,0,0,0,0,1,0,1,0,0,0,1,1,0,0,1,0,0,1,0,1,0.7804,0.3621,0
ID-006577,1,1,1,1,0.3056,1,0,0,1,2,1,0,0,0,0,1,0,0,1,1,0,0,1,0,0,0,1,0,0,0,2,0.0497,0.0596,0
ID-006578,1,0,0,0,0.6667,1,1,0,0,1,0,0,1,0,0,1,1,0,0,0,0,1,0,1,0,0,0,1,0,1,1,0.5519,0.4139,0
ID-006579,1,1,1,1,0.8889,0,1,0,0,2,0,0,1,1,0,0,1,0,0,0,0,1,0,1,0,1,0,0,2,1,0,0.329,0.3838,0
ID-006580,0,1,1,0,0.0139,1,0,0,1,1,0,0,1,0,0,1,0,1,0,0,0,1,0,1,0,0,1,0,0,1,0,0.5718,0.0089,0
ID-006581,0,1,1,1,0.5417,0,0,0,1,0,0,1,0,1,0,0,0,1,0,1,0,0,0,0,1,0,1,0,2,0,2,0.018,0.091,0
ID-006582,1,1,0,0,0.7361,1,1,0,0,0,0,1,0,0,1,0,0,0,1,0,1,0,1,0,0,1,0,0,1,0,3,0.8001,0.612,0
ID-006583,0,1,0,0,0.4028,0,0,0,1,1,0,0,1,0,1,0,1,0,0,0,0,1,1,0,0,0,1,0,0,0,3,0.4157,0.2035,0
ID-006584,1,0,1,1,0.0139,0,0,0,1,1,0,0,1,1,0,0,1,0,0,1,0,0,0,0,1,0,0,1,0,1,1,0.1232,0.0036,0
ID-006585,0,0,0,0,0.9583,0,1,0,0,1,0,0,1,1,0,0,0,1,0,0,0,1,0,1,0,0,1,0,0,0,3,0.4746,0.5322,0
ID-006586,1,0,0,0,0.1806,0,0,1,0,1,0,1,0,0,0,1,0,1,0,1,0,0,0,0,1,1,0,0,2,0,2,0.0678,0.038,0
ID-006587,1,0,0,0,0.1667,0,0,1,0,0,0,0,1,0,1,0,0,1,0,0,1,0,0,0,1,0,1,0,0,1,1,0.807,0.1395,0
ID-006588,1,1,0,0,0.0972,0,1,0,0,0,0,0,1,0,1,0,0,1,0,0,0,1,0,1,0,1,0,0,2,0,3,0.6172,0.0657,0
ID-006589,1,1,1,0,0.2083,1,1,0,0,1,1,0,0,0,0,1,0,1,0,1,0,0,1,0,0,0,0,1,1,0,2,0.0914,0.048,0
ID-006590,0,1,0,0,0.7222,1,1,0,0,0,1,0,0,1,0,0,0,0,1,1,0,0,0,1,0,0,0,1,0,0,3,0.5147,0.4256,0
ID-006591,1,0,1,1,0.6806,0,0,1,0,0,0,1,0,1,0,0,1,0,0,0,0,1,0,1,0,0,0,1,1,0,2,0.7227,0.5211,0
ID-006592,1,0,1,1,0.1528,0,0,0,1,0,0,0,1,1,0,0,1,0,0,1,0,0,1,0,0,0,1,0,0,1,1,0.7522,0.1208,0
ID-006593,0,0,0,0,0.9167,1,0,1,0,1,0,0,1,0,0,1,0,1,0,0,1,0,0,0,1,1,0,0,1,0,0,0.5526,0.5696,0
ID-006594,1,1,1,1,0.2778,1,0,0,1,2,1,0,0,0,0,1,1,0,0,0,1,0,0,1,0,0,1,0,2,1,0,0.8168,0.2349,0
ID-006595,1,0,1,1,0.8611,1,0,1,0,0,0,1,0,0,1,0,0,1,0,1,0,0,1,0,0,0,0,1,2,1,2,0.7897,0.7083,0
ID-006596,0,1,1,1,0.8194,0,1,0,0,2,0,1,0,0,0,1,1,0,0,0,0,1,0,0,1,0,1,0,2,0,0,0.0312,0.1469,0
ID-006597,0,0,1,0,0.1944,1,0,0,1,0,0,1,0,1,0,0,1,0,0,0,1,0,0,1,0,1,0,0,2,0,1,0.4991,0.112,0
ID-006598,1,1,1,1,0.6111,0,0,0,1,0,1,0,0,0,0,1,0,1,0,0,1,0,1,0,0,0,1,0,2,1,0,0.2664,0.2314,0
ID-006599,1,1,0,0,0.2361,0,0,1,0,1,0,0,1,0,1,0,0,0,1,0,0,1,0,1,0,0,1,0,1,0,2,0.6718,0.1706,0
ID-006600,1,0,0,0,0.5972,0,1,0,0,1,1,0,0,1,0,0,1,0,0,0,1,0,1,0,0,1,0,0,0,1,3,0.636,0.4134,0
ID-006601,1,1,0,0,0.5,1,0,1,0,1,0,0,1,0,1,0,0,1,0,1,0,0,0,1,0,0,1,0,0,0,0,0.319,0.2117,0
ID-006602,1,1,1,1,0.2361,0,0,0,1,1,0,1,0,0,0,1,0,0,1,1,0,0,1,0,0,0,1,0,1,1,0,0.6475,0.1657,0
ID-006603,0,1,1,1,0.75,1,0,0,1,2,0,0,1,0,1,0,0,0,1,0,1,0,0,0,1,0,1,0,2,1,2,0.1921,0.2367,0
ID-006604,0,1,1,0,0.0417,1,0,1,0,1,0,0,1,0,0,1,0,1,0,0,0,1,0,0,1,0,0,1,1,0,3,0.8405,0.0361,0
ID-006605,0,1,0,0,0.8194,1,0,0,1,2,1,0,0,0,1,0,0,0,1,0,0,1,0,1,0,0,1,0,0,1,2,0.8211,0.6958,0
ID-006606,1,0,0,1,0.9583,1,0,0,1,2,1,0,0,1,0,0,0,0,1,0,0,1,0,0,1,0,1,0,0,0,2,0.7672,0.77,0
ID-006607,1,0,0,0,0.7917,1,0,0,1,0,1,0,0,1,0,0,1,0,0,0,1,0,0,1,0,0,0,1,1,0,3,0.9975,0.7907,0
ID-006608,1,0,1,1,0.2917,1,1,0,0,1,1,0,0,1,0,0,0,0,1,0,0,1,0,1,0,1,0,0,2,0,2,0.5283,0.1752,0
ID-006609,0,0,1,0,0.3056,0,1,0,0,0,0,0,1,0,1,0,1,0,0,0,1,0,1,0,0,1,0,0,0,0,2,0.6299,0.2099,0
ID-006610,1,1,0,0,0.9167,1,1,0,0,1,1,0,0,0,1,0,0,0,1,1,0,0,0,1,0,1,0,0,1,1,0,0.5866,0.5961,0
ID-006611,1,0,0,1,0.6389,1,0,0,1,0,0,0,1,0,1,0,1,0,0,0,1,0,1,0,0,1,0,0,2,1,3,0.9661,0.6211,0
ID-006612,0,0,0,0,0.1111,1,0,0,1,2,1,0,0,0,0,1,1,0,0,1,0,0,0,0,1,0,0,1,2,0,1,0.7273,0.0855,0
ID-006613,1,1,0,1,0.3889,0,0,1,0,0,1,0,0,1,0,0,1,0,0,1,0,0,1,0,0,1,0,0,1,1,3,0.8482,0.3391,0
ID-006614,1,0,0,1,0.0417,1,0,1,0,2,1,0,0,1,0,0,1,0,0,1,0,0,0,1,0,0,0,1,0,0,1,0.65,0.0293,0
ID-006615,0,0,1,1,0.875,0,0,0,1,0,0,0,1,0,0,1,0,0,1,0,1,0,0,0,1,0,0,1,2,1,0,0.8125,0.7366,0
ID-006616,0,1,1,0,0.7361,1,1,0,0,2,0,1,0,0,0,1,0,0,1,1,0,0,0,0,1,0,0,1,0,0,0,0.6886,0.5423,0
ID-006617,0,0,0,1,0.0694,0,0,0,1,0,0,1,0,0,1,0,0,0,1,0,0,1,0,0,1,0,0,1,0,1,2,0.1271,0.0181,0
ID-006618,1,1,1,1,0.1389,0,1,0,0,1,0,1,0,0,0,1,1,0,0,0,0,1,0,0,1,0,1,0,2,0,3,0.3665,0.0644,0
ID-006619,1,1,0,0,0.5417,0,1,0,0,1,0,1,0,1,0,0,0,1,0,0,1,0,0,1,0,0,1,0,0,1,0,0.0754,0.1174,0
ID-006620,1,1,1,0,0.8472,0,0,0,1,1,1,0,0,0,1,0,0,1,0,0,1,0,0,0,1,0,1,0,2,0,0,0.7045,0.6356,0
ID-006621,0,1,1,1,0.0972,1,0,1,0,0,1,0,0,0,1,0,1,0,0,0,1,0,0,1,0,0,0,1,0,1,1,0.1853,0.0301,0
ID-006622,0,1,0,0,0.2361,0,0,1,0,1,0,1,0,1,0,0,0,1,0,0,1,0,0,1,0,0,0,1,2,0,0,0.7028,0.1768,0
ID-006623,0,1,0,0,0.1944,1,0,0,1,0,1,0,0,0,1,0,0,0,1,1,0,0,0,1,0,0,1,0,2,0,0,0.937,0.1842,0
ID-006624,1,0,0,1,0.3056,0,0,0,1,0,0,1,0,1,0,0,1,0,0,1,0,0,1,0,0,1,0,0,0,0,3,0.7224,0.2339,0
ID-006625,0,1,1,0,0.2222,1,0,0,1,0,0,1,0,0,1,0,1,0,0,0,1,0,0,0,1,0,0,1,0,1,3,0.4365,0.1162,0
ID-006626,1,1,1,0,0.2917,1,0,0,1,1,1,0,0,0,1,0,0,0,1,1,0,0,0,0,1,0,1,0,2,1,0,0.5666,0.1847,0
ID-006627,1,0,0,0,0.4167,1,0,0,1,1,0,1,0,0,1,0,0,0,1,0,1,0,0,0,1,1,0,0,2,0,0,0.8151,0.3517,0
ID-006628,1,0,0,0,0.1944,0,0,0,1,1,0,0,1,0,1,0,1,0,0,0,0,1,0,0,1,0,0,1,2,0,3,0.4779,0.1085,0
ID-006629,1,0,0,1,0.0556,0,1,0,0,1,0,0,1,1,0,0,0,1,0,0,1,0,1,0,0,0,1,0,2,1,0,0.8628,0.0491,0
ID-006630,0,1,0,1,0.1528,0,1,0,0,0,1,0,0,1,0,0,0,0,1,1,0,0,0,0,1,0,0,1,1,1,0,0.5713,0.0974,0
ID-006631,0,0,0,1,0.7639,1,0,1,0,0,0,1,0,0,1,0,0,1,0,1,0,0,0,0,1,0,1,0,1,0,0,0.1782,0.2321,0
ID-006632,1,1,0,0,0.4861,0,1,0,0,1,0,1,0,0,0,1,0,1,0,0,0,1,0,0,1,1,0,0,0,1,0,0.1789,0.148,0
ID-006633,0,0,0,0,0.2361,0,1,0,0,0,0,0,1,0,1,0,1,0,0,1,0,0,1,0,0,0,0,1,1,1,0,0.3137,0.0989,0
ID-006634,1,1,1,0,0.5556,0,1,0,0,2,0,1,0,0,1,0,1,0,0,0,0,1,1,0,0,1,0,0,2,0,2,0.3148,0.2332,0
ID-006635,0,1,0,1,0.9028,1,0,0,1,0,0,1,0,1,0,0,0,1,0,1,0,0,0,0,1,1,0,0,0,0,1,0.5387,0.5503,0
ID-006636,0,0,1,0,0.25,1,1,0,0,2,1,0,0,1,0,0,0,1,0,0,0,1,0,1,0,0,1,0,0,0,2,0.2487,0.0909,0
ID-006637,0,1,0,1,0.0417,1,0,0,1,0,1,0,0,0,0,1,0,0,1,0,0,1,1,0,0,0,1,0,2,1,0,0.4667,0.0229,0
ID-006638,0,0,0,1,0.0139,1,0,1,0,1,0,1,0,1,0,0,1,0,0,0,0,1,1,0,0,1,0,0,1,1,2,0.0061,0.0022,0
ID-006639,1,0,1,0,0.2361,1,0,0,1,1,1,0,0,0,1,0,0,0,1,0,0,1,0,1,0,0,0,1,1,0,2,0.7157,0.1794,0
ID-006640,0,1,0,0,0.9028,1,1,0,0,0,1,0,0,1,0,0,0,0,1,1,0,0,1,0,0,0,1,0,0,1,3,0.6793,0.658,0
ID-006641,1,1,1,0,0.125,0,1,0,0,1,1,0,0,0,0,1,1,0,0,0,0,1,0,1,0,0,1,0,2,0,2,0.1081,0.0306,0
ID-006642,1,1,0,0,0.4306,0,1,0,0,0,0,0,1,0,1,0,0,0,1,1,0,0,0,0,1,0,1,0,1,0,1,0.1404,0.1171,0
ID-006643,1,1,1,1,0.1528,0,1,0,0,2,0,1,0,0,1,0,0,0,1,1,0,0,0,0,1,0,1,0,1,1,0,0.8409,0.1323,0
ID-006644,1,0,0,1,0.0556,1,0,1,0,1,0,0,1,0,1,0,0,1,0,0,1,0,0,1,0,0,0,1,2,0,0,0.0355,0.0102,0
ID-006645,0,1,1,0,0.4861,0,0,1,0,0,1,0,0,0,1,0,0,0,1,0,0,1,1,0,0,1,0,0,1,0,3,0.3728,0.228,0
ID-006646,1,1,0,1,0.9306,0,0,0,1,0,0,1,0,0,1,0,1,0,0,0,1,0,0,0,1,0,0,1,2,1,1,0.2652,0.3514,0
ID-006647,0,1,0,1,0.2917,1,0,0,1,2,0,1,0,1,0,0,0,0,1,0,0,1,0,1,0,0,0,1,2,1,0,0.1721,0.0871,0
ID-006648,0,0,1,0,0.9444,0,0,1,0,2,0,0,1,0,0,1,0,1,0,0,1,0,0,0,1,1,0,0,1,0,0,0.8099,0.793,0
ID-006649,0,0,0,1,0.5278,0,1,0,0,1,0,0,1,1,0,0,0,1,0,0,0,1,0,1,0,0,0,1,2,1,0,0.372,0.2471,0
ID-006650,1,1,0,1,0.125,0,0,1,0,1,0,1,0,1,0,0,1,0,0,0,0,1,0,1,0,0,0,1,2,1,3,0.9892,0.124,0
ID-006651,1,0,1,0,0.9861,1,0,0,1,2,0,0,1,0,1,0,0,0,1,0,0,1,0,0,1,0,1,0,2,1,2,0.3891,0.4761,0
ID-006652,0,1,1,0,0.3472,0,0,0,1,2,1,0,0,1,0,0,0,0,1,0,1,0,1,0,0,1,0,0,2,0,0,0.6839,0.2544,0
ID-006653,0,0,1,0,0.5417,1,0,1,0,2,0,1,0,1,0,0,0,0,1,0,0,1,0,0,1,1,0,0,1,1,3,0.7235,0.4151,0
ID-006654,0,0,0,0,0.8333,0,0,0,1,1,0,1,0,1,0,0,1,0,0,0,1,0,1,0,0,1,0,0,1,0,0,0.3712,0.3897,0
ID-006655,0,0,0,0,0.2639,1,1,0,0,1,1,0,0,0,0,1,0,0,1,1,0,0,0,0,1,0,1,0,1,1,3,0.9332,0.2492,0
ID-006656,1,0,1,1,0.8611,1,0,0,1,1,1,0,0,1,0,0,1,0,0,1,0,0,0,0,1,0,1,0,2,1,2,0.4839,0.485,0
ID-006657,0,1,1,1,0.2639,1,1,0,0,1,0,1,0,1,0,0,0,1,0,0,0,1,1,0,0,1,0,0,1,0,0,0.2787,0.1027,0
ID-006658,0,0,0,1,0.7778,1,0,1,0,2,0,0,1,1,0,0,0,0,1,0,1,0,0,0,1,0,1,0,1,1,0,0.6281,0.5331,0
ID-006659,1,1,1,0,0.0139,0,0,1,0,0,1,0,0,0,1,0,0,1,0,0,1,0,1,0,0,0,0,1,0,0,3,0.2615,0.0052,0
ID-006660,1,0,0,0,1.0,0,1,0,0,1,0,0,1,0,0,1,0,1,0,0,1,0,0,0,1,1,0,0,1,0,0,0.1944,0.3176,0
ID-006661,0,1,1,0,0.1667,1,0,0,1,2,0,0,1,0,1,0,0,1,0,0,1,0,1,0,0,0,1,0,1,1,1,0.2185,0.0563,0
ID-006662,0,1,1,0,0.375,1,0,1,0,0,1,0,0,0,0,1,0,0,1,1,0,0,0,0,1,1,0,0,2,0,1,0.4854,0.2117,0
ID-006663,0,1,0,0,0.4167,0,1,0,0,2,0,1,0,0,1,0,1,0,0,0,0,1,0,1,0,1,0,0,2,0,2,0.5231,0.2485,0
ID-006664,0,1,1,0,0.6389,1,0,1,0,2,1,0,0,1,0,0,0,0,1,1,0,0,1,0,0,1,0,0,0,0,0,0.8806,0.5747,0
ID-006665,1,1,1,1,0.25,0,0,1,0,2,0,0,1,0,1,0,0,0,1,1,0,0,1,0,0,1,0,0,0,0,3,0.0887,0.057,0
ID-006666,1,1,0,1,0.5972,1,0,0,1,0,0,0,1,0,1,0,0,0,1,0,1,0,0,1,0,1,0,0,2,1,1,0.5079,0.3485,0
ID-006667,1,1,0,0,0.6806,0,0,0,1,2,0,1,0,1,0,0,0,1,0,1,0,0,0,1,0,1,0,0,0,1,3,0.8332,0.5849,0
ID-006668,1,0,0,0,0.4306,0,0,0,1,1,1,0,0,0,0,1,0,1,0,1,0,0,0,1,0,0,1,0,2,0,2,0.8721,0.3842,0
ID-006669,0,1,0,1,1.0,0,0,1,0,1,0,1,0,0,1,0,0,1,0,0,0,1,1,0,0,0,0,1,0,1,3,0.3722,0.4684,0
ID-006670,0,1,1,1,0.25,0,0,0,1,0,0,1,0,1,0,0,0,1,0,0,0,1,0,0,1,0,1,0,2,1,3,0.253,0.0918,0
ID-006671,1,0,0,1,0.9028,0,0,0,1,0,1,0,0,1,0,0,1,0,0,1,0,0,1,0,0,0,1,0,0,1,0,0.7859,0.7397,0
ID-006672,1,1,1,0,0.9167,0,0,0,1,0,0,1,0,0,0,1,1,0,0,0,1,0,0,0,1,0,1,0,2,1,0,0.6733,0.6635,0
ID-006673,1,0,1,1,0.0139,1,1,0,0,1,0,0,1,0,1,0,0,1,0,0,0,1,0,1,0,1,0,0,0,1,3,0.1832,0.0043,0
ID-006674,1,1,1,0,0.4167,1,1,0,0,0,0,1,0,0,0,1,1,0,0,1,0,0,0,1,0,0,1,0,0,0,3,0.4067,0.2074,0
ID-006675,0,0,1,1,0.1528,0,1,0,0,1,1,0,0,0,1,0,0,1,0,0,1,0,1,0,0,0,1,0,2,1,3,0.4584,0.0827,0
ID-006676,1,0,1,1,0.2639,0,0,1,0,0,0,0,1,1,0,0,0,0,1,0,1,0,1,0,0,0,1,0,2,1,2,0.8648,0.2338,0
ID-006677,1,0,0,0,0.2639,0,1,0,0,2,0,0,1,0,1,0,0,1,0,0,1,0,1,0,0,0,0,1,1,0,2,0.1374,0.0711,0
ID-006678,1,0,0,1,0.9028,1,1,0,0,1,1,0,0,0,1,0,0,0,1,0,0,1,0,0,1,0,1,0,0,1,3,0.7881,0.7413,0
ID-006679,0,0,0,1,0.9167,0,0,0,1,2,0,0,1,0,1,0,1,0,0,0,1,0,0,1,0,1,0,0,2,0,0,0.1154,0.2298,0
ID-006680,1,1,0,0,0.8194,1,0,1,0,1,0,1,0,0,1,0,1,0,0,1,0,0,0,0,1,0,1,0,1,0,0,0.5123,0.4812,0
ID-006681,1,1,1,0,0.4722,0,1,0,0,0,1,0,0,1,0,0,1,0,0,0,1,0,0,0,1,1,0,0,2,1,3,0.535,0.2864,0
ID-006682,0,0,0,1,0.875,1,1,0,0,1,0,0,1,1,0,0,0,1,0,1,0,0,0,0,1,1,0,0,0,1,2,0.0137,0.1439,0
ID-006683,1,1,1,0,0.9167,0,1,0,0,1,1,0,0,1,0,0,0,0,1,1,0,0,1,0,0,0,1,0,2,1,0,0.9107,0.848,0
ID-006684,0,1,1,1,0.6389,1,0,1,0,2,0,0,1,1,0,0,0,1,0,0,1,0,0,0,1,1,0,0,1,1,3,0.5805,0.4121,0
ID-006685,0,1,0,1,0.1667,0,1,0,0,2,0,1,0,1,0,0,0,1,0,1,0,0,0,0,1,0,0,1,1,0,2,0.8123,0.1403,0
ID-006686,0,0,1,0,0.1389,1,1,0,0,1,0,0,1,0,1,0,0,1,0,0,0,1,0,1,0,0,0,1,0,1,0,0.485,0.0784,0
ID-006687,0,1,1,1,0.4861,0,1,0,0,2,1,0,0,0,0,1,1,0,0,1,0,0,0,0,1,1,0,0,2,1,1,0.3518,0.2193,0
ID-006688,1,0,1,1,0.5139,0,1,0,0,1,0,0,1,1,0,0,1,0,0,0,1,0,0,1,0,0,1,0,0,0,3,0.4511,0.2751,0
ID-006689,1,0,1,0,0.4444,0,0,0,1,1,0,0,1,0,1,0,1,0,0,0,0,1,0,0,1,1,0,0,0,1,1,0.8157,0.3754,0
ID-006690,0,1,1,1,0.2083,1,0,0,1,0,0,1,0,1,0,0,0,0,1,0,0,1,0,1,0,1,0,0,2,0,3,0.7026,0.156,0
ID-006691,0,1,1,0,0.8611,0,0,0,1,2,1,0,0,1,0,0,1,0,0,0,0,1,0,1,0,0,1,0,0,1,3,0.0229,0.1483,0
ID-006692,0,1,0,1,0.5,0,1,0,0,2,0,1,0,1,0,0,1,0,0,0,0,1,0,1,0,1,0,0,0,1,2,0.1755,0.1508,0
ID-006693,0,0,0,0,0.4444,0,0,1,0,1,0,0,1,0,1,0,0,0,1,1,0,0,1,0,0,0,0,1,2,1,0,0.0932,0.103,0
ID-006694,0,0,0,0,0.4028,1,0,0,1,0,1,0,0,1,0,0,0,0,1,0,1,0,1,0,0,0,1,0,2,0,1,0.3766,0.1902,0
ID-006695,0,1,1,1,0.3611,1,0,1,0,1,0,0,1,1,0,0,1,0,0,0,1,0,1,0,0,1,0,0,2,0,3,0.6294,0.2479,0
ID-006696,0,1,1,1,0.8611,0,0,1,0,0,0,1,0,0,1,0,0,0,1,0,1,0,0,1,0,0,1,0,1,1,2,0.8495,0.7519,0
ID-006697,0,1,1,1,0.1944,1,0,0,1,2,1,0,0,0,1,0,0,0,1,0,1,0,0,0,1,0,0,1,2,1,0,0.7697,0.1566,0
ID-006698,0,1,1,1,0.1528,1,1,0,0,2,0,0,1,0,1,0,1,0,0,1,0,0,1,0,0,0,0,1,1,0,0,0.1704,0.0454,0
ID-006699,1,1,1,0,0.1389,1,1,0,0,1,0,0,1,0,0,1,0,1,0,0,1,0,0,1,0,0,1,0,0,0,1,0.9355,0.1314,0
ID-006700,1,1,0,1,0.8333,1,1,0,0,0,0,1,0,0,0,1,0,0,1,1,0,0,0,0,1,0,0,1,0,0,3,0.4331,0.4334,0
ID-006701,1,1,1,1,0.8056,1,0,1,0,2,0,0,1,1,0,0,1,0,0,1,0,0,0,1,0,0,1,0,0,1,3,0.3538,0.3648,0
ID-006702,0,0,1,1,0.3333,1,0,0,1,1,0,0,1,0,1,0,0,1,0,1,0,0,1,0,0,1,0,0,0,1,3,0.1415,0.0909,0
ID-006703,0,1,1,0,0.5972,0,1,0,0,2,0,0,1,0,1,0,1,0,0,0,1,0,0,0,1,0,0,1,2,0,3,0.703,0.4473,0
ID-006704,0,0,1,0,0.9722,0,1,0,0,2,0,1,0,0,1,0,0,1,0,1,0,0,0,1,0,0,1,0,0,1,0,0.5632,0.6129,0
ID-006705,0,1,0,0,0.5972,1,1,0,0,0,0,1,0,0,0,1,1,0,0,1,0,0,0,1,0,0,0,1,1,0,2,0.5136,0.3514,0
ID-006706,0,0,0,0,0.25,1,0,0,1,1,0,1,0,0,1,0,1,0,0,0,0,1,0,1,0,0,1,0,2,0,1,0.1405,0.068,0
ID-006707,1,1,1,0,0.3611,1,0,0,1,0,0,0,1,0,1,0,0,0,1,0,0,1,0,0,1,1,0,0,0,0,1,0.7091,0.2723,0
ID-006708,0,1,0,1,0.7361,1,1,0,0,0,0,0,1,0,0,1,1,0,0,0,0,1,0,1,0,0,1,0,2,0,0,0.1914,0.2319,0
ID-006709,0,1,1,0,0.375,1,0,1,0,0,0,1,0,1,0,0,0,1,0,0,0,1,0,1,0,0,1,0,0,0,3,0.7331,0.2904,0
ID-006710,0,0,1,1,0.3611,0,1,0,0,2,1,0,0,1,0,0,1,0,0,0,0,1,0,0,1,0,0,1,1,0,3,0.5611,0.227,0
ID-006711,0,1,0,1,0.5278,1,0,1,0,2,1,0,0,0,1,0,1,0,0,0,0,1,0,0,1,0,0,1,1,1,3,0.7542,0.4182,0
ID-006712,0,1,0,1,0.7639,1,0,1,0,1,0,1,0,0,1,0,0,1,0,1,0,0,0,1,0,0,1,0,0,1,0,0.7527,0.6043,0
ID-006713,0,0,1,0,0.0139,1,0,1,0,0,1,0,0,0,1,0,0,0,1,0,1,0,0,1,0,1,0,0,1,0,1,0.726,0.0107,0
ID-006714,1,1,0,1,0.4167,1,0,0,1,2,0,1,0,1,0,0,1,0,0,1,0,0,0,0,1,0,0,1,0,1,3,0.0915,0.096,0
ID-006715,0,0,1,1,0.3056,1,0,1,0,1,1,0,0,0,1,0,1,0,0,1,0,0,0,0,1,0,1,0,1,1,0,0.7118,0.2311,0
ID-006716,1,1,0,1,0.8611,0,1,0,0,1,0,0,1,0,0,1,0,1,0,1,0,0,1,0,0,0,1,0,1,1,0,0.05,0.1681,0
ID-006717,0,0,1,0,0.4306,1,0,0,1,0,0,0,1,0,0,1,0,1,0,0,0,1,0,1,0,1,0,0,1,0,3,0.8938,0.3921,0
ID-006718,0,1,1,0,0.1944,1,1,0,0,0,0,0,1,0,0,1,0,0,1,1,0,0,0,1,0,1,0,0,2,0,2,0.6344,0.1343,0
ID-006719,0,1,1,0,0.2778,1,0,1,0,1,0,1,0,0,0,1,0,1,0,0,1,0,0,1,0,0,1,0,1,1,3,0.1308,0.0733,0
ID-006720,1,1,1,1,0.9306,1,0,0,1,2,0,1,0,0,0,1,1,0,0,0,0,1,0,1,0,0,1,0,0,0,0,0.4269,0.4791,0
ID-006721,1,0,1,0,0.9444,1,1,0,0,0,0,0,1,0,1,0,1,0,0,1,0,0,0,0,1,1,0,0,0,0,2,0.8148,0.7969,0
ID-006722,1,1,0,0,1.0,1,0,1,0,1,0,0,1,0,1,0,1,0,0,1,0,0,0,1,0,0,1,0,2,0,3,0.8945,0.9114,0
ID-006723,1,1,1,1,0.6389,1,0,0,1,1,0,0,1,1,0,0,0,1,0,0,0,1,0,0,1,0,0,1,1,1,1,0.6176,0.4322,0
ID-006724,0,0,0,0,0.4444,0,1,0,0,1,0,1,0,1,0,0,0,0,1,1,0,0,1,0,0,0,1,0,2,0,3,0.7804,0.3621,0
ID-006725,0,0,0,1,0.7778,1,1,0,0,0,0,1,0,1,0,0,1,0,0,0,0,1,0,1,0,0,1,0,2,1,3,0.4617,0.4234,0
ID-006726,1,0,0,0,0.2917,0,1,0,0,0,1,0,0,0,0,1,1,0,0,1,0,0,0,1,0,0,0,1,2,0,2,0.8097,0.2449,0
ID-006727,1,1,1,0,0.0972,1,1,0,0,2,0,0,1,1,0,0,0,1,0,1,0,0,0,0,1,0,0,1,0,1,1,0.8262,0.083,0
ID-006728,0,0,0,1,0.5417,1,0,1,0,1,0,0,1,0,1,0,0,0,1,1,0,0,1,0,0,0,0,1,2,0,3,0.609,0.3625,0
ID-006729,0,0,1,0,0.9722,0,0,1,0,0,1,0,0,0,0,1,0,1,0,0,1,0,0,0,1,0,1,0,0,1,0,0.6553,0.6888,0
ID-006730,0,1,0,0,0.7083,0,0,0,1,0,0,1,0,0,0,1,0,1,0,1,0,0,0,1,0,1,0,0,1,0,1,0.2897,0.2822,0
ID-006731,1,0,0,1,0.1944,1,0,1,0,0,0,1,0,0,1,0,0,0,1,0,0,1,0,1,0,1,0,0,2,0,1,0.9092,0.1796,0
ID-006732,0,1,1,0,0.5972,1,0,1,0,1,1,0,0,0,0,1,0,1,0,0,0,1,0,1,0,1,0,0,1,0,0,0.3072,0.2468,0
ID-006733,0,1,0,1,0.4722,0,0,1,0,1,0,1,0,0,1,0,0,1,0,0,0,1,0,0,1,0,0,1,0,0,2,0.5168,0.2791,0
ID-006734,1,0,0,1,0.7083,1,0,0,1,0,1,0,0,1,0,0,0,1,0,0,0,1,0,1,0,1,0,0,2,0,0,0.7681,0.5696,0
ID-006735,1,1,0,1,0.8333,1,0,1,0,0,1,0,0,0,0,1,0,1,0,0,1,0,0,1,0,0,1,0,0,0,2,0.3653,0.3855,0
ID-006736,0,1,1,0,0.25,0,0,0,1,1,1,0,0,0,1,0,1,0,0,1,0,0,0,1,0,1,0,0,2,1,3,0.5846,0.1621,0
ID-006737,1,1,0,1,0.4444,0,1,0,0,2,1,0,0,0,1,0,1,0,0,0,1,0,0,0,1,0,1,0,1,0,0,0.0292,0.0789,0
ID-006738,0,0,0,0,0.5556,1,0,1,0,2,0,0,1,1,0,0,0,1,0,0,1,0,1,0,0,0,0,1,1,1,3,0.5903,0.363,0
ID-006739,1,1,0,0,0.8333,1,1,0,0,2,1,0,0,0,1,0,0,1,0,0,1,0,0,1,0,0,1,0,0,0,1,0.1289,0.2184,0
ID-006740,1,0,0,0,0.2639,1,0,0,1,2,0,0,1,1,0,0,1,0,0,1,0,0,0,0,1,1,0,0,0,1,2,0.1965,0.0843,0
ID-006741,1,0,1,1,0.8056,1,1,0,0,0,1,0,0,0,1,0,0,1,0,0,0,1,0,1,0,1,0,0,0,0,1,0.6202,0.5468,0
ID-006742,0,1,0,0,0.0278,0,0,1,0,1,0,1,0,1,0,0,0,1,0,0,0,1,1,0,0,1,0,0,2,1,1,0.1215,0.0071,0
ID-006743,1,1,0,0,0.5417,0,0,0,1,2,0,1,0,0,0,1,0,1,0,0,0,1,0,1,0,0,1,0,2,1,3,0.9373,0.5133,0
ID-006744,1,1,0,1,0.4028,0,0,0,1,2,0,1,0,1,0,0,0,1,0,1,0,0,0,1,0,0,1,0,0,1,3,0.1211,0.1029,0
ID-006745,1,1,0,1,0.2361,0,0,0,1,1,0,0,1,0,1,0,0,1,0,0,1,0,0,1,0,0,1,0,0,1,3,0.4315,0.1225,0
ID-006746,1,0,1,1,0.0417,1,0,0,1,0,0,1,0,0,0,1,1,0,0,1,0,0,0,0,1,0,1,0,2,0,2,0.3951,0.0203,0
ID-006747,0,1,1,0,0.3056,1,1,0,0,0,1,0,0,1,0,0,0,1,0,1,0,0,0,0,1,0,1,0,0,1,1,0.2871,0.1211,0
ID-006748,1,1,0,0,0.7222,1,1,0,0,1,1,0,0,0,0,1,1,0,0,0,1,0,0,0,1,0,0,1,1,0,1,1.0,0.7228,0
ID-006749,0,0,0,1,0.25,1,0,1,0,0,0,1,0,0,1,0,1,0,0,1,0,0,0,0,1,0,0,1,1,1,1,0.5531,0.1555,0
ID-006750,1,1,0,0,0.2917,0,0,1,0,0,0,0,1,0,0,1,0,0,1,0,1,0,0,1,0,0,1,0,2,1,1,0.3566,0.1328,0
ID-006751,1,0,1,0,0.5694,1,0,1,0,1,0,0,1,0,0,1,1,0,0,0,0,1,0,0,1,0,0,1,0,1,3,0.8388,0.4921,0
ID-006752,0,0,0,0,0.4028,1,0,1,0,1,0,0,1,0,0,1,0,1,0,0,1,0,0,0,1,0,0,1,0,0,0,0.6627,0.2879,0
ID-006753,1,1,0,1,0.0278,1,0,0,1,2,0,1,0,0,1,0,0,1,0,1,0,0,0,0,1,0,0,1,0,1,2,0.3272,0.012,0
ID-006754,0,1,0,0,0.3472,0,0,1,0,1,1,0,0,0,1,0,1,0,0,0,1,0,0,1,0,1,0,0,2,0,1,0.1869,0.1081,0
ID-006755,1,0,1,0,0.7917,0,0,1,0,2,0,0,1,1,0,0,1,0,0,0,0,1,0,0,1,0,0,1,1,0,2,0.22,0.2686,0
ID-006756,0,0,0,0,0.0972,0,0,0,1,0,1,0,0,0,0,1,0,1,0,1,0,0,0,0,1,0,0,1,0,0,1,0.8657,0.0862,0
ID-006757,1,0,1,1,0.5,1,0,1,0,0,0,0,1,0,1,0,1,0,0,1,0,0,1,0,0,0,0,1,1,1,0,0.8468,0.4354,0
ID-006758,0,0,0,1,0.875,0,0,1,0,2,0,1,0,0,1,0,1,0,0,0,1,0,0,0,1,1,0,0,2,1,0,0.6716,0.6321,0
ID-006759,1,1,1,1,0.8889,1,1,0,0,0,0,1,0,0,1,0,1,0,0,0,0,1,0,1,0,0,1,0,0,0,3,0.6246,0.6066,0
ID-006760,1,0,0,0,0.625,0,0,1,0,2,1,0,0,0,1,0,0,0,1,0,1,0,0,0,1,0,0,1,2,1,2,0.8141,0.527,0
ID-006761,1,1,1,1,0.0833,0,1,0,0,2,0,1,0,0,0,1,0,0,1,1,0,0,1,0,0,1,0,0,0,1,3,0.917,0.0775,0
ID-006762,0,1,0,0,0.5556,0,0,1,0,0,0,0,1,0,1,0,0,0,1,0,1,0,1,0,0,0,1,0,1,1,0,0.2335,0.1949,0
ID-006763,1,0,0,0,0.8333,0,1,0,0,0,0,1,0,1,0,0,1,0,0,0,0,1,0,1,0,0,1,0,1,1,3,0.3034,0.3417,0
ID-006764,0,1,0,0,0.7361,1,0,0,1,0,0,1,0,1,0,0,0,1,0,1,0,0,0,0,1,1,0,0,2,1,0,0.0792,0.1619,0
ID-006765,0,1,0,1,0.6944,0,1,0,0,2,1,0,0,0,1,0,1,0,0,0,1,0,0,1,0,0,0,1,0,0,2,0.0836,0.1553,0
ID-006766,1,1,0,0,0.5972,0,1,0,0,2,0,1,0,0,0,1,0,1,0,0,1,0,1,0,0,1,0,0,2,1,3,0.2009,0.193,0
ID-006767,0,1,1,0,0.8333,0,1,0,0,0,0,1,0,0,0,1,0,0,1,0,1,0,0,1,0,0,1,0,2,1,1,0.6141,0.5613,0
ID-006768,0,1,0,0,0.8611,0,0,1,0,2,1,0,0,0,1,0,0,0,1,0,0,1,0,0,1,0,1,0,2,1,0,0.7103,0.6503,0
ID-006769,0,0,1,0,1.0,0,0,0,1,1,1,0,0,0,0,1,0,0,1,0,0,1,0,0,1,0,0,1,2,1,1,0.501,0.5776,0
ID-006770,1,0,1,1,0.7917,1,0,0,1,1,0,0,1,1,0,0,0,0,1,0,1,0,1,0,0,0,1,0,2,1,2,0.3587,0.3618,0
ID-006771,0,0,0,0,0.5556,1,0,1,0,1,1,0,0,0,1,0,0,1,0,1,0,0,0,1,0,0,1,0,1,0,3,0.2248,0.1908,0
ID-006772,1,1,1,0,0.4861,1,1,0,0,2,0,0,1,1,0,0,1,0,0,0,1,0,1,0,0,0,0,1,1,0,2,0.4562,0.2624,0
ID-006773,0,1,0,0,0.3611,0,0,1,0,1,0,1,0,0,1,0,1,0,0,1,0,0,1,0,0,0,0,1,1,0,1,0.6184,0.2445,0
ID-006774,1,1,0,1,0.4028,0,0,0,1,1,0,1,0,1,0,0,0,0,1,0,0,1,0,1,0,0,0,1,1,1,3,0.9004,0.3691,0
ID-006775,1,0,1,0,0.125,0,0,0,1,0,0,0,1,0,1,0,0,0,1,0,0,1,0,0,1,1,0,0,0,0,2,0.2494,0.0455,0
ID-006776,0,0,1,1,0.6528,1,1,0,0,0,0,0,1,0,1,0,1,0,0,1,0,0,0,0,1,1,0,0,1,0,0,0.4641,0.3567,0
ID-006777,1,1,1,0,0.3333,1,0,1,0,1,1,0,0,0,1,0,0,1,0,1,0,0,1,0,0,1,0,0,2,1,0,0.5644,0.2105,0
ID-006778,1,1,1,1,0.75,1,0,1,0,1,0,0,1,0,0,1,1,0,0,1,0,0,0,1,0,0,1,0,0,1,2,0.0907,0.1723,0
ID-006779,1,0,1,1,0.3889,1,0,0,1,0,0,0,1,0,0,1,0,1,0,1,0,0,0,0,1,1,0,0,2,0,0,0.1032,0.0935,0
ID-006780,1,1,1,0,0.3056,0,1,0,0,2,0,1,0,0,1,0,0,0,1,1,0,0,0,1,0,0,0,1,1,0,1,0.7302,0.2359,0
ID-006781,1,1,1,0,0.4722,1,1,0,0,2,0,0,1,1,0,0,0,1,0,1,0,0,0,1,0,1,0,0,0,0,0,0.5465,0.291,0
ID-006782,1,1,0,1,0.9444,0,0,1,0,1,0,1,0,0,1,0,0,0,1,0,0,1,1,0,0,1,0,0,1,0,0,0.8094,0.7926,0
ID-006783,0,0,0,0,0.4306,0,0,1,0,2,0,0,1,1,0,0,0,1,0,0,0,1,0,0,1,1,0,0,1,1,1,0.9508,0.413,0
ID-006784,0,0,1,1,0.5,1,0,1,0,1,0,1,0,0,0,1,1,0,0,0,0,1,0,1,0,0,0,1,1,0,0,0.5281,0.3003,0
ID-006785,1,1,0,1,0.9444,0,0,0,1,2,0,1,0,0,0,1,1,0,0,0,1,0,1,0,0,0,1,0,1,1,3,0.6255,0.6453,0
ID-006786,1,1,0,0,0.0833,0,1,0,0,1,0,1,0,1,0,0,0,1,0,0,1,0,0,1,0,0,1,0,2,1,1,0.3845,0.0399,0
ID-006787,1,1,0,0,0.9167,1,1,0,0,1,1,0,0,1,0,0,0,0,1,0,0,1,1,0,0,0,0,1,1,1,1,0.6098,0.6141,0
ID-006788,0,0,1,0,0.1528,1,1,0,0,0,0,1,0,0,0,1,0,1,0,0,0,1,0,1,0,0,1,0,1,0,0,0.6869,0.1123,0
ID-006789,0,1,1,0,0.0417,0,0,1,0,0,0,1,0,0,0,1,0,0,1,0,1,0,0,1,0,0,0,1,1,0,0,0.4782,0.0233,0
ID-006790,0,0,1,1,0.2222,1,0,0,1,0,1,0,0,0,0,1,1,0,0,0,1,0,0,0,1,0,1,0,1,0,2,0.0043,0.0348,0
ID-006791,0,0,0,0,0.0833,0,1,0,0,0,0,0,1,1,0,0,1,0,0,1,0,0,0,1,0,0,1,0,1,1,3,0.8041,0.0696,0
ID-006792,0,1,1,0,0.5833,0,1,0,0,1,1,0,0,1,0,0,0,0,1,0,1,0,0,0,1,0,1,0,0,0,1,0.9038,0.5362,0
ID-006793,1,1,0,0,0.6667,0,1,0,0,1,0,0,1,0,1,0,0,0,1,0,0,1,1,0,0,1,0,0,1,1,2,0.3497,0.2996,0
ID-006794,0,0,1,0,0.7639,1,0,1,0,0,0,0,1,1,0,0,0,0,1,1,0,0,0,1,0,0,1,0,1,1,1,0.3208,0.3245,0
ID-006795,1,0,1,0,0.9167,0,1,0,0,0,0,1,0,1,0,0,0,1,0,1,0,0,1,0,0,1,0,0,1,0,0,0.5229,0.5465,0
ID-006796,1,0,0,1,0.4167,1,0,1,0,1,0,1,0,0,1,0,1,0,0,0,0,1,0,1,0,0,1,0,1,1,2,0.8363,0.3592,0
ID-006797,1,1,1,1,0.7222,1,0,1,0,1,0,1,0,1,0,0,1,0,0,0,1,0,0,1,0,0,0,1,0,1,3,0.6576,0.5131,0
ID-006798,1,0,1,0,0.9722,1,1,0,0,2,0,0,1,0,1,0,0,0,1,1,0,0,0,1,0,0,1,0,0,1,0,0.1,0.231,0
ID-006799,0,1,0,0,0.625,1,1,0,0,1,0,1,0,0,0,1,0,0,1,1,0,0,1,0,0,0,1,0,0,1,1,0.6068,0.4171,0
ID-006800,1,0,1,0,0.25,1,0,0,1,0,1,0,0,0,0,1,0,1,0,1,0,0,0,1,0,0,1,0,1,0,0,0.7898,0.2057,0
ID-006801,0,0,0,0,0.4306,1,1,0,0,2,0,0,1,0,0,1,1,0,0,0,0,1,0,0,1,0,0,1,1,0,3,0.7993,0.3577,0
ID-006802,1,0,0,0,0.7639,0,0,1,0,0,0,1,0,1,0,0,1,0,0,1,0,0,0,0,1,1,0,0,0,1,0,0.2495,0.2783,0
ID-006803,0,1,1,0,0.6528,0,0,1,0,1,1,0,0,1,0,0,0,1,0,1,0,0,0,1,0,0,1,0,2,1,3,0.5728,0.4168,0
ID-006804,0,0,1,0,0.4583,1,1,0,0,1,0,1,0,0,0,1,0,1,0,0,0,1,0,1,0,0,1,0,0,1,1,0.616,0.3095,0
ID-006805,1,1,1,1,0.3472,1,0,0,1,0,0,1,0,0,1,0,0,0,1,1,0,0,0,0,1,1,0,0,0,0,2,0.4581,0.188,0
ID-006806,0,1,1,1,0.9444,1,0,0,1,1,1,0,0,1,0,0,0,0,1,0,0,1,0,1,0,0,0,1,2,1,0,0.6322,0.6506,0
ID-006807,1,1,0,1,0.375,0,0,1,0,0,0,1,0,0,0,1,0,1,0,0,1,0,0,1,0,1,0,0,2,1,2,0.0917,0.0865,0
ID-006808,0,0,0,1,0.8333,0,0,0,1,0,1,0,0,1,0,0,0,0,1,0,0,1,1,0,0,0,1,0,0,0,3,0.0367,0.1533,0
ID-006809,1,0,1,0,0.2361,0,1,0,0,1,0,0,1,0,0,1,0,0,1,0,0,1,0,1,0,0,1,0,1,0,2,0.8588,0.208,0
ID-006810,1,1,1,0,0.9583,1,0,0,1,1,1,0,0,1,0,0,0,0,1,1,0,0,1,0,0,0,0,1,2,0,3,0.9466,0.9157,0
ID-006811,1,0,0,1,0.7222,0,0,0,1,2,1,0,0,0,1,0,0,0,1,0,0,1,0,1,0,1,0,0,2,0,0,0.1479,0.201,0
ID-006812,1,1,0,0,0.0833,0,1,0,0,1,0,0,1,0,0,1,0,0,1,0,1,0,0,0,1,0,0,1,2,0,1,0.5909,0.0545,0
ID-006813,1,0,0,1,0.4167,1,0,0,1,0,1,0,0,0,1,0,0,1,0,0,0,1,0,1,0,0,0,1,2,0,2,0.0195,0.0706,0
ID-006814,1,0,1,0,0.375,0,1,0,0,0,0,1,0,0,1,0,1,0,0,1,0,0,0,0,1,0,0,1,2,1,2,0.2074,0.1232,0
ID-006815,1,1,1,1,0.8056,1,1,0,0,0,0,1,0,0,1,0,0,1,0,0,1,0,0,0,1,1,0,0,0,1,2,0.7056,0.6051,0
ID-006816,0,0,0,1,0.1389,1,1,0,0,0,0,0,1,1,0,0,1,0,0,0,1,0,0,0,1,0,0,1,2,0,3,0.0431,0.0263,0
ID-006817,0,1,0,1,0.75,0,0,0,1,1,1,0,0,0,1,0,0,1,0,1,0,0,1,0,0,1,0,0,1,0,3,0.0754,0.1626,0
ID-006818,0,1,1,0,0.7917,0,1,0,0,1,1,0,0,0,1,0,0,0,1,0,1,0,1,0,0,0,1,0,2,0,0,0.586,0.5144,0
ID-006819,0,1,0,1,0.5833,0,0,1,0,1,0,1,0,0,1,0,0,1,0,1,0,0,0,0,1,1,0,0,1,0,2,0.4334,0.3035,0
ID-006820,1,1,0,1,0.7083,0,0,0,1,1,1,0,0,1,0,0,0,1,0,0,1,0,1,0,0,1,0,0,0,0,1,0.6694,0.5103,0
ID-006821,1,1,1,0,0.5278,1,0,0,1,2,0,1,0,1,0,0,1,0,0,0,1,0,1,0,0,0,0,1,0,1,2,0.8238,0.4494,0
ID-006822,1,1,1,1,0.875,0,0,0,1,2,0,1,0,0,1,0,0,1,0,0,1,0,0,0,1,0,1,0,1,1,0,0.0619,0.1796,0
ID-006823,1,0,0,1,0.75,0,0,1,0,2,0,1,0,0,0,1,0,1,0,1,0,0,0,0,1,0,0,1,1,0,0,0.4207,0.3822,0
ID-006824,1,0,0,1,0.2222,1,1,0,0,0,0,0,1,0,1,0,0,1,0,1,0,0,0,0,1,1,0,0,0,1,2,0.2861,0.0879,0
ID-006825,1,1,0,1,0.8472,1,0,1,0,0,0,0,1,0,1,0,1,0,0,0,0,1,0,1,0,0,0,1,0,0,0,0.0595,0.1722,0
ID-006826,1,1,0,1,0.6528,0,0,0,1,0,0,1,0,0,0,1,0,0,1,0,0,1,0,1,0,0,0,1,2,1,1,0.8029,0.5442,0
ID-006827,0,0,1,1,0.0694,0,0,1,0,0,0,1,0,0,0,1,0,1,0,1,0,0,1,0,0,0,0,1,0,0,2,0.1805,0.0212,0
ID-006828,1,1,1,0,0.5833,1,1,0,0,2,0,1,0,1,0,0,0,1,0,1,0,0,1,0,0,0,0,1,1,0,0,0.2721,0.2237,0
ID-006829,1,0,1,0,0.0,0,0,1,0,1,1,0,0,0,1,0,1,0,0,1,0,0,0,0,1,0,0,1,1,1,0,0.4565,0.0,0
ID-006830,1,1,0,1,0.0972,1,1,0,0,1,0,0,1,1,0,0,1,0,0,1,0,0,0,0,1,0,1,0,2,0,3,0.5664,0.0616,0
ID-006831,0,0,1,0,0.25,0,0,0,1,1,0,1,0,1,0,0,1,0,0,1,0,0,0,0,1,0,0,1,1,1,0,0.4632,0.1364,0
ID-006832,0,1,0,0,0.1389,1,0,0,1,2,1,0,0,1,0,0,0,0,1,1,0,0,0,0,1,1,0,0,0,1,1,0.1742,0.0417,0
ID-006833,0,1,0,0,0.5,0,1,0,0,1,0,0,1,0,1,0,1,0,0,0,1,0,1,0,0,1,0,0,0,0,0,0.1264,0.13,0
ID-006834,0,0,0,1,0.3056,1,0,0,1,2,1,0,0,0,0,1,0,0,1,1,0,0,0,1,0,1,0,0,0,0,2,0.2594,0.1139,0
ID-006835,0,1,1,0,0.3194,1,1,0,0,1,1,0,0,0,0,1,1,0,0,0,0,1,1,0,0,0,0,1,0,0,1,0.0054,0.0503,0
ID-006836,1,1,1,0,0.2083,0,0,1,0,1,0,0,1,0,1,0,0,1,0,1,0,0,0,1,0,0,0,1,0,0,1,0.5048,0.121,0
ID-006837,1,1,1,0,0.5556,0,0,0,1,0,0,0,1,0,1,0,1,0,0,0,0,1,0,1,0,1,0,0,0,0,0,0.3732,0.2607,0
ID-006838,0,0,0,1,0.0694,1,0,1,0,2,0,0,1,0,1,0,0,1,0,0,0,1,0,1,0,0,1,0,2,1,2,0.9244,0.065,0
ID-006839,1,0,0,0,0.4861,0,1,0,0,1,0,0,1,0,0,1,1,0,0,1,0,0,1,0,0,0,0,1,1,0,2,0.3859,0.2334,0
ID-006840,1,1,1,0,0.0694,0,0,1,0,1,0,0,1,1,0,0,1,0,0,0,0,1,1,0,0,0,1,0,2,0,1,0.0743,0.015,0
ID-006841,0,0,1,1,0.8194,0,0,1,0,1,1,0,0,1,0,0,0,1,0,1,0,0,1,0,0,0,1,0,2,0,1,0.6036,0.5447,0
ID-006842,0,0,1,0,0.7917,1,1,0,0,2,0,0,1,1,0,0,1,0,0,0,0,1,1,0,0,0,0,1,0,0,3,0.4889,0.4492,0
ID-006843,1,0,0,1,0.4306,0,0,1,0,0,0,1,0,0,1,0,0,0,1,0,1,0,0,0,1,0,0,1,0,0,1,0.4501,0.2301,0
ID-006844,1,0,0,1,0.8056,0,0,1,0,0,0,0,1,0,0,1,0,1,0,0,1,0,0,0,1,0,0,1,0,1,0,0.8269,0.688,0
ID-006845,1,0,0,1,0.9167,0,0,1,0,0,1,0,0,1,0,0,1,0,0,0,1,0,1,0,0,0,0,1,1,0,1,0.0593,0.1862,0
ID-006846,1,0,0,0,0.125,1,0,1,0,1,0,1,0,0,1,0,0,0,1,0,1,0,0,1,0,0,1,0,0,1,1,0.8924,0.1137,0
ID-006847,1,0,0,1,0.5694,1,0,0,1,2,0,0,1,1,0,0,1,0,0,0,1,0,1,0,0,0,0,1,2,1,2,0.2874,0.2258,0
ID-006848,0,0,0,0,0.2917,0,0,1,0,1,0,0,1,0,1,0,1,0,0,1,0,0,0,1,0,1,0,0,1,0,2,0.4926,0.1664,0
ID-006849,0,1,1,0,0.7222,0,0,0,1,1,0,0,1,0,1,0,0,1,0,0,0,1,1,0,0,1,0,0,2,1,1,0.3186,0.3055,0
ID-006850,1,0,0,1,0.5972,0,1,0,0,0,0,1,0,0,1,0,0,0,1,1,0,0,0,0,1,1,0,0,1,1,3,0.4961,0.3425,0
ID-006851,0,1,1,1,0.5972,0,0,0,1,1,0,1,0,1,0,0,0,1,0,0,0,1,0,1,0,0,0,1,0,0,1,0.9245,0.5595,0
ID-006852,0,1,0,1,0.9306,1,0,1,0,1,1,0,0,1,0,0,1,0,0,0,0,1,0,1,0,0,0,1,1,1,3,0.9726,0.9097,0
ID-006853,1,1,0,0,0.4028,0,0,1,0,1,0,1,0,0,0,1,0,1,0,0,1,0,1,0,0,0,1,0,0,1,0,0.2205,0.1368,0
ID-006854,0,0,1,0,0.875,0,0,1,0,0,0,0,1,0,1,0,1,0,0,1,0,0,1,0,0,0,0,1,2,0,2,0.1221,0.2243,0
ID-006855,1,1,0,0,0.2222,0,0,0,1,0,0,0,1,0,0,1,1,0,0,0,1,0,0,1,0,1,0,0,0,0,0,0.1658,0.0652,0
ID-006856,0,1,1,1,0.4583,0,1,0,0,1,0,0,1,0,0,1,0,0,1,1,0,0,1,0,0,1,0,0,0,1,1,0.0521,0.0903,0
ID-006857,1,0,0,0,0.6111,1,0,1,0,0,1,0,0,0,0,1,0,1,0,1,0,0,0,1,0,0,0,1,1,0,3,0.065,0.1271,0
ID-006858,0,1,1,1,0.7083,1,1,0,0,2,0,1,0,1,0,0,0,1,0,0,0,1,0,0,1,0,1,0,2,1,3,0.9017,0.6499,0
ID-006859,1,1,1,0,0.7639,1,0,1,0,2,0,0,1,0,0,1,1,0,0,0,1,0,0,1,0,1,0,0,1,0,0,0.9536,0.7345,0
ID-006860,1,0,1,1,0.5694,1,0,0,1,2,0,0,1,0,0,1,0,1,0,0,0,1,1,0,0,0,0,1,1,1,1,0.7027,0.4264,0
ID-006861,0,1,1,0,0.9306,1,1,0,0,1,1,0,0,0,1,0,0,0,1,0,0,1,1,0,0,1,0,0,1,1,3,0.9487,0.8908,0
ID-006862,1,0,0,1,0.9444,0,0,0,1,0,0,0,1,1,0,0,1,0,0,0,0,1,0,1,0,0,1,0,1,0,3,0.0265,0.1655,0
ID-006863,1,1,1,0,0.9861,0,1,0,0,2,0,1,0,0,0,1,0,1,0,0,0,1,0,0,1,0,1,0,1,1,1,0.6243,0.6727,0
ID-006864,1,0,0,1,0.125,1,0,1,0,0,0,0,1,1,0,0,1,0,0,0,1,0,0,1,0,0,0,1,2,0,3,0.6609,0.0892,0
ID-006865,0,0,0,1,0.2917,0,1,0,0,1,1,0,0,0,0,1,1,0,0,0,1,0,1,0,0,0,0,1,2,1,2,0.0016,0.045,0
ID-006866,0,1,1,1,0.5417,1,1,0,0,2,0,1,0,1,0,0,0,1,0,0,1,0,0,1,0,1,0,0,0,0,0,0.3292,0.234,0
ID-006867,1,1,1,0,0.0139,0,0,0,1,0,0,0,1,0,1,0,0,0,1,0,0,1,1,0,0,0,0,1,2,0,2,0.3619,0.0064,0
ID-006868,0,0,1,1,0.8611,0,0,0,1,2,0,1,0,1,0,0,0,1,0,0,0,1,0,1,0,0,0,1,0,1,0,0.5001,0.4967,0
ID-006869,0,0,1,1,0.8472,1,0,0,1,0,0,0,1,0,0,1,0,1,0,1,0,0,1,0,0,0,1,0,1,1,2,0.1403,0.2303,0
ID-006870,0,1,0,0,0.1389,1,0,0,1,1,0,0,1,1,0,0,0,1,0,0,1,0,0,0,1,0,0,1,0,0,0,0.5568,0.0868,0
ID-006871,1,1,0,1,0.3194,0,1,0,0,2,1,0,0,0,0,1,1,0,0,1,0,0,0,1,0,0,1,0,1,1,1,0.1308,0.0843,0
ID-006872,0,1,0,0,0.3472,0,0,1,0,2,1,0,0,0,1,0,0,0,1,0,1,0,0,0,1,1,0,0,2,0,3,0.7868,0.2847,0
ID-006873,0,0,1,0,0.8611,0,1,0,0,2,1,0,0,0,0,1,0,0,1,0,1,0,0,0,1,0,1,0,2,1,3,0.3757,0.4059,0
ID-006874,1,1,0,0,0.2222,0,0,0,1,1,0,1,0,1,0,0,1,0,0,0,0,1,0,1,0,0,0,1,0,1,2,0.7769,0.1804,0
ID-006875,1,1,0,0,0.4583,0,1,0,0,0,1,0,0,0,1,0,0,0,1,0,1,0,0,1,0,0,1,0,0,0,1,0.177,0.1388,0
ID-006876,0,1,1,1,0.7361,1,1,0,0,2,0,0,1,1,0,0,1,0,0,0,1,0,0,0,1,0,1,0,2,0,1,0.9246,0.6897,0
ID-006877,1,0,0,1,0.75,0,0,0,1,1,0,1,0,1,0,0,0,0,1,0,0,1,1,0,0,0,0,1,1,1,1,0.6442,0.5243,0
ID-006878,0,0,0,0,0.5556,0,1,0,0,2,0,1,0,0,0,1,0,1,0,0,0,1,1,0,0,1,0,0,2,0,0,0.1468,0.1541,0
ID-006879,0,0,0,1,0.5694,0,0,1,0,0,0,1,0,1,0,0,1,0,0,1,0,0,1,0,0,0,0,1,1,1,1,0.6619,0.4066,0
ID-006880,0,0,0,1,0.8472,0,0,0,1,1,0,1,0,0,1,0,0,1,0,0,0,1,0,0,1,0,0,1,2,0,0,0.0807,0.1874,0
ID-006881,1,0,1,0,0.5278,0,1,0,0,0,1,0,0,0,0,1,1,0,0,1,0,0,1,0,0,0,0,1,1,0,1,0.0588,0.107,0
ID-006882,0,1,0,1,0.7778,0,0,0,1,1,0,1,0,1,0,0,0,1,0,1,0,0,0,1,0,1,0,0,1,1,2,0.024,0.1347,0
ID-006883,0,1,1,0,0.0278,1,0,0,1,0,0,0,1,1,0,0,0,1,0,1,0,0,0,0,1,1,0,0,1,0,1,0.4746,0.0154,0
ID-006884,1,1,1,1,0.6667,1,0,1,0,1,1,0,0,1,0,0,0,0,1,0,1,0,1,0,0,0,1,0,1,0,0,0.0778,0.1459,0
ID-006885,0,0,1,1,0.2778,0,0,0,1,0,0,0,1,0,1,0,1,0,0,0,0,1,0,1,0,1,0,0,1,0,3,0.2912,0.111,0
ID-006886,1,1,0,1,0.5417,1,1,0,0,2,0,1,0,0,0,1,1,0,0,1,0,0,0,0,1,1,0,0,1,1,1,0.0815,0.1202,0
ID-006887,1,1,1,1,0.9167,1,0,0,1,0,0,0,1,0,0,1,0,1,0,0,0,1,0,1,0,0,0,1,0,1,2,0.5229,0.5465,0
ID-006888,0,0,1,0,0.5417,0,0,0,1,2,0,0,1,1,0,0,0,0,1,1,0,0,0,1,0,0,1,0,0,0,1,0.0113,0.0879,0
ID-006889,0,1,1,0,0.3333,0,1,0,0,1,1,0,0,0,1,0,1,0,0,1,0,0,0,1,0,0,1,0,0,0,0,0.1746,0.1003,0
ID-006890,1,0,1,1,0.5694,1,0,1,0,2,0,1,0,0,0,1,1,0,0,0,0,1,0,0,1,0,1,0,2,0,0,0.829,0.4874,0
ID-006891,1,1,1,1,0.1667,0,0,1,0,1,1,0,0,1,0,0,0,0,1,1,0,0,0,1,0,1,0,0,0,0,1,0.1237,0.043,0
ID-006892,1,0,1,1,0.8194,0,1,0,0,0,0,1,0,0,1,0,0,0,1,0,0,1,1,0,0,0,0,1,0,1,0,0.1364,0.22,0
ID-006893,1,1,1,0,0.5556,1,1,0,0,2,0,0,1,0,0,1,0,1,0,0,1,0,0,0,1,1,0,0,0,0,3,0.4122,0.2791,0
ID-006894,1,0,0,0,0.5417,0,0,1,0,0,1,0,0,0,0,1,1,0,0,0,1,0,1,0,0,0,1,0,0,1,0,0.0218,0.0928,0
ID-006895,0,1,1,0,1.0,1,0,0,1,1,0,1,0,0,0,1,0,1,0,1,0,0,0,0,1,0,0,1,0,0,1,0.0241,0.1732,0
ID-006896,0,0,1,1,0.7778,1,1,0,0,0,0,1,0,0,0,1,0,1,0,0,1,0,0,0,1,0,0,1,0,0,3,0.6314,0.5353,0
ID-006897,0,0,0,1,0.0,1,0,0,1,1,0,1,0,0,1,0,1,0,0,0,0,1,0,0,1,0,0,1,0,1,0,0.9202,0.0,0
ID-006898,0,0,0,1,0.2639,0,1,0,0,1,0,0,1,1,0,0,1,0,0,0,1,0,1,0,0,0,1,0,1,0,1,0.9674,0.2568,0
ID-006899,0,0,1,1,0.5833,0,0,0,1,1,1,0,0,0,1,0,1,0,0,0,1,0,1,0,0,1,0,0,0,0,2,0.1328,0.1548,0
ID-006900,1,0,1,1,0.0417,0,0,1,0,0,0,1,0,0,1,0,1,0,0,1,0,0,0,0,1,0,0,1,0,0,3,0.262,0.0156,0
ID-006901,0,0,1,0,0.9722,1,1,0,0,1,0,1,0,1,0,0,1,0,0,0,0,1,1,0,0,0,0,1,1,0,0,0.4817,0.5457,0
ID-006902,0,1,1,1,0.0972,0,0,0,1,1,1,0,0,0,1,0,0,1,0,0,0,1,0,1,0,0,0,1,2,0,3,0.2812,0.038,0
ID-006903,0,0,0,1,0.0417,0,1,0,0,0,1,0,0,1,0,0,1,0,0,1,0,0,1,0,0,1,0,0,1,0,3,0.7712,0.0336,0
ID-006904,0,0,0,1,0.8194,1,0,0,1,1,0,0,1,0,1,0,1,0,0,0,0,1,0,0,1,0,1,0,1,1,2,0.5088,0.4788,0
ID-006905,1,0,0,0,0.3611,1,0,0,1,1,0,1,0,1,0,0,1,0,0,0,1,0,1,0,0,1,0,0,2,1,2,0.3195,0.153,0
ID-006906,0,0,1,1,0.5139,0,0,0,1,2,0,1,0,1,0,0,0,1,0,0,1,0,0,0,1,0,0,1,0,0,2,0.5445,0.3158,0
ID-006907,0,1,1,1,0.8194,1,0,1,0,1,1,0,0,0,1,0,1,0,0,1,0,0,0,0,1,0,1,0,2,1,0,0.5231,0.4887,0
ID-006908,1,0,0,1,0.75,1,1,0,0,2,0,1,0,0,1,0,1,0,0,0,0,1,0,0,1,1,0,0,0,0,1,0.7063,0.5638,0
ID-006909,0,1,0,1,0.6111,1,0,1,0,2,0,1,0,1,0,0,0,1,0,0,0,1,1,0,0,0,0,1,1,0,0,0.1252,0.1583,0
ID-006910,0,1,1,0,0.9861,1,0,0,1,2,1,0,0,0,1,0,0,1,0,0,1,0,1,0,0,0,1,0,1,1,3,0.1355,0.264,0
ID-006911,0,1,0,1,0.125,1,0,0,1,0,0,1,0,0,1,0,1,0,0,1,0,0,0,1,0,1,0,0,0,1,3,0.5266,0.0749,0
ID-006912,0,1,0,1,0.6944,0,1,0,0,0,0,1,0,1,0,0,0,0,1,1,0,0,0,1,0,1,0,0,1,0,1,0.9821,0.6845,0
ID-006913,1,0,0,1,0.5417,0,0,0,1,0,0,1,0,1,0,0,1,0,0,0,1,0,0,1,0,0,1,0,1,1,3,0.2721,0.2077,0
ID-006914,0,1,0,0,0.7361,1,0,0,1,2,1,0,0,1,0,0,1,0,0,0,0,1,0,0,1,1,0,0,1,1,1,0.2221,0.2511,0
ID-006915,1,0,1,0,0.375,1,0,1,0,2,1,0,0,0,1,0,0,1,0,0,0,1,0,1,0,1,0,0,0,1,1,0.2275,0.1296,0
ID-006916,0,0,0,0,0.9444,1,1,0,0,0,1,0,0,1,0,0,1,0,0,0,1,0,0,1,0,0,0,1,0,0,1,0.8982,0.8637,0
ID-006917,1,1,0,0,0.2361,0,0,1,0,2,0,1,0,0,0,1,0,1,0,0,1,0,0,0,1,0,1,0,0,0,2,0.7494,0.1861,0
ID-006918,0,0,0,1,0.5556,1,0,0,1,1,1,0,0,0,0,1,1,0,0,0,0,1,0,0,1,0,0,1,0,1,3,0.9571,0.5358,0
ID-006919,1,0,0,1,0.1389,1,0,0,1,0,1,0,0,0,1,0,0,0,1,0,0,1,0,1,0,0,0,1,1,0,3,0.2982,0.0563,0
ID-006920,1,1,1,1,0.25,0,0,0,1,2,1,0,0,1,0,0,1,0,0,0,1,0,0,1,0,1,0,0,1,0,3,0.1077,0.061,0
ID-006921,1,0,0,1,0.2639,0,1,0,0,1,0,0,1,0,0,1,0,0,1,1,0,0,0,1,0,0,0,1,1,0,0,0.1114,0.0653,0
ID-006922,1,0,1,0,0.3056,0,1,0,0,1,0,1,0,0,1,0,1,0,0,0,0,1,0,1,0,1,0,0,2,0,0,0.2859,0.1208,0
ID-006923,0,1,1,0,0.9028,0,0,1,0,0,0,1,0,1,0,0,1,0,0,0,1,0,1,0,0,0,1,0,1,0,0,0.4413,0.4758,0
ID-006924,0,1,0,1,1.0,0,0,0,1,0,0,0,1,0,0,1,1,0,0,0,1,0,0,0,1,0,1,0,1,0,2,0.1673,0.2946,0
ID-006925,0,1,0,0,0.5,1,0,1,0,2,1,0,0,1,0,0,0,1,0,0,0,1,0,0,1,1,0,0,1,1,1,0.1373,0.1346,0
ID-006926,0,0,1,0,0.5417,1,1,0,0,1,1,0,0,0,0,1,0,0,1,0,1,0,1,0,0,0,1,0,1,1,1,0.735,0.4204,0
ID-006927,0,1,0,0,0.1528,0,1,0,0,0,0,1,0,0,0,1,1,0,0,1,0,0,0,1,0,0,0,1,1,1,1,0.7339,0.1184,0
ID-006928,1,1,0,1,0.9028,1,0,1,0,2,1,0,0,0,1,0,1,0,0,1,0,0,0,1,0,0,1,0,2,1,3,0.5091,0.5277,0
ID-006929,1,1,0,1,0.2222,1,0,1,0,2,0,0,1,1,0,0,0,0,1,0,1,0,0,0,1,0,1,0,1,0,0,0.2892,0.0885,0
ID-006930,0,1,1,1,0.9444,0,1,0,0,0,0,1,0,0,0,1,1,0,0,1,0,0,0,1,0,1,0,0,2,0,1,0.9345,0.8928,0
ID-006931,0,0,1,1,0.3889,0,0,1,0,2,1,0,0,0,0,1,0,0,1,0,1,0,0,0,1,0,1,0,0,0,2,0.6239,0.2652,0
ID-006932,0,1,0,1,0.3889,0,1,0,0,1,0,0,1,0,0,1,0,0,1,1,0,0,1,0,0,0,1,0,0,1,3,0.684,0.285,0
ID-006933,0,1,1,1,0.5139,0,0,1,0,1,0,1,0,0,0,1,1,0,0,1,0,0,0,0,1,0,0,1,2,1,2,0.9274,0.4827,0
ID-006934,0,1,0,0,0.7361,0,0,0,1,2,0,1,0,0,0,1,0,0,1,0,1,0,0,0,1,0,1,0,1,1,1,0.1212,0.1881,0
ID-006935,1,1,0,1,0.1667,1,0,1,0,1,1,0,0,0,0,1,0,1,0,1,0,0,0,0,1,1,0,0,0,0,3,0.5324,0.1007,0
ID-006936,0,1,1,0,0.0278,0,1,0,0,0,0,0,1,1,0,0,0,1,0,0,1,0,1,0,0,1,0,0,2,0,0,0.6703,0.02,0
ID-006937,1,1,0,0,0.8611,1,0,0,1,0,1,0,0,0,1,0,1,0,0,0,1,0,0,0,1,0,1,0,0,1,0,0.9439,0.8209,0
ID-006938,1,0,0,0,0.8333,1,0,0,1,1,0,1,0,1,0,0,0,1,0,1,0,0,0,1,0,0,1,0,1,0,3,0.3009,0.34,0
ID-006939,1,0,1,1,0.625,0,0,1,0,1,0,0,1,0,0,1,1,0,0,1,0,0,0,0,1,1,0,0,0,0,2,0.7892,0.5138,0
ID-006940,1,1,1,0,0.2222,1,0,0,1,1,0,1,0,0,0,1,0,1,0,0,1,0,0,0,1,1,0,0,1,1,1,0.9435,0.2118,0
ID-006941,1,0,1,1,0.125,1,1,0,0,0,1,0,0,0,1,0,0,0,1,1,0,0,1,0,0,0,0,1,0,0,0,0.6066,0.0834,0
ID-006942,0,0,1,0,0.8472,1,0,1,0,2,1,0,0,0,1,0,0,1,0,0,0,1,0,0,1,1,0,0,1,0,0,0.4525,0.4546,0
ID-006943,0,1,0,1,0.7083,1,0,0,1,1,0,1,0,0,0,1,1,0,0,1,0,0,0,0,1,1,0,0,0,1,0,0.3242,0.303,0
ID-006944,0,0,1,0,0.8333,1,1,0,0,2,0,1,0,0,1,0,0,0,1,0,0,1,1,0,0,1,0,0,0,1,3,0.8462,0.7253,0
ID-006945,1,1,1,1,0.1667,0,0,1,0,1,0,0,1,0,0,1,0,0,1,1,0,0,1,0,0,1,0,0,0,1,2,0.2317,0.0582,0
ID-006946,1,1,0,1,0.3333,0,1,0,0,2,0,1,0,1,0,0,1,0,0,1,0,0,1,0,0,1,0,0,0,1,2,0.8623,0.2947,0
ID-006947,1,1,0,1,0.5278,1,0,1,0,0,0,0,1,1,0,0,1,0,0,0,0,1,0,0,1,0,1,0,2,1,2,0.5006,0.3047,0
ID-006948,1,0,1,0,0.5833,1,0,0,1,2,1,0,0,1,0,0,1,0,0,0,0,1,0,0,1,1,0,0,1,1,2,0.4484,0.311,0
ID-006949,1,1,0,1,0.0972,0,0,0,1,2,1,0,0,0,1,0,1,0,0,1,0,0,1,0,0,0,1,0,1,1,3,0.3149,0.0408,0
ID-006950,0,0,0,1,0.0556,1,0,1,0,0,0,0,1,0,0,1,1,0,0,0,1,0,0,0,1,0,1,0,1,1,3,0.0725,0.0119,0
ID-006951,0,0,0,0,0.1667,0,1,0,0,2,1,0,0,0,0,1,0,1,0,0,0,1,0,1,0,0,0,1,2,1,3,0.9434,0.1588,0
ID-006952,1,0,0,0,0.5139,1,0,0,1,0,0,0,1,0,1,0,0,1,0,0,0,1,0,1,0,0,0,1,1,1,2,0.8567,0.4519,0
ID-006953,1,0,1,0,0.0556,0,0,1,0,1,1,0,0,0,0,1,0,1,0,0,1,0,0,1,0,0,1,0,0,1,1,0.6237,0.0379,0
ID-006954,1,0,1,0,0.5556,0,0,1,0,2,0,1,0,0,0,1,0,1,0,0,0,1,1,0,0,0,1,0,2,0,2,0.7436,0.4352,0
ID-006955,0,0,0,1,0.2361,1,1,0,0,0,0,1,0,1,0,0,1,0,0,0,1,0,1,0,0,0,0,1,0,1,2,0.0537,0.0468,0
ID-006956,0,1,0,1,0.0139,1,1,0,0,0,0,0,1,1,0,0,0,1,0,1,0,0,0,0,1,1,0,0,2,1,0,0.2942,0.0056,0
ID-006957,0,1,0,0,0.4861,1,1,0,0,0,0,0,1,0,0,1,0,0,1,0,1,0,1,0,0,0,0,1,0,0,1,0.3768,0.2296,0
ID-006958,0,0,1,0,0.9861,1,1,0,0,1,1,0,0,0,1,0,1,0,0,0,1,0,0,1,0,0,1,0,0,1,0,0.3985,0.4839,0
ID-006959,1,0,1,0,0.6944,1,1,0,0,1,1,0,0,1,0,0,0,0,1,0,0,1,0,1,0,0,1,0,2,1,2,0.2566,0.2572,0
ID-006960,0,1,0,0,0.6667,1,0,1,0,1,1,0,0,0,0,1,1,0,0,0,1,0,0,0,1,0,0,1,1,1,3,0.6929,0.4936,0
ID-006961,1,0,1,0,0.6667,0,1,0,0,0,1,0,0,1,0,0,0,0,1,0,1,0,1,0,0,1,0,0,2,1,3,0.6676,0.4793,0
ID-006962,1,1,0,1,0.5833,0,0,0,1,1,0,0,1,0,0,1,0,0,1,0,0,1,1,0,0,0,0,1,2,1,3,0.2249,0.2004,0
ID-006963,1,1,1,1,0.1528,0,0,1,0,1,1,0,0,0,0,1,0,1,0,1,0,0,0,1,0,0,0,1,1,0,3,0.7206,0.1167,0
ID-006964,1,0,0,0,0.6111,1,0,0,1,1,1,0,0,0,0,1,0,1,0,0,0,1,1,0,0,0,1,0,2,0,1,0.9574,0.5895,0
ID-006965,1,0,1,0,0.5833,0,0,1,0,0,1,0,0,0,0,1,0,1,0,1,0,0,1,0,0,0,0,1,1,1,1,0.8662,0.5176,0
ID-006966,1,0,0,0,0.8611,1,0,0,1,0,0,0,1,0,0,1,0,1,0,0,0,1,0,0,1,0,1,0,0,0,0,0.4062,0.4282,0
ID-006967,1,1,0,1,0.0139,1,0,1,0,2,0,1,0,0,1,0,1,0,0,1,0,0,1,0,0,0,1,0,2,0,2,0.3331,0.006,0
ID-006968,0,0,0,0,0.0694,0,1,0,0,0,0,1,0,0,0,1,0,0,1,1,0,0,1,0,0,1,0,0,2,1,1,0.8938,0.0632,0
ID-006969,1,1,1,1,0.0833,0,1,0,0,1,1,0,0,0,0,1,0,1,0,0,0,1,0,1,0,1,0,0,0,0,1,0.1944,0.0265,0
ID-006970,0,0,1,1,0.3611,0,0,1,0,0,0,1,0,1,0,0,1,0,0,1,0,0,0,0,1,0,1,0,2,1,1,0.9029,0.3317,0
ID-006971,0,1,1,1,0.5417,0,0,1,0,1,0,1,0,0,0,1,0,0,1,1,0,0,0,0,1,0,0,1,0,0,0,0.5998,0.3583,0
ID-006972,0,1,0,1,0.4167,0,0,0,1,1,0,0,1,0,0,1,1,0,0,0,1,0,0,1,0,1,0,0,0,0,3,0.6948,0.3092,0
ID-006973,0,1,0,0,0.1667,0,0,0,1,2,0,0,1,0,1,0,1,0,0,0,0,1,0,1,0,0,0,1,1,0,1,0.4449,0.0884,0
ID-006974,0,1,0,1,0.3194,1,0,0,1,0,1,0,0,1,0,0,0,0,1,0,0,1,0,1,0,0,1,0,0,0,2,0.645,0.2235,0
ID-006975,1,0,1,1,0.8194,0,0,0,1,1,1,0,0,0,1,0,0,0,1,1,0,0,0,0,1,0,0,1,0,1,2,0.9464,0.7829,0
ID-006976,1,0,0,0,0.9583,1,0,1,0,0,1,0,0,1,0,0,0,1,0,1,0,0,1,0,0,0,0,1,0,0,1,0.759,0.7633,0
ID-006977,0,0,0,1,0.7917,0,0,1,0,2,1,0,0,1,0,0,0,0,1,0,0,1,0,1,0,1,0,0,1,0,0,0.9528,0.7606,0
ID-006978,1,1,0,1,0.4306,1,0,0,1,1,0,1,0,1,0,0,1,0,0,0,1,0,1,0,0,1,0,0,1,0,2,0.7762,0.3492,0
ID-006979,0,0,0,1,0.125,0,0,0,1,2,0,0,1,0,0,1,0,1,0,1,0,0,1,0,0,0,1,0,1,0,0,0.8747,0.1118,0
ID-006980,0,1,1,0,0.625,0,0,1,0,1,0,1,0,1,0,0,0,1,0,0,0,1,1,0,0,0,0,1,0,1,0,0.3845,0.2993,0
ID-006981,1,0,1,1,0.7917,0,0,0,1,2,1,0,0,1,0,0,1,0,0,0,0,1,0,0,1,0,0,1,2,1,2,0.8147,0.668,0
ID-006982,1,1,1,1,0.6944,1,1,0,0,1,1,0,0,0,0,1,1,0,0,0,0,1,0,0,1,0,1,0,1,0,3,0.9019,0.6372,0
ID-006983,0,1,0,0,0.7222,0,1,0,0,1,0,0,1,0,0,1,1,0,0,1,0,0,0,0,1,0,1,0,2,0,1,0.4536,0.3882,0
ID-006984,0,0,1,1,0.6944,1,1,0,0,2,0,0,1,0,0,1,0,1,0,0,1,0,0,0,1,0,1,0,1,0,3,0.9496,0.6653,0
ID-006985,1,0,0,1,0.6528,1,0,1,0,2,1,0,0,1,0,0,1,0,0,0,1,0,0,0,1,0,0,1,1,1,0,0.584,0.423,0
ID-006986,0,1,0,1,0.9444,0,1,0,0,2,1,0,0,0,0,1,1,0,0,0,1,0,0,0,1,0,0,1,1,0,0,0.3331,0.4111,0
ID-006987,1,0,1,1,0.6389,0,0,1,0,2,0,0,1,0,1,0,0,0,1,1,0,0,0,1,0,0,1,0,0,1,0,0.7094,0.482,0
ID-006988,0,1,1,1,1.0,1,0,1,0,2,0,1,0,0,0,1,0,1,0,1,0,0,0,1,0,0,1,0,1,1,2,0.2809,0.391,0
ID-006989,0,1,1,0,0.5972,0,0,1,0,2,1,0,0,1,0,0,0,0,1,0,1,0,1,0,0,0,1,0,0,0,3,0.6038,0.3971,0
ID-006990,0,0,0,1,0.1528,0,0,0,1,2,1,0,0,1,0,0,1,0,0,0,0,1,1,0,0,0,0,1,2,1,3,0.1767,0.0462,0
ID-006991,0,1,0,0,0.3194,0,0,1,0,1,1,0,0,0,1,0,0,0,1,1,0,0,0,0,1,0,0,1,1,0,1,0.5181,0.1892,0
ID-006992,0,0,1,1,0.4306,0,0,0,1,1,0,0,1,0,1,0,0,1,0,0,1,0,1,0,0,0,1,0,2,0,3,0.1658,0.1263,0
ID-006993,0,1,1,0,0.9722,1,0,0,1,1,1,0,0,0,1,0,0,1,0,1,0,0,0,1,0,0,0,1,2,0,0,0.6842,0.7127,0
ID-006994,1,0,0,0,0.8333,0,0,0,1,1,0,1,0,1,0,0,0,1,0,1,0,0,0,1,0,1,0,0,2,0,3,0.0609,0.1704,0
ID-006995,1,1,1,0,0.5139,0,0,0,1,1,0,1,0,0,1,0,0,1,0,0,1,0,0,0,1,0,1,0,0,1,0,0.7679,0.4132,0
ID-006996,0,0,0,1,0.9722,1,0,0,1,0,0,1,0,0,1,0,0,0,1,0,0,1,1,0,0,0,0,1,0,0,3,0.2743,0.3747,0
ID-006997,1,1,0,1,0.2083,0,0,1,0,1,0,0,1,1,0,0,0,1,0,1,0,0,0,0,1,0,0,1,2,1,3,0.2549,0.0769,0
ID-006998,0,1,1,0,0.7083,0,1,0,0,2,0,1,0,1,0,0,1,0,0,1,0,0,0,0,1,0,0,1,1,1,1,0.0379,0.131,0
ID-006999,1,1,1,1,0.8333,1,0,0,1,2,0,1,0,0,0,1,1,0,0,1,0,0,1,0,0,0,0,1,2,1,2,0.1417,0.2275,0
ID-007000,0,0,1,0,0.1111,0,0,0,1,0,1,0,0,0,1,0,0,1,0,0,0,1,1,0,0,0,0,1,2,1,2,0.6808,0.0811,0
ID-007001,1,0,1,1,0.5694,0,1,0,0,0,0,1,0,0,0,1,0,1,0,0,0,1,0,1,0,0,0,1,0,0,1,0.841,0.4931,0
ID-007002,0,1,0,1,0.3333,1,1,0,0,1,0,1,0,0,1,0,0,1,0,0,0,1,1,0,0,0,0,1,0,0,0,0.156,0.095,0
ID-007003,1,0,0,1,0.9583,1,0,1,0,1,1,0,0,0,0,1,1,0,0,0,0,1,1,0,0,1,0,0,1,0,1,0.911,0.8868,0
ID-007004,1,1,0,0,0.7778,1,0,1,0,0,0,0,1,0,0,1,1,0,0,0,0,1,0,0,1,0,0,1,1,0,1,0.9165,0.7233,0
ID-007005,0,1,0,0,0.375,0,1,0,0,0,0,1,0,1,0,0,0,0,1,1,0,0,0,0,1,0,0,1,1,1,0,0.5382,0.2284,0
ID-007006,0,1,0,0,0.0139,1,0,0,1,2,0,0,1,0,0,1,0,1,0,0,1,0,0,0,1,0,1,0,0,1,2,0.264,0.0052,0
ID-007007,0,1,1,1,0.9167,0,0,1,0,2,1,0,0,0,0,1,1,0,0,0,0,1,0,0,1,1,0,0,1,1,2,0.5319,0.5535,0
ID-007008,0,1,0,0,0.6528,1,1,0,0,2,0,1,0,1,0,0,1,0,0,0,1,0,0,0,1,1,0,0,1,1,0,0.2929,0.2619,0
ID-007009,1,0,0,0,0.9583,0,1,0,0,2,0,1,0,0,1,0,1,0,0,0,1,0,1,0,0,0,1,0,0,1,2,0.0663,0.2003,0
ID-007010,1,0,1,0,0.9444,0,0,1,0,2,1,0,0,0,1,0,0,1,0,0,0,1,0,0,1,1,0,0,1,0,0,0.4778,0.527,0
ID-007011,0,0,1,0,0.4306,1,0,0,1,1,0,0,1,0,0,1,1,0,0,1,0,0,0,1,0,1,0,0,1,1,1,0.6486,0.3026,0
ID-007012,1,0,1,1,0.9444,0,0,1,0,1,1,0,0,0,0,1,0,1,0,0,1,0,0,1,0,1,0,0,1,0,2,0.9663,0.9182,0
ID-007013,0,0,0,0,0.2222,0,0,1,0,0,0,0,1,0,1,0,1,0,0,0,0,1,1,0,0,0,0,1,0,1,1,0.8149,0.1875,0
ID-007014,0,1,1,0,0.0417,1,0,1,0,2,0,1,0,0,1,0,0,1,0,1,0,0,0,1,0,0,1,0,1,1,2,0.6597,0.0297,0
ID-007015,1,0,1,0,0.4028,1,0,0,1,1,1,0,0,0,1,0,0,0,1,0,1,0,0,1,0,0,0,1,0,1,3,0.9339,0.3805,0
ID-007016,1,1,0,0,0.1389,0,0,0,1,0,0,1,0,1,0,0,0,1,0,0,1,0,0,0,1,1,0,0,2,1,3,0.6999,0.1037,0
ID-007017,1,1,1,1,0.5417,0,0,1,0,2,0,1,0,0,1,0,1,0,0,0,0,1,0,0,1,1,0,0,1,1,3,0.1335,0.1441,0
ID-007018,0,1,0,1,0.6528,1,0,1,0,2,1,0,0,0,0,1,0,0,1,0,1,0,0,0,1,0,1,0,1,0,1,0.3999,0.3211,0
ID-007019,1,0,0,1,0.8472,1,0,0,1,1,0,0,1,1,0,0,0,0,1,1,0,0,1,0,0,0,1,0,0,1,3,0.5044,0.4918,0
ID-007020,0,0,0,1,0.8611,1,1,0,0,1,1,0,0,0,0,1,0,0,1,0,0,1,0,1,0,1,0,0,1,0,2,0.586,0.5595,0
ID-007021,1,1,1,1,0.0417,1,0,1,0,2,1,0,0,0,1,0,0,1,0,0,1,0,0,1,0,0,0,1,1,0,3,0.8606,0.0368,0
ID-007022,0,1,1,1,0.0417,0,0,1,0,1,0,1,0,0,0,1,0,0,1,0,0,1,0,1,0,0,0,1,1,0,1,0.0794,0.0092,0
ID-007023,0,1,0,1,0.8194,0,0,1,0,1,0,1,0,1,0,0,0,1,0,1,0,0,0,0,1,0,1,0,2,1,0,0.4871,0.4637,0
ID-007024,0,1,0,0,0.5833,0,0,1,0,1,0,0,1,0,0,1,1,0,0,1,0,0,0,0,1,1,0,0,0,1,2,0.8568,0.513,0
ID-007025,0,0,0,1,0.2917,0,0,1,0,2,0,0,1,1,0,0,0,0,1,1,0,0,0,0,1,0,0,1,1,0,3,0.5994,0.1928,0
ID-007026,0,0,0,1,0.0694,0,0,0,1,2,1,0,0,1,0,0,0,1,0,0,1,0,0,0,1,1,0,0,0,0,3,0.6148,0.0468,0
ID-007027,1,0,0,1,0.6111,1,0,0,1,1,0,1,0,0,1,0,1,0,0,0,1,0,1,0,0,1,0,0,0,0,0,0.2946,0.246,0
ID-007028,0,1,0,1,0.5694,0,0,1,0,0,1,0,0,0,1,0,1,0,0,0,0,1,1,0,0,0,0,1,2,0,0,0.9333,0.5377,0
ID-007029,0,0,0,1,0.7222,1,0,0,1,0,0,1,0,0,1,0,1,0,0,0,0,1,1,0,0,0,1,0,2,0,2,0.769,0.5814,0
ID-007030,0,1,1,1,0.875,1,0,0,1,2,0,1,0,0,0,1,1,0,0,0,1,0,0,1,0,0,0,1,0,1,1,0.4155,0.442,0
ID-007031,1,1,1,1,0.5694,1,0,1,0,0,0,0,1,0,1,0,1,0,0,0,1,0,1,0,0,1,0,0,2,0,0,0.4409,0.2999,0
ID-007032,1,0,1,1,0.0278,1,1,0,0,2,0,0,1,0,1,0,1,0,0,0,0,1,0,0,1,0,0,1,0,1,0,0.1435,0.0076,0
ID-007033,1,0,0,1,0.1944,0,0,1,0,0,0,0,1,0,0,1,0,1,0,0,0,1,1,0,0,1,0,0,1,1,2,0.2947,0.0783,0
ID-007034,1,0,0,0,0.8194,0,0,0,1,0,0,0,1,1,0,0,0,1,0,0,1,0,0,1,0,0,0,1,0,0,1,0.6273,0.5611,0
ID-007035,0,0,1,0,0.7917,1,0,1,0,2,1,0,0,0,1,0,1,0,0,0,1,0,1,0,0,1,0,0,0,0,0,0.1672,0.2332,0
ID-007036,1,0,1,1,0.6528,0,0,1,0,0,0,1,0,0,0,1,0,0,1,0,0,1,0,1,0,1,0,0,1,1,0,0.2454,0.2356,0
ID-007037,1,1,0,0,0.4861,0,0,1,0,0,0,0,1,1,0,0,1,0,0,0,1,0,1,0,0,0,0,1,1,1,3,0.2947,0.1958,0
ID-007038,1,0,0,1,0.5556,0,0,0,1,0,0,0,1,0,1,0,0,0,1,0,0,1,0,0,1,1,0,0,1,0,3,0.5109,0.3256,0
ID-007039,0,0,1,0,0.4167,1,0,0,1,1,0,1,0,0,1,0,0,1,0,0,0,1,1,0,0,0,0,1,0,0,3,0.4267,0.2144,0
ID-007040,1,0,0,1,0.375,0,0,0,1,0,0,1,0,0,1,0,1,0,0,1,0,0,1,0,0,0,1,0,0,1,2,0.9309,0.3533,0
ID-007041,1,1,1,1,0.625,0,0,0,1,2,0,1,0,0,1,0,0,1,0,0,0,1,1,0,0,0,0,1,1,0,1,0.2425,0.224,0
ID-007042,1,0,1,1,0.7222,1,0,0,1,1,1,0,0,1,0,0,1,0,0,0,1,0,0,0,1,0,0,1,0,0,2,0.0208,0.1231,0
ID-007043,1,1,0,1,0.4306,1,1,0,0,2,0,0,1,0,1,0,0,1,0,0,0,1,1,0,0,0,1,0,0,1,0,0.8001,0.3579,0
